Selector,Traffic,Region
apps.apple.com/us/app/magic-card-database-mtg/id393764621,100,us
apps.apple.com/us/app/mri-master/id1627990872,100,us
apps.apple.com/us/app/wornwhere-tv-celeb-style/id6445878135,100,us
apps.apple.com/cl/app/gauth-amigo-de-estudio-de-ia/id1542571008,100,us
apps.apple.com/gh/app/tiktok-videos-music-live/id835599320,100,us
apps.apple.com/uy/app/jyp-shop/id1631979273,100,us
apps.apple.com/us/app/armed-air-forces-jet-fighter/id1538640580,100,us
apps.apple.com/us/app/خطوط-خطوط-عربية-خط-عربي/id6742318080,100,us
apps.apple.com/gb/app/watch-faces-by-mobyfox/id1441479443,100,us
apps.apple.com/us/app/baseball-star/id1116558826,100,us
apps.apple.com/us/app/fun-run-4-multiplayer-game/id1503294866,100,us
apps.apple.com/rs/app/drawize-draw-and-guess/id1441248659,100,us
apps.apple.com/no/app/mp3-recorder-voice-recording/id6479198340,100,us
apps.apple.com/us/app/wild-west-faro/id1088653899,100,us
apps.apple.com/no/app/kryss-the-battle-of-words/id1386727308,100,us
apps.apple.com/us/app/photo-frames-collage-editor/id1207832992,100,us
apps.apple.com/us/app/fabulous-daily-habit-tracker/id1203637303,100,us
apps.apple.com/us/app/dop-2-delete-one-part/id1543160727,100,us
apps.apple.com/us/app/orlando-sentinel/id402223551,100,us
apps.apple.com/us/app/open-lms/id1553337282,100,us
apps.apple.com/us/app/talking-tom-news-for-ipad/id444947784,100,us
apps.apple.com/us/app/corenexa/id1174388648,100,us
apps.apple.com/us/app/roadside-america/id347393479,100,us
apps.apple.com/us/app/axonify-mobile/id599679030,100,us
apps.apple.com/us/app/artstation-app/id924645286,100,us
apps.apple.com/us/app/myliverewards/id1443885393,100,us
apps.apple.com/us/app/the-cook-3d-cooking-game/id1503886368,100,us
apps.apple.com/us/app/pffcu-mobile-banking/id954363005,100,us
apps.apple.com/us/app/jolly-lights/id933263480,100,us
apps.apple.com/sk/app/wattpad-read-write-stories/id306310789,100,us
apps.apple.com/us/app/chat-dne-ai-chatbot-app/id6451362256,100,us
apps.apple.com/in/app/icici-prudential-life-app/id1495618064,100,us
apps.apple.com/us/app/rest-fix-your-sleep-for-good/id1609977097,100,us
apps.apple.com/au/app/workplace-from-meta/id944921229,100,us
apps.apple.com/us/app/publer-social-media-tools/id1571680865,100,us
apps.apple.com/us/app/charades-for-kids/id1616422776,100,us
apps.apple.com/us/app/twinkly/id1132187056,100,us
apps.apple.com/ca/app/timetree-shared-calendar/id952578473,100,us
apps.apple.com/gb/app/groupfun-modern-dating/id6479197993,100,us
apps.apple.com/us/app/metalstorm-fighter-jet-game/id1461423243,100,us
apps.apple.com/jp/app/uber-ウーバー-タクシーが呼べるタクシー配車アプリ/id368677368,100,us
apps.apple.com/us/app/bible-king-james-kjv-no-ads/id761398917,100,us
apps.apple.com/us/app/nomo-cam-point-and-shoot/id1362548649,100,us
apps.apple.com/us/app/greyhound-racing-tracker/id1531499530,100,us
apps.apple.com/us/app/move-fitness-app/id1623388100,100,us
apps.apple.com/br/app/ava-multicanais-consultor/id6477296328,100,us
apps.apple.com/us/app/castle-defense-2/id1033812632,100,us
apps.apple.com/us/app/merge-animals-3d-mutant-race/id1591653599,100,us
apps.apple.com/sg/app/mochicats-collection/id1524137086,100,us
apps.apple.com/cn/app/三国-谋定天下/id6466232155,100,us
apps.apple.com/us/app/max-see/id1387691074,100,us
apps.apple.com/us/app/group-trivia-quiz-team-game/id1493442304,100,us
apps.apple.com/us/app/questchat/id493337392,100,us
apps.apple.com/us/app/river-crossing-iq-iq-test/id1194937461,100,us
apps.apple.com/us/app/baixador-de-vídeo-baixar/id6475718094?l=pt-BR,100,us
apps.apple.com/us/app/healthy-benefits-limited/id6670488991,100,us
apps.apple.com/us/app/papas-cluckeria-to-go/id1591627945,100,us
apps.apple.com/us/app/measurepm/id1493856868,100,us
apps.apple.com/us/app/daily-challenge-tracker/id6667095733,100,us
apps.apple.com/us/app/memoryos-improve-memory-skills/id1553283646,100,us
apps.apple.com/us/app/e-nabız/id980446169,100,us
apps.apple.com/us/app/the-office-somehow-we-manage/id1585729056,100,us
apps.apple.com/us/app/graphic-for-iphone/id1037960018,100,us
apps.apple.com/us/app/outside/id1627530419,100,us
apps.apple.com/us/app/my-synovus-mobile-banking/id469296831,100,us
apps.apple.com/us/app/fitness-workout-log-calendar/id1440604223,100,us
apps.apple.com/us/app/yes-or-no-decision-maker-wheel/id6443646892,100,us
apps.apple.com/cn/app/汇率换算器-货币转换器计算器/id6590633533,100,us
apps.apple.com/lt/app/skyblock-mods-for-minecraft-pe/id1590602732,100,us
apps.apple.com/us/app/transfer-music/id1471038000,100,us
apps.apple.com/us/app/skinsafe-ai-skincare-scanner/id920196597,100,us
apps.apple.com/us/app/yope-only-best-friends-pics/id1600195477,100,us
apps.apple.com/us/app/intelligent-translator/id1217010477?mt=12,100,us
apps.apple.com/us/app/simons-cat-pop-time/id1340819732,100,us
apps.apple.com/us/app/knbr-the-sports-leader/id733688897,100,us
apps.apple.com/gb/app/romwe-ultimate-cyber-mall/id1080248000,100,us
apps.apple.com/gb/app/888-poker-texas-holdem-online/id534130702,100,us
apps.apple.com/us/app/replit-vibe-code-apps/id1614022293,100,us
apps.apple.com/us/app/missionus-for-crown-or-colony/id1445695332,100,us
apps.apple.com/us/app/mycovenanthealth/id1365284061,100,us
apps.apple.com/us/app/wifi-blocker/id1236583707,100,us
apps.apple.com/us/app/chess-payday-win-real-money/id1609406107,100,us
apps.apple.com/us/app/kfvs12-heartland-news/id449257545,100,us
apps.apple.com/us/app/ae-calculator/id6743091876,100,us
apps.apple.com/us/app/polaroid-hi-print/id1503478198,100,us
apps.apple.com/us/app/entergy/id529855219,100,us
apps.apple.com/us/app/detroit-free-press-marathon/id1587904996,100,us
apps.apple.com/us/app/mini-soccer-star-2025/id1636072966,100,us
apps.apple.com/us/app/fireman-game-fire-truck-games/id1050540999,100,us
apps.apple.com/us/app/good-fonts-text-font-keyboard/id1422565454,100,us
apps.apple.com/us/app/vcs-focus/id1617390614,100,us
apps.apple.com/us/app/pdf-merger-merge-split-it/id1517993393,100,us
apps.apple.com/us/app/spy-fox-in-dry-cereal/id518783884,100,us
apps.apple.com/us/app/still-followers-tik-tracker/id1518561859,100,us
apps.apple.com/us/app/codea/id439571171,100,us
apps.apple.com/us/app/bid-master/id6453025143,100,us
apps.apple.com/jp/app/google-カレンダー/id909319292,100,us
apps.apple.com/us/app/crm-by-dealersocket/id1453920054,100,us
apps.apple.com/us/app/facesym-facial-symmetry-test/id1016350745,100,us
apps.apple.com/us/app/resx/id6444920738,100,us
apps.apple.com/us/app/resound-smart/id816203976,100,us
apps.apple.com/us/app/the-trail/id1147002179,100,us
apps.apple.com/us/app/reuters-news/id602660809,100,us
apps.apple.com/us/app/thermometer-app/id704237014,100,us
apps.apple.com/us/app/snap-read-universal/id1179522220,100,us
apps.apple.com/us/app/stock-alert-alarms-tracker/id1245243443,100,us
apps.apple.com/us/app/call-ghost-scary/id1434241632,100,us
apps.apple.com/gb/app/premium-bonds-prize-checker/id474172893,100,us
apps.apple.com/us/app/dooors-room-escape-game/id490611105,100,us
apps.apple.com/us/app/decu/id498327380,100,us
apps.apple.com/us/app/sonos-s1-controller/id293523031,100,us
apps.apple.com/us/app/wsls-10-news-roanoke/id1226206132,100,us
apps.apple.com/us/app/smart-closet-your-stylist/id1198057728,100,us
apps.apple.com/us/app/autobiographer/id6469733133,100,us
apps.apple.com/us/app/госуслуги-моя-школа/id6670786037,100,us
apps.apple.com/us/app/weather-fit-wearing-smart/id1194408342,100,us
apps.apple.com/us/app/paragon-connect/id6449196941,100,us
apps.apple.com/us/app/fleetlocate-periscope/id1262532176,100,us
apps.apple.com/us/app/daddy-long-legs/id905921908,100,us
apps.apple.com/au/app/the-lott/id465032804,100,us
apps.apple.com/us/app/k-my-funds/id1273600813,100,us
apps.apple.com/us/app/sparkup-make-friends-chat/id6737709625,100,us
apps.apple.com/us/app/ap-psych-practice-test-2025/id1659618779,100,us
apps.apple.com/us/app/ilocano-english-dictionary/id6450787280,100,us
apps.apple.com/us/app/alliance-grocery-kart/id6504121406,100,us
apps.apple.com/us/app/gopuff-driver/id1600718400,100,us
apps.apple.com/us/app/mymobility-patient-app/id1438566065,100,us
apps.apple.com/us/app/screw-away-3d-pin-puzzle/id6547835725,100,us
apps.apple.com/np/app/mp3juice-ai-music-sound/id6670622398,100,us
apps.apple.com/us/app/paprika-recipe-manager-3/id1303222868,100,us
apps.apple.com/us/app/browsec-vpn-fast-ads-free/id978583103,100,us
apps.apple.com/cn/app/天堂电影-高清电影影视大全/id1546816898,100,us
apps.apple.com/us/app/russkoe-radio/id1397168603,100,us
apps.apple.com/us/app/ikamasutra-sex-positions-guide/id393344132,100,us
apps.apple.com/us/app/age-swap-ai-face-aging-app/id6451258604,100,us
apps.apple.com/us/app/bitunix-crypto-btc-trading/id6446243957,100,us
apps.apple.com/us/app/streamchamp-streaming-app/id1459647382,100,us
apps.apple.com/us/app/beautyplus-ai-figure-generator/id622434129,100,us
apps.apple.com/us/app/celebrity-party-game/id968090729,100,us
apps.apple.com/us/app/trivial-multiplayer-quiz/id1455106825,99,us
apps.apple.com/us/app/keyc-first-alert-weather/id406026792,99,us
apps.apple.com/sa/app/live-sports-hd-live-tv/id6443582574,99,us
apps.apple.com/us/app/drive-weather-with-carplay/id1424517685,99,us
apps.apple.com/ua/app/star-stable-online-horse-game/id1445695988,99,us
apps.apple.com/us/app/focus-by-reynolds-and-reynolds/id1174533005,99,us
apps.apple.com/us/app/teleonce/id6443444148,99,us
apps.apple.com/us/app/sleeve-for-spotify-music/id1606145041?mt=12,99,us
apps.apple.com/us/app/sun-nxt-live-tv-movies/id1244757492,99,us
apps.apple.com/us/app/novelpub/id6474727682,99,us
apps.apple.com/us/app/stock-control-2-inventory/id1257507936?mt=12,99,us
apps.apple.com/us/app/start-running-for-beginners/id1254954672,99,us
apps.apple.com/us/app/earnings-hub-and-calendar/id6479445922,99,us
apps.apple.com/us/app/flysafe-flight-safety-score/id6746062220,99,us
apps.apple.com/si/app/uc-merced-connect/id1533251362,99,us
apps.apple.com/us/app/late-model/id830816569,99,us
apps.apple.com/us/app/longbridge-港股-美股-期权-etf-交易/id1470042146?l=ar,99,us
apps.apple.com/us/app/mr-hopps-playhouse/id1517137272,99,us
apps.apple.com/us/app/castlight-mobile/id503468685,99,us
apps.apple.com/us/app/brightness-slider/id456624497,99,us
apps.apple.com/us/app/newzit/id1494294684,99,us
apps.apple.com/us/app/the-game-master-network/id1519507088,99,us
apps.apple.com/us/app/pronti-ai-outfit-maker/id1560004583,99,us
apps.apple.com/us/app/dua-com-albanian-dating-app/id1482271331,99,us
apps.apple.com/ca/app/muscle-monster-workout-planner/id6471547318,99,us
apps.apple.com/us/app/midni/id6477598076,99,us
apps.apple.com/us/app/stratword-script-writing/id1550223099,99,us
apps.apple.com/ca/app/honkmobile/id816255029,99,us
apps.apple.com/us/app/tractive-gps-for-dogs-and-cats/id921588809,99,us
apps.apple.com/us/app/kbtx-first-alert-weather/id1380870461,99,us
apps.apple.com/us/app/sketchup/id796352563,99,us
apps.apple.com/us/app/lichess/id1662361230,99,us
apps.apple.com/md/app/naukri-job-search-and-news/id482877505,99,us
apps.apple.com/us/app/readloud-image-to-text-voice/id6449638466,99,us
apps.apple.com/us/app/onmyoji-arena/id1343073274,99,us
apps.apple.com/us/app/arkansas-democrat-gazette/id409157557,99,us
apps.apple.com/us/app/narcissistic-personality-test/id1532481898,99,us
apps.apple.com/us/app/jeep-country-fcu/id1202867953,99,us
apps.apple.com/us/app/the-28-fundamental-beliefs-sda/id1253323050,99,us
apps.apple.com/us/app/slidey-ai-presentation-slides/id6636490350,99,us
apps.apple.com/us/app/drop-drop/id1462608419,99,us
apps.apple.com/us/app/parking-payments/id1626236743,99,us
apps.apple.com/us/app/poetizer-a-poetry-writing-app/id1092194110,99,us
apps.apple.com/us/app/verabank-mobile/id1638976516,99,us
apps.apple.com/cn/app/汇声绘影-电子相册视频制作-音乐照片视频/id611129419,99,us
apps.apple.com/us/app/ohio-lottery-numbers/id6444186976,99,us
apps.apple.com/us/app/safe-1-mobile-banking/id527647677,99,us
apps.apple.com/us/app/cellular-network-signal-finder/id447158532,99,us
apps.apple.com/vn/app/1weather-forecast-and-radar/id1044809694,99,us
apps.apple.com/us/app/silk-2-generative-art/id1050339928,99,us
apps.apple.com/us/app/dark-noise-ambient-sounds/id1465439395,99,us
apps.apple.com/us/app/jack-casino-promos-offers/id6476229715,99,us
apps.apple.com/ca/app/everskies-avatar-dress-up/id1604095327,99,us
apps.apple.com/us/app/radio-fm-am/id774869819,99,us
apps.apple.com/us/app/origin-budget-track-money/id1637693312,99,us
apps.apple.com/us/app/foobar2000/id1072807669,99,us
apps.apple.com/us/app/mobile-facilities-by-realpage/id904744873,99,us
apps.apple.com/us/app/dolex-money-transfer/id6451005035,99,us
apps.apple.com/us/app/radiosnet/id1089290449,99,us
apps.apple.com/us/app/injini/id452962000,99,us
apps.apple.com/us/app/mymedicalguardian/id1577560184,99,us
apps.apple.com/br/app/mais-saúde-cidadão/id1443840700,100,br
apps.apple.com/br/app/xciptv/id6471280288?l=en-GB,100,br
apps.apple.com/br/app/clube-alfa/id1491222021,100,br
apps.apple.com/br/app/t-link/id1436239352,100,br
apps.apple.com/br/app/receiptify-get-music-receipt/id6476599019,100,br
apps.apple.com/br/app/si-go/id1489198504,100,br
apps.apple.com/br/app/meep-para-estabelecimentos/id1391084856,100,br
apps.apple.com/br/app/glitter-sereia-para-colorir/id1483718062,100,br
apps.apple.com/br/app/bus-finder/id1631309214,100,br
apps.apple.com/br/app/triple-tile-jogo-de-combinar/id1572661625,100,br
apps.apple.com/br/app/terry-player/id6474857829,100,br
apps.apple.com/br/app/wiipo/id1522728600,100,br
apps.apple.com/us/app/liturgia-das-horas/id1625709042,100,br
apps.apple.com/br/app/gb-online/id1504067160,100,br
apps.apple.com/br/app/89-a-rádio-rock/id581551635,100,br
apps.apple.com/pt/app/gate-buy-bitcoin-crypto/id1294998195?l=en-GB,100,br
apps.apple.com/br/app/incredibox/id1437906083?mt=12,100,br
apps.apple.com/us/app/salão-de-beleza-hello-kitty/id949737354?l=pt-BR,100,br
apps.apple.com/br/app/rg-digital-ma/id6444111699,100,br
apps.apple.com/br/app/antecedentes-criminais-ssp-sp/id953073512,100,br
apps.apple.com/br/app/app-da-bíblia-para-crianças/id668692393,100,br
apps.apple.com/br/app/weinmann-serdil/id1441969335,100,br
apps.apple.com/br/app/winker/id1121080703,100,br
apps.apple.com/br/app/japanese-rural-life-adventure/id1634749545,100,br
apps.apple.com/br/app/modatta/id6447527935,100,br
apps.apple.com/br/app/world-soccer-champs/id1516548776,100,br
apps.apple.com/us/app/portal-fei/id917672633,100,br
apps.apple.com/us/app/nowgoal-live-football-scores/id641037627,100,br
apps.apple.com/br/app/worship-pad/id6477839217,100,br
apps.apple.com/br/app/life-gallery/id1503556909,100,br
apps.apple.com/br/app/cartão-esposende/id1502611481,100,br
apps.apple.com/us/app/assassins-creed-shadows/id6497794841?mt=12,100,br
apps.apple.com/br/app/viação-pernambucana/id6739071120,100,br
apps.apple.com/us/app/savetk-save-videos/id1617528169,100,br
apps.apple.com/br/app/jornal-o-sul/id964977113,100,br
apps.apple.com/br/app/doctorid/id957191063,100,br
apps.apple.com/br/app/rent-please-landlord-sim/id1645842987,100,br
apps.apple.com/us/app/dont-starve-pocket-edition/id1012298403,100,br
apps.apple.com/br/app/magic-rush-heroes/id1027230451,99,br
apps.apple.com/br/app/pequeno-dicionário-houaiss-da-língua-portuguesa/id999551768,99,br
apps.apple.com/br/app/amo-ofertas/id1420192544,99,br
apps.apple.com/id/app/meu-bee/id6447211102,99,br
apps.apple.com/ly/app/ترجمة-google/id414706506?l=ar,99,br
apps.apple.com/br/app/violeta-express-supermercado/id1541166042,99,br
apps.apple.com/br/app/convert-pdf-to-jpg-pdf-to-png/id1477174309,99,br
apps.apple.com/br/app/ecx-card/id970136586,99,br
apps.apple.com/br/app/compra-agora/id6738916535,99,br
apps.apple.com/br/app/figma/id1152747299,99,br
apps.apple.com/br/app/pontorh/id6463021287?l=en-GB,99,br
apps.apple.com/us/app/frontline-commando/id464131808,99,br
apps.apple.com/br/app/joga/id1564494632,99,br
apps.apple.com/br/app/tauste-pay/id1569542468,99,br
apps.apple.com/br/app/laranjinha-multibenefícios/id6470089750,99,br
apps.apple.com/us/app/bridge-base-online-bbo/id529258853,99,br
apps.apple.com/us/app/dolphin-mobile-browser/id634693702,99,br
apps.apple.com/us/app/multi-monitor-wallpaper/id504284434?mt=12,99,br
apps.apple.com/br/app/toddle-educator/id1529065681,99,br
apps.apple.com/jp/app/ポルトガル語翻訳機-勉強と旅行の通訳機/id1476341584,99,br
apps.apple.com/ua/app/yandex-translate/id584291439,99,br
apps.apple.com/br/app/exnova-trading-móvel/id6462117052,99,br
apps.apple.com/us/app/sorteador/id6450925832?l=pt-BR,99,br
apps.apple.com/br/app/mysugr-diário-da-diabetes/id516509211,99,br
apps.apple.com/us/app/scratch/id1446785996?mt=12,99,br
apps.apple.com/br/app/hyundai-financiamentos/id1419724547,99,br
apps.apple.com/br/app/atirador-shooting-house/id1628819694?l=en,99,br
apps.apple.com/br/app/mydates-amor-que-perdura/id1435307278,99,br
apps.apple.com/us/app/waze-navigation-live-traffic/id323229106,99,br
apps.apple.com/br/app/logmein-pro-central/id479229407,99,br
apps.apple.com/br/app/rádio-itapema-digital/id1445863865,99,br
apps.apple.com/lk/app/trick-ff-button/id6741396275,99,br
apps.apple.com/us/app/five-below/id1076108089,99,br
apps.apple.com/us/app/madout-2-grand-auto-racing/id1214765807,99,br
apps.apple.com/br/app/unimed-poa/id1037490216,99,br
apps.apple.com/us/app/countdown-app/id1481006495,99,br
apps.apple.com/br/app/6ix-company/id6749901248,99,br
apps.apple.com/br/app/studio-kore/id1549968887,99,br
apps.apple.com/us/app/anger-of-stick-5-zombie/id1104988192,99,br
apps.apple.com/br/app/cattan-card/id1435097576,99,br
apps.apple.com/br/app/pop-cat-jogo-retro-clássico/id1242825167,98,br
apps.apple.com/us/app/american-farming/id1626202774,98,br
apps.apple.com/br/app/emoji-keyboard/id793144559,98,br
apps.apple.com/br/app/anime-rolls/id1154097441,98,br
apps.apple.com/br/app/pizzaria-camelo/id1495200287,98,br
apps.apple.com/br/app/jcnet-bauru/id1066294698?l=en-GB,98,br
apps.apple.com/br/app/toloka-earn-online/id1282350367,98,br
apps.apple.com/br/app/trainiac-by-wellhub/id1244920288,98,br
apps.apple.com/br/app/construcalc/id1241654573,98,br
apps.apple.com/us/app/stop-motion-studio/id441651297,98,br
apps.apple.com/us/app/tone-generator-audio-sound-hz/id1206449238,98,br
apps.apple.com/br/app/wappalyzer/id6461162559,98,br
apps.apple.com/br/app/elausa/id6476303490,98,br
apps.apple.com/br/app/freecell/id504368649,98,br
apps.apple.com/br/app/siapec-3/id1362811328,98,br
apps.apple.com/br/app/auvo-gerenciador-de-equipes/id1340491998,98,br
apps.apple.com/br/app/plusdin/id6443685698,98,br
apps.apple.com/br/app/teleprompter-floating-notes/id1559566851,98,br
apps.apple.com/br/app/livro-de-enoque-multidioma/id1489373474,98,br
apps.apple.com/br/app/agent-hunt-jogo-de-tiro/id6450975034,98,br
apps.apple.com/br/app/metapho/id914457352,98,br
apps.apple.com/br/app/editor-de-fotos-corpo-e-rosto/id491712618,98,br
apps.apple.com/br/app/futgol-ec/id1597759386,98,br
apps.apple.com/br/app/noaa-previsão-do-tempo-local/id649264704,98,br
apps.apple.com/br/app/truco-xp/id1662389893,98,br
apps.apple.com/br/app/fontes-de-letras-teclado/id1636254820,98,br
apps.apple.com/br/app/oxford-dicionário-inglês-br/id978674211,98,br
apps.apple.com/br/app/verdade-ou-desafio-2-jogo-chat/id1448632291,98,br
apps.apple.com/br/app/root-board-game/id1439262206,98,br
apps.apple.com/br/app/slice-e-dice/id6449848963,98,br
apps.apple.com/br/app/no-crop-editor-fotos-e-vídeo/id914020246,98,br
apps.apple.com/us/app/sticker-ly-sticker-maker/id1458740001,98,br
apps.apple.com/us/app/shelf-music-books-movies/id1667391175,98,br
apps.apple.com/br/app/rovio-classics-angry-birds/id1596736236,98,br
apps.apple.com/br/app/grande-vale-fm/id992199887,98,br
apps.apple.com/br/app/meetup-grupos-eventos-locais/id375990038,98,br
apps.apple.com/br/app/star-walk-2-plus-mapa-do-céu/id1112481571,97,br
apps.apple.com/br/app/whoscored-football-live-scores/id940048063,97,br
apps.apple.com/br/app/verdade-ou-desafio-spin-x/id1313123673,97,br
apps.apple.com/br/app/doctor-clin/id1619111503,97,br
apps.apple.com/us/app/rotowire-fantasy-football/id6740585331,97,br
apps.apple.com/br/app/treino-espacate-faça-espacate/id1474947640,97,br
apps.apple.com/br/app/rádio-boa-nova-espiritismo/id979878507,97,br
apps.apple.com/br/app/código-de-rádio-para-renault-d/id1616874206,97,br
apps.apple.com/br/app/love-sick-historia-de-amor/id1450264153,97,br
apps.apple.com/br/app/analisador-de-som-frequências/id981810895,97,br
apps.apple.com/br/app/gom-player/id672542880,97,br
apps.apple.com/us/app/google-tv-watch-movies-tv/id746894884,97,br
apps.apple.com/br/app/donut-punks-online-epic-brawl/id1614224808,97,br
apps.apple.com/br/app/supermercado-avenida/id1506208840,97,br
apps.apple.com/br/app/btg-pactual-investimentos/id1041958375,97,br
apps.apple.com/br/app/beatstars-instrumental-beats/id1436154382,97,br
apps.apple.com/br/app/yape/id1147249919,97,br
apps.apple.com/us/app/app-icons-anime-theme/id1536518693,97,br
apps.apple.com/br/app/garten-of-banban/id6445856120,97,br
apps.apple.com/br/app/cartão-lojão-do-brás/id1486193320,97,br
apps.apple.com/br/app/paraná-supermercados/id1471553775,97,br
apps.apple.com/br/app/plural-saude/id1490150219,97,br
apps.apple.com/br/app/slots-master-jackpot-big-win/id6462757576,97,br
apps.apple.com/br/app/flashcards-do-daily-anatomy/id1271405479,97,br
apps.apple.com/br/app/ápice-pizzas/id1154773281,97,br
apps.apple.com/br/app/treesize-disk-usage/id774815014?mt=12,97,br
apps.apple.com/br/app/cartão-dia-a-dia/id6450611182,97,br
apps.apple.com/us/app/amigos-meet-fun-people/id1555857817,97,br
apps.apple.com/br/app/final-fantasy-tactics-wotl/id446760220,97,br
apps.apple.com/br/app/fortune-wow-vegas-casino-slots/id1640452387,97,br
apps.apple.com/br/app/zupper-viagens/id1606800919,97,br
apps.apple.com/br/app/confirmed-sneakers-e-mais/id1508115448,97,br
apps.apple.com/pt/app/prox-fotos-visualização-única/id6630364802,97,br
apps.apple.com/br/app/coffee-meets-bagel-dating-app/id630119301,97,br
apps.apple.com/br/app/revive-animação-de-foto-ia/id1616862692,97,br
apps.apple.com/br/app/liit-editor-de-foto-e-vídeo/id1547215938,97,br
apps.apple.com/br/app/audify-music-player/id1565520195,97,br
apps.apple.com/br/app/minha-você/id1603687838,97,br
apps.apple.com/br/app/best-nine/id1326256637,97,br
apps.apple.com/br/app/night-sky/id475772902,97,br
apps.apple.com/us/app/monument-valley/id728293409,97,br
apps.apple.com/br/app/ice-scream-4-rods-factory/id1559784375,97,br
apps.apple.com/us/app/narrators-voice/id1061319002,97,br
apps.apple.com/br/app/moonlight-lovers-vladimir/id1451952038,97,br
apps.apple.com/us/app/dramawave-dramas-reels/id6670430706,97,br
apps.apple.com/us/app/dice-dreams/id1484468651,97,br
apps.apple.com/br/app/eletrosom/id1470150165,97,br
apps.apple.com/br/app/rádio-forró-das-antigas/id1539678836,97,br
apps.apple.com/br/app/brisacliente-móvel/id6450223292,97,br
apps.apple.com/sr/app/sou-caixa/id6443880989,97,br
apps.apple.com/us/app/offroad-outlaws/id1286538410,97,br
apps.apple.com/br/app/credi-nissan/id6476518082,97,br
apps.apple.com/md/app/blablacar-carpooling-and-bus/id341329033,96,br
apps.apple.com/br/app/xis-passageiro/id1472634368,96,br
apps.apple.com/br/app/mov-itu/id6447527336,96,br
apps.apple.com/br/app/educamais-guarapuava/id1617834924?l=en-GB,96,br
apps.apple.com/us/app/hardest-game-ever-2/id606080169,96,br
apps.apple.com/us/app/yoya-time-build-share-play/id6472632116,96,br
apps.apple.com/us/app/inner-circle-dating-community/id838136374,96,br
apps.apple.com/us/app/microsoft-excel/id586683407,96,br
apps.apple.com/us/app/monopoly-go/id1621328561,96,br
apps.apple.com/br/app/unrar-extrair-zip-rar-7zip/id1439683799,96,br
apps.apple.com/br/app/mov-converter-mov-para-mp4/id1567060262,96,br
apps.apple.com/us/app/contacts/id1069512615,96,br
apps.apple.com/br/app/garena-delta-force/id6670604287,96,br
apps.apple.com/br/app/borzo-app-para-entregadores/id1528676771,96,br
apps.apple.com/us/app/super-bompreço/id6477316992,96,br
apps.apple.com/br/app/circle-communities/id1509651625,96,br
apps.apple.com/br/app/encomendas-rastreio-correio/id6446460554?l=en-GB,96,br
apps.apple.com/br/app/portal-da-empresa-do-intune/id719171358,96,br
apps.apple.com/br/app/windfinder-pro-vento-tempo/id336901296,96,br
apps.apple.com/br/app/siclus/id1575430024,96,br
apps.apple.com/us/app/sniper-elite-4/id6477828959,96,br
apps.apple.com/br/app/bind/id1608959915,96,br
apps.apple.com/br/app/c6-yellow/id1585185748,96,br
apps.apple.com/br/app/minha-cooper/id1526569635,96,br
apps.apple.com/us/app/kids-a-z/id474207297,96,br
apps.apple.com/us/app/alarm-clock-for-me-wake-up/id749124884,96,br
apps.apple.com/br/app/conecta-sesi/id1554548953,96,br
apps.apple.com/br/app/top-up-academia/id6447632767,96,br
apps.apple.com/br/app/carx-street/id1458863319,96,br
apps.apple.com/br/app/peruzzo-mais-novo/id1563914579,96,br
apps.apple.com/us/app/fanduel-sportsbook-casino/id1413721906,96,br
apps.apple.com/br/app/bloons-td-5/id563718995,96,br
apps.apple.com/tt/app/humbot-ai-humanize-ai-text/id6746419802,96,br
apps.apple.com/us/app/meta-horizon/id1366478176,96,br
apps.apple.com/ca/app/staples-deals-and-shopping/id1570643833,100,ca
apps.apple.com/us/app/blur-photo/id1624436697,100,ca
apps.apple.com/us/app/izip-zip-unzip-unrar/id413971331,100,ca
apps.apple.com/ca/app/osheaga/id999416213,100,ca
apps.apple.com/ca/app/radio-jamaica-94fm/id567231751,100,ca
apps.apple.com/ca/app/guitar-tab-maker/id1384053393,100,ca
apps.apple.com/us/app/doodle-jump-2/id1542340137,100,ca
apps.apple.com/us/app/pictory-ai-ai-video-generator/id6744444040,100,ca
apps.apple.com/us/app/cleanup-app-phone-cleaner/id1541639300,100,ca
apps.apple.com/ch/app/wordling-5-letter-puzzle/id1632444218?l=en-GB,100,ca
apps.apple.com/us/app/manga-reader-infinity/id6465748012,100,ca
apps.apple.com/us/app/preview-planner-for-instagram/id1126609754,100,ca
apps.apple.com/au/app/sketchbook/id883738213,100,ca
apps.apple.com/cn/app/熊猫外卖-海外外卖订餐-网上超市/id1119397292,100,ca
apps.apple.com/ca/app/flightconnections/id1472726888,100,ca
apps.apple.com/us/app/braceletbook/id390289566,100,ca
apps.apple.com/ca/app/illico/id1496336665?l=fr-CA,100,ca
apps.apple.com/us/app/copy-replace-photo-face-swap/id869699691,100,ca
apps.apple.com/us/app/pokeraid-raid-from-home/id1507659524,100,ca
apps.apple.com/ca/app/médic-construction/id1477632031?l=fr-CA,100,ca
apps.apple.com/ca/app/devine-tête-soirée-guess-up/id1160484607?l=fr-CA,100,ca
apps.apple.com/ca/app/cosmogo/id836724761,100,ca
apps.apple.com/ca/app/celpip-sample-tests/id6472698290,100,ca
apps.apple.com/us/app/message-from-santa/id933921849,100,ca
apps.apple.com/us/app/zepp/id1127269366,100,ca
apps.apple.com/ca/app/upperbee/id1441322008,100,ca
apps.apple.com/ca/app/square-one/id6443588558,100,ca
apps.apple.com/us/app/penguin-diner-2-my-adventure/id962992063,100,ca
apps.apple.com/us/app/robinhood-trading-investing/id938003185,100,ca
apps.apple.com/us/app/iptv-smarters-smart-tv-player/id6459474877,99,ca
apps.apple.com/ca/app/有道翻译官-107种语言翻译/id576337924,99,ca
apps.apple.com/fr/app/convertisseur-de-vidéo-en-mp3/id1111292831,99,ca
apps.apple.com/us/app/app-lock/id6448239603,99,ca
apps.apple.com/us/app/speak-to-santa-christmas-call/id660842333,99,ca
apps.apple.com/us/app/fax-from-iphone-fax-app/id1563922708,99,ca
apps.apple.com/us/app/teach-your-monster-to-read/id828392046,99,ca
apps.apple.com/gb/app/paybyphone-parking/id448474183,99,ca
apps.apple.com/in/app/rediffmail-professional/id1273956234,99,ca
apps.apple.com/us/app/snooker-scoreboard/id1439916635,99,ca
apps.apple.com/ca/app/parallel-space-app-cloner/id6443683681,99,ca
apps.apple.com/us/app/ship-finder-lite/id324177409,99,ca
apps.apple.com/ca/app/vmd-conseil/id1053208907?l=fr-CA,99,ca
apps.apple.com/us/app/post-it-app/id1475777828?mt=12,99,ca
apps.apple.com/hk/app/wenxuecity/id634117610,99,ca
apps.apple.com/us/app/liveatc-air-radio/id317809458,99,ca
apps.apple.com/ca/app/golden-casino-slots-games/id1216780424,99,ca
apps.apple.com/us/app/winrar-rar-archives/id6740474342,99,ca
apps.apple.com/ca/app/xacte/id1149105327,99,ca
apps.apple.com/us/app/aquapark-io/id1453989822,99,ca
apps.apple.com/us/app/tampermonkey/id6738342400,99,ca
apps.apple.com/us/app/ride-with-gps-bike-navigation/id893687399,99,ca
apps.apple.com/us/app/mapgenie-elden-ring-map/id1618843254,99,ca
apps.apple.com/us/app/slickdeals-deals-discounts/id584632814,99,ca
apps.apple.com/ca/app/roomie-find-a-roommate/id1129907996,99,ca
apps.apple.com/us/app/google-tasks-get-things-done/id1353634006,99,ca
apps.apple.com/ca/app/bobby-approved-food-scanner/id1571725006,99,ca
apps.apple.com/ca/app/lotto-max-stats-checker/id6723899461,99,ca
apps.apple.com/us/app/days-between-dates/id382014541,99,ca
apps.apple.com/us/app/eureka-earn-money-for-surveys/id1466346433,98,ca
apps.apple.com/ca/app/piccollage-magic-photo-editor/id448639966,98,ca
apps.apple.com/us/app/amino-acid-quiz/id1301129866,98,ca
apps.apple.com/us/app/tiny-wings/id417817520,98,ca
apps.apple.com/ca/app/jack-94-5-regina/id366692407,98,ca
apps.apple.com/us/app/totalsportek-live-football/id6478613783,98,ca
apps.apple.com/us/app/vietnamese-dictionary-penglish/id584332670,98,ca
apps.apple.com/us/app/myq-garage-access-control/id456282559,98,ca
apps.apple.com/us/app/picframe/id433398108,98,ca
apps.apple.com/mt/app/finelo-master-trading/id6670422243,98,ca
apps.apple.com/ca/app/mysask411/id538816294,98,ca
apps.apple.com/us/app/homescapes/id1195621598,98,ca
apps.apple.com/us/app/busuu-language-learning/id379968583,98,ca
apps.apple.com/us/app/little-big-snake-slither-game/id1441412472,98,ca
apps.apple.com/ca/app/ocean-100/id378816864,98,ca
apps.apple.com/in/app/vendor-connect/id6737182074,98,ca
apps.apple.com/us/app/brother-iprint-scan/id1193539993?mt=12,98,ca
apps.apple.com/ca/app/baskin-robbins-canada/id6593686611,98,ca
apps.apple.com/us/app/trenitalia/id331050847,98,ca
apps.apple.com/us/app/watch-faces-app-watchmaker/id1213875863,98,ca
apps.apple.com/ca/app/meteor-maths-book/id689787241?l=fr-CA,98,ca
apps.apple.com/us/app/exif-metadata/id1455197364,98,ca
apps.apple.com/tw/app/yahoo奇摩新聞/id864844562,98,ca
apps.apple.com/ca/app/british-airways/id284793089,98,ca
apps.apple.com/us/app/my-supermarket-simulator-3d/id6511238101,98,ca
apps.apple.com/us/app/premom-ovulation-tracker/id1279295922,98,ca
apps.apple.com/ca/app/hinge-app-de-rencontre-meet/id595287172?l=fr-CA,98,ca
apps.apple.com/ca/app/mpi-knowledge-test/id6446204665,97,ca
apps.apple.com/do/app/snapsaver-story-snap-saver/id6504843740?l=en-GB,97,ca
apps.apple.com/ca/app/niagara-health-navigator/id1483082979,97,ca
apps.apple.com/us/app/i-am-cat/id6740168334,97,ca
apps.apple.com/us/app/math-crossword-number-puzzle/id6469306922,97,ca
apps.apple.com/ca/app/pink/id1638712954,97,ca
apps.apple.com/ca/app/maxsold-seller/id1537935280,97,ca
apps.apple.com/us/app/apollo-for-reddit/id979274575,97,ca
apps.apple.com/us/app/lihkg-討論區/id1178373396,97,ca
apps.apple.com/ca/app/td-myspend/id1088406064,97,ca
apps.apple.com/us/app/screen-recorder-video-recorder/id1489145709,97,ca
apps.apple.com/sa/app/calo/id1497894777,97,ca
apps.apple.com/us/app/mine-block-planet-craft-3d/id900103343,97,ca
apps.apple.com/gb/app/piccollage-photo-layout-editor/id448639966,97,ca
apps.apple.com/us/app/whentowork-employee-scheduling/id1035199750,97,ca
apps.apple.com/us/app/mcpe-addons-for-minecraft-pe/id1475253271,97,ca
apps.apple.com/sg/app/instagram/id389801252,97,ca
apps.apple.com/us/app/auto-key-music-key-detection/id1559061303,97,ca
apps.apple.com/us/app/governor-of-poker-3-holdem/id877638937,97,ca
apps.apple.com/us/app/insight-timer-meditate-sleep/id337472899,97,ca
apps.apple.com/ca/app/parkn-fly-canada/id1399548398,97,ca
apps.apple.com/ca/app/rogers-smart-home-monitoring/id431082482,97,ca
apps.apple.com/us/app/lens-buddy-self-timer-camera/id1289471945,97,ca
apps.apple.com/ca/app/thangs/id1636718933,97,ca
apps.apple.com/us/app/sticker-maker-studio/id1443326857,97,ca
apps.apple.com/ca/app/mcdougall-auctioneers/id1192545974,97,ca
apps.apple.com/us/app/norad-tracks-santa-claus/id1181633163,97,ca
apps.apple.com/us/app/macos-catalina/id1466841314,97,ca
apps.apple.com/us/app/bend-stretching-flexibility/id1513988468,97,ca
apps.apple.com/ca/app/meteoblue-weather-maps/id994459137,97,ca
apps.apple.com/us/app/sri-guru-granth-sahib-ji/id1357521492,97,ca
apps.apple.com/ca/app/calculatrice-financière/id1403190089?l=fr-CA,97,ca
apps.apple.com/us/app/kiss-ai-kissing-video-maker/id6737475110,97,ca
apps.apple.com/ca/app/ma-bimbo/id414875111?l=fr-CA,97,ca
apps.apple.com/us/app/rally-racer-dirt/id928165667,97,ca
apps.apple.com/ca/app/vets-cab/id1314474218,96,ca
apps.apple.com/ca/app/italkbb-prime-intnums-ewallet/id1464291318,96,ca
apps.apple.com/us/app/fsolver-crosswords/id1446884936,96,ca
apps.apple.com/us/app/holy-bible-in-amharic/id534343507,96,ca
apps.apple.com/sg/app/pure-tuber-videos-music/id6449681840,96,ca
apps.apple.com/ca/app/mise-o-jeu/id6477622152?l=fr-CA,96,ca
apps.apple.com/us/app/wyze-make-your-home-smarter/id1288415553,96,ca
apps.apple.com/ca/app/tenor-gif-keyboard/id917932200,96,ca
apps.apple.com/us/app/notchdrop/id6529528324?mt=12,96,ca
apps.apple.com/ca/app/forscan-lite-for-ford-mazda/id892347083,96,ca
apps.apple.com/us/app/shredsauce/id875928218,96,ca
apps.apple.com/us/app/1rm-calculator-one-rep-max/id681279192,96,ca
apps.apple.com/ca/app/palm-reading-future-reader/id490879483,96,ca
apps.apple.com/us/app/habitica-gamified-taskmanager/id994882113,96,ca
apps.apple.com/us/app/v380-pro/id1388988209,96,ca
apps.apple.com/us/app/prettylittlething/id1138840268,96,ca
apps.apple.com/id/app/unzip-rar-zip-7z-unarchiver/id1537056818,96,ca
apps.apple.com/us/app/call-recorder-icall/id1447098963,96,ca
apps.apple.com/us/app/cargurus-used-new-cars/id814517475,96,ca
apps.apple.com/us/app/puffies/id1659992476,96,ca
apps.apple.com/us/app/background-eraser-remove-bg/id1624827830,96,ca
apps.apple.com/ca/app/coin-scanner-coin-identifier/id1664318416,96,ca
apps.apple.com/ca/app/jeux-de-math/id1563412766?l=fr-CA,96,ca
apps.apple.com/nz/app/nd-timer/id1534477340,96,ca
apps.apple.com/us/app/cat-sim-online-play-with-cats/id1227823486,96,ca
apps.apple.com/us/app/formula-1/id835022598,96,ca
apps.apple.com/us/app/smartyme-daily-microlearning/id6736654449,96,ca
apps.apple.com/ca/app/services-mobiles-manuvie/id1214009312?l=fr-CA,96,ca
apps.apple.com/us/app/meme-maker-fun-meme-generator/id1178554278,96,ca
apps.apple.com/us/app/french-conjugation/id536600573,96,ca
apps.apple.com/us/app/authen-2fa-mfa-authenticator/id6499590451,96,ca
apps.apple.com/us/app/remo-duplicate-photos-remover/id1066797785,96,ca
apps.apple.com/us/app/mini-motorways/id1453901000,96,ca
apps.apple.com/in/app/battlegrounds-mobile-india/id1526436837,96,ca
apps.apple.com/us/app/tv-guide-streaming-live-tv/id333647776,96,ca
apps.apple.com/ca/app/clic-école/id6742752942?l=fr-CA,96,ca
apps.apple.com/us/app/mixcam-front-and-back-camera/id1477390597,96,ca
apps.apple.com/ca/app/maple-online-doctors-24-7/id1294926209,96,ca
apps.apple.com/ca/app/stone-grass-mowing-simulator/id6739841419,95,ca
apps.apple.com/us/app/wait-timer-visual-timer-tool/id552189725,95,ca
apps.apple.com/us/app/crypto-com-buy-btc-eth-cro/id1262148500,95,ca
apps.apple.com/ru/app/дзен-новости-статьи-видео/id1343242452,95,ca
apps.apple.com/ca/app/shootem-all-shooting-game/id1593526506,95,ca
apps.apple.com/us/app/purely-cosmetic-scanner/id6740288602,95,ca
apps.apple.com/us/app/hair-color-changer/id1103584663,95,ca
apps.apple.com/ca/app/jigsaw-puzzle-du-jour/id1286539159?l=fr-CA,95,ca
apps.apple.com/us/app/تقویم-فارسی-جدید/id1551796284,95,ca
apps.apple.com/ca/app/felix-online-healthcare/id6473749213,95,ca
apps.apple.com/in/app/udteschool/id1241753739,95,ca
apps.apple.com/us/app/spatial-station/id6476346004,95,ca
apps.apple.com/us/app/gg/id1320588074,95,ca
apps.apple.com/cn/app/汽水音乐-抖音音乐版/id1605585211,95,ca
apps.apple.com/us/app/pinalove-filipina-dating/id1053300187,95,ca
apps.apple.com/us/app/mods-for-minecraft-pe-mcpe/id1576063760,95,ca
apps.apple.com/us/app/myid-one-id-for-everything/id1477175837,95,ca
apps.apple.com/us/app/gunspin/id1484783068,95,ca
apps.apple.com/us/app/فلوسك/id1382486018?l=ar,95,ca
apps.apple.com/eg/app/my-we/id1413151505,95,ca
apps.apple.com/ca/app/cogeco-epico/id1469716584,95,ca
apps.apple.com/us/app/cider-clothing-fashion/id1539133680,95,ca
apps.apple.com/us/app/babygenerator-guess-baby-face/id1528830777,95,ca
apps.apple.com/us/app/bible-hub/id1090228108,95,ca
apps.apple.com/in/app/hindi-news-by-dainik-bhaskar/id782321678,95,ca
apps.apple.com/es/app/brújula/id1067456176,95,ca
apps.apple.com/us/app/hotel-story-resort-simulation/id579188627,95,ca
apps.apple.com/us/app/winning-slots-las-vegas-casino/id1330550298,95,ca
apps.apple.com/us/app/punjabi-dictionary/id550017294,95,ca
apps.apple.com/ca/app/flightnetwork/id1497289924,95,ca
apps.apple.com/ca/app/phonebox-canada/id6503991715,95,ca
apps.apple.com/us/app/ukulele-tuner/id327762565,95,ca
apps.apple.com/us/app/buildinglink-resident-app/id355921355,95,ca
apps.apple.com/cn/app/必剪-b站官方出品/id1299589486,95,ca
apps.apple.com/nz/app/royal-vegas-online-casino/id849583496,95,ca
apps.apple.com/gb/app/tx-is/id1384159298,95,ca
apps.apple.com/us/app/radio-paradise/id517818306,95,ca
apps.apple.com/ca/app/gps-ma-position/id1481942663?l=fr-CA,95,ca
apps.apple.com/ca/app/mise-o-jeu/id497720136,95,ca
apps.apple.com/us/app/invue-mkey/id6739717410,95,ca
apps.apple.com/us/app/reverse-audio/id1254981556,95,ca
apps.apple.com/ca/app/joi-ai-companion/id6449766682,95,ca
apps.apple.com/gb/app/butterfield-online-banking/id6446785656,100,uk
apps.apple.com/in/app/maadhaar/id1435469474,100,uk
apps.apple.com/us/app/temp-number-sms-second-phone/id1589908420,100,uk
apps.apple.com/us/app/smg360/id453625481,100,uk
apps.apple.com/ro/app/vivabet/id6636540978,100,uk
apps.apple.com/gb/app/city-bloxx/id6446201185,100,uk
apps.apple.com/gb/app/hyperjar-money-management-app/id1224672532,100,uk
apps.apple.com/ie/app/the-irish-times-news/id365544593,100,uk
apps.apple.com/gb/app/manchester-evening-news/id664607921,100,uk
apps.apple.com/gb/app/random-movie-generator/id1623300521,100,uk
apps.apple.com/in/app/irctc-rail-connect/id1386197253,100,uk
apps.apple.com/us/app/superlive-plus/id1058758642,100,uk
apps.apple.com/gb/app/real-money-slots-666-casino/id6473719791,100,uk
apps.apple.com/gb/app/transfer24/id880602681,100,uk
apps.apple.com/gb/app/gmx-cars/id1416138841,100,uk
apps.apple.com/us/app/taxi-car-simulator-evo/id1126769121,100,uk
apps.apple.com/ua/app/minecraft/id479516143?l=ru,100,uk
apps.apple.com/gb/app/betwright-betting-casino-slots/id6736365545,100,uk
apps.apple.com/ng/app/banca-by-sterling/id6451045237,100,uk
apps.apple.com/gb/app/apple-central-taxis-exeter/id961125659,100,uk
apps.apple.com/us/app/windows-app/id1295203466,100,uk
apps.apple.com/lv/app/aviasales-book-cheap-flights/id498958864,100,uk
apps.apple.com/us/app/toddler-game-for-2-4-year-olds/id1100565942,100,uk
apps.apple.com/us/app/meme-soundboard-2025-ultimate/id1541448769,100,uk
apps.apple.com/us/app/icarefone-phone-transfer-clean/id1156047132,100,uk
apps.apple.com/us/app/playtomic-padel-pickleball/id1242321076,100,uk
apps.apple.com/gb/app/merseytravel/id879482399,100,uk
apps.apple.com/gb/app/math-bingo/id371338715,100,uk
apps.apple.com/in/app/battlegrounds-mobile-india/id1526436837,100,uk
apps.apple.com/us/app/google-play-console/id1606772645,100,uk
apps.apple.com/us/app/betterhelp-therapy/id995252384,100,uk
apps.apple.com/us/app/wire-secure-messenger/id930944768,100,uk
apps.apple.com/us/app/ankimobile-flashcards/id373493387,99,uk
apps.apple.com/us/app/7-little-words-and-more/id431434152,99,uk
apps.apple.com/us/app/love-island-usa/id1465944282,99,uk
apps.apple.com/gb/app/poto/id1038849525,99,uk
apps.apple.com/us/app/hide-me-vpn/id953040671,99,uk
apps.apple.com/us/app/travelboast-my-journey-routes/id1476504378,99,uk
apps.apple.com/gb/app/the-higher-or-lower-game/id1643398769,99,uk
apps.apple.com/au/app/4-pics-1-word/id595558452,99,uk
apps.apple.com/br/app/gov-br/id1506827551,99,uk
apps.apple.com/vn/app/football-league-2025/id6447961802,99,uk
apps.apple.com/pl/app/minichat-video-chat-texting/id1506912979,99,uk
apps.apple.com/us/app/bitdefender-vpn-fast-secure/id1499633482,99,uk
apps.apple.com/gb/app/mainline-menswear/id1261016702,99,uk
apps.apple.com/us/app/emoji-me-sticker-maker/id1040207175,99,uk
apps.apple.com/us/app/ullu/id1435281792,99,uk
apps.apple.com/us/app/sheet-music-scanner/id884984324,99,uk
apps.apple.com/us/app/google-dịch/id414706506?l=vi,99,uk
apps.apple.com/gb/app/aloha-browser-private-vpn/id1105317682,99,uk
apps.apple.com/us/app/taxi-barcelona-amb-yellow/id1458739732,99,uk
apps.apple.com/us/app/photo-picture-resizer/id6474303002,99,uk
apps.apple.com/gb/app/ezmp3-player/id449810822,99,uk
apps.apple.com/us/app/4shared-mobile/id444426162,99,uk
apps.apple.com/us/app/mygov/id938033081,99,uk
apps.apple.com/ru/app/instagram/id389801252,99,uk
apps.apple.com/az/app/vbet-sports-betting/id1071205599,99,uk
apps.apple.com/us/app/hills-of-steel/id1495823579,99,uk
apps.apple.com/in/app/ndtv-news-app/id377869410,99,uk
apps.apple.com/us/app/cool-fonts/id601831333,99,uk
apps.apple.com/us/app/myaldi-usa/id1530339637,99,uk
apps.apple.com/gb/app/knowunity-ai-learning-app/id1484296272,99,uk
apps.apple.com/us/app/cookie-editor/id6446215341,99,uk
apps.apple.com/us/app/post-it/id920127738,99,uk
apps.apple.com/us/app/doordash-food-delivery/id719972451,99,uk
apps.apple.com/us/app/stock-market-simulator/id1454193469,99,uk
apps.apple.com/gb/app/lemon8-lifestyle-community/id1498607143,99,uk
apps.apple.com/gb/app/airmid-uk/id1472749780,99,uk
apps.apple.com/us/app/adobe-express-ai-photo-video/id1051937863,99,uk
apps.apple.com/us/app/kakaomap-korea-no-1-map/id304608425,99,uk
apps.apple.com/gb/app/luckytrip-a-trip-in-one-tap/id973059290,99,uk
apps.apple.com/gb/app/piano-keyboard-music-games/id1360309966,99,uk
apps.apple.com/us/app/screw-pin-jam-puzzle/id6502597181,99,uk
apps.apple.com/tr/app/hürriyet-e-gazete/id413469581,99,uk
apps.apple.com/us/app/timewarp-time-warp-scan/id1639646894,99,uk
apps.apple.com/us/app/worldstar-hiphop-videos-news/id525958087,99,uk
apps.apple.com/gb/app/ztype/id1003744339,98,uk
apps.apple.com/us/app/transfer-my-data-mobiletrans/id1545867834,98,uk
apps.apple.com/us/app/hush-express-freely/id1672847314,98,uk
apps.apple.com/us/app/postparty/id1595225946,98,uk
apps.apple.com/us/app/pool-payday-8-ball-pool-game/id1442117794,98,uk
apps.apple.com/us/app/blackout-bingo-win-real-cash/id1464235676,98,uk
apps.apple.com/us/app/gemini-2-the-duplicate-finder/id1090488118?mt=12,98,uk
apps.apple.com/gb/app/macos-big-sur/id1526878132?mt=12,98,uk
apps.apple.com/us/app/fanfiction-net/id1192753879,98,uk
apps.apple.com/us/app/draw-with-buddies-multiplayer/id1502088179,98,uk
apps.apple.com/us/app/snow-ai-profile/id1022267439,98,uk
apps.apple.com/gb/app/heart-fm/id1599247451,98,uk
apps.apple.com/mk/app/cymru-tickets/id1616641942,98,uk
apps.apple.com/gb/app/splid-split-group-bills/id991473495,98,uk
apps.apple.com/us/app/medium-read-write-stories/id828256236,98,uk
apps.apple.com/us/app/pregnancy-test-checker/id854689871,98,uk
apps.apple.com/us/app/ria-money-transfer-send-cash/id1065921908,98,uk
apps.apple.com/us/app/christmas-ringtones/id491127638,98,uk
apps.apple.com/us/app/gba-emulator-retro-game/id6517354474,98,uk
apps.apple.com/gb/app/cute-wallpapers-for-girls/id1188453181,98,uk
apps.apple.com/us/app/before-and-after-compare-photo/id1500915148,98,uk
apps.apple.com/gb/app/radio-code-generator-for-cars/id1525254189,98,uk
apps.apple.com/us/app/songshift/id1097974566,98,uk
apps.apple.com/us/app/game-jolt-social/id1546759412,98,uk
apps.apple.com/us/app/songshift/id1097974566,98,uk
apps.apple.com/gb/app/jennings-bet-tracker/id1241889610,98,uk
apps.apple.com/gb/app/mydiabetes-sugar-meal-log/id6466183410,98,uk
apps.apple.com/us/app/alfred-home-security-camera/id966460837,98,uk
apps.apple.com/us/app/resume-intelligent-cv-maker/id6740196922,98,uk
apps.apple.com/gb/app/royal-bank-bankline-mobile/id1623181355,98,uk
apps.apple.com/gb/app/pleasure-beach-resort/id1623196648,98,uk
apps.apple.com/us/app/easy-call-phone-calling-app/id1398758168,98,uk
apps.apple.com/us/app/decor-life-home-design-game/id1609970658,98,uk
apps.apple.com/us/app/bible-verses-wallpaper/id1604153517,98,uk
apps.apple.com/gb/app/bristol-tour-map-of-banksy/id1459024024,98,uk
apps.apple.com/gb/app/word-anagram-finder/id1338302714,98,uk
apps.apple.com/qa/app/hacoo-discovering-inspiring/id1399907836,98,uk
apps.apple.com/gb/app/onefootball-football-scores/id382002079,98,uk
apps.apple.com/gb/app/tiny-wings/id417817520,98,uk
apps.apple.com/gb/app/dmu-epad-emora/id1635505819,97,uk
apps.apple.com/cz/app/mapy-com-offline-gps-maps/id411411020,97,uk
apps.apple.com/lb/app/مترجم-انجليزي-عربي/id1532634290?l=ar,97,uk
apps.apple.com/gb/app/u-ucb/id650747465,97,uk
apps.apple.com/us/app/reverse-lookup/id1086846780,97,uk
apps.apple.com/us/app/virtual-families-3/id1159846171,97,uk
apps.apple.com/us/app/antivirus-one-virus-cleaner/id1068435535,97,uk
apps.apple.com/us/app/777-slots-casino-classic-slots/id1081274471,97,uk
apps.apple.com/gb/app/local-cars-bradford/id1098117558,97,uk
apps.apple.com/us/app/dead-ahead-zombie-warfare/id1017311881,97,uk
apps.apple.com/ng/app/communely/id1612055811,97,uk
apps.apple.com/us/app/nusuk-نسك/id6469515422,97,uk
apps.apple.com/us/app/ai-dungeon-rpg-story-maker/id1491268416,97,uk
apps.apple.com/gb/app/alltrails-hike-run-walk/id405075943,97,uk
apps.apple.com/us/app/magic-jigsaw-puzzles-games-hd/id439873467,97,uk
apps.apple.com/id/app/百度翻译-英语学习必备/id605670941?l=id,97,uk
apps.apple.com/sa/app/wifi-password-finder-connect/id6504706904,97,uk
apps.apple.com/us/app/net-deck/id865963530,97,uk
apps.apple.com/us/app/love-for-heart-meet-date/id6692630998,97,uk
apps.apple.com/gb/app/noughts-and-crosses-full-game/id1144802074,97,uk
apps.apple.com/gb/app/cooking-run/id6744820307,97,uk
apps.apple.com/gb/app/tcp-smart/id1400601542,97,uk
apps.apple.com/gb/app/matchbook-betting-exchange/id503101282,97,uk
apps.apple.com/us/app/ea-racenet/id1672097548,97,uk
apps.apple.com/gb/app/fortune-games-casino-slots/id6474539693,97,uk
apps.apple.com/us/app/mathrubhumi-news/id730031656,97,uk
apps.apple.com/us/app/car-play-sync-connect/id1665625393,97,uk
apps.apple.com/us/app/barbee-hide-menu-bar-items/id1548711022?mt=12,97,uk
apps.apple.com/nz/app/redecor-home-design-game/id1413287364,97,uk
apps.apple.com/gb/app/castell-taxis-caerphilly/id1488476468,97,uk
apps.apple.com/us/app/whee-chair-movies-tv-shows/id6670503298,97,uk
apps.apple.com/us/app/monster-job-search/id870221491,97,uk
apps.apple.com/us/app/dafonts-fonts-downloader/id6740590282,97,uk
apps.apple.com/us/app/yes-no-button/id593299519,97,uk
apps.apple.com/gb/app/songpop-classic-music-trivia/id975364678,97,uk
apps.apple.com/gb/app/my-library-app/id1475794558,97,uk
apps.apple.com/us/app/safari-navigator/id6737539717,97,uk
apps.apple.com/us/app/power-thesaurus/id967211375,97,uk
apps.apple.com/us/app/video-maker-with-music-editor/id1006386292,97,uk
apps.apple.com/cn/app/闲鱼-神奇的闲鱼/id510909506,97,uk
apps.apple.com/us/app/filmora-ai-video-editor-maker/id1019382747,97,uk
apps.apple.com/ke/app/monument-valley-2/id1187265767,96,uk
apps.apple.com/us/app/sleeve-for-spotify-music/id1606145041?mt=12,96,uk
apps.apple.com/us/app/textplus-text-message-call/id314487667,96,uk
apps.apple.com/gb/app/mushroom-id-guide-uk/id693100198,96,uk
apps.apple.com/us/app/ivcam-webcam/id1164464478,96,uk
apps.apple.com/us/app/mcafee-security-privacy-vpn/id724596345,96,uk
apps.apple.com/us/app/mp3-cutter-m4a-music-cutter/id1455601338,96,uk
apps.apple.com/us/app/adventure-capitalist/id927006017,96,uk
apps.apple.com/gb/app/bleep-test-lite/id428100189,96,uk
apps.apple.com/gb/app/stockx-shop-sneakers-apparel/id881599819,96,uk
apps.apple.com/us/app/twos-one-app-for-every-thing/id1097350934,96,uk
apps.apple.com/us/app/mylittlestar/id1455377164,96,uk
apps.apple.com/us/app/bubble-bobble-classic/id1497822213,96,uk
apps.apple.com/jp/app/watchable/id6502579978?l=en-US,96,uk
apps.apple.com/us/app/power-rangers-legacy-wars/id1204075112,96,uk
apps.apple.com/us/app/guess-the-emoji/id698848120,96,uk
apps.apple.com/us/app/english-to-gujarati-translator/id1193038133,96,uk
apps.apple.com/us/app/enhance-photo-quality/id1587310121,96,uk
apps.apple.com/rs/app/xciptv/id6471280288,96,uk
apps.apple.com/pk/app/tashkeel/id6742667694,96,uk
apps.apple.com/ca/app/amazon-photos-cloud-storage/id621574163,96,uk
apps.apple.com/gb/app/east-park-gym/id6443577962,96,uk
apps.apple.com/gb/app/countdown-for-disney/id955356588,96,uk
apps.apple.com/gb/app/revolut-x-buy-bitcoin-crypto/id6502614478,96,uk
apps.apple.com/us/app/acne-safe/id1526314570,96,uk
apps.apple.com/us/app/flixtor-movie-tv-show-series/id1637883791,96,uk
apps.apple.com/us/app/countdown/id424216726,96,uk
apps.apple.com/au/app/elitebet/id1194462998,96,uk
apps.apple.com/us/app/fun-bridge/id408841149,96,uk
apps.apple.com/us/app/time-monkeys-arcade-shooter/id1091641917,96,uk
apps.apple.com/us/app/blur-face-on-photo/id6470359404,96,uk
apps.apple.com/gb/app/amazon-slots-online-casino/id6443921037,96,uk
apps.apple.com/ca/app/cricbuzz-live-cricket-ipl/id360466413,96,uk
apps.apple.com/us/app/gorewards-dice-events/id6474107468,96,uk
apps.apple.com/us/app/voloco-vocal-recording-studio/id1052970183,96,uk
apps.apple.com/gb/app/jd-gyms/id1438033881,96,uk
apps.apple.com/gb/app/the-teesside-gazette-newspaper/id641165302,96,uk
apps.apple.com/gb/app/worcester-news/id516937373,96,uk
apps.apple.com/gb/app/ola-book-cab-auto-bike-taxi/id539179365,96,uk
apps.apple.com/gb/app/wordi-a-word-guessing-game/id1604255911,96,uk
apps.apple.com/gb/app/sevenstore/id1179005758,96,uk
apps.apple.com/us/app/quick-checkbook/id589372357,96,uk
apps.apple.com/us/app/literie/id6450409461,96,uk
apps.apple.com/us/app/the-mindfulness-app/id417071430,96,uk
apps.apple.com/de/app/kwejk-pl/id581237874?l=en-GB,100,de
apps.apple.com/us/app/i-am-cat/id6740168334,100,de
apps.apple.com/de/app/freenotes-ai-notes-taking/id6464237904,100,de
apps.apple.com/de/app/cinestar/id852408473,100,de
apps.apple.com/us/app/pump-fun-solana-meme-coins/id6717572591,100,de
apps.apple.com/de/app/wolow-wake-on-lan/id1500970060,100,de
apps.apple.com/us/app/co-star-personalized-astrology/id1264782561,100,de
apps.apple.com/de/app/radio-morava/id566839514,100,de
apps.apple.com/de/app/truckscout24/id6739244457,100,de
apps.apple.com/de/app/skiplagged-reise-hacks/id823443083,100,de
apps.apple.com/de/app/brain-out/id1477841973,100,de
apps.apple.com/de/app/live-flugverfolgung/id6446590295,100,de
apps.apple.com/us/app/delta-force/id6451399876,100,de
apps.apple.com/de/app/ab-auction/id1147493601,100,de
apps.apple.com/ch/app/tube-map-london-underground/id320969612,100,de
apps.apple.com/de/app/folium/id6498623389,100,de
apps.apple.com/de/app/microphone-live/id1070812067,100,de
apps.apple.com/us/app/дія/id1489717872,100,de
apps.apple.com/de/app/ip-scanner/id6443819966?l=en-GB,100,de
apps.apple.com/de/app/beat81-hiit-fitness-workouts/id1491817215,100,de
apps.apple.com/us/app/pixai-ai-anime-art-generator/id6474528911,100,de
apps.apple.com/de/app/vegas-solitaire-classic-cards/id677489316,100,de
apps.apple.com/us/app/storyfont-for-instagram-story/id1506975314,100,de
apps.apple.com/us/app/dynamic-wallpaper-library/id1582358382?mt=12,100,de
apps.apple.com/de/app/mr-green-slots-games-spielen/id1664478946,100,de
apps.apple.com/de/app/ups/id336377331,100,de
apps.apple.com/in/app/story-saver-for-instagram/id1596637447,100,de
apps.apple.com/de/app/birthdayspro/id390055439,100,de
apps.apple.com/us/app/goodnotes-ai-notes-docs-pdf/id1444383602,100,de
apps.apple.com/de/app/roamler-geld-verdienen/id440588804,100,de
apps.apple.com/de/app/total-war-napoleon/id596348901?mt=12,100,de
apps.apple.com/de/app/teo-das-neue-multibanking/id1481553099,100,de
apps.apple.com/de/app/mediherz/id6737625920,99,de
apps.apple.com/de/app/serialtools/id611021963?mt=12,99,de
apps.apple.com/de/app/pdfoptim-the-pdf-compressor/id621276561?mt=12,99,de
apps.apple.com/de/app/radio-waf/id429906979,99,de
apps.apple.com/de/app/zalo/id579523206,99,de
apps.apple.com/us/app/2-3-4-player-games/id1269516792,99,de
apps.apple.com/us/app/العاب-حرب-مسدسات-العاب-قتال/id6450255698?l=ar,99,de
apps.apple.com/ch/app/good-coffee-great-coffee/id1603584945,99,de
apps.apple.com/de/app/bosch-smart-home/id1092051261,99,de
apps.apple.com/sa/app/bein-connect-mena/id784542009,99,de
apps.apple.com/us/app/ελληνική-τηλεόραση/id890458796,99,de
apps.apple.com/us/app/free-fire-max-x-naruto/id1480516829,99,de
apps.apple.com/us/app/utm-se-retro-pc-emulator/id1564628856,99,de
apps.apple.com/nz/app/absher-أبشر/id1004966456,99,de
apps.apple.com/de/app/105-5-spreeradio/id488126126,99,de
apps.apple.com/us/app/the-times-of-israel/id1006406749,99,de
apps.apple.com/de/app/tvizio/id1605597310,99,de
apps.apple.com/us/app/ea-sports-fc-mobile-soccer/id1094930513,99,de
apps.apple.com/de/app/scrivener/id972387337,99,de
apps.apple.com/us/app/dramacool-kdrama-movie-show/id6471490577,99,de
apps.apple.com/be/app/reports-followers-unfollowers/id1481469888,99,de
apps.apple.com/de/app/apotheke-vor-ort/id419603842,99,de
apps.apple.com/ec/app/почта-ukr-net/id1405521485,99,de
apps.apple.com/de/app/dnn-nachrichten-und-podcast/id1577326989,99,de
apps.apple.com/de/app/mobywatel/id1339613469,99,de
apps.apple.com/de/app/klett-lernen/id1260478846,99,de
apps.apple.com/de/app/huawei-ai-life/id1266194141,99,de
apps.apple.com/us/app/dice-roll-dice-roller/id1114861974,99,de
apps.apple.com/de/app/animated-wallpapers/id527371686?mt=12,99,de
apps.apple.com/de/app/laifen/id6463205325,99,de
apps.apple.com/us/app/yandex-mail-email-cloud/id441785419,99,de
apps.apple.com/de/app/russkoe-radio/id1397168603,99,de
apps.apple.com/dm/app/9anime/id1561532117,99,de
apps.apple.com/us/app/bloons-monkey-city/id918037679,99,de
apps.apple.com/us/app/novelreader-world-of-novels/id1437708163,99,de
apps.apple.com/us/app/cool-vpn-pro-secure-proxy-vpn/id1460130689,98,de
apps.apple.com/de/app/vaillant-ersatzteilcheck/id6450364170,98,de
apps.apple.com/de/app/openseamap/id495210783,98,de
apps.apple.com/pl/app/happymoods-game-mods-tracker/id6472676012,98,de
apps.apple.com/us/app/rakuten-viber-messenger/id382617920,98,de
apps.apple.com/de/app/mein-o2/id371338349?l=en-GB,98,de
apps.apple.com/de/app/helios-safe-app/id1226493522,98,de
apps.apple.com/de/app/samsung-galaxy-buds/id1491433898,98,de
apps.apple.com/de/app/footpath-routenplaner-und-navi/id634845718,98,de
apps.apple.com/us/app/mirror-mental-health-journal/id6736964449,98,de
apps.apple.com/de/app/e-trade-invest-trade-save/id313259740,98,de
apps.apple.com/de/app/sıla-yolu-sevenler/id1402206868,98,de
apps.apple.com/de/app/flipaclip-animations-studio/id1101848914,98,de
apps.apple.com/il/app/reverse-image-search-ai-lens/id1003144513,98,de
apps.apple.com/de/app/t-mobile-prepaid-esim/id1437014693,98,de
apps.apple.com/de/app/wie-gut-kennst-du-mich/id1295936594,98,de
apps.apple.com/de/app/anti-moskito-mückenschutz/id1242188677,98,de
apps.apple.com/at/app/messenger-duo-for-whatsapp/id1312424138,98,de
apps.apple.com/de/app/wörter-zählen/id620443756,98,de
apps.apple.com/gb/app/عنواني-منصة-العنوان-الوطني/id1367263672,98,de
apps.apple.com/us/app/inzoi/id6742821288?mt=12,98,de
apps.apple.com/de/app/junes-journey-suchbild-lösen/id1200391796,98,de
apps.apple.com/us/app/happn-dating-app/id489185828,98,de
apps.apple.com/pl/app/tłumacz-polsko-niemiecki/id1569140111?l=pl,98,de
apps.apple.com/de/app/bhv-hundeführerschein/id1094314155,98,de
apps.apple.com/de/app/schnäppchenfuchs-angebote/id592739152,98,de
apps.apple.com/de/app/hot-player/id6695762404,98,de
apps.apple.com/de/app/once-meet-chat-dating-app/id1489440748,98,de
apps.apple.com/de/app/kostenlos-türkisch-lernen/id727709891,98,de
apps.apple.com/us/app/snaptik-bookmark-any-video/id6461307222,98,de
apps.apple.com/al/app/tvmak-com-tv-shqip/id1505986957,98,de
apps.apple.com/de/app/becasso-kunst-foto-effekte/id1125534178,98,de
apps.apple.com/de/app/domradio-de/id1067773162,98,de
apps.apple.com/us/app/deepstatemap/id6443851995?l=ru,98,de
apps.apple.com/de/app/halalbooking-hotels-weltweit/id6473121483,98,de
apps.apple.com/us/app/calendar/id1108185179,98,de
apps.apple.com/de/app/hydra-tv/id6443712530,98,de
apps.apple.com/de/app/video-speed-changer-editor/id1453701169,98,de
apps.apple.com/gr/app/viva/id654979024,98,de
apps.apple.com/de/app/onlineliga-de/id1522289811,98,de
apps.apple.com/ua/app/пенсійний-фонд/id1488083719,98,de
apps.apple.com/de/app/musik-schneiden-audio-editor/id1663471569,98,de
apps.apple.com/de/app/imposter-party-spiele-fakeit/id6749012623,97,de
apps.apple.com/de/app/rechtschreibprüfer-ki-fixy/id6449986515,97,de
apps.apple.com/de/app/guitar-pro/id400666114,97,de
apps.apple.com/us/app/playdeads-inside/id1201642309,97,de
apps.apple.com/de/app/awista-kommunal/id588304622,97,de
apps.apple.com/de/app/movie-player-filme-videos/id406779775,97,de
apps.apple.com/de/app/kaza-namazı-hesaplama-ve-takip/id944176968,97,de
apps.apple.com/de/app/megogo-tv-movies-audiobooks/id565967395,97,de
apps.apple.com/de/app/checkfelix-flüge-hotels-autos/id492728058,97,de
apps.apple.com/de/app/u-scanner/id814841155,97,de
apps.apple.com/de/app/human-resource-machine/id1005098334,97,de
apps.apple.com/de/app/bose-soundtouch/id708379313,97,de
apps.apple.com/de/app/vogelstimmen-live-erkennen-id/id6449354786,97,de
apps.apple.com/de/app/börse-aktien-börsennewsapp/id885403569,97,de
apps.apple.com/de/app/hintergrund-entfernen/id944665061,97,de
apps.apple.com/gr/app/medipreis/id339711082,97,de
apps.apple.com/de/app/dwds/id6741328425,97,de
apps.apple.com/de/app/fahrschulcard/id448163875,97,de
apps.apple.com/qa/app/wormate-io/id1135523852?l=ar,97,de
apps.apple.com/us/app/five-hearts-under-one-roof/id6742767401,97,de
apps.apple.com/us/app/blk-black-singles-dating-app/id1253586891,97,de
apps.apple.com/de/app/idexx-vetconnect-plus/id791228999,97,de
apps.apple.com/de/app/logo-quiz/id562704634,97,de
apps.apple.com/lv/app/silly-wisher/id6444465724,97,de
apps.apple.com/at/app/wettbasis-sportwetten-mit-erfolg/id680526502,97,de
apps.apple.com/ch/app/wireless-display-tv/id6464280481,97,de
apps.apple.com/de/app/taimi-lgbtq-dating-chat/id1282966364,97,de
apps.apple.com/pl/app/poczta-o2/id1033546634,97,de
apps.apple.com/de/app/tor-browser-onion-tor-web/id1317691373,97,de
apps.apple.com/de/app/flip-uhr-digitale-widgets/id1181028777,97,de
apps.apple.com/cn/app/deepl-翻译/id1552407475,97,de
apps.apple.com/de/app/ki-unterschrift-generator/id6740637904,97,de
apps.apple.com/de/app/x-vpn-secure-vpn-proxy/id1454212375,97,de
apps.apple.com/de/app/reels-für-instagram-erstellen/id6443517019,97,de
apps.apple.com/de/app/apodiscounter-erezept-apotheke/id383562236,97,de
apps.apple.com/de/app/fut-gg-fc-26-evos-prices/id6470957382,97,de
apps.apple.com/de/app/shopback-deine-cashback-app/id1086505626,97,de
apps.apple.com/gb/app/weather-radar-forecasts/id545993260,97,de
apps.apple.com/us/app/sakura-school-simulator/id1439434588,96,de
apps.apple.com/at/app/tone-twister/id6683313269,96,de
apps.apple.com/de/app/superfb-fb-1907-haber/id587371604,96,de
apps.apple.com/de/app/drivey/id1590360678,96,de
apps.apple.com/de/app/musixmatch/id448278467,96,de
apps.apple.com/qa/app/special-forces-group-2/id1158672336?l=ar,96,de
apps.apple.com/de/app/clickdoc-arzttermine-online/id1427585221,96,de
apps.apple.com/de/app/card-maker-creator-for-pokemon/id1226345628,96,de
apps.apple.com/de/app/my-movies-5-pro-movie-tv/id6473427404,96,de
apps.apple.com/de/app/bundesbank-phototan/id1478638215,96,de
apps.apple.com/de/app/blacksim-servicewelt/id6464466979,96,de
apps.apple.com/de/app/waltroper-zeitung/id1554082445?l=en-GB,96,de
apps.apple.com/tr/app/azar-video-chat-keşfet/id972558973?l=tr,96,de
apps.apple.com/de/app/ratsit-se/id369156119,96,de
apps.apple.com/de/app/yoga-vidya-yoga-meditation/id1156902343,96,de
apps.apple.com/eg/app/potox-استعادة-الصور-المحذوفة/id6475776218?l=ar,96,de
apps.apple.com/de/app/speisekammer-vorrat-verwalten/id1575424944,96,de
apps.apple.com/tr/app/ensonhaber/id353599677?l=tr,96,de
apps.apple.com/de/app/radio-sunshine-live/id340147473,96,de
apps.apple.com/be/app/hausaufgaben-hans/id6447766097,96,de
apps.apple.com/de/app/bimx-desktop/id6446137693?mt=12,96,de
apps.apple.com/de/app/adguard-adblock-privacy/id1047223162,96,de
apps.apple.com/kw/app/iq-option-trading-broker/id871125783,96,de
apps.apple.com/de/app/loveit-couples-real-friends/id1609366842,96,de
apps.apple.com/de/app/darya/id1606243843,96,de
apps.apple.com/us/app/japanese-rural-life-adventure/id1634749545,96,de
apps.apple.com/us/app/اسنپ-رانندگان-snapp-driver/id6449247898,96,de
apps.apple.com/de/app/nrz-e-paper/id419592733,96,de
apps.apple.com/de/app/smartguide-reiseführer-karte/id318062323,96,de
apps.apple.com/de/app/schachuhr-chess-com/id858039162,96,de
apps.apple.com/us/app/reverse-image-search-ai-lens/id1003144513,96,de
apps.apple.com/us/app/sketchup-3d-modeling/id796352563,96,de
apps.apple.com/gb/app/ninja-pro-connect/id1322483990,96,de
apps.apple.com/us/app/stumble-guys/id1541153375,96,de
apps.apple.com/de/app/deye-cloud/id1632169719,96,de
apps.apple.com/de/app/mainzer-mobilität-bus-bahn/id1489466445,96,de
apps.apple.com/de/app/tiny-wings/id417817520,96,de
apps.apple.com/eg/app/ترجمة-اللغة-الألمانية/id1641276883?l=ar,96,de
apps.apple.com/de/app/virtuelle-nummer-whatsapp-wabn/id1550895535,96,de
apps.apple.com/lu/app/seznam-cz/id950278657?l=de-DE,96,de
apps.apple.com/de/app/antenne-bayern/id293170410,96,de
apps.apple.com/us/app/max-stream-hbo-tv-movies/id1666653815,96,de
apps.apple.com/de/app/vivid-glam-video-foto-retusche/id6451180951,96,de
apps.apple.com/kh/app/live-football-tv-hd-streaming/id6478971501,96,de
apps.apple.com/us/app/bid-by-bid/id6443780296,96,de
apps.apple.com/de/app/civilization-vi/id1123795278,96,de
apps.apple.com/de/app/newsletter-reader/id1549306009,95,de
apps.apple.com/us/app/колесо-фортуни-рандомайзер/id1661411013?l=ru,95,de
apps.apple.com/de/app/armor-age-tank-wars/id1164815902,95,de
apps.apple.com/de/app/kennzeichen-finder/id333210224,95,de
apps.apple.com/de/app/remote-desktop-manager/id1039961293,95,de
apps.apple.com/de/app/war-of-sticks/id6443737753,95,de
apps.apple.com/de/app/diemaus/id932310976,95,de
apps.apple.com/fr/app/mini-métro/id837860959,100,fr
apps.apple.com/fr/app/microsoft-copilot/id6738511300?mt=12,100,fr
apps.apple.com/uy/app/instagram/id389801252,100,fr
apps.apple.com/fr/app/cluedo-édition-classique/id1238247658,100,fr
apps.apple.com/fr/app/micas-shop-womens-fashion/id6477443145,100,fr
apps.apple.com/fr/app/jeux-olympiques-sport-actu/id808794344,100,fr
apps.apple.com/fr/app/mes-coordonées-gps/id1335952038,100,fr
apps.apple.com/fr/app/baldis-basics-classic/id1473998368,100,fr
apps.apple.com/dz/app/jeux-question-couple-jeu-hot/id1493005035?l=fr-FR,100,fr
apps.apple.com/fr/app/mobisoins-v2/id1459095308,100,fr
apps.apple.com/us/app/spaceflight-simulator/id1308057272,100,fr
apps.apple.com/fr/app/little-alchemy/id542467126,100,fr
apps.apple.com/fr/app/jevalide/id903769682,100,fr
apps.apple.com/fr/app/dice-événements-live/id898358948,100,fr
apps.apple.com/us/app/واتساب-الذهبي-وتساب-الذهبي/id6444021754?l=ar,100,fr
apps.apple.com/ru/app/дневник-ру/id1127180528,100,fr
apps.apple.com/gb/app/centre-sportif-arthur-ashe/id6746165292?uo=2,100,fr
apps.apple.com/fr/app/slidebox-nettoyage-photos/id984305203,100,fr
apps.apple.com/fr/app/wetv-asian-local-dramas/id1441531611,100,fr
apps.apple.com/us/app/pandora-music-podcasts/id284035177,100,fr
apps.apple.com/fr/app/nextdns/id1463342498,100,fr
apps.apple.com/fr/app/tile-family-jeu-de-puzzle/id6444056676,100,fr
apps.apple.com/fr/app/calculateur-de-sommeil/id1668639153,100,fr
apps.apple.com/fr/app/kidizz/id727118807,100,fr
apps.apple.com/us/app/total-war-medieval-ii/id1477203766?l=fr-FR,100,fr
apps.apple.com/us/app/nude-app/id1281405417?l=fr-FR,100,fr
apps.apple.com/cm/app/temp-number-receive-sms/id6443620440,100,fr
apps.apple.com/fr/app/dictionnaire-hébreu-français/id6451341541,100,fr
apps.apple.com/us/app/starla-call-the-universe/id6741873786,100,fr
apps.apple.com/fr/app/the-battle-cats/id850057092,100,fr
apps.apple.com/us/app/code-de-la-route-2024/id1292311461,100,fr
apps.apple.com/fr/app/visite-et-guide-du-louvre/id1220004840,100,fr
apps.apple.com/fr/app/comet-driver/id1578697809,100,fr
apps.apple.com/fr/app/simulateur-conduite-de-voiture/id1588096403,100,fr
apps.apple.com/fr/app/evolity/id1459978761,100,fr
apps.apple.com/us/app/tousanticovid/id1511279125,100,fr
apps.apple.com/fr/app/pinball-flipper-space-cadet/id1198371748,100,fr
apps.apple.com/eg/app/truck-simulator-ultimate/id1553900372?l=ar,100,fr
apps.apple.com/ci/app/décibel-mètre/id1382533198,100,fr
apps.apple.com/fr/app/solitaire-freecell/id500964912,100,fr
apps.apple.com/fr/app/microsoft-365-copilot/id541164041,100,fr
apps.apple.com/fr/app/chérie-fm-radios-podcasts/id298598018,100,fr
apps.apple.com/lu/app/marshall-bluetooth/id1351654161?l=fr-FR,100,fr
apps.apple.com/us/app/la-gazette-des-courses-quinté/id852998131,99,fr
apps.apple.com/fr/app/mon-talking-tom-amis/id1473424857,99,fr
apps.apple.com/fr/app/tempo-edf-couleur-du-jour/id6475683952,99,fr
apps.apple.com/np/app/totalsportek-live-football/id6478613783,99,fr
apps.apple.com/ca/app/jewel-legend-jeux-sans-wifi/id902173725?l=fr-CA,99,fr
apps.apple.com/fr/app/anybuddy/id1159088112,99,fr
apps.apple.com/kh/app/expressen-nyheter/id720666319?l=fr,99,fr
apps.apple.com/fr/app/mycuma-planning-et-travaux/id1621528391,99,fr
apps.apple.com/fr/app/breizhgo-m-ticket/id1664158059,99,fr
apps.apple.com/fr/app/garden-planner/id942265351?mt=12,99,fr
apps.apple.com/fr/app/total-war-medieval-ii/id1477203766,99,fr
apps.apple.com/fr/app/ski-tracks-lite/id368024976,99,fr
apps.apple.com/us/app/alquds-alarabi/id1163688745,99,fr
apps.apple.com/fr/app/leroy-merlin/id370400343,99,fr
apps.apple.com/be/app/sekai/id6479925200?l=fr-FR,99,fr
apps.apple.com/fr/app/screens-5-vnc-à-distance/id1663047912,99,fr
apps.apple.com/fr/app/starter-pack-creator/id1249823648,99,fr
apps.apple.com/fr/app/sumup-tpe-caisse-paiement/id514879214,99,fr
apps.apple.com/fr/app/spire-music-recorder-studio/id1013021109,99,fr
apps.apple.com/fr/app/izilo/id1409695018,99,fr
apps.apple.com/ch/app/raiffeisen-e-banking/id371762633?l=fr-FR,99,fr
apps.apple.com/us/app/mobile-scanner-app-scan-pdf/id1461747901,99,fr
apps.apple.com/eg/app/جواكر-العب-ودردش/id870092728?l=ar,99,fr
apps.apple.com/gb/app/météo-france/id376197239,99,fr
apps.apple.com/fr/app/vibromasseur/id1644970321,99,fr
apps.apple.com/us/app/blood-strike-fps-for-all/id1637059453,99,fr
apps.apple.com/us/app/justwatch-movies-tv-shows/id979227482,99,fr
apps.apple.com/fr/app/qui-est-ce-classic/id543846989,99,fr
apps.apple.com/fr/app/angry-birds-reloaded/id1539172625,99,fr
apps.apple.com/us/app/time-is/id857189816?l=fr-FR,99,fr
apps.apple.com/us/app/bully-anniversary-edition/id1148321705,99,fr
apps.apple.com/fr/app/renault-radio-code/id1604433089,98,fr
apps.apple.com/fr/app/stronghold-kingdoms-châteaux/id1201717505,98,fr
apps.apple.com/us/app/measure/id1383426740,98,fr
apps.apple.com/fr/app/buggle-2-bubble-shooter/id1052664288,98,fr
apps.apple.com/fr/app/momondo-vols-hôtels-voitures/id436736538,98,fr
apps.apple.com/us/app/twos-one-app-for-every-thing/id1097350934,98,fr
apps.apple.com/us/app/friended-nice-to-meet-you/id1144304244,98,fr
apps.apple.com/fr/app/crewtimer-regatta-timing/id1450216565,98,fr
apps.apple.com/fr/app/objets-cachés-mystery-society/id941931465,98,fr
apps.apple.com/fr/app/lifepoints-sondages-rémunérés/id1508335904,98,fr
apps.apple.com/cm/app/4-pics-1-word-photo-puzzle/id1633443663,98,fr
apps.apple.com/fr/app/hackbot-jeux-de-hacker/id1206361960,98,fr
apps.apple.com/fr/app/super-gymnaste/id1239325152,98,fr
apps.apple.com/fr/app/genda/id6742468595,98,fr
apps.apple.com/fr/app/baby-tracker-bébé-suivi/id779656557,98,fr
apps.apple.com/fr/app/bodyfast-jeûne-intermittent/id1189568780,98,fr
apps.apple.com/us/app/stndrd-bodybuilding-workouts/id1573298047,98,fr
apps.apple.com/fr/app/copilot-landing-assistant/id1480319572,98,fr
apps.apple.com/fr/app/sporting-tv-online/id1266640170,98,fr
apps.apple.com/fr/app/ask-ai-chatbot-ia-français/id1668787639,98,fr
apps.apple.com/fr/app/parallels-desktop/id1085114709,98,fr
apps.apple.com/us/app/spaceweatherlive/id1435501021,98,fr
apps.apple.com/fr/app/pronofoot-1n2/id1464875450,98,fr
apps.apple.com/fr/app/visage-lab-retouche-photo/id489833171,98,fr
apps.apple.com/us/app/watch-instagram/id1550431162?l=fr-FR,98,fr
apps.apple.com/fr/app/maiia-pro/id1498745017,98,fr
apps.apple.com/fr/app/lire-entre-les-lignes/id1252269368,98,fr
apps.apple.com/fr/app/preview-pour-instagram-feed/id1171686996,98,fr
apps.apple.com/fr/app/hungry-shark-evolution-survie/id535500008,98,fr
apps.apple.com/fr/app/mycurie/id1046539249,98,fr
apps.apple.com/cm/app/unblock-it/id6476204274,98,fr
apps.apple.com/fr/app/globalprotect/id1400555706,98,fr
apps.apple.com/fr/app/elfyourself/id582486077,98,fr
apps.apple.com/fr/app/dirty-game-hot-truth-or-dare/id468667433,98,fr
apps.apple.com/fr/app/finder-toolbox/id1522529367,98,fr
apps.apple.com/fr/app/test-daptitude-pour-larmée/id1472294083,98,fr
apps.apple.com/fr/app/notability-smarter-ai-notes/id360593530,98,fr
apps.apple.com/fr/app/sanitas-healthcoach/id981507162,98,fr
apps.apple.com/fr/app/lolirock-application-officielle-ludo/id899084774,98,fr
apps.apple.com/fr/app/angry-birds-friends/id555936735,98,fr
apps.apple.com/fr/app/ouest-france-auto-annonces-voiture-occasion-cote-gratuite/id464789147,97,fr
apps.apple.com/fr/app/wordmania-jeux-gratuits-avec-4-images-et-1-mot/id621373543,97,fr
apps.apple.com/us/app/mylidl/id1220932607,97,fr
apps.apple.com/fr/app/network-analyzer-net-tools/id562315041,97,fr
apps.apple.com/fr/app/circle-communities/id1509651625,97,fr
apps.apple.com/fr/app/handballtv/id6450954952,97,fr
apps.apple.com/fr/app/joyland-ai-anime-roleplays/id6476473048,97,fr
apps.apple.com/us/app/kalak-ك-ل-ك/id6503722593,97,fr
apps.apple.com/fr/app/harry-potter-secret-à-poudlard/id1333256716,97,fr
apps.apple.com/fr/app/miroir-pour-iphone/id383202455,97,fr
apps.apple.com/fr/app/offline-files-browser-vpn/id1557618225,97,fr
apps.apple.com/us/app/pandabuy/id1625048921,97,fr
apps.apple.com/fr/app/mastermime-jeu-de-mime/id1214046728,97,fr
apps.apple.com/us/app/testflight/id899247664,97,fr
apps.apple.com/fr/app/jurassic-world-le-jeu/id791211390,97,fr
apps.apple.com/be/app/tv-time-suivi-séries-et-films/id431065232?l=fr-FR,97,fr
apps.apple.com/fr/app/כיכר-השבת/id949804489,97,fr
apps.apple.com/sn/app/adventure-capitalist/id927006017?l=fr-FR,97,fr
apps.apple.com/fr/app/philips-hue/id1055281310,97,fr
apps.apple.com/fr/app/camping-paradis-le-jeu/id1079824225,97,fr
apps.apple.com/ch/app/clubcorner-ch/id1242931248?l=fr-FR,97,fr
apps.apple.com/us/app/frosty-for-twitch/id1603987585,97,fr
apps.apple.com/fr/app/polices-ecriture-pour-iphone/id1486140157,97,fr
apps.apple.com/fr/app/jeux-de-voiture-enfant-5-ans/id1442848046,97,fr
apps.apple.com/fr/app/cssbuy/id1318645179,97,fr
apps.apple.com/us/app/wifi-map-free-wifi-near-you/id548925969,97,fr
apps.apple.com/fr/app/bitiba/id1456276667,97,fr
apps.apple.com/fr/app/skrill-payez-et-envoyez/id718248239,97,fr
apps.apple.com/fr/app/piclumen-ai-image-generator/id6720725066,97,fr
apps.apple.com/us/app/smart-one-iptv-player/id6736692339?l=fr-FR,97,fr
apps.apple.com/tt/app/ifun-play-meme-together/id6736452807?l=fr-FR,97,fr
apps.apple.com/fr/app/atlas-danatomie-humaine-2026/id1117998129,97,fr
apps.apple.com/fr/app/accordeur-métronome/id918055824,97,fr
apps.apple.com/fr/app/chicken-scream-challenge-go-up/id6737032744,97,fr
apps.apple.com/fr/app/crypto-pro-crypto-monnaie/id980888073,97,fr
apps.apple.com/fr/app/2248-jeu-de-chiffres-2048/id1356679402,97,fr
apps.apple.com/fr/app/idée-recette-du-frigo-crumb/id6475651024,97,fr
apps.apple.com/fr/app/gifi/id670298883?l=en-GB,97,fr
apps.apple.com/us/app/passbook-wallet-pass-creator/id1633472455,97,fr
apps.apple.com/cm/app/bloquer-application-invis/id1672223963,97,fr
apps.apple.com/lu/app/investing-com-bourse-actus/id909998122?l=fr-FR,97,fr
apps.apple.com/fr/app/wallet-finances-argent/id1032467659,96,fr
apps.apple.com/fr/app/subtitle-edit-video-editor/id1035033422?mt=12,96,fr
apps.apple.com/bj/app/music-downloader-mp3-player/id1447312762?l=fr-FR,96,fr
apps.apple.com/us/app/nu-carnival-bliss/id6470422741,96,fr
apps.apple.com/fr/app/freeotp-authenticator/id872559395,96,fr
apps.apple.com/us/app/monkey-run-make-new-friends/id1549926278,96,fr
apps.apple.com/us/app/triller-social-videos-clips/id994905763,96,fr
apps.apple.com/fr/app/kaliti-pour-iphone/id1453148312,96,fr
apps.apple.com/ca/app/quizlet-apprendre-avec-lia/id546473125?l=fr-CA,96,fr
apps.apple.com/lu/app/datz/id1367393128?l=fr-FR,96,fr
apps.apple.com/ci/app/règle-taille-réelle/id6503698542,96,fr
apps.apple.com/fr/app/ebookers-hôtels-et-vols/id483394780,96,fr
apps.apple.com/fr/app/qui-paye/id1502766167,96,fr
apps.apple.com/ci/app/click-compteur-de-clics/id6514320250,96,fr
apps.apple.com/fr/app/aeat/id737744527,96,fr
apps.apple.com/fr/app/némo-ex-mybus/id1258536733,96,fr
apps.apple.com/fr/app/mathgpt-solveur-mathématique/id6469105718,96,fr
apps.apple.com/fr/app/candy-simply-fi/id905270470,96,fr
apps.apple.com/de/app/tiercé-magazine-pronostics/id535844784?l=en-GB,96,fr
apps.apple.com/ma/app/muslima-rencontre-musulman/id1580680952?l=fr-FR,96,fr
apps.apple.com/ci/app/rafi-concours-pour-instagram/id1565917027,96,fr
apps.apple.com/fr/app/prévisions-météo-sur-la-route/id6449394257,96,fr
apps.apple.com/fr/app/sneakyspy-streetwear-mode/id6449492839,96,fr
apps.apple.com/fr/app/justlo-tchat-et-amitié/id1171058213,96,fr
apps.apple.com/fr/app/sogexia-compte-carte-rib/id1510360750,96,fr
apps.apple.com/cm/app/spider-solitaire-freecell/id6499570367,96,fr
apps.apple.com/fr/app/blackmagic-camera/id6449580241,96,fr
apps.apple.com/ci/app/fluvsies-merge-party/id6467621872,96,fr
apps.apple.com/us/app/toss-the-pigs-fun-dice-game/id1365998904?l=fr-FR,96,fr
apps.apple.com/tn/app/cooking-mama-lets-cook/id987360477?l=fr-FR,96,fr
apps.apple.com/fr/app/candy-valley-match-3-puzzle/id1109408248,96,fr
apps.apple.com/us/app/pdfelement-edit-scan-pdf/id1470732135?mt=12,96,fr
apps.apple.com/us/app/bpm-tap-tempo-counter-game/id1095813517?l=fr-FR,96,fr
apps.apple.com/us/app/strava-run-bike-walk/id426826309,96,fr
apps.apple.com/ci/app/bus-simulator-ultimate/id1461749632,96,fr
apps.apple.com/fr/app/simpler-apprendre-langlais/id1265670676,96,fr
apps.apple.com/fr/app/cnn-live-breaking-news/id331786748,96,fr
apps.apple.com/fr/app/wiloki-soutien-scolaire/id1024951976,96,fr
apps.apple.com/fr/app/celebrate-partage-de-photos/id1453163913,96,fr
apps.apple.com/fr/app/collanote-prise-de-notes-pdf/id1540956268,96,fr
apps.apple.com/fr/app/algérie-presse-جزائر-بريس/id495145134,96,fr
apps.apple.com/fr/app/piano-game-7-jeux-de-musique/id1569132959,96,fr
apps.apple.com/cn/app/qq/id444934666,96,fr
apps.apple.com/fr/app/file-manager/id479295290,96,fr
apps.apple.com/fr/app/video-delay-instant-replay/id1135528824,96,fr
apps.apple.com/us/app/dti-new-dress-to-impress-codes/id6742550378,100,au
apps.apple.com/us/app/afterpay-pay-over-time/id1401019110,100,au
apps.apple.com/us/app/gboard-the-google-keyboard/id1091700242,100,au
apps.apple.com/au/app/tayrex-online-money-transfer/id1590231468,100,au
apps.apple.com/us/app/beatport-music-for-djs-app/id1543739988,100,au
apps.apple.com/us/app/shuffles-by-pinterest/id1573869498,100,au
apps.apple.com/gb/app/recon-find-fetish-men/id346152901,100,au
apps.apple.com/us/app/adult-emoji-dirty-sexy-emojis/id1621247814,100,au
apps.apple.com/us/app/bubble-shooter-panda-pop/id700970012,100,au
apps.apple.com/au/app/iscape-landscape-design/id439688430,100,au
apps.apple.com/us/app/adobe-fresco-free-drawing-app/id1458660369,100,au
apps.apple.com/us/app/researchgate/id1208163937,100,au
apps.apple.com/us/app/1010-block-puzzle-game/id911793120,100,au
apps.apple.com/us/app/just-dance-now/id833517462,100,au
apps.apple.com/us/app/slideshow-maker-photo-to-video/id924826256,100,au
apps.apple.com/us/app/to-mp3-converter-2/id983472324?mt=12,100,au
apps.apple.com/au/app/reddit/id1064216828,99,au
apps.apple.com/us/app/love-nikki-dress-up-queen/id1214763767,99,au
apps.apple.com/us/app/clever-cleaner-ai-cleanup-app/id1666645584,99,au
apps.apple.com/us/app/bose/id1364986984,99,au
apps.apple.com/us/app/youcam-makeup-face-editor/id863844475,99,au
apps.apple.com/au/app/valvoline-australia-lube-guide/id685766639,99,au
apps.apple.com/us/app/plato-fun-multiplayer-games/id1054747306,99,au
apps.apple.com/au/app/hotelscombined-hotel-search/id378011496,99,au
apps.apple.com/au/app/cellarbrations/id1640761158,99,au
apps.apple.com/au/app/unibet-sports-betting-app/id463335337,99,au
apps.apple.com/au/app/send-anywhere-file-transfer/id596642855,99,au
apps.apple.com/au/app/expand/id1639028058,99,au
apps.apple.com/au/app/the-chemist-warehouse-app/id1072026483,99,au
apps.apple.com/au/app/muffin-mates-by-muffin-break/id1057803391,99,au
apps.apple.com/us/app/mindbody-business/id599125654,99,au
apps.apple.com/us/app/حافظ/id1021878469,99,au
apps.apple.com/us/app/spades-classic-card-game/id1487882541,99,au
apps.apple.com/au/app/plugshare-charging-stations/id421788217,99,au
apps.apple.com/au/app/allocate-loop-australia/id1566995609,99,au
apps.apple.com/au/app/revolut-spend-send-and-save/id932493382,99,au
apps.apple.com/us/app/tea-dating-advice/id6444453051,99,au
apps.apple.com/us/app/bank-of-america-mobile-banking/id284847138,99,au
apps.apple.com/ca/app/easy-giveaway-comment-picker/id1498894913,99,au
apps.apple.com/us/app/toggl-track-hours-time-log/id1291898086,99,au
apps.apple.com/au/app/burner-2nd-phone-number/id505800761,99,au
apps.apple.com/au/app/sun-seeker-tracker-compass/id330247123,99,au
apps.apple.com/mo/app/快看漫画-高清正版漫画流畅看/id906936224,99,au
apps.apple.com/fi/app/manganelo-manga-rock-pro/id1540527984,99,au
apps.apple.com/us/app/proloquo2go-aac/id308368164,99,au
apps.apple.com/ae/app/腾讯视频-山河枕-独播/id458318329,99,au
apps.apple.com/us/app/trading-economics/id1142178921,98,au
apps.apple.com/au/app/camps-camping-australia-wide/id537864549,98,au
apps.apple.com/us/app/75-hard/id1502228408,98,au
apps.apple.com/au/app/ebt-online/id6451373891,98,au
apps.apple.com/au/app/street-view-live-google-map/id6736892833,98,au
apps.apple.com/us/app/calm/id571800810,98,au
apps.apple.com/us/app/bloxels-build-your-own-games/id1406862716,98,au
apps.apple.com/us/app/ideogram-ai-image-generator/id6476790495,98,au
apps.apple.com/us/app/mediafire/id555646196,98,au
apps.apple.com/au/app/schrole-cover-mobile/id892045588,98,au
apps.apple.com/us/app/cnbc-stock-market-business/id398018310,98,au
apps.apple.com/au/app/operoo-central/id1526991721,98,au
apps.apple.com/us/app/invoice-simple-invoice-maker/id694831622,98,au
apps.apple.com/us/app/dailymotion/id336978041,98,au
apps.apple.com/us/app/wordscapes-search/id1420294918,98,au
apps.apple.com/us/app/mahjong/id347878114,98,au
apps.apple.com/us/app/find-halal-food-scanner-haram/id1626990007,98,au
apps.apple.com/au/app/gaydar-gay-dating-and-chat/id371711798,98,au
apps.apple.com/ph/app/shopee-ph-9-9/id959841854,98,au
apps.apple.com/us/app/elgato-stream-deck-mobile/id1440014184,97,au
apps.apple.com/au/app/google-play-books-audiobooks/id400989007,97,au
apps.apple.com/us/app/dune/id1291851950,97,au
apps.apple.com/us/app/nu-carnival-bliss/id6470422741,97,au
apps.apple.com/us/app/130-point/id6504721152,97,au
apps.apple.com/au/app/legal-remit/id1530713639,97,au
apps.apple.com/au/app/pearler/id1559930798,97,au
apps.apple.com/us/app/private-photo-vault-pic-safe/id417571834,97,au
apps.apple.com/au/app/3dtuning-car-game-simulator/id898369939,97,au
apps.apple.com/us/app/sonos/id1488977981,97,au
apps.apple.com/au/app/neuron-e-scooters-and-e-bikes/id1240649186,97,au
apps.apple.com/us/app/universal-tv-remote/id1439422220,97,au
apps.apple.com/au/app/eden-christian-dating/id1367380781,97,au
apps.apple.com/au/app/auslan-dictionary/id1531368368,97,au
apps.apple.com/us/app/snowball-io/id1435899684,97,au
apps.apple.com/us/app/timetree-shared-calendar/id952578473,97,au
apps.apple.com/us/app/buyinvite/id575503101,97,au
apps.apple.com/us/app/h-m/id834465911,97,au
apps.apple.com/au/app/quad-word/id1620532537,97,au
apps.apple.com/us/app/td-snap/id1072799231,97,au
apps.apple.com/us/app/world-clock-time-zone-widgets/id956377119,96,au
apps.apple.com/us/app/block-puzzle-brain-test-game/id1515874052,96,au
apps.apple.com/au/app/myhousing/id1456978386,96,au
apps.apple.com/au/app/smashtastic-cricket/id1104885893,96,au
apps.apple.com/us/app/battery-saver-power-master/id1514077251,96,au
apps.apple.com/vu/app/vidmate/id1640960419,96,au
apps.apple.com/us/app/pingid/id891247102,96,au
apps.apple.com/us/app/rakuten-viber-messenger/id382617920,96,au
apps.apple.com/us/app/sky-whale-a-game-shakers-app/id969247886,96,au
apps.apple.com/au/app/hair-color-changer/id1103584663,96,au
apps.apple.com/au/app/swapngo-near-me/id1386625471,96,au
apps.apple.com/us/app/nintendo-store/id1495746988,96,au
apps.apple.com/us/app/flappy-golf/id833756002,96,au
apps.apple.com/au/app/logos-quiz-guess-the-logos/id478364212,96,au
apps.apple.com/au/app/sky-racing-active/id1431678996,96,au
apps.apple.com/au/app/bushfire-io-natural-disasters/id1505151045,96,au
apps.apple.com/us/app/elite-sportsbook/id1505655429,96,au
apps.apple.com/us/app/carx-street/id1458863319,96,au
apps.apple.com/au/app/fomo-cinema/id1669025105,96,au
apps.apple.com/au/app/tv-cast-for-chromecast/id907405413,96,au
apps.apple.com/us/app/cardiio-heart-rate-monitor/id542891434,96,au
apps.apple.com/us/app/becasso-photo-to-painting/id1125534178,96,au
apps.apple.com/us/app/inkhunter-ai-tattoo-design/id991558368,96,au
apps.apple.com/us/app/videoai-ai-video-generator/id6478207345,96,au
apps.apple.com/us/app/abc-kids-fun-learning-games/id1004562049,96,au
apps.apple.com/us/app/mv-master-video-maker/id1476498693,96,au
apps.apple.com/au/app/dailymotion-video-app/id336978041,96,au
apps.apple.com/au/app/kingaroy-satellite-cinema/id1327202709,96,au
apps.apple.com/us/app/king-of-thieves/id952715194,96,au
apps.apple.com/au/app/wenxuecity/id634117610,96,au
apps.apple.com/au/app/myconnect2/id1598477539,96,au
apps.apple.com/au/app/paystay/id879997168,96,au
apps.apple.com/us/app/remini-ai-photo-enhancer/id1470373330,95,au
apps.apple.com/au/app/home-planner-ai-room-design/id1076159017,95,au
apps.apple.com/ca/app/chatz/id1024171296,95,au
apps.apple.com/us/app/afghan-translator-app/id6462798585,95,au
apps.apple.com/au/app/tasalert/id6615065687,95,au
apps.apple.com/au/app/sortd-shopping-wishlist-app/id1591312803,95,au
apps.apple.com/us/app/fishbrain-fishing-app/id477967747,95,au
apps.apple.com/us/app/maple-tv/id6478423661,95,au
apps.apple.com/us/app/investing-com-stock-market/id909998122,95,au
apps.apple.com/us/app/iloan-personal-loans/id367654505,95,au
apps.apple.com/au/app/iga-rewards/id6529527364,95,au
apps.apple.com/us/app/yi-iot/id1375812275,95,au
apps.apple.com/au/app/kogan-com-shopping/id935546571,95,au
apps.apple.com/us/app/regexrx/id498370702?mt=12,95,au
apps.apple.com/us/app/bus-simulator-ultimate/id1461749632,95,au
apps.apple.com/in/app/only-red-settings/id6740458050,95,au
apps.apple.com/gb/app/times-tables-rock-stars/id973811326,95,au
apps.apple.com/au/app/tube-map-london-underground/id320969612,95,au
apps.apple.com/us/app/3dtuning-car-game-simulator/id898369939,95,au
apps.apple.com/au/app/abnb-mobile/id605512891,95,au
apps.apple.com/au/app/kogan-energy/id1473913287,95,au
apps.apple.com/au/app/libro/id1322524427,95,au
apps.apple.com/us/app/pengu-raise-virtual-ai-pets/id6462927800,95,au
apps.apple.com/au/app/cheapflights-flights-hotels/id773105628,95,au
apps.apple.com/nz/app/westpac-one-nz-mobile-banking/id510251434,95,au
apps.apple.com/us/app/schoology/id411766326,95,au
apps.apple.com/us/app/my-lightning-tracker-alerts/id1175031987,95,au
apps.apple.com/au/app/pub/id1635461474,95,au
apps.apple.com/gb/app/love-island/id994494368,95,au
apps.apple.com/no/app/talkit-spoken-english/id6475726422,95,au
apps.apple.com/au/app/ampol/id1314768594,95,au
apps.apple.com/au/app/gnç/id894318685,95,au
apps.apple.com/au/app/sonic-dx/id848640018,94,au
apps.apple.com/us/app/tiermaker-com/id6744654563,94,au
apps.apple.com/us/app/stack/id1080487957,94,au
apps.apple.com/us/app/honor-of-kings/id1619254071,94,au
apps.apple.com/al/app/dramabox-stream-drama-shorts/id6445905219,94,au
apps.apple.com/au/app/isolarcloud/id1050077439,94,au
apps.apple.com/au/app/jackpot-world-casino-slots/id1356980152,94,au
apps.apple.com/au/app/singapore-airlines/id515287841,94,au
apps.apple.com/us/app/3d-scanner-app/id1419913995,94,au
apps.apple.com/us/app/runwayml/id1665024375,94,au
apps.apple.com/gb/app/daily-express/id419139113,94,au
apps.apple.com/au/app/united-airlines/id449945214,94,au
apps.apple.com/us/app/honest-send-anonymous-texts/id6464457576,94,au
apps.apple.com/lt/app/days-counter-event-tracker/id1604856248,94,au
apps.apple.com/us/app/yoga-go-chair-yoga-pilates/id1361619409,94,au
apps.apple.com/au/app/black-white-cabs-australia/id1435125039,94,au
apps.apple.com/us/app/splitwise/id458023433,94,au
apps.apple.com/au/app/snapdrop-share-files-anywhere/id6673895800,94,au
apps.apple.com/au/app/afl-fantasy/id796588195,94,au
apps.apple.com/au/app/westfield-anz/id1456060976,94,au
apps.apple.com/us/app/evolve-plus/id6446369289,94,au
apps.apple.com/kr/app/네이버-지도-내비게이션/id311867728,94,au
apps.apple.com/au/app/audiobooks-com-get-audiobooks/id521227008,94,au
apps.apple.com/au/app/heidi-ai-clinical-scribe/id6504471106,94,au
apps.apple.com/au/app/sonder-wellbeing-safety/id1178892371,94,au
apps.apple.com/us/app/fairway-solitaire-card-game/id887640616,94,au
apps.apple.com/au/app/trust-crypto-bitcoin-wallet/id1288339409,94,au
apps.apple.com/uy/app/word-finder-worlde-generator/id1605264121,94,au
apps.apple.com/us/app/youdown/id1487658334,94,au
apps.apple.com/us/app/word-hunt/id1357352041,94,au
apps.apple.com/us/app/thaicupid-thai-dating-chat/id1594301457,94,au
apps.apple.com/us/app/headway-daily-micro-learning/id1457185832,93,au
apps.apple.com/us/app/rsa-authenticator-securid/id318038618,93,au
apps.apple.com/us/app/cartube-for-youtube/id6670714768,93,au
apps.apple.com/au/app/forcenet/id1444950149,93,au
apps.apple.com/us/app/bangla-newspaper-prothom-alo/id548596669,93,au
apps.apple.com/us/app/crossword-jam-fun-word-search/id1269540854,93,au
apps.apple.com/us/app/bloons-td-4/id404553553,93,au
apps.apple.com/us/app/bloxorz-path-finder/id1072982403,93,au
apps.apple.com/au/app/australia-post-travel-card/id1466915930,93,au
apps.apple.com/au/app/aquatic-achievers/id1550845447,93,au
apps.apple.com/us/app/vinted-shop-sell-pre-loved/id632064380,93,au
apps.apple.com/au/app/your-reformer-at-home/id1669709468,93,au
apps.apple.com/us/app/record-it-screen-recorder/id1339001002?mt=12,93,au
apps.apple.com/us/app/ultrasurf-vpn/id1563051300,93,au
apps.apple.com/us/app/cube-solver-3d/id1673039373,93,au
apps.apple.com/us/app/moonlight-game-streaming/id1000551566,93,au
apps.apple.com/us/app/pdf-editor/id1532638515,93,au
apps.apple.com/au/app/real-racing-3-car-race-game/id556164350,93,au
apps.apple.com/au/app/sydney-pollen-count-forecast/id1036166930,93,au
apps.apple.com/us/app/malwarebytes-mobile-security/id1327105431,93,au
apps.apple.com/es/app/bus-cádiz/id1027552201,100,es
apps.apple.com/us/app/blocks-juego-ganar-dinero-real/id1669814167?l=es-MX,100,es
apps.apple.com/es/app/tv-românesc-romanian-tv-live/id1356507161,100,es
apps.apple.com/us/app/pricecharting-tcg-games/id6452190948,100,es
apps.apple.com/us/app/savetok/id1511363354,100,es
apps.apple.com/es/app/mi-anses/id1587022312,100,es
apps.apple.com/es/app/my-aurora-forecast/id1073082439,100,es
apps.apple.com/es/app/hott-citas-y-encuentros/id1573174544,100,es
apps.apple.com/us/app/cnfans/id6473715767,100,es
apps.apple.com/uy/app/terra-play/id6738068822?l=es-MX,100,es
apps.apple.com/es/app/u4bear-gay-osos-cerca-de-ti/id411134419,100,es
apps.apple.com/es/app/cookie-jam-match-3-games/id727296976,100,es
apps.apple.com/es/app/masterchef-world/id6449674962,100,es
apps.apple.com/es/app/la-opinión-de-málaga/id437092634,100,es
apps.apple.com/es/app/avito-ma-vendre-et-acheter/id740544172,100,es
apps.apple.com/es/app/simpliers-sorteo-instagram/id6451319166,100,es
apps.apple.com/es/app/bershka/id427769832,100,es
apps.apple.com/es/app/imaginteens-tu-nueva-tarjeta/id1453383055,100,es
apps.apple.com/es/app/radio-france-podcast-direct/id310211433,100,es
apps.apple.com/es/app/mi-restaurante-just-eat/id1039863376,100,es
apps.apple.com/es/app/peanut-app-halla-amigas-mamás/id1178656034,100,es
apps.apple.com/es/app/wordle/id1095569891,99,es
apps.apple.com/es/app/magis-tv/id1604001293,99,es
apps.apple.com/cl/app/jokesphone-risas-aseguradas/id1091182031,99,es
apps.apple.com/es/app/parkopedia-aparcamiento/id409340361,99,es
apps.apple.com/pa/app/mcpedl-for-minecraft/id1633391147,99,es
apps.apple.com/es/app/petroprix-españa/id864051888,99,es
apps.apple.com/de/app/wo-ist/id1514844621,99,es
apps.apple.com/es/app/tarjeta-de-familia-numerosa/id1420462991,99,es
apps.apple.com/es/app/4-en-raya-juego-de-tablero/id619808471,99,es
apps.apple.com/es/app/fernanbus-app/id1573440983,99,es
apps.apple.com/es/app/smartbox/id1350380905,99,es
apps.apple.com/es/app/fleet-battle-batalla-naval/id904275738,99,es
apps.apple.com/us/app/kiwichat/id1641874725?l=es-MX,99,es
apps.apple.com/es/app/hospital-granollers/id876384211,99,es
apps.apple.com/es/app/job-talent/id665060895,99,es
apps.apple.com/es/app/nos-tv/id522815204,99,es
apps.apple.com/es/app/contador-de-contracciones-9m/id877303791,99,es
apps.apple.com/pe/app/historias-anónimas-instagram/id6448922644,99,es
apps.apple.com/gb/app/webmail-aruba-it/id965750348?l=es,99,es
apps.apple.com/ca/app/miuv/id1177676315,99,es
apps.apple.com/es/app/bad-north/id1367121168,98,es
apps.apple.com/es/app/dumb-ways-to-die/id639930688,98,es
apps.apple.com/co/app/simit/id944494709,98,es
apps.apple.com/cl/app/world-app-worldcoin-wallet/id1560859847,98,es
apps.apple.com/es/app/treatwell-pro-para-negocios/id1582612088,98,es
apps.apple.com/gb/app/easyjet-travel-app/id483568103,98,es
apps.apple.com/pe/app/swingapp-parejas-liberales/id1190100138,98,es
apps.apple.com/es/app/sylbo/id982178894,98,es
apps.apple.com/ec/app/ipa-installer/id6748286191,98,es
apps.apple.com/es/app/telepizza-pizza-y-pedidos/id1613492214,98,es
apps.apple.com/es/app/lpa-park/id689988176,98,es
apps.apple.com/es/app/bitmoji/id868077558,98,es
apps.apple.com/us/app/viamichelin-gps-route-planner/id443142682,98,es
apps.apple.com/uy/app/badoo-ligar-citas-y-amistad/id351331194?l=es-MX,98,es
apps.apple.com/es/app/pastel-cumpleaños-soplar-velas/id1177433009,98,es
apps.apple.com/es/app/bonos-activa-comercio/id1561479932,98,es
apps.apple.com/hn/app/bpm-counter-tap-tempo-finder/id1595633732,98,es
apps.apple.com/es/app/age-of-empires-mobile/id6476261995,98,es
apps.apple.com/ru/app/tiktok-тикток/id835599320,98,es
apps.apple.com/es/app/piano-tiles-2-juego-de-piano/id1027688889,98,es
apps.apple.com/th/app/google-แปลภาษา/id414706506?l=th,98,es
apps.apple.com/es/app/el-juego-del-calamar-frenesí/id6498719476,98,es
apps.apple.com/es/app/gayroyal-dating-y-chat/id901795746,98,es
apps.apple.com/es/app/formación-sanidadmadrid/id1342650995,98,es
apps.apple.com/ec/app/televisión-de-fútbol-en-vivo/id6443953067,98,es
apps.apple.com/es/app/ikea/id1452164827,98,es
apps.apple.com/ve/app/inshot-video-editor/id997362197,97,es
apps.apple.com/es/app/volkswagen-bank-banking/id577087288,97,es
apps.apple.com/es/app/lichess-online-chess/id968371784,97,es
apps.apple.com/es/app/tapeacall-grabar-llamadas/id573751328,97,es
apps.apple.com/es/app/pixelmator/id924695435,97,es
apps.apple.com/es/app/radio-fernando-100-5-fm/id1472812280?l=en-GB,97,es
apps.apple.com/es/app/metro-paris-map-routes/id1296797383,97,es
apps.apple.com/gb/app/ryanair/id504270602,97,es
apps.apple.com/es/app/3fun-parejas-y-solteros/id1164067996,97,es
apps.apple.com/es/app/eff-fvf/id6479516669,97,es
apps.apple.com/us/app/taobao-online-shopping-app/id387682726,97,es
apps.apple.com/es/app/foodvisor-contador-de-calorías/id1064020872,97,es
apps.apple.com/es/app/sncb-nmbs-timetable-tickets/id1504870215,97,es
apps.apple.com/us/app/teevee-track-shows-movies/id1545375933,97,es
apps.apple.com/es/app/sms-virtual-recibir-sms/id1558276033,97,es
apps.apple.com/es/app/head-ball-2-juego-de-fútbol/id1193933380,97,es
apps.apple.com/es/app/cifra/id1186355953,97,es
apps.apple.com/gb/app/fusionsolar/id1529080383,97,es
apps.apple.com/es/app/12go-tren-bus-ferry-vuelos/id1492054704,97,es
apps.apple.com/es/app/autodefinido-y-otros-juegos/id1013462300,97,es
apps.apple.com/ve/app/rompecabezas-jigsaw-planet/id1049229735,97,es
apps.apple.com/us/app/senego-actualité-au-sénégal/id633327962?l=es,97,es
apps.apple.com/es/app/basketball-stars-multijugador/id976173170,97,es
apps.apple.com/do/app/mi-talking-angela/id909351158,97,es
apps.apple.com/es/app/epark/id500644505,97,es
apps.apple.com/es/app/soccer-stars/id826523703,97,es
apps.apple.com/es/app/cewe-álbumes-de-fotos-más/id583713833,97,es
apps.apple.com/pe/app/betano-apuestas-en-línea/id1105421899,97,es
apps.apple.com/es/app/taskia-trabajo-por-horas/id1131175632,97,es
apps.apple.com/es/app/dji-fly/id1479649251,97,es
apps.apple.com/es/app/rfef-tickets/id1590329469,96,es
apps.apple.com/us/app/gametwist-online-casino-slots/id454690785,96,es
apps.apple.com/es/app/kik-messaging-chat-app/id357218860,96,es
apps.apple.com/co/app/richmond-learning-platform/id1475224416,96,es
apps.apple.com/es/app/solitario-spider/id500962489,96,es
apps.apple.com/es/app/instant-buttons-sonidos-top/id482166012,96,es
apps.apple.com/es/app/whiteout-survival/id6443575749,96,es
apps.apple.com/es/app/diario-la-voz-de-cádiz/id323864841,96,es
apps.apple.com/ua/app/приват24-для-бізнесу/id1298445228?l=ru,96,es
apps.apple.com/es/app/alsa-cab/id1573750259,96,es
apps.apple.com/es/app/el-español-diario-de-noticias/id1034574551,96,es
apps.apple.com/es/app/la-cuponera-cupones-en-compras/id1622364940,96,es
apps.apple.com/ca/app/google-traduction/id414706506?l=fr-CA,96,es
apps.apple.com/es/app/fútbol-en-tv/id1083509234,96,es
apps.apple.com/us/app/playback/id751755884,96,es
apps.apple.com/es/app/fake-call-plus-prank-dial-app/id1081494198,96,es
apps.apple.com/us/app/google-voice/id318698524,96,es
apps.apple.com/bz/app/calculadora-de-fracciones-plus/id580778301?l=es-MX,96,es
apps.apple.com/es/app/dropbox-archivos-y-fotos/id327630330,96,es
apps.apple.com/es/app/inpost-mobile/id1437787639,96,es
apps.apple.com/es/app/rtve-clan/id397105379,96,es
apps.apple.com/es/app/aloha-browser-navegador-y-vpn/id1105317682,96,es
apps.apple.com/gb/app/tutto-digitale-altadefinizione/id476315207?l=es,96,es
apps.apple.com/es/app/la-bolsa-virtual/id1471098478,96,es
apps.apple.com/py/app/mininote-cute-note-and-diary/id1575496870,96,es
apps.apple.com/us/app/españa-tdt-tv-online/id6449784468,96,es
apps.apple.com/es/app/pages/id409201541,96,es
apps.apple.com/es/app/game-of-thrones-kingsroad/id6483917232,96,es
apps.apple.com/es/app/match-en-direct-live-score/id370406465,96,es
apps.apple.com/es/app/coinsnap-guía-de-valores/id1634551626,96,es
apps.apple.com/es/app/window-manager/id1561002212?mt=12,96,es
apps.apple.com/sa/app/colonya-banca-móvil/id6471112771,96,es
apps.apple.com/es/app/luma-3d-capture/id1615849914,96,es
apps.apple.com/gb/app/citymapper-your-transport-app/id469463298,96,es
apps.apple.com/es/app/globo-3d-mapa-de-la-tierra/id1205858913,96,es
apps.apple.com/es/app/daily-mail-newspaper/id579607657,96,es
apps.apple.com/es/app/espublico-gestiona/id1491317773,95,es
apps.apple.com/es/app/photomator/id1444636541,95,es
apps.apple.com/es/app/renderforest-video-animation/id1488068233,95,es
apps.apple.com/pe/app/traductor-de-cámara-y-fotos/id845139175,95,es
apps.apple.com/es/app/watermelon-drop-merge-fruit/id6472981075,95,es
apps.apple.com/pe/app/apuesta-total/id6741536936,95,es
apps.apple.com/es/app/perfect-piano/id942937409,95,es
apps.apple.com/ar/app/portaleir/id6443446481,95,es
apps.apple.com/us/app/wattpad-read-write-stories/id306310789,95,es
apps.apple.com/mx/app/amuna-tu-alma-gemela/id6748601088,95,es
apps.apple.com/de/app/ntv-nachrichten/id337056601,95,es
apps.apple.com/es/app/loto-express/id6444671817,95,es
apps.apple.com/es/app/embarazo-semana-a-semana/id505864483,95,es
apps.apple.com/cr/app/the-growth-pace-authenticator/id6469780217,95,es
apps.apple.com/us/app/tmb-app-metro-bus-barcelona/id387847254,95,es
apps.apple.com/es/app/radio-deutschland-fm-radio/id6449372564,95,es
apps.apple.com/gt/app/aha-world-cute-games-for-girls/id6444042347,95,es
apps.apple.com/es/app/tango-binairo-puzzle-game/id6744304775,95,es
apps.apple.com/gt/app/lindépendant-actus-locales/id538293020,95,es
apps.apple.com/es/app/estacionamiento-flowbird/id1440123516,95,es
apps.apple.com/es/app/afección-fegaba/id6532601819,95,es
apps.apple.com/es/app/metropolitano-logroño/id6446139032,95,es
apps.apple.com/py/app/flightconnections/id1472726888,95,es
apps.apple.com/ar/app/royal-match/id1482155847,95,es
apps.apple.com/es/app/yazio-ia-para-contar-calorías/id946099227,95,es
apps.apple.com/es/app/starbucks-españa/id6447769086,95,es
apps.apple.com/es/app/dexcom-clarity/id1019225730,95,es
apps.apple.com/us/app/brainrotted-soundmix-ar/id6450421763,95,es
apps.apple.com/es/app/influxy/id1488391020,95,es
apps.apple.com/es/app/mini-soccer-star-2025/id1636072966,95,es
apps.apple.com/es/app/mus-don-naipe/id954161061,94,es
apps.apple.com/us/app/temi-recorder-transcriber/id1269856195,94,es
apps.apple.com/dz/app/facebook/id284882215?l=ar,94,es
apps.apple.com/es/app/wallpaper-engine-live-dope/id6470260595,94,es
apps.apple.com/es/app/pasta-portapapeles-avanzado/id1438389787?mt=12,94,es
apps.apple.com/gb/app/student-beans-uni-discounts/id994482161,94,es
apps.apple.com/es/app/onshape-3d-cad/id923421284,94,es
apps.apple.com/us/app/mail/id1108187098,94,es
apps.apple.com/es/app/bertoblog/id1458709448?l=en-GB,94,es
apps.apple.com/pe/app/yoya-time-build-share-play/id6472632116,94,es
apps.apple.com/es/app/inkhunter-ai-tattoo-design/id991558368,94,es
apps.apple.com/pe/app/lector-epub-leer-epub-chm-txt/id1296870631,94,es
apps.apple.com/es/app/pilates-y-yoga-en-casa-yoga-go/id1361619409,94,es
apps.apple.com/us/app/aka/id1476189685,94,es
apps.apple.com/es/app/h-u-general-de-villalba/id1050103022,94,es
apps.apple.com/us/app/truth-or-dare-party-game/id1225189596,94,es
apps.apple.com/us/app/pak-identity/id1563975817,94,es
apps.apple.com/us/app/star-wars-galaxy-of-heroes/id921022358,94,es
apps.apple.com/es/app/smule-karaoke-y-graba-música/id509993510,94,es
apps.apple.com/es/app/pizarra-táctica-fútbol/id834813357,94,es
apps.apple.com/mx/app/poll-pay-ganar-dinero-gratis/id1462032423,94,es
apps.apple.com/es/app/vithas/id1489707682,94,es
apps.apple.com/us/app/freecell-solitaire-card-game/id301987699,94,es
apps.apple.com/es/app/unrar-extraer-zip-rar-7zip/id1439683799,93,es
apps.apple.com/es/app/evernote/id406056744?mt=12,93,es
apps.apple.com/es/app/disonsdemain-rencontres-50/id1447250519?l=en-GB,93,es
apps.apple.com/es/app/rac105-oficial/id413260938,93,es
apps.apple.com/es/app/revendedor-o-boticário/id6447702208,93,es
apps.apple.com/mx/app/didi-viajes-comida-y-pagos/id1362398401,93,es
apps.apple.com/us/app/csfloat/id6504202774,93,es
apps.apple.com/es/app/no-thanks-app/id6476206516,93,es
apps.apple.com/es/app/mega-iptv-smarters-tv-cast/id6443493076,93,es
apps.apple.com/es/app/uniqlo-lifewear/id6503727839,93,es
apps.apple.com/es/app/onetoro-tv/id6670788766,93,es
apps.apple.com/es/app/welt-news-live-tv/id340021100,93,es
apps.apple.com/es/app/numbers/id361304891,93,es
apps.apple.com/bo/app/primeran/id6447555456,93,es
apps.apple.com/it/app/ivcam-webcam/id1164464478,100,it
apps.apple.com/it/app/freefy/id6446257088,100,it
apps.apple.com/us/app/jeopardy-trivia-tv-game-show/id1096884447,100,it
apps.apple.com/it/app/pinsave-salva-vídeo-pinterest/id6532615077,100,it
apps.apple.com/it/app/yesticket-utilizzatori/id1519394829,100,it
apps.apple.com/us/app/zynga-poker-texas-holdem/id354902315,100,it
apps.apple.com/it/app/sacchi/id6670493340,100,it
apps.apple.com/it/app/keep-talking-nobody-explodes/id1445772666,100,it
apps.apple.com/it/app/psa-genova-pra-trasportatori/id1482763991,100,it
apps.apple.com/us/app/stop-motion-studio/id441651297,100,it
apps.apple.com/ie/app/bancoposta/id771970885,100,it
apps.apple.com/us/app/mangakakalot-manga-reader/id1571466647,100,it
apps.apple.com/it/app/pelispedia-movie-tv-shows/id6448991151,100,it
apps.apple.com/it/app/sampath-vishwa-retail/id6478132816,100,it
apps.apple.com/it/app/jetpack-joyride-2/id1598096399,100,it
apps.apple.com/it/app/lanscan/id472226235?mt=12,100,it
apps.apple.com/ve/app/ibéx-35/id912483958,100,it
apps.apple.com/it/app/winzip/id1553016842?mt=12,100,it
apps.apple.com/it/app/pixart-ai-photo-editor/id1626518362,100,it
apps.apple.com/it/app/moneygram-invia-denaro-online/id1085720801,100,it
apps.apple.com/it/app/registro-tfa-unicas/id1659079579,100,it
apps.apple.com/it/app/urban-rivals/id329963928,100,it
apps.apple.com/it/app/bloons-td-5/id563718995,100,it
apps.apple.com/it/app/giochi-per-bambini-di-colorare/id1129192831,100,it
apps.apple.com/it/app/infoday-pocket/id1156159999,100,it
apps.apple.com/it/app/family-mature-dating-chat/id1643467345,100,it
apps.apple.com/us/app/blood-strike-fps-for-all/id1637059453,100,it
apps.apple.com/it/app/openstreets-pr-open-street-map/id1241524252,99,it
apps.apple.com/it/app/geozilla-trova-famiglia-amici/id981856216,99,it
apps.apple.com/us/app/wechat/id414478124,99,it
apps.apple.com/it/app/one-pass/id839172268,99,it
apps.apple.com/it/app/artworkout-app-per-disegnare/id1564657118,99,it
apps.apple.com/it/app/itesserino-tessera-sanitaria/id1121036580,99,it
apps.apple.com/es/app/youtube/id544007664,99,it
apps.apple.com/it/app/dji-fly/id1479649251,99,it
apps.apple.com/it/app/v720/id1596096449,99,it
apps.apple.com/it/app/risultati-per-serie-a-calcio/id1198539004,99,it
apps.apple.com/us/app/polybuzz-chat-with-ai-friends/id6449190344,99,it
apps.apple.com/it/app/seek-di-inaturalist/id1353224144,99,it
apps.apple.com/it/app/fatturato-italia/id6502601116,99,it
apps.apple.com/us/app/air-china/id361964929,99,it
apps.apple.com/id/app/pinterest-videos-downloader/id6744339066,99,it
apps.apple.com/it/app/chat-gpt-italiano/id6447108734,99,it
apps.apple.com/us/app/inshot-video-editor/id997362197,99,it
apps.apple.com/it/app/bibbia-cei/id734275381,99,it
apps.apple.com/it/app/edjing-mix-dj-mixer-app/id493226494,99,it
apps.apple.com/ch/app/this-or-that-questions-game/id1605965007?l=it,99,it
apps.apple.com/it/app/homeid/id1273758728,99,it
apps.apple.com/it/app/random-movie-generator/id1623300521,99,it
apps.apple.com/us/app/r6-stats-and-maps-companion/id1378052117,99,it
apps.apple.com/it/app/iltalehti/id406613023,99,it
apps.apple.com/us/app/reminders/id1108187841,99,it
apps.apple.com/it/app/sfondi-e-temi-4k-per-me/id1585497204,99,it
apps.apple.com/it/app/registrazione-schermo-registra/id1551528871,98,it
apps.apple.com/it/app/ria-money-transfer-send-money/id1065921908,98,it
apps.apple.com/in/app/idmss-plus/id509992470,98,it
apps.apple.com/us/app/all-video-downloader-v/id6538722217,98,it
apps.apple.com/us/app/playstation-app/id410896080,98,it
apps.apple.com/it/app/gardaland-express/id6445852859,98,it
apps.apple.com/it/app/vsco-editor-di-foto-e-video/id588013838,98,it
apps.apple.com/us/app/songpop-guess-the-song/id1528066727,98,it
apps.apple.com/it/app/my-smart-thermostat/id1402857614,98,it
apps.apple.com/it/app/junes-journey/id1200391796,98,it
apps.apple.com/it/app/stars-casino-slots/id1351861972,98,it
apps.apple.com/it/app/virtualos/id1614659226?mt=12,98,it
apps.apple.com/it/app/digit-cam/id1463508710,98,it
apps.apple.com/it/app/webcolf/id1511978744,98,it
apps.apple.com/it/app/calcolatrice-grafica-geogebra/id1146717204,98,it
apps.apple.com/it/app/pittarello-fidelity/id1313995055,98,it
apps.apple.com/it/app/garage-ringtones-suonerie-23/id6444570129,98,it
apps.apple.com/it/app/sneaky-sasquatch/id1098342019,98,it
apps.apple.com/it/app/card-maker-creator-for-pokemon/id1226345628?l=en-GB,98,it
apps.apple.com/gb/app/bpm-tap-counter/id548740985?l=it,98,it
apps.apple.com/it/app/pazza-cucina-cooking-madness/id1323901884,98,it
apps.apple.com/ch/app/grailed-buy-sell-fashion/id1061302787?l=it,98,it
apps.apple.com/it/app/playdeads-inside/id1201642309,98,it
apps.apple.com/it/app/macos-sequoia/id6596773750,98,it
apps.apple.com/it/app/worder-guess-the-word-game/id1446268403,98,it
apps.apple.com/it/app/spaziobimby/id6449087171,97,it
apps.apple.com/it/app/hallow-preghiera-meditazione/id1405323394,97,it
apps.apple.com/it/app/totalav/id1130411958,97,it
apps.apple.com/it/app/studystream/id6461722416,97,it
apps.apple.com/in/app/gleeden/id521820547,97,it
apps.apple.com/it/app/inklab-generatore-tattoo-ai/id6736765050,97,it
apps.apple.com/it/app/3d-pinball-space-cadet/id6455495086,97,it
apps.apple.com/us/app/azar-video-chat-meet-friends/id972558973,97,it
apps.apple.com/it/app/sprint-e-sport-digitale/id530062457,97,it
apps.apple.com/it/app/atlante-di-anatomia-umana-2026/id1117998129,97,it
apps.apple.com/it/app/facelab-modifica-viso-corpo/id1361012099,97,it
apps.apple.com/it/app/maktun-3-0/id6443630368,97,it
apps.apple.com/it/app/hoida/id1460107472,97,it
apps.apple.com/it/app/scopa-e-scopone-gioco-di-carte/id1255175283,97,it
apps.apple.com/it/app/teleport-ai-matchmaker/id1548799738,97,it
apps.apple.com/us/app/translate/id1514844618,97,it
apps.apple.com/it/app/nextdoor-la-rete-di-quartiere/id640360962,97,it
apps.apple.com/it/app/scoppia-palloncini-per-bambini/id807462011,97,it
apps.apple.com/us/app/notepad-text-editor/id1103221010?mt=12,97,it
apps.apple.com/it/app/time-calc-calcolatrice-tempo/id1279195300,97,it
apps.apple.com/it/app/shareit-condividi-file/id725215120,97,it
apps.apple.com/it/app/touch-notation/id890358046,96,it
apps.apple.com/it/app/basketincontro/id921135639,96,it
apps.apple.com/it/app/sparabolle-bubble-shooter/id1356444130,96,it
apps.apple.com/it/app/my-finance/id1637419232,96,it
apps.apple.com/it/app/generatore-di-frequenza-suono/id1607976184,96,it
apps.apple.com/it/app/amazon-relay/id1276296103,96,it
apps.apple.com/it/app/officina-studenti/id1035336976,96,it
apps.apple.com/it/app/battaglia-navale-sea-battle/id884947296,96,it
apps.apple.com/it/app/township/id638689075,96,it
apps.apple.com/us/app/wp-poczta/id1164870575,96,it
apps.apple.com/it/app/spliiit-condividi-account/id6745022704,96,it
apps.apple.com/us/app/total-war-rome-ii/id913948906,96,it
apps.apple.com/it/app/clime-radar-meteo-live/id749133753,96,it
apps.apple.com/it/app/sky-warriors-guerra-aerea-3d/id1572323748,96,it
apps.apple.com/us/app/stitchbuddy/id1167912393?mt=12,96,it
apps.apple.com/it/app/photo-retouch-touch-eraser/id1230394683,96,it
apps.apple.com/it/app/casa/id1110145103,96,it
apps.apple.com/it/app/infoclick/id597720393?mt=12,96,it
apps.apple.com/it/app/rollercoaster-tycoon-classic/id1113736426,96,it
apps.apple.com/it/app/abandoned-world-urbex/id1452006673,96,it
apps.apple.com/it/app/smartwod-timer-cronometro-wod/id1248966041,96,it
apps.apple.com/ch/app/plant-parent-guida-alla-cura/id1612792132?l=it,96,it
apps.apple.com/us/app/infinite-zoom-art-canvas-max/id6451110522,96,it
apps.apple.com/it/app/freenow-by-lyft-taxi-more/id357852748?l=en-GB,96,it
apps.apple.com/it/app/street-view-street-view-maps/id1554739144,96,it
apps.apple.com/it/app/celebrate-condividi-le-foto/id1453163913,96,it
apps.apple.com/us/app/mexc-buy-bitcoin-btc-crypto/id1605393003,96,it
apps.apple.com/tw/app/tiktok-有趣的人都在這裡/id1235601864,96,it
apps.apple.com/it/app/flirtini-match-chat-flirt/id1534105525,96,it
apps.apple.com/it/app/fun-print/id1592740556,96,it
apps.apple.com/it/app/mangayo-collezione-manga/id1552786905,95,it
apps.apple.com/it/app/ai-photo-generator-fotorama/id6448991166,95,it
apps.apple.com/ch/app/auto-clicker-automatic-click/id6478668429?l=it,95,it
apps.apple.com/it/app/meteo-alto-adige-südtirol/id887929235,95,it
apps.apple.com/it/app/avisnet/id980248951,95,it
apps.apple.com/it/app/dw-breaking-world-news/id498833085,95,it
apps.apple.com/it/app/viagogo-biglietti/id953433135,95,it
apps.apple.com/it/app/lightblue/id557428110,95,it
apps.apple.com/it/app/speed-test-adsl-speedcheck/id616145031,95,it
apps.apple.com/it/app/solitaire/id359917414,95,it
apps.apple.com/gb/app/easyjet-travel-app/id483568103,95,it
apps.apple.com/it/app/cardplus-carte-fedeltà/id1036229230,95,it
apps.apple.com/us/app/glovo-food-delivery-takeaway/id951812684,95,it
apps.apple.com/us/app/skins-creator-for-minecraft-pe/id1583570913,95,it
apps.apple.com/ua/app/reeload-streaming-community/id1606291946,95,it
apps.apple.com/ch/app/grids-foto-post-for-instagram/id666575203?l=it,95,it
apps.apple.com/it/app/struckd-3d-game-creator/id1128710296,95,it
apps.apple.com/it/app/merrjep-albania/id1484653154,95,it
apps.apple.com/it/app/cv-curriculum-vitae-europass/id1457796755,95,it
apps.apple.com/it/app/airalo-esim-viaggi-e-internet/id1475911720,95,it
apps.apple.com/us/app/christmas-hd-wallpapers/id1176480355,95,it
apps.apple.com/it/app/agenziaentrate/id1014942268,95,it
apps.apple.com/it/app/endlesss-multiplayer-music/id1439811325,95,it
apps.apple.com/it/app/libro-delle-risposte-plus/id6478273771,95,it
apps.apple.com/it/app/avira-mobile-security/id692893556,95,it
apps.apple.com/it/app/calcio-mania/id896357542,95,it
apps.apple.com/it/app/radio-maria-play/id848153139,95,it
apps.apple.com/ch/app/dr-listen/id1608846704?l=it,95,it
apps.apple.com/it/app/tourist-office/id1085488529,95,it
apps.apple.com/it/app/deezer-musica-e-podcast/id292738169,95,it
apps.apple.com/us/app/fut-card-creator-26/id1041803369,95,it
apps.apple.com/no/app/wallapop/id692753615?l=it,95,it
apps.apple.com/it/app/mister-coupon/id6504727728,95,it
apps.apple.com/it/app/hypic-photo-editor-ai-art/id1644042837,95,it
apps.apple.com/it/app/phonto-text-on-photos/id438429273,95,it
apps.apple.com/it/app/udemy-online-video-courses/id562413829,95,it
apps.apple.com/it/app/transcriber-per-whatsapp/id6692634616,95,it
apps.apple.com/it/app/eprice/id929989869,94,it
apps.apple.com/us/app/merriam-webster-dictionary/id399452287,94,it
apps.apple.com/us/app/plants-vs-zombies/id893677096,94,it
apps.apple.com/us/app/carter-chat-chat-with-ai-bots/id6737426802,94,it
apps.apple.com/it/app/babysits-trova-babysitter/id969858366,94,it
apps.apple.com/it/app/bet365-casino-games-slots/id1199013180,94,it
apps.apple.com/it/app/wg-gesucht-flats-rooms/id1084293678,94,it
apps.apple.com/it/app/sovracup/id1592659061,94,it
apps.apple.com/it/app/spider-solitaire-solitario/id395979574,94,it
apps.apple.com/it/app/foto-per-creare-caricature/id1552350466,94,it
apps.apple.com/it/app/the-jerusalem-post/id434818437,94,it
apps.apple.com/it/app/sirena-del-polizia-suono-luce/id1211323908,94,it
apps.apple.com/it/app/disney-speedstorm/id6449708682,94,it
apps.apple.com/in/app/flipkart-online-shopping-app/id742044692,94,it
apps.apple.com/it/app/manga-io/id6467881418,94,it
apps.apple.com/it/app/outdooractive-escursioni-bici/id1364846172,94,it
apps.apple.com/it/app/madrid-metro-map-and-routes/id455968456,94,it
apps.apple.com/gb/app/fusionsolar/id1529080383,94,it
apps.apple.com/us/app/parallels-desktop/id1085114709?mt=12,94,it
apps.apple.com/it/app/tile-trova-chiavi-e-telefoni/id664939913,94,it
apps.apple.com/it/app/simply-piano-impara-veloce/id1019442026,94,it
apps.apple.com/it/app/plinko-adventure/id6502546855,94,it
apps.apple.com/it/app/allenamento-a-casa/id1313192037,94,it
apps.apple.com/it/app/dancefitme-fun-workouts/id6444850772,94,it
apps.apple.com/us/app/looksmax-ai/id6474518292,94,it
apps.apple.com/it/app/colēgia/id1573922263,94,it
apps.apple.com/it/app/rise-of-cultures-kingdom-game/id1547395841,94,it
apps.apple.com/it/app/total-battle-strategia-guerra/id1274132545,94,it
apps.apple.com/it/app/sonos/id1488977981,94,it
apps.apple.com/it/app/card-creator-for-mtg/id1068295174,94,it
apps.apple.com/it/app/yubo-fare-nuove-amicizie/id1038653883,94,it
apps.apple.com/it/app/codaq/id1217002618,94,it
apps.apple.com/it/app/poker-di-bet365-texas-holdem/id1126806171,94,it
apps.apple.com/it/app/verificavincite-estrazioni/id1441917145,94,it
apps.apple.com/us/app/kasual-dating-app-chat-date/id1462163015,100,in
apps.apple.com/us/app/contexto-popular-words-game/id6446098971,100,in
apps.apple.com/in/app/aliexpress-seller/id744923898,100,in
apps.apple.com/nz/app/jigsaw-puzzles-for-adults-hd/id642831690,100,in
apps.apple.com/in/app/reliancesmartmoney-com/id1421652181,100,in
apps.apple.com/us/app/disney-frozen-royal-castle/id6446950319,100,in
apps.apple.com/in/app/technopark-kerala/id6474728335,100,in
apps.apple.com/in/app/mahakal-com/id6475806433,100,in
apps.apple.com/us/app/to-do-list-reminders-tasks/id1476066606,100,in
apps.apple.com/us/app/stotranidhi/id981063067,100,in
apps.apple.com/id/app/m-tix-xxi/id784387995,100,in
apps.apple.com/us/app/lockdown-browser/id659101775,100,in
apps.apple.com/us/app/paint-ai-color-visualizer/id6654889869,100,in
apps.apple.com/gb/app/sky-q-remote-control/id6737448785,100,in
apps.apple.com/us/app/orange-tours-and-travels/id1460237563,100,in
apps.apple.com/us/app/street-kart-1-go-kart-game/id727544019,100,in
apps.apple.com/us/app/colorize-color-to-old-photos/id1464665765,100,in
apps.apple.com/ag/app/dumb-charades-telugu/id6499112208,100,in
apps.apple.com/in/app/hindi-panchang-calendar-2025/id1549502411?l=hi,100,in
apps.apple.com/us/app/datemyage-mature-dating-40/id1270059501,100,in
apps.apple.com/us/app/club/id1639349320,100,in
apps.apple.com/us/app/stay-room-silentcastle-origin/id1637036778,100,in
apps.apple.com/in/app/liveconnect/id1179736465,100,in
apps.apple.com/in/app/infinity-meta/id1642533966,100,in
apps.apple.com/us/app/hanuman-chalisa-offline/id1509206340,100,in
apps.apple.com/us/app/dhbvn-electricity-bill-payment/id1297243109,100,in
apps.apple.com/us/app/kbl-mobile-plus/id1448228023,100,in
apps.apple.com/in/app/qibla-direction-qibla-compass/id440224767,100,in
apps.apple.com/in/app/music-downloader-mp3-player/id1447312762,100,in
apps.apple.com/in/app/cv-builder-job-pdf-creator/id1457796755,100,in
apps.apple.com/us/app/vigen-ai-video-generator/id6478532167,100,in
apps.apple.com/in/app/fold-money/id1626994334,100,in
apps.apple.com/us/app/bible-offline-kjv-holy-bible/id1472850697,100,in
apps.apple.com/ng/app/insta-save-video-for-instagram/id6475359907,100,in
apps.apple.com/in/app/snu-erp/id6745890040,100,in
apps.apple.com/in/app/sangbad-pratidin-app/id1530161212,100,in
apps.apple.com/bw/app/video-manager-lite/id583401091,100,in
apps.apple.com/us/app/princess-hair-salon-girl-games/id1485824852,100,in
apps.apple.com/us/app/chemistry-periodic-table-ai/id493558583,99,in
apps.apple.com/in/app/activeapp-2-0/id1589018696,99,in
apps.apple.com/dm/app/linkedin-job-search-news/id288429040,99,in
apps.apple.com/us/app/real-snooker-3d/id1255970166,99,in
apps.apple.com/in/app/klapp-school-communication/id1247557480,99,in
apps.apple.com/in/app/unicorn-https/id1475628500?mt=12,99,in
apps.apple.com/vn/app/under-25/id1580357687,99,in
apps.apple.com/in/app/payme-personal-loan-app/id1282142711,99,in
apps.apple.com/us/app/european-luxury-cars/id1642473180,99,in
apps.apple.com/us/app/my-stocks-portfolio-market/id923544282,99,in
apps.apple.com/us/app/mirrorio/id1616520776,99,in
apps.apple.com/in/app/smceasytrade/id1239735693,99,in
apps.apple.com/us/app/west-film-effects/id1517310923,99,in
apps.apple.com/us/app/6pm/id1068014324,99,in
apps.apple.com/us/app/sbb-mobile/id294855237,99,in
apps.apple.com/us/app/skins-creator-for-minecraft-pe/id1583570913,99,in
apps.apple.com/ca/app/pikpak-cloud-storage-saver/id1616861537,99,in
apps.apple.com/us/app/inpaint/id1409399064,99,in
apps.apple.com/my/app/mewe-the-safe-network/id918464474,99,in
apps.apple.com/in/app/squarequick-square-fit-photo/id988448049,99,in
apps.apple.com/us/app/audio-editor-mp3-cutter/id1547371357,99,in
apps.apple.com/us/app/pinalove-filipina-dating/id1053300187,99,in
apps.apple.com/us/app/fieldsense-app/id1182886903,99,in
apps.apple.com/us/app/race-the-sun-challenge-edition/id1454414817,99,in
apps.apple.com/in/app/polycab-experts-loyalty/id6472480126,99,in
apps.apple.com/by/app/handpickd-fruits-veggies/id6443906235,99,in
apps.apple.com/ae/app/adcb/id547172388,99,in
apps.apple.com/in/app/epunjabstaff/id1484600223?l=hi,99,in
apps.apple.com/us/app/hunting-simulator-4x4/id1318168494,99,in
apps.apple.com/in/app/kerala-pension/id6473403650?l=hi,99,in
apps.apple.com/us/app/call-santa-claus/id1327044428,99,in
apps.apple.com/my/app/myumobile/id986248783,99,in
apps.apple.com/us/app/thea-study-smart/id6742800289,99,in
apps.apple.com/gh/app/fake-name-generator/id6449739227,99,in
apps.apple.com/in/app/metro-schedule-ahmedabad/id6578448355,99,in
apps.apple.com/in/app/vault-by-virat-kohli/id6475255546,99,in
apps.apple.com/in/app/the-deal-app/id1324403713,99,in
apps.apple.com/us/app/epub-converter-epub-to-pdf/id1566863731,99,in
apps.apple.com/us/app/free-vpn-by-free-vpn-org/id1050171910,99,in
apps.apple.com/us/app/quran-malayalam-thafseer/id1073639320,99,in
apps.apple.com/us/app/punjabi-shaadi/id1483429564,99,in
apps.apple.com/us/app/diamond-finder-for-minecraft/id6446218396,99,in
apps.apple.com/in/app/joyalukkas-shopping/id1667259209,99,in
apps.apple.com/in/app/sampark-me/id1562510071,99,in
apps.apple.com/us/app/n-track-studio-daw-make-music/id1130289718,99,in
apps.apple.com/us/app/satfinder-lite/id842063887,99,in
apps.apple.com/in/app/gseb-shiksha/id1338675930,99,in
apps.apple.com/in/app/matchme-indian-matchmaking/id6475705272,99,in
apps.apple.com/in/app/garageband/id408709785,99,in
apps.apple.com/in/app/vipshaadi-com/id1073880470,99,in
apps.apple.com/us/app/evocreo-pocket-monster-game/id918997182,99,in
apps.apple.com/in/app/english-to-telugu-translator/id1193037737,99,in
apps.apple.com/us/app/scriptable/id1405459188,99,in
apps.apple.com/us/app/bubble-pop-pop-bubbles/id1532850907,99,in
apps.apple.com/in/app/skyhms/id1477718428,99,in
apps.apple.com/us/app/angel-tv-movies/id1473663873,99,in
apps.apple.com/in/app/simpli-namdharis/id1270798886,99,in
apps.apple.com/us/app/little-pandas-restaurant/id1624871138,99,in
apps.apple.com/us/app/mendi-app/id1548944912,99,in
apps.apple.com/au/app/kindle/id302584613,98,in
apps.apple.com/us/app/gps-joystick-location-changer/id6590607817,98,in
apps.apple.com/ch/app/scanner-for-me-pdf-scanner-for-easy-office-work/id1244712044?l=en-GB,98,in
apps.apple.com/ch/app/scanner-for-me-pdf-scanner-for-easy-office-work/id1244712044?l=en-GB,98,in
apps.apple.com/in/app/my-epayroll/id1414075973,98,in
apps.apple.com/us/app/edx-online-learning/id945480667,98,in
apps.apple.com/us/app/photohunt-find-the-difference/id1133965133,98,in
apps.apple.com/us/app/scatter-slots-slot-machines/id944158857,98,in
apps.apple.com/us/app/mito-personalised-wellbeing/id1611008306,98,in
apps.apple.com/sg/app/posb-digibank/id1068416633,98,in
apps.apple.com/us/app/postmates-food-delivery/id512393983,98,in
apps.apple.com/us/app/fps-gun-shooting-war-games-3d/id6450255698,98,in
apps.apple.com/in/app/realtime-attendance/id1077201553,98,in
apps.apple.com/us/app/playon-cloud-streaming-dvr/id1057374225,98,in
apps.apple.com/us/app/profile-picture-maker-propic/id1508861315,98,in
apps.apple.com/us/app/srihome/id1327653710,98,in
apps.apple.com/au/app/1-1-1-1-faster-internet/id1423538627?l=th,98,in
apps.apple.com/us/app/pron-prohm-thai-restaurant/id1273693156,98,in
apps.apple.com/ua/app/excelity-hris/id1168379872,98,in
apps.apple.com/in/app/spacebasic/id1217386342,98,in
apps.apple.com/nz/app/spark-sport/id1519191967,98,in
apps.apple.com/in/app/sids-farm-pure-tested-milk/id1542619073,98,in
apps.apple.com/us/app/teeth-whitener-ai-photo-editor/id504156800,98,in
apps.apple.com/us/app/charades-family-party-game/id1453837845,98,in
apps.apple.com/us/app/farmville-2-country-escape/id824318267,98,in
apps.apple.com/in/app/invest-bharatpe/id1575342062,98,in
apps.apple.com/us/app/ikemen-x-bad-guys-at-school/id1574164881,98,in
apps.apple.com/au/app/dasam-granth-sahib-ji/id1155906576,98,in
apps.apple.com/nz/app/video-to-mp3-pro/id1603631250,98,in
apps.apple.com/tr/app/tom-jerry-mouse-maze/id1446454148,98,in
apps.apple.com/sg/app/malaysia-4d-results-live/id428243227,98,in
apps.apple.com/us/app/bbm-enterprise/id1147293419,98,in
apps.apple.com/us/app/surah-rahman-with-sound/id1434178477,98,in
apps.apple.com/za/app/pathcare-patient/id1578891054,98,in
apps.apple.com/us/app/songshift/id1097974566,98,in
apps.apple.com/us/app/pak-identity/id1563975817,98,in
apps.apple.com/us/app/spider-rope-hero-spider-hero/id1667736225,98,in
apps.apple.com/us/app/translate-english-to-chinese/id1296155052,98,in
apps.apple.com/in/app/brahma-kumaris-traffic-control/id515261773,98,in
apps.apple.com/us/app/efectum-video-editor-maker/id1348732137,98,in
apps.apple.com/in/app/factohr-mobile-solutions/id1052741408,98,in
apps.apple.com/in/app/gigadocs/id1447077786,98,in
apps.apple.com/in/app/nxt-trans/id1182921949?l=hi,98,in
apps.apple.com/in/app/nikahforever-muslim-matrimony/id1602348295,98,in
apps.apple.com/us/app/blur-photo-editor-blur-effect/id1571908698,98,in
apps.apple.com/in/app/canara-digital-rupee/id6447098968,98,in
apps.apple.com/in/app/trycitybus/id1527553948,98,in
apps.apple.com/us/app/scany/id328077901,98,in
apps.apple.com/us/app/titls/id1579078964,98,in
apps.apple.com/us/app/panels-comic-reader/id1236567663,98,in
apps.apple.com/in/app/poochh-o/id935586383,98,in
apps.apple.com/us/app/plugged-in-pmts/id1181186046,98,in
apps.apple.com/in/app/10times-find-event-network/id820954054,98,in
apps.apple.com/in/app/time4cat/id1273595074,98,in
apps.apple.com/us/app/real-moto/id1110600978,98,in
apps.apple.com/us/app/say-it-english-pronunciation/id919978521,97,in
apps.apple.com/in/app/uppcl-smart/id6504027628,97,in
apps.apple.com/us/app/iss-live-now/id1138994692,97,in
apps.apple.com/us/app/sprinkle-islands/id603529731,97,in
apps.apple.com/us/app/pewdiepies-tuber-simulator/id1093190533,97,in
apps.apple.com/vn/app/love-keyboard-special-edition-with-best-themes/id1169923655,97,in
apps.apple.com/us/app/vidtube/id485394050,97,in
apps.apple.com/us/app/calc-smart-calculator/id576675190,97,in
apps.apple.com/us/app/palworld/id6503918400?mt=12,97,in
apps.apple.com/in/app/npav-dealer-portal/id1667457279,97,in
apps.apple.com/in/app/fundexpert/id1495018932,97,in
apps.apple.com/us/app/home-planner-ai-room-design/id1076159017,97,in
apps.apple.com/us/app/grids-post-maker-for-instagram/id666575203,97,in
apps.apple.com/in/app/spn-gold-the-bullion-hub/id1190785910,97,in
apps.apple.com/in/app/uknowva-hrms/id1273661261,97,in
apps.apple.com/in/app/traffic-lights-simulator/id6738129756,97,in
apps.apple.com/us/app/antivirus-one-virus-cleaner/id1068435535?mt=12,97,in
apps.apple.com/us/app/loto-online/id581739568,97,in
apps.apple.com/in/app/indmoney-stocks-mutual-funds/id1450178837,97,in
apps.apple.com/us/app/j-novel-club/id1529703397,97,in
apps.apple.com/in/app/shri-anandpur-satsang/id1228199319,97,in
apps.apple.com/it/app/yupptv-live-tv-movies/id665805393?l=en-GB,97,in
apps.apple.com/in/app/drona-institute-aiapget/id1468774159,97,in
apps.apple.com/us/app/kung-fu-master-tribute/id1212970806,97,in
apps.apple.com/us/app/carbitlink-easyconnection/id1476025261,97,in
apps.apple.com/us/app/screen-light-color/id1532469936,97,in
apps.apple.com/us/app/business-tycoon-idle-clicker/id6447099414,97,in
apps.apple.com/us/app/talking-tom-cat-2/id421997825,97,in
apps.apple.com/in/app/gromor-mitra-dealer-app/id6470124433,97,in
apps.apple.com/us/app/hooda-math-games/id521130906,97,in
apps.apple.com/au/app/b612-ai-photo-video-editor/id904209370,97,in
apps.apple.com/fr/app/a2-free/id806134408?l=en,97,in
apps.apple.com/in/app/style-ai-personal-stylist/id6476942167,97,in
apps.apple.com/us/app/photo-cut-cutout-pro-paste/id1462045549,97,in
apps.apple.com/us/app/pako-forever/id1352933197,97,in
apps.apple.com/us/app/nithra-tamil-dictionary/id1499946335,97,in
apps.apple.com/us/app/city-defense-police-games/id1631860713,97,in
apps.apple.com/us/app/lark-music-offline-player-mp3/id6467560783,97,in
apps.apple.com/in/app/kerala-lottery-result-komban/id6746346819,97,in
apps.apple.com/us/app/weight-loss-walking-by-slimkit/id950669893,97,in
apps.apple.com/in/app/self-study-solutions-notes/id6478389751,97,in
apps.apple.com/us/app/yes-no-button/id593299519,97,in
apps.apple.com/us/app/guru-granth-sahib-jii/id1563804157,97,in
apps.apple.com/us/app/vn-video-editor/id1494451650?mt=12,97,in
apps.apple.com/us/app/math-kids-add-subtract-count/id1272098657,97,in
apps.apple.com/np/app/nettv/id1475404533,97,in
apps.apple.com/in/app/ludo-fantasy/id1610989686,96,in
apps.apple.com/in/app/synonyms-antonyms-dictionary/id1407595932,96,in
apps.apple.com/ru/app/nl-store/id962734187,100,ru
apps.apple.com/ru/app/найди-отличия-игра-для-ума/id1445691600,100,ru
apps.apple.com/ru/app/стикеры-из-фото-besticky/id1457046754,100,ru
apps.apple.com/gb/app/parimatch-sports-bet-casino/id1534694205?l=ru,100,ru
apps.apple.com/ru/app/все-такси-сравни-цены-такси/id1332439993,100,ru
apps.apple.com/us/app/epub-reader-read-epub-chm-txt/id1296870631,100,ru
apps.apple.com/ru/app/расписание-занятий-тпу/id6503048008,100,ru
apps.apple.com/ru/app/обозреватель-новости-украины/id431582577,100,ru
apps.apple.com/ru/app/amazarashi/id892302667,100,ru
apps.apple.com/au/app/якудза-череповец/id1120450481,100,ru
apps.apple.com/gb/app/partypoker-texas-holdem-poker/id687740281,100,ru
apps.apple.com/ru/app/allegro/id305659772,100,ru
apps.apple.com/us/app/the-unarchiver/id425424353,99,ru
apps.apple.com/ru/app/keka/id6443677513,99,ru
apps.apple.com/us/app/rfs-real-flight-simulator/id1444761746,99,ru
apps.apple.com/ru/app/stratege/id1185512709,99,ru
apps.apple.com/ru/app/pdf-to-word-free/id956036306?mt=12,99,ru
apps.apple.com/ru/app/tiles-hop-игры-пианино-шарик/id1344702806,99,ru
apps.apple.com/us/app/stats-royale-for-clash-royale/id1264722932,99,ru
apps.apple.com/ru/app/qr-to-wallet/id1591078114,99,ru
apps.apple.com/kz/app/dream-league-soccer-2025/id1462911602?l=ru,99,ru
apps.apple.com/us/app/дурак-онлайн/id1584653396,99,ru
apps.apple.com/ru/app/snapcalc-фото-калькулятор/id1267331464,99,ru
apps.apple.com/ru/app/дорожные-знаки-2024-пдд-тест/id1491491805,99,ru
apps.apple.com/us/app/manga-reader-manga-fox-app/id6452725987?l=es-MX,99,ru
apps.apple.com/us/app/room-planner-ai-home-design/id1076159017,99,ru
apps.apple.com/ru/app/simsimi/id375239755,99,ru
apps.apple.com/ru/app/os-cleaner/id1005062168?mt=12,99,ru
apps.apple.com/ru/app/кулинария-кулинарные-игры/id1129660274,99,ru
apps.apple.com/qa/app/емиас-инфо/id949484366?l=ar,98,ru
apps.apple.com/ru/app/любовь-деньги-рок-н-ролл/id1437633304,98,ru
apps.apple.com/us/app/fasten-такси-и-доставка/id6578446117?l=ru,98,ru
apps.apple.com/ru/app/game-jolt-social/id1546759412?l=en-GB,98,ru
apps.apple.com/ru/app/карта-желаний-мечтатель/id1489645071,98,ru
apps.apple.com/ru/app/survivalcraft/id622613679,98,ru
apps.apple.com/vn/app/тест-на-зека-2/id1328211212,98,ru
apps.apple.com/ru/app/видеонаблюдение-ivideon/id464234175,98,ru
apps.apple.com/ru/app/reigns/id1114127463,98,ru
apps.apple.com/us/app/vchate-мессенджер-для-вк/id1173026542,98,ru
apps.apple.com/ru/app/нвк-саха/id6447428114,98,ru
apps.apple.com/ru/app/boom2-volume-boost-equalizer/id948176063?mt=12,98,ru
apps.apple.com/ru/app/istat-menus-7/id6499559693?mt=12,98,ru
apps.apple.com/ru/app/чики-рики/id1344817439,98,ru
apps.apple.com/ar/app/то-или-это/id963727722,98,ru
apps.apple.com/ru/app/яндекс-аренда/id1638372880,98,ru
apps.apple.com/us/app/notes/id1110145109,98,ru
apps.apple.com/ru/app/весы-грамовые-на-телефон/id6746168792,98,ru
apps.apple.com/ru/app/doodle-god/id376374689,98,ru
apps.apple.com/ua/app/vikings-war-of-clans/id966810173?l=ru,98,ru
apps.apple.com/ua/app/бабл-квас/id1604412688?l=ru,98,ru
apps.apple.com/us/app/need-for-speed-no-limits-game/id883393043,98,ru
apps.apple.com/ru/app/purple-place-classic-games/id1461751938,98,ru
apps.apple.com/ru/app/dikidi-online/id957691480,98,ru
apps.apple.com/ru/app/ростовводоканал/id1565941301,98,ru
apps.apple.com/ru/app/router-keygen-wifi-passwords/id1160918124,98,ru
apps.apple.com/ru/app/аптека-farmlend-ru/id1450623430,98,ru
apps.apple.com/ru/app/мастер-слов-игра-угадай-слово/id6740522367,98,ru
apps.apple.com/ru/app/opendota/id1354762555,98,ru
apps.apple.com/ru/app/нарды-онлайн-и-офлайн-длинные/id1450792934,98,ru
apps.apple.com/ru/app/celebs-celebrity-look-alike/id1488127870,98,ru
apps.apple.com/ru/app/rooms-exits-побег-из-комнаты/id1549643882,98,ru
apps.apple.com/us/app/call-of-duty-mobile/id1287282214,98,ru
apps.apple.com/ru/app/youdrive/id6477831308,98,ru
apps.apple.com/ru/app/robux-loto-rbx-for-roblox-2024/id6478544246,97,ru
apps.apple.com/ru/app/badland/id535176909,97,ru
apps.apple.com/ru/app/timeflow-сим-денег/id1187782148,97,ru
apps.apple.com/ru/app/kik-messaging-chat-app/id357218860,97,ru
apps.apple.com/ru/app/якитория/id540328259,97,ru
apps.apple.com/us/app/doom/id336347946?l=ru,97,ru
apps.apple.com/ru/app/лунтик-геройские-мини-игры/id1495772056,97,ru
apps.apple.com/ru/app/наша-няня/id1536024102,97,ru
apps.apple.com/us/app/city-bloxx/id6446201185?l=ru,97,ru
apps.apple.com/ru/app/robbery-bob-2-комический-вор/id974514406,97,ru
apps.apple.com/ru/app/плеер-для-аудиокниг/id1032988845,97,ru
apps.apple.com/us/app/webnovel-read-novels-manga/id1234939196,97,ru
apps.apple.com/us/app/longman-dictionary-of-english/id597492646,97,ru
apps.apple.com/ua/app/asphalt-legends/id805603214?l=ru,97,ru
apps.apple.com/us/app/harry-potter-hogwarts-mystery/id1333256716,97,ru
apps.apple.com/ru/app/зенит-ставки-на-спорт-онлайн/id1579892801,97,ru
apps.apple.com/ru/app/starmaker-пой-песни-в-караоке/id342138881,97,ru
apps.apple.com/ru/app/screenflow-10/id1568414480?mt=12,97,ru
apps.apple.com/ru/app/маша-и-медведь-пиццерия-игра/id1527973826,97,ru
apps.apple.com/ru/app/верный-программа-лояльности/id1458325002,97,ru
apps.apple.com/lv/app/анонимный-чат-nekto-me-общение/id1437639914,96,ru
apps.apple.com/ru/app/farming-simulator-14/id738717933,96,ru
apps.apple.com/ru/app/mib-browser-snmp-monitoring/id523006753?mt=12,96,ru
apps.apple.com/us/app/lego-builder/id1486159728,96,ru
apps.apple.com/ru/app/библия-синодальный-перевод/id1205265602,96,ru
apps.apple.com/ua/app/тор-браузер-tor-browser-vpn/id1317691373?l=ru,96,ru
apps.apple.com/us/app/штрафы-гаи-официальные-пдд/id824748040,96,ru
apps.apple.com/ua/app/adobe-photoshop-photo-design/id1457771281?l=ru,96,ru
apps.apple.com/ru/app/passbook-wallet-pass-creator/id1633472455,96,ru
apps.apple.com/ru/app/civilization-vi/id1123795278?mt=12,96,ru
apps.apple.com/ru/app/swamp-attack/id718153412,96,ru
apps.apple.com/ru/app/procam-про-камера/id730712409,96,ru
apps.apple.com/ru/app/разделить-pdf/id1542607811,96,ru
apps.apple.com/ru/app/хит-викторина-угадай-мелодию/id1017286697,96,ru
apps.apple.com/ru/app/npbfx/id1541838401,96,ru
apps.apple.com/ru/app/toonme-ai-cartoon-photo-editor/id1508120751?l=en-GB,96,ru
apps.apple.com/ru/app/remote-desktop-rdp-lite/id288362576,96,ru
apps.apple.com/ru/app/investpay-2-0/id1519754362,96,ru
apps.apple.com/ru/app/фото-сейф-скрыть-приложения/id867586326,96,ru
apps.apple.com/ru/app/счетчик-схваток/id877303791,96,ru
apps.apple.com/ru/app/переводчик-эмодзи-ai/id6448219404,96,ru
apps.apple.com/ee/app/weplay-играй-и-общайся/id6471480071,96,ru
apps.apple.com/us/app/nowgoal-live-football-scores/id641037627?l=ru,95,ru
apps.apple.com/ru/app/speechify-читалка-текст-в-речь/id1209815023,95,ru
apps.apple.com/ru/app/яндекс-услуги-для-мастеров/id1537579597,95,ru
apps.apple.com/us/app/amazon-shopping/id297606951,95,ru
apps.apple.com/us/app/нота-музыка-оффлайн/id1444318808?l=ru,95,ru
apps.apple.com/us/app/antutu-benchmark/id803837129,95,ru
apps.apple.com/ru/app/kickz4u-баскетбольный-магазин/id1046471267,95,ru
apps.apple.com/ru/app/vott-transcribe-voice-to-text/id6741687625?l=en-GB,95,ru
apps.apple.com/ru/app/bridge-constructor-portal/id1311353234,95,ru
apps.apple.com/us/app/little-alchemy-2/id1214190989,95,ru
apps.apple.com/ua/app/spark-mail-ваша-умная-почта/id997102246?l=ru,95,ru
apps.apple.com/us/app/mindmanager/id1512342592?mt=12,95,ru
apps.apple.com/kz/app/heroes-of-might-magic-and-td/id1178054069?l=ru,95,ru
apps.apple.com/ru/app/шульте-онлайн/id1583606635,95,ru
apps.apple.com/ru/app/призыванет/id1540591601,95,ru
apps.apple.com/ru/app/ланч-маркет/id1260491320,95,ru
apps.apple.com/ru/app/ultralight-photo-editor/id972428565,95,ru
apps.apple.com/us/app/house-flipper-home-design/id1517373437,95,ru
apps.apple.com/ru/app/glitchcam-эффекты-для-видео/id1447083274,95,ru
apps.apple.com/ua/app/adobe-premiere-rush-видео/id1188753863?l=ru,95,ru
apps.apple.com/ru/app/5-отличий-онлайн/id1444585201,95,ru
apps.apple.com/ru/app/pаскраска-по-цифрам-игры/id1420058690,95,ru
apps.apple.com/us/app/psiphon-vpn-freedom-online/id1276263909,95,ru
apps.apple.com/ru/app/ftpmanager-ftp-sftp-client/id525959186,95,ru
apps.apple.com/ru/app/age-swap-ai-face-aging-app/id6451258604,95,ru
apps.apple.com/ru/app/wallpapers-обои-для-iphone/id1496393065,95,ru
apps.apple.com/ru/app/kolobox-готовая-еда-и-продукты/id6578446660,95,ru
apps.apple.com/ru/app/nutson/id1565818312,95,ru
apps.apple.com/us/app/myfitnesspal-calorie-counter/id341232718,95,ru
apps.apple.com/ru/app/отписался-в-инстаграм/id1463947171,95,ru
apps.apple.com/ru/app/калькулятор-темпа-бега-расчет/id1601346156,94,ru
apps.apple.com/us/app/планета-земля-глобус-в-3d/id1205858913?l=ru,94,ru
apps.apple.com/ru/app/terminal/id1632249346,94,ru
apps.apple.com/ru/app/www-super-kg/id6476985256,94,ru
apps.apple.com/ru/app/torrent-browser/id6612023327,94,ru
apps.apple.com/ph/app/pokémon-go/id1094591345?l=ru,94,ru
apps.apple.com/ru/app/vox-знакомства-голосом/id1502448939,94,ru
apps.apple.com/us/app/sofascore-live-sports-scores/id1176147574,94,ru
apps.apple.com/ru/app/dwg-fastview-cad-design-viewer/id456933691,94,ru
apps.apple.com/ru/app/симулятор-полицейского-3d/id1469864712,94,ru
apps.apple.com/ru/app/pizzaroni-санкт-петербург/id6670192853,94,ru
apps.apple.com/ru/app/cardiio-измерить-пульс/id542891434,94,ru
apps.apple.com/ru/app/chess-tempo-chess-tactics/id1441878094,94,ru
apps.apple.com/us/app/start-онлайн-кинотеатр/id1273218458,94,ru
apps.apple.com/ru/app/контур-эльба/id1004954700,94,ru
apps.apple.com/uz/app/my-little-pony-magic-princess/id533173905?l=ru,94,ru
apps.apple.com/us/app/sonic-the-hedgehog-classic/id316025912,94,ru
apps.apple.com/ru/app/diamond-rush-game/id1645798201,94,ru
apps.apple.com/ru/app/cloud-music-музыка-оффлайн-mp3/id1477544926,94,ru
apps.apple.com/ru/app/vesselfinder-lite/id918080862,94,ru
apps.apple.com/ua/app/субтитры-титры-для-видео/id1596158210?l=ru,94,ru
apps.apple.com/us/app/рифмы-и-стихи-словарь-поэта/id883778704,94,ru
apps.apple.com/ru/app/tyvan-ru/id1023486602,94,ru
apps.apple.com/us/app/создать-слайдшоу-видео-из-фото/id1556759863?l=ru,94,ru
apps.apple.com/ru/app/cytus-ii/id1290687550,94,ru
apps.apple.com/ru/app/мулабар-игра-для-вечеринок/id1422004471,94,ru
apps.apple.com/ru/app/vedic-horo/id882299397,94,ru
apps.apple.com/ru/app/pdf-в-word/id722686983,94,ru
apps.apple.com/ru/app/яндекс-игры/id1614060184,94,ru
apps.apple.com/us/app/giphy-the-gif-search-engine/id974748812,93,ru
apps.apple.com/ru/app/активный-житель-74/id1380194392,93,ru
apps.apple.com/us/app/vhack-revolutions-hacker-game/id1464606057,93,ru
apps.apple.com/ru/app/nimbus-note/id828918459,93,ru
apps.apple.com/ru/app/frostborn-coop-survival/id1477237220,93,ru
apps.apple.com/ua/app/dazz-камера-с-эффектами-3d/id1422471180?l=ru,93,ru
apps.apple.com/ru/app/клиника-рассвет/id6467620401,93,ru
apps.apple.com/ru/app/facemoji-ai-emoji-keyboard/id1103138272,93,ru
apps.apple.com/ua/app/munchkin-digital/id1580629479?l=ru,93,ru
apps.apple.com/ru/app/watch-faces-wallpapers/id6467890264,93,ru
apps.apple.com/ua/app/chrome-браузер-от-google/id535886823?l=ru,93,ru
apps.apple.com/ru/app/love-chat-love-story-chapters/id1564736204,93,ru
apps.apple.com/us/app/ледниковый-период-приключения/id632437966?l=ru,93,ru
apps.apple.com/ru/app/vivacut-видео-редактор/id1489090374,93,ru
apps.apple.com/ru/app/brave-браузер-и-поисковик/id1052879175,93,ru
apps.apple.com/ru/app/uber-driver-для-водителей/id1131342792,93,ru
apps.apple.com/us/app/zbrush/id6612028716,93,ru
apps.apple.com/us/app/avast-мобильная-безопасность/id1276551855?l=ru,93,ru
apps.apple.com/ru/app/spy-mouse-cheese-heist/id1636875156,93,ru
apps.apple.com/ru/app/panda-pop-панда-поп/id700970012,93,ru
apps.apple.com/ua/app/telephone/id406825478?mt=12,93,ru
apps.apple.com/us/app/рингтон-рингтоны-для-iphone/id1537772169?l=ru,93,ru
apps.apple.com/ru/app/великий-хан/id1459071612,93,ru
apps.apple.com/ru/app/skrill-платежи-и-переводы/id718248239,92,ru
apps.apple.com/ru/app/клон-приложений-параллель/id6446400473,92,ru
apps.apple.com/ru/app/яндекс-заправки/id963153237,92,ru
apps.apple.com/ua/app/онлайн-радио-бокс/id1101437391?l=ru,92,ru
apps.apple.com/us/app/doodle-jump-2/id1542340137,92,ru
apps.apple.com/us/app/комплекс-монако/id1598728414?l=ru,92,ru
apps.apple.com/us/app/presets-фильтры-пресеты/id1457445491?l=ru,92,ru
apps.apple.com/ru/app/radio-fm-music-news-sports/id951362406,92,ru
apps.apple.com/ru/app/рисование-раскраска-для-детей/id1129192831,92,ru
apps.apple.com/ru/app/такси-татарстан/id1509451075,92,ru
apps.apple.com/ru/app/privacy-vpn-security-proxy/id1469783711,92,ru
apps.apple.com/ru/app/real-boxing-2/id932779605,92,ru
apps.apple.com/ua/app/mcdonalds/id1217507712?l=ru,92,ru
apps.apple.com/nl/app/museumkaart/id6717588222,100,nl
apps.apple.com/nl/app/block-puzzle-puzzle-games/id1191831883,100,nl
apps.apple.com/nl/app/ed-digitale-krant/id578890587,100,nl
apps.apple.com/be/app/flip-klok-digitale-tijd/id1181028777?l=nl,100,nl
apps.apple.com/us/app/myanimelist-official/id1469330778,100,nl
apps.apple.com/us/app/50-us-states-quiz/id1505842955,100,nl
apps.apple.com/nl/app/trouw-digitale-krant/id417017091,100,nl
apps.apple.com/nl/app/tui-reisapp-vakantie-hotels/id1065873018,100,nl
apps.apple.com/us/app/msn/id945416273,100,nl
apps.apple.com/us/app/tradutor-ingles-portugues/id1532634290?l=pt-BR,100,nl
apps.apple.com/nl/app/sendit-krijg-vragen/id1439623630,100,nl
apps.apple.com/nl/app/huren-noord-veluwe/id6473385413,100,nl
apps.apple.com/us/app/merge-mansion-mystery-puzzles/id1484442152,100,nl
apps.apple.com/us/app/ukr-net-mail-app/id1405521485,100,nl
apps.apple.com/nl/app/busuu-language-learning/id379968583,99,nl
apps.apple.com/nl/app/airport-cdm-flight-information/id1432553555,99,nl
apps.apple.com/nl/app/osiris-deltion-college/id6497794124,99,nl
apps.apple.com/nl/app/my-renault/id1440073013,99,nl
apps.apple.com/us/app/exposed-whos-most-likely-to/id1553777064,99,nl
apps.apple.com/nl/app/mijn-hr/id1477443719,99,nl
apps.apple.com/nl/app/mytv-ip-tv-online/id1441501230,99,nl
apps.apple.com/nl/app/radarbot-flitspaal-detector/id1099797635,99,nl
apps.apple.com/us/app/magis-tv/id1604001293,99,nl
apps.apple.com/us/app/google-news/id459182288,99,nl
apps.apple.com/nl/app/memoji/id1526384700,99,nl
apps.apple.com/us/app/deepstatemap/id6443851995,99,nl
apps.apple.com/us/app/battle-net/id1241040030,99,nl
apps.apple.com/ly/app/تنزيل-الموسيقى-ومشغل/id1447312762?l=ar,99,nl
apps.apple.com/nl/app/minion-rush-running-game/id596402997,99,nl
apps.apple.com/ae/app/بوصلة-القبلة-الكعبة/id824927276?l=ar,99,nl
apps.apple.com/nl/app/7-minute-workout-fit-anytime/id806995720,99,nl
apps.apple.com/nl/app/smash-or-pass-group-games/id6736897283,99,nl
apps.apple.com/us/app/meta-ads-manager/id964397083,98,nl
apps.apple.com/nl/app/afstandsbediening-samsung-tv/id895968863,98,nl
apps.apple.com/ng/app/vidmate/id1640960419,98,nl
apps.apple.com/nl/app/medimoapp/id1447752498,98,nl
apps.apple.com/us/app/12go-train-bus-ferry-flight/id1492054704,98,nl
apps.apple.com/nl/app/ing-insidebusiness/id989110054,98,nl
apps.apple.com/nl/app/movie-maker-filmpje-bewerken/id1006386292,98,nl
apps.apple.com/nl/app/mx-player-video-player/id1578866804,98,nl
apps.apple.com/nl/app/yahtzee-with-buddies-dice/id1206967173,98,nl
apps.apple.com/us/app/heart-of-vegas-casino-slots/id785537179,98,nl
apps.apple.com/us/app/ea-sports-fc-mobile-soccer/id1094930513,98,nl
apps.apple.com/eg/app/جواكر-العب-ودردش/id870092728?l=ar,98,nl
apps.apple.com/nl/app/knltb-clubapp/id1450502339,98,nl
apps.apple.com/nl/app/fast-speed-test/id1133348139,98,nl
apps.apple.com/nl/app/forscore/id363738376,98,nl
apps.apple.com/il/app/12-שידור-חי-ו-vod-של-ערוץ-12/id400905807,98,nl
apps.apple.com/gb/app/rightmove-property-search/id323822803,98,nl
apps.apple.com/us/app/grab-taxi-ride-food-delivery/id647268330,98,nl
apps.apple.com/nl/app/microsoft-word/id462054704,98,nl
apps.apple.com/nl/app/flip-klok-digitale-tijd/id1181028777,97,nl
apps.apple.com/us/app/flir-one/id875842742,97,nl
apps.apple.com/nl/app/microsoft-onenote/id784801555,97,nl
apps.apple.com/nl/app/nationale-nederlanden/id1011193821,97,nl
apps.apple.com/nl/app/het-kontakt/id562258899,97,nl
apps.apple.com/nl/app/xe-currency-money-transfers/id315241195,97,nl
apps.apple.com/us/app/bubble-trouble-classic/id1453111037,97,nl
apps.apple.com/nl/app/solitaire/id359917414,97,nl
apps.apple.com/us/app/themify-widget-icon-themes/id1534126062,97,nl
apps.apple.com/nl/app/kruiswoord-puzzelwoordenboek/id739688718,97,nl
apps.apple.com/us/app/frameo/id1179744119,97,nl
apps.apple.com/cr/app/pelisplay-películas-y-series/id6497877683,97,nl
apps.apple.com/nl/app/transport-tycoon/id634013256,97,nl
apps.apple.com/nl/app/xbox/id736179781,97,nl
apps.apple.com/nl/app/bombast-bonbast/id6753949181,97,nl
apps.apple.com/nl/app/nonogram-com-japanse-puzzel/id1452992954,97,nl
apps.apple.com/ua/app/google-перекладач/id414706506?l=uk,97,nl
apps.apple.com/us/app/1-2-3-4-player-games/id1635978552,97,nl
apps.apple.com/us/app/vip-access-for-iphone/id307658513,96,nl
apps.apple.com/om/app/egybest/id6443752216?l=ar,96,nl
apps.apple.com/nl/app/google-keep-notities-lijsten/id1029207872,96,nl
apps.apple.com/nl/app/de-het/id548051159,96,nl
apps.apple.com/nl/app/scanner-app-genius-scan/id377672876,96,nl
apps.apple.com/sr/app/politie-detector-radar-voor/id1643416096?l=nl,96,nl
apps.apple.com/nl/app/huishouden-schoonmaakschema/id1604578415,96,nl
apps.apple.com/nl/app/bubble-shooter-2-0/id467588192,96,nl
apps.apple.com/nl/app/invideo-ai-ai-video-generator/id6471394316,96,nl
apps.apple.com/us/app/cartube-for-youtube/id6670714768,96,nl
apps.apple.com/nl/app/150-scheetgeluiden-scheet-app/id6497792614,96,nl
apps.apple.com/nl/app/ard-text/id1026666292,96,nl
apps.apple.com/us/app/papas-pizzeria-to-go/id925494667,96,nl
apps.apple.com/nl/app/q-interactive-assess/id1666706859?uo=2,96,nl
apps.apple.com/us/app/randonautica/id1493743521,96,nl
apps.apple.com/de/app/kaufland-finde-dein-angebot/id1087780386,96,nl
apps.apple.com/hr/app/slobodna-bosna/id1174111186,96,nl
apps.apple.com/nl/app/tp-link-tapo/id1472718009,96,nl
apps.apple.com/us/app/turbo-vpn-private-browser/id1365309175,96,nl
apps.apple.com/nl/app/anwb-eropuit/id652049119,96,nl
apps.apple.com/us/app/thingiverse-printables-3d-go/id6462052942,96,nl
apps.apple.com/nl/app/duplicate-file-finder-remover/id1032755628?mt=12,96,nl
apps.apple.com/nl/app/microsoft-planner/id1219301037,95,nl
apps.apple.com/us/app/talking-tom-cat/id377194688,95,nl
apps.apple.com/nl/app/texas-holdem-poker-pokerist/id370339723,95,nl
apps.apple.com/nl/app/izz-zorgverzekering/id1275605962,95,nl
apps.apple.com/nl/app/digidentity-wallet/id916749732,95,nl
apps.apple.com/nl/app/seloger-location-achat-immo/id326883014,95,nl
apps.apple.com/us/app/pluto-tv-stream-movies-shows/id751712884,95,nl
apps.apple.com/nl/app/wsop-poker-texas-holdem-game/id719525810,95,nl
apps.apple.com/us/app/webtoon-manga-comics-manhwa/id894546091,95,nl
apps.apple.com/nl/app/apployed/id571996673,95,nl
apps.apple.com/nl/app/directlease-tankservice/id432942558,95,nl
apps.apple.com/us/app/regexrx/id498370702?mt=12,95,nl
apps.apple.com/us/app/find-the-cat-hidden-objects/id6523424272,95,nl
apps.apple.com/ci/app/yacine-iptv-ياسين-ايبي-تيفي/id6502989326,95,nl
apps.apple.com/us/app/workday/id316800034,95,nl
apps.apple.com/nl/app/scanner/id1291962681,95,nl
apps.apple.com/tr/app/app-lock-applock/id6451248050,95,nl
apps.apple.com/nl/app/lightroom-foto-video-editor/id878783582,95,nl
apps.apple.com/us/app/solitaire/id359917414,95,nl
apps.apple.com/us/app/tcgplayer/id1247645833,95,nl
apps.apple.com/nl/app/sky-tonight-sterrenhemel-live/id1570594940,95,nl
apps.apple.com/us/app/textnow-call-text-unlimited/id314716233,95,nl
apps.apple.com/nl/app/myremote-app/id1481436359,95,nl
apps.apple.com/us/app/draw-it/id1451505313,95,nl
apps.apple.com/nl/app/ajax-official-app/id392931287,94,nl
apps.apple.com/us/app/aditi-mistry/id6529543008,94,nl
apps.apple.com/nl/app/treatwell-connect-salons/id824245836,94,nl
apps.apple.com/jp/app/google-翻訳/id414706506,94,nl
apps.apple.com/nl/app/zepp-life-formerly-mifit/id938688461,94,nl
apps.apple.com/nl/app/coach-7/id1160154426,94,nl
apps.apple.com/us/app/stickman-party-4-player-games/id1467762267,94,nl
apps.apple.com/be/app/free-vpn-by-free-vpn-org/id1050171910?l=nl,94,nl
apps.apple.com/vn/app/sms-activate-virtual-sim/id6661027967,94,nl
apps.apple.com/nl/app/pzc-nieuws/id492613471,94,nl
apps.apple.com/us/app/musicbox-save-music-for-later/id1614730313,94,nl
apps.apple.com/us/app/gta-chinatown-wars/id344186162,94,nl
apps.apple.com/us/app/liven-discover-yourself/id6450840109,94,nl
apps.apple.com/vn/app/op-gg/id605722237,94,nl
apps.apple.com/nl/app/mylaps-speedhive/id988412583,94,nl
apps.apple.com/nl/app/youngones-voor-freelance-werk/id1333518910,94,nl
apps.apple.com/us/app/myscorecard-everything-golf/id923751150,94,nl
apps.apple.com/nl/app/giftful/id1450175505,93,nl
apps.apple.com/nl/app/photofunia/id321240709,93,nl
apps.apple.com/us/app/treasurenft-trade-earn-nfts/id6444782351,93,nl
apps.apple.com/us/app/no-thanks-app/id6476206516,93,nl
apps.apple.com/nl/app/faceover-photo-face-swap/id393476155,93,nl
apps.apple.com/nl/app/udio-ai-music-maker-studio/id6511211165,93,nl
apps.apple.com/nl/app/among-us/id1351168404,93,nl
apps.apple.com/us/app/coinbase-buy-btc-eth-sol/id886427730,93,nl
apps.apple.com/us/app/plenty-of-fish-dating-app/id389638243,93,nl
apps.apple.com/nl/app/woningaanbod-oost-west-wonen/id1633036481,93,nl
apps.apple.com/nl/app/rakuten-tv/id532577301,93,nl
apps.apple.com/gb/app/trt-spor-canlı-maç-ve-haber/id1361090642,93,nl
apps.apple.com/nl/app/mahjong-classic/id455650659,93,nl
apps.apple.com/nl/app/simcity-buildit/id913292932,93,nl
apps.apple.com/nl/app/music-maker-jam/id880929886,93,nl
apps.apple.com/be/app/muziek-toevoegen-voor-video/id1037738003?l=nl,93,nl
apps.apple.com/nl/app/blocker-x-x-porn-block/id6476784825,93,nl
apps.apple.com/nl/app/rhymezone/id493493802?l=en-GB,93,nl
apps.apple.com/us/app/adblock-plus-for-safari-abp/id1028871868,93,nl
apps.apple.com/nl/app/digitaal-kompas/id1069599397,92,nl
apps.apple.com/us/app/dictionary-linguee/id338225335,92,nl
apps.apple.com/nl/app/yatzy-dice-game/id1602149052,92,nl
apps.apple.com/nl/app/homewizard-energy/id1492427207,92,nl
apps.apple.com/us/app/slotpark-casino-slots-online/id739699649,92,nl
apps.apple.com/us/app/fbsaver-تنزيل-فيديو-من-فيسبوك/id6502911541?l=ar,92,nl
apps.apple.com/us/app/mercadona/id1368037685,92,nl
apps.apple.com/nl/app/scratchjr/id895485086,92,nl
apps.apple.com/us/app/xiaomi-home/id957323480,92,nl
apps.apple.com/us/app/data-transfer-snapdrop/id6450982756,91,nl
apps.apple.com/nl/app/holafly-esim-onbeperkte-data/id1629600786,91,nl
apps.apple.com/nl/app/habit-tracker/id1438388363,91,nl
apps.apple.com/ru/app/likee-платформа-коротких-видео/id1251790681,91,nl
apps.apple.com/us/app/sky-whale-a-game-shakers-app/id969247886,91,nl
apps.apple.com/nl/app/kucoin-buy-bitcoin-crypto/id1378956601,91,nl
apps.apple.com/nl/app/hearing-remote/id1341500995,91,nl
apps.apple.com/mt/app/comeon-casino-sport-betting/id1070578762,91,nl
apps.apple.com/nl/app/call-of-duty-mobile/id1287282214,91,nl
apps.apple.com/nl/app/quora/id456034437,91,nl
apps.apple.com/us/app/taobao-online-shopping-app/id387682726,91,nl
apps.apple.com/nl/app/cda-pl/id1318175670,91,nl
apps.apple.com/us/app/bible/id282935706,91,nl
apps.apple.com/nl/app/wikihow/id309209200,91,nl
apps.apple.com/nl/app/prettylittlething/id1138840268,91,nl
apps.apple.com/nl/app/camping-car-park/id538809938,91,nl
apps.apple.com/nl/app/emoji-merge-emoji-mixer/id6503122688,91,nl
apps.apple.com/nl/app/smart-iptv/id1504283126,91,nl
apps.apple.com/nl/app/mijnzorgtoegang/id1363164930,91,nl
apps.apple.com/nl/app/wear-os-by-google/id986496028,91,nl
apps.apple.com/us/app/microsoft-authenticator/id983156458,91,nl
apps.apple.com/us/app/pi-network/id1445472541,91,nl
apps.apple.com/us/app/survivor-io/id1528941310,91,nl
apps.apple.com/nl/app/satellite-finder-pro/id1075788157,91,nl
apps.apple.com/nl/app/myalbum-fotos-videos-delen/id922005321,91,nl
apps.apple.com/nl/app/bn-destem-digitale-krant/id444931049,91,nl
apps.apple.com/nl/app/uitgekookt/id1529092013,91,nl
apps.apple.com/us/app/fun-race-3d-running-parkour/id1462556579,91,nl
apps.apple.com/nl/app/blackboard/id950424861,91,nl
apps.apple.com/nl/app/spaans-leren-voor-beginners/id1185483008,90,nl
apps.apple.com/ru/app/вебзайм-займы-онлайн-на-карту/id1583731030,90,nl
apps.apple.com/nl/app/luieraanbiedingen-nl/id6667110033,90,nl
apps.apple.com/nl/app/ik-ben/id385103386,90,nl
apps.apple.com/us/app/izurvive-dayz-maps/id585632597,90,nl
apps.apple.com/sr/app/wordfeud/id428312806?l=nl,90,nl
apps.apple.com/nl/app/metro-paris-map-routes/id1296797383,90,nl
apps.apple.com/nl/app/meb-e-okul-vbs/id839482639,90,nl
apps.apple.com/us/app/phone-tracker-by-number/id1470943827,90,nl
apps.apple.com/ke/app/tiktok-lite/id6447160980,90,nl
apps.apple.com/nl/app/mi-fitness-xiaomi-wear-lite/id1493500777,90,nl
apps.apple.com/jp/app/和暦付き時計/id1534326665,100,jp
apps.apple.com/jp/app/ルーチンタイマー/id1455443503,100,jp
apps.apple.com/jp/app/アルファベットabc英語ライティング/id984488231,100,jp
apps.apple.com/jp/app/プロント公式アプリ/id1387756178,100,jp
apps.apple.com/jp/app/unfold-動画-写真エディター/id1247275033,100,jp
apps.apple.com/jp/app/電車でgo-関東の特急シリーズ/id1198895041,100,jp
apps.apple.com/jp/app/ブラジル翻訳者/id1641676884,100,jp
apps.apple.com/jp/app/続-444回目のただいま/id6502933809,100,jp
apps.apple.com/jp/app/アインシュタイン式論理脳ドリル/id475687587,100,jp
apps.apple.com/jp/app/城とドラゴン-城ドラtgsフェス開催/id953790507,100,jp
apps.apple.com/jp/app/夢の家-home-design/id1481217701,100,jp
apps.apple.com/se/app/golfcounter-ゴルフスコアカウンター/id6446159441,100,jp
apps.apple.com/jp/app/unsplash-wallpapers/id1284863847?mt=12,100,jp
apps.apple.com/jp/app/summer-sonic-2025/id1616767650,100,jp
apps.apple.com/jp/app/安心でんしょばと-グリーン/id1497864021,100,jp
apps.apple.com/jp/app/ビビッドナイト/id1592050851,100,jp
apps.apple.com/jp/app/15パズル/id409702201,100,jp
apps.apple.com/jp/app/babyscale/id1491116366,100,jp
apps.apple.com/jp/app/ガラガラ抽選器/id434388832,100,jp
apps.apple.com/jp/app/duplicate-file-finder-remover/id1032755628?mt=12,100,jp
apps.apple.com/jp/app/カオナビ/id1356050714,100,jp
apps.apple.com/jp/app/ohmibod-remote/id447389536,100,jp
apps.apple.com/jp/app/面白い着信音プラス/id495831040,100,jp
apps.apple.com/jp/app/ジョブメドレーアカデミー/id1533404054,100,jp
apps.apple.com/jp/app/ticketアプリ/id6720712642,100,jp
apps.apple.com/jp/app/周辺便利天気-気象庁天気予報ブラウザアプリ-雨雲雷レーダー/id657295744,100,jp
apps.apple.com/jp/app/caffeinated-アンチスリープアプリ/id1362171212?mt=12,100,jp
apps.apple.com/jp/app/kakaostory/id486244601,100,jp
apps.apple.com/jp/app/dmmオンクレ-オンラインクレーンゲームで景品を獲得/id1608880742,100,jp
apps.apple.com/jp/app/マインドシャッフル/id1406829030,100,jp
apps.apple.com/jp/app/fxニュースまとめ速報アプリ-為替情報を気軽にチェック/id954975987,100,jp
apps.apple.com/jp/app/自宅でできる男性向け減量アプリ/id1460546771,100,jp
apps.apple.com/jp/app/動画デバイス/id1589161755,100,jp
apps.apple.com/jp/app/melvor-idle/id1518963622,100,jp
apps.apple.com/jp/app/チャリ走3rd-race/id820801670,100,jp
apps.apple.com/jp/app/ゴージャス-質の高いマッチングアプリで婚活-恋活-出会い/id1528465514,100,jp
apps.apple.com/jp/app/ウィジェットタイマー-widget-timer/id1447612547,100,jp
apps.apple.com/jp/app/tick-tock-a-tale-for-two/id1357651989,100,jp
apps.apple.com/jp/app/目標管理アプリ-targetmaker/id6740261648,100,jp
apps.apple.com/jp/app/flwatch-血糖値センサーグラフ/id6670172928,100,jp
apps.apple.com/jp/app/orbis-パーソナルカラーや肌に合うスキンケア-美容に/id1204599313,100,jp
apps.apple.com/jp/app/edge/id300896018,100,jp
apps.apple.com/jp/app/2025年版-高度情報技術者午前共通問題集/id1336956688,100,jp
apps.apple.com/jp/app/ipa-音声記号キーボード/id1440241497,100,jp
apps.apple.com/jp/app/謎解き脱出ゲーム-マヂヤミ彼女/id683945916,100,jp
apps.apple.com/jp/app/サービス終了ゲームアプリ-配信予定新作ゲームアプリをお知らせ/id1662497458,99,jp
apps.apple.com/jp/app/ring-always-home/id926252661,99,jp
apps.apple.com/jp/app/nzeta/id1470900142,99,jp
apps.apple.com/jp/app/自宅にいながら世界旅行-ライブカメラとタイムラプス/id1067256452,99,jp
apps.apple.com/fr/app/小田急バス-時刻表/id1661270031?l=en-GB,99,jp
apps.apple.com/kr/app/instagram/id389801252,99,jp
apps.apple.com/jp/app/マイ-トーキング-アンジェラ2-かわいい-猫の着せ替えゲーム/id1536584509,99,jp
apps.apple.com/jp/app/マイトップファン-x用/id1207359918,99,jp
apps.apple.com/jp/app/目覚まし時計-ラジオ-音楽-myalarm/id1350722971,99,jp
apps.apple.com/jp/app/super-meat-boy-forever/id1617800007,99,jp
apps.apple.com/jp/app/第一交通/id502825473,99,jp
apps.apple.com/jp/app/写真のexif削除-photo-secure/id1132792188,99,jp
apps.apple.com/jp/app/csdn-已接入deepseek-r1-0528版/id1437086352,99,jp
apps.apple.com/il/app/ブログまとめニュース速報-for-bleach-brave-souls-ブレソル/id1054248930?l=he,99,jp
apps.apple.com/jp/app/ママペイ-おうちペイでお小遣い管理アプリ/id1550523752,99,jp
apps.apple.com/us/app/中学生漢字-手書き-読み方/id538768854,99,jp
apps.apple.com/jp/app/エロゲーム-セックスカップルゲーム/id6476441461,99,jp
apps.apple.com/jp/app/e-diary-ai日記付きの毎日英語日記アプリ/id1627950267,99,jp
apps.apple.com/jp/app/カラログ電卓/id6474726805,99,jp
apps.apple.com/kr/app/모두의주차장-주차장찾기-주차할인-공유주차장/id780174422,99,jp
apps.apple.com/jp/app/hotping-japan/id1067531239,99,jp
apps.apple.com/jp/app/death-park-怖いホラーゲームアドベンチャーピエロ/id1481457207,99,jp
apps.apple.com/jp/app/マイリトルポニー-ﾏｼﾞｯｸﾌﾟﾘﾝｾｽ/id533173905,99,jp
apps.apple.com/jp/app/自遊空間とくとくクーポン/id608149604,99,jp
apps.apple.com/jp/app/agephone-cloud/id1317704470,99,jp
apps.apple.com/jp/app/京都市バス-kyotobus/id1488254931,99,jp
apps.apple.com/jp/app/戦艦帝国-228艘の実在戦艦を集めろ/id954205285,99,jp
apps.apple.com/jp/app/player-メディア-プレーヤー-オールインワン/id1538120666,99,jp
apps.apple.com/jp/app/word-counter-count-words/id6503934692,99,jp
apps.apple.com/tn/app/pubg-mobile/id1330123889?l=ar,99,jp
apps.apple.com/jp/app/itext-express/id416550249?mt=12,99,jp
apps.apple.com/jp/app/斜め読みメーカー-のぞき込むと見える不思議な壁紙画像を無料で作成/id796307877,99,jp
apps.apple.com/jp/app/九九表-数学/id1207248361,99,jp
apps.apple.com/us/app/自由時報/id1060983848,99,jp
apps.apple.com/jp/app/骨格-解剖学3d-アトラス/id945084007,99,jp
apps.apple.com/jp/app/makuake-マクアケ/id1274816320,99,jp
apps.apple.com/jp/app/脱出ゲーム-ウセモノターミナル/id1639898137,99,jp
apps.apple.com/jp/app/unzip-rar-zip-7z-unarchiver/id1537056818?mt=12,98,jp
apps.apple.com/jp/app/apowermanager-file-manager/id1224409063,98,jp
apps.apple.com/jp/app/fever-イベント-チケット/id497702817,98,jp
apps.apple.com/jp/app/seat-alerts/id533533342,98,jp
apps.apple.com/jp/app/西日本シティ銀行アプリ/id969507478,98,jp
apps.apple.com/jp/app/歩数計-万歩計-ステップカウンター/id1483193691,98,jp
apps.apple.com/jp/app/ベリーリトルナイトメア/id1669478268,98,jp
apps.apple.com/jp/app/百ます計算-たし算-かけ算/id1598691332,98,jp
apps.apple.com/jp/app/アフロゾーンジャパンアプリ/id6479208083,98,jp
apps.apple.com/jp/app/fender-play-learn-guitar/id1226057939,98,jp
apps.apple.com/jp/app/rbb-speed-test/id538725494,98,jp
apps.apple.com/jp/app/i-flashdevice-hd/id1098089751,98,jp
apps.apple.com/jp/app/telegramのグループ/id1500098313,98,jp
apps.apple.com/jp/app/display-menu/id549083868?mt=12,98,jp
apps.apple.com/us/app/japan-vpn-secure-proxy/id6499425450,98,jp
apps.apple.com/jp/app/tocoto/id1601375769,98,jp
apps.apple.com/au/app/china-eastern-airlines/id419275564?l=ja,98,jp
apps.apple.com/jp/app/メガトーク/id1311296263,98,jp
apps.apple.com/jp/app/blockinスマホ依存対策スクリーンタイム制限-勉強-集中/id1659162950,98,jp
apps.apple.com/jp/app/鳥取連続殺人事件/id6477727397,98,jp
apps.apple.com/jp/app/holafly-esim-データ無制限/id1629600786,98,jp
apps.apple.com/jp/app/ホームタウン-ゲイ専用sns/id1610490990,98,jp
apps.apple.com/jp/app/vear-バーチャルライブ配信アプリ/id1490697369,98,jp
apps.apple.com/jp/app/fps-io/id1287461896,98,jp
apps.apple.com/jp/app/songshift/id1097974566,98,jp
apps.apple.com/jp/app/ピペリア-チャットと通話で友達ができる新しいコミュニティ/id1558340187,98,jp
apps.apple.com/jp/app/manikin/id1020666956,98,jp
apps.apple.com/jp/app/sup-multiplayer-racing/id1128327441,98,jp
apps.apple.com/jp/app/recipe-keeper/id974683711,98,jp
apps.apple.com/jp/app/ブライトマッチ/id1564374271,98,jp
apps.apple.com/us/app/du-recorder-screen-recorder/id1295647284?l=ja,98,jp
apps.apple.com/jp/app/蒙古タンメン中本/id1475720059,98,jp
apps.apple.com/jp/app/空気読み-２-ky度-診断-暇つぶしゲーム/id1274969184,98,jp
apps.apple.com/jp/app/ディアブロ-イモータル/id1492005122,98,jp
apps.apple.com/jp/app/harvest-town-農場系rpgゲーム/id1465581028,98,jp
apps.apple.com/jp/app/sitesucker/id442168834,98,jp
apps.apple.com/jp/app/granny-chapter-two/id1479175321,98,jp
apps.apple.com/jp/app/オタ恋-マッチングアプリ-出会い/id6443501378,98,jp
apps.apple.com/jp/app/コインチェック-ビットコイン-仮想通貨-暗号資産-取引アプリ/id957130004,98,jp
apps.apple.com/jp/app/超漫画アニメクイズ-問題数40-000問以上/id1064799805,98,jp
apps.apple.com/jp/app/top-widgets-壁紙-テーマ-アイコン/id6446477593,98,jp
apps.apple.com/jp/app/procreate-pocket/id916366645,98,jp
apps.apple.com/jp/app/レット-食品ロス削減アプリ/id1253351424,98,jp
apps.apple.com/jp/app/小説viewer/id420097644,98,jp
apps.apple.com/jp/app/広東語翻訳者-香港/id6742412710,98,jp
apps.apple.com/jp/app/logic-remote/id638394624,98,jp
apps.apple.com/jp/app/圣魔samer-plus-全球字母圈bdsm-dating/id1206232446?l=en-US,98,jp
apps.apple.com/jp/app/災害用キット/id747776009,98,jp
apps.apple.com/jp/app/立体学習あぷり-lite/id1233002386,98,jp
apps.apple.com/jp/app/screenbrush/id1233965871?mt=12,98,jp
apps.apple.com/jp/app/自作ピー音-自主規制音を自由に挿入できるアプリ/id1618431566,98,jp
apps.apple.com/jp/app/ふつうの大富豪-オフラインで遊べるトランプゲーム/id1103632216,98,jp
apps.apple.com/jp/app/集金メモ/id1613447826,98,jp
apps.apple.com/jp/app/my単語帳-シンプルな単語帳アプリ/id1564405189,98,jp
apps.apple.com/jp/app/グッピー-ヘルスケア-ダイエット-健康管理/id1170800673,98,jp
apps.apple.com/jp/app/脱出ゲーム-スライドプリンセス/id1085739139,98,jp
apps.apple.com/jp/app/crime-scene-cleaner-mobile-3d/id6505065213,98,jp
apps.apple.com/jp/app/playground-mod/id6477358134,98,jp
apps.apple.com/jp/app/grid-it-インスタ分割/id1111179473,98,jp
apps.apple.com/jp/app/punch-club/id1024951378,98,jp
apps.apple.com/us/app/給水装置工事主任技術者試験-過去問/id1602937695,98,jp
apps.apple.com/jp/app/資さんうどん/id6443952026,98,jp
apps.apple.com/jp/app/アリシアクリニック会員アプリ/id1604745672?l=en-US,98,jp
apps.apple.com/jp/app/mimi-かわいいメモ帳/id1506524969,98,jp
apps.apple.com/jp/app/元カノ-仮-と今カノと僕/id1004476762,98,jp
apps.apple.com/jp/app/please-dont-touch-anything/id1002503055,98,jp
apps.apple.com/jp/app/ベトナム語を学び-初心者/id6449095298,97,jp
apps.apple.com/jp/app/らくらく吉方位ナビ/id6737253657,97,jp
apps.apple.com/jp/app/satch-x-旧satch-viewer/id516172575,97,jp
apps.apple.com/jp/app/背景消す-背景透明化/id815072622,97,jp
apps.apple.com/jp/app/tcgplayer/id1247645833,97,jp
apps.apple.com/jp/app/simcity-4-deluxe-edition/id804079949?mt=12,97,jp
apps.apple.com/jp/app/サンタクロースに手紙を書こう/id1328328276,97,jp
apps.apple.com/jp/app/nine-ナイン/id6578424635,97,jp
apps.apple.com/jp/app/touch-the-number/id1213236521,97,jp
apps.apple.com/jp/app/lock-memo-パスワードでロックできる安心の鍵付メモ帳/id1070901429,97,jp
apps.apple.com/jp/app/警察警官シミュレータ-ギャング戦争/id1469864712,97,jp
apps.apple.com/jp/app/ダイナミック壁紙ライブラリ/id1582358382,97,jp
apps.apple.com/jp/app/touchgrind-skate-2/id720068876,97,jp
apps.apple.com/jp/app/club-lion-アプリ/id1185805249,97,jp
apps.apple.com/ca/app/名字由来net-全国都道府県ランキングや家紋家系図/id495129200?l=fr-CA,97,jp
apps.apple.com/jp/app/wan-pass-ワンパス/id1582483063,97,jp
apps.apple.com/jp/app/somnus-ソムナス-睡眠の質といびきを計測するアプリ/id1352785781,97,jp
apps.apple.com/jp/app/dmmポイントクラブ-dmmポイントを管理するアプリ/id1491884030,97,jp
apps.apple.com/jp/app/タニタ社員食堂レシピ/id1243266157,97,jp
apps.apple.com/jp/app/farlight-84/id1673713581,97,jp
apps.apple.com/jp/app/d4dj-groovy-mix-グルミク/id1490381755,97,jp
apps.apple.com/jp/app/webroot-mobile-security/id460986853,97,jp
apps.apple.com/jp/app/ジョブカン経費精算-ワークフロー/id1625283887,97,jp
apps.apple.com/jp/app/なごやバス地下鉄ナビ/id1527919751,97,jp
apps.apple.com/jp/app/meesho-online-shopping/id1457958492,97,jp
apps.apple.com/jp/app/medu4-app/id1558120067,97,jp
apps.apple.com/jp/app/アプリロック-invis-app-lock/id1672223963,97,jp
apps.apple.com/jp/app/wo-mic/id1260978417,97,jp
apps.apple.com/jp/app/soundmusic-サウンドミュージック-聴き放題音楽/id1454482137,97,jp
apps.apple.com/jp/app/融合アーチャー-城塞防衛ゲーム/id1628121089,97,jp
apps.apple.com/jp/app/パズドラ全国マルチ掲示板-for-パズル-ドラゴンズ/id1054231177,97,jp
apps.apple.com/jp/app/イルカの暗記シート/id1483320043,97,jp
apps.apple.com/jp/app/skul-the-hero-slayer/id6458144503,97,jp
apps.apple.com/us/app/かいてん-パチンコ回転率計算アプリ/id6683307676,96,jp
apps.apple.com/jp/app/釣具のキャスティング-公式アプリ-釣果-釣り動画-お得情報/id1217794403?l=en-US,96,jp
apps.apple.com/jp/app/もしもの世界/id6503995375,96,jp
apps.apple.com/jp/app/あんさんぶるスターズ-basic/id963073142,96,jp
apps.apple.com/jp/app/y-disk/id1181458364,96,jp
apps.apple.com/jp/app/幸福の科学公式アプリ/id839306629,96,jp
apps.apple.com/jp/app/marks-web/id1670590855,96,jp
apps.apple.com/jp/app/億万長者-総裁の花道-美女たちの恋/id1539607008,96,jp
apps.apple.com/jp/app/galaxiga-ギャラガ-シューティングゲーム/id1519367184,96,jp
apps.apple.com/jp/app/sportstream-camera/id1669823422,96,jp
apps.apple.com/au/app/ar-translator-translate-photo/id1465903782?l=ja&platform=ipad,96,jp
apps.apple.com/jp/app/レーシングサーキット-ラップタイマー/id1666125803,96,jp
apps.apple.com/jp/app/wel-kids-保護者用アプリ/id1444720511,96,jp
apps.apple.com/kr/app/온디스크-ondisk-다운로드-전용앱/id1536892993?l=en-GB,96,jp
apps.apple.com/kr/app/아카라이브/id1632140546,96,jp
apps.apple.com/jp/app/水平器-水準器/id558393386,96,jp
apps.apple.com/jp/app/bubble-for-japan/id6471388476,96,jp
apps.apple.com/jp/app/うたって-おどって-アンパンマン/id958023729,96,jp
apps.apple.com/jp/app/スーツのはるやま公式アプリ/id1044524827,96,jp
apps.apple.com/us/app/i-am-security-original-game/id6740168429,100,tr
apps.apple.com/us/app/measure/id1383426740,100,tr
apps.apple.com/us/app/monkey-run-make-new-friends/id1549926278,100,tr
apps.apple.com/cy/app/game-jolt-social/id1546759412?l=tr,100,tr
apps.apple.com/tr/app/annie-dil-öğretmeni-ve-arkadaş/id6447928709?l=tr,100,tr
apps.apple.com/tr/app/rome-total-war/id1106831630?l=tr,100,tr
apps.apple.com/jp/app/pixiv/id337248563,100,tr
apps.apple.com/tr/app/odak-haber-afyon/id6739807433?l=tr,100,tr
apps.apple.com/tr/app/yunus-online/id1138735980?l=tr,100,tr
apps.apple.com/us/app/cevşen-i-kebir-duası/id1108086299,100,tr
apps.apple.com/fr/app/compte-ameli/id620447173,100,tr
apps.apple.com/dz/app/instagram/id389801252?l=ar,100,tr
apps.apple.com/us/app/tmcars/id1326620429,100,tr
apps.apple.com/tr/app/abos-im-vbn/id1671807047?l=tr,100,tr
apps.apple.com/tr/app/shadow-fight-2-special-edition/id1261834568?l=tr,100,tr
apps.apple.com/tr/app/nettefatura/id1661569495,100,tr
apps.apple.com/tr/app/berkay-video-çözüm/id1601409201?l=tr,100,tr
apps.apple.com/us/app/wheres-my-water/id449735650,100,tr
apps.apple.com/za/app/taşköprü-postası/id6459046228,100,tr
apps.apple.com/us/app/gay-video-chat-dating-twink/id1229347669,100,tr
apps.apple.com/tr/app/microsoft-word/id462054704?mt=12,100,tr
apps.apple.com/us/app/anlat-bakalım-kelime-oyunu/id6474511103,100,tr
apps.apple.com/us/app/myasus/id500929525,99,tr
apps.apple.com/tr/app/uklon-more-than-a-taxi/id654646098,99,tr
apps.apple.com/tr/app/adobe-connect/id1533425942?l=tr,99,tr
apps.apple.com/tr/app/clover-slots-epic-casino-games/id6499254862?l=tr,99,tr
apps.apple.com/tr/app/vibratör-titreşim-uygulaması/id1635700869?l=tr,99,tr
apps.apple.com/us/app/altınım-altın-ve-takı-takibi/id6502911549,99,tr
apps.apple.com/tr/app/fitify-evde-egzersiz-programı/id1463386686?l=tr,99,tr
apps.apple.com/tr/app/project-drift-2-0/id1575362673?l=tr,99,tr
apps.apple.com/tr/app/football-manager-2024-mobile/id6446123740?l=tr,99,tr
apps.apple.com/tr/app/smash-hit/id6503247519?l=tr,99,tr
apps.apple.com/kw/app/second-phone-number-رقم-امريكي/id1462292880?l=ar,99,tr
apps.apple.com/us/app/touchretouch/id373311252,99,tr
apps.apple.com/tr/app/itools-pocket-multi-tool/id501633321?l=tr,99,tr
apps.apple.com/tr/app/dr-driving-2/id1189828120?l=tr,99,tr
apps.apple.com/us/app/sonic-dash-fun-endless-runner/id582654048,99,tr
apps.apple.com/us/app/animated-drawing/id6469684346,99,tr
apps.apple.com/tr/app/kadınlar-i-çin-fitness-programı/id1673703138?l=tr,99,tr
apps.apple.com/us/app/anonymous-chat-anonchat/id1487911809,99,tr
apps.apple.com/us/app/vinted-shop-sell-pre-loved/id632064380,99,tr
apps.apple.com/tr/app/mcafee-security-vpn-ve-koruma/id724596345?l=tr,99,tr
apps.apple.com/tr/app/on-mobil/id1584313693?l=tr,99,tr
apps.apple.com/tr/app/kelimelik-solo/id1245052844?l=tr,99,tr
apps.apple.com/sa/app/sureler-yasin-tebareke-amme/id1575990355?l=ar,99,tr
apps.apple.com/tr/app/super-vpn-for-iphone-vpn-hub/id1502822220?l=tr,99,tr
apps.apple.com/tr/app/phet-simulations/id1134126831?l=tr,99,tr
apps.apple.com/us/app/metamask-crypto-web3-wallet/id1438144202,99,tr
apps.apple.com/tr/app/sevgilimle-kaç-gün-oldu/id6456800477?l=tr,99,tr
apps.apple.com/tr/app/hooda-math-mobile/id794620248?l=tr,99,tr
apps.apple.com/tn/app/365scores-نتائج-مباشرة-وأخبار/id571801488?l=ar,99,tr
apps.apple.com/us/app/quizzland-quiz-trivia-game/id1275023828,99,tr
apps.apple.com/tr/app/gün-gün-gebelik-takibi/id1434676322?l=tr,98,tr
apps.apple.com/om/app/hill-climb-racing/id564540143?l=ar,98,tr
apps.apple.com/tr/app/aöf-soru-bankası/id1451994546?l=tr,98,tr
apps.apple.com/us/app/sniper-3d-gun-shooting-games/id930574573,98,tr
apps.apple.com/tr/app/sefamerve-tesettür-giyim/id673595592?l=tr,98,tr
apps.apple.com/us/app/smart-view-screen-mirroring/id1527058004,98,tr
apps.apple.com/us/app/littlest-pet-shop-pet-style/id1017354785,98,tr
apps.apple.com/tr/app/fiat-yol-arkadaşim/id1258521648?l=tr,98,tr
apps.apple.com/us/app/camera-pro-camera-editor/id1313580627,98,tr
apps.apple.com/us/app/doğan-akademi-video-çözüm/id1472739069,98,tr
apps.apple.com/tr/app/piano-tiles/id1126477246,98,tr
apps.apple.com/dz/app/تنزيل-الموسيقى-ومشغل/id1447312762?l=ar,98,tr
apps.apple.com/ro/app/tekirdağ-bakış/id6502700906,98,tr
apps.apple.com/us/app/zingat-pro/id1163986345?l=es-MX,98,tr
apps.apple.com/tr/app/opet-bravo/id1447247583,98,tr
apps.apple.com/tr/app/rossmann/id1034309353?l=tr,98,tr
apps.apple.com/tr/app/hypetr-streetwear-store/id1495868325,98,tr
apps.apple.com/us/app/clapper-video-live-chat/id1522122685,98,tr
apps.apple.com/tr/app/photo-studio-foto-düzenleme/id1470364946?l=tr,98,tr
apps.apple.com/tr/app/hangikredi-finansal-asistan/id1610287797?l=tr,98,tr
apps.apple.com/tr/app/emoji-anlamları-emoji-meanings/id1063039358?l=tr,98,tr
apps.apple.com/tr/app/five-nights-at-freddys/id912536422?l=tr,98,tr
apps.apple.com/us/app/shadowrocket/id932747118,98,tr
apps.apple.com/tr/app/mail-for-gmail/id1216244845?l=tr&mt=12,98,tr
apps.apple.com/tr/app/finans7-haber/id1553618854?l=tr,98,tr
apps.apple.com/tr/app/kidu-i-ngilizce-kitaplar/id6468522998,98,tr
apps.apple.com/tr/app/rubik-küp-çözücü-zeka-küpünü/id6499205938?l=tr,98,tr
apps.apple.com/ng/app/dost-kazığı-oyunu/id6473665906,98,tr
apps.apple.com/tr/app/online-test-maker-ai-powered/id6465450959?l=tr,98,tr
apps.apple.com/us/app/now-türkiye/id6476784081,98,tr
apps.apple.com/ae/app/انمي-ستارز/id891198288,98,tr
apps.apple.com/tr/app/spacetoon-go-türkiye/id6736942591,98,tr
apps.apple.com/tr/app/car-jam-parking-games-3d/id6505095234,97,tr
apps.apple.com/tr/app/iq-testi/id1530314557?l=tr,97,tr
apps.apple.com/tr/app/viggle-ai-meme-maker/id6503272013?l=tr,97,tr
apps.apple.com/tr/app/astrosage-kundli-ai-astrology/id824705526?l=tr,97,tr
apps.apple.com/tr/app/djay-dj-app-ai-mixer/id450527929?l=tr,97,tr
apps.apple.com/tr/app/repost-for-reels-photo-video/id1331571544?l=tr,97,tr
apps.apple.com/tr/app/shadow-fight-3/id964827011?l=tr,97,tr
apps.apple.com/tr/app/ininal/id1029026167?l=tr,97,tr
apps.apple.com/tr/app/bites/id6475324072?l=tr,97,tr
apps.apple.com/us/app/turnuva-judo-bilgi-sistemi/id1560576466,97,tr
apps.apple.com/tr/app/iglupal-kan-şekeri-takibi/id1330482587?l=tr,97,tr
apps.apple.com/tr/app/procam-pro-kamera/id730712409?l=tr,97,tr
apps.apple.com/tr/app/happy-soccer-physics/id921138156?l=tr,97,tr
apps.apple.com/cy/app/makyaj-oyunları-bebek-makyajı/id935573743?l=tr,97,tr
apps.apple.com/us/app/hot-dog-bush-food-truck-game/id547508614,97,tr
apps.apple.com/us/app/gba-emulator-retro-game/id6517354474,97,tr
apps.apple.com/tr/app/mobile2-online/id6504993415,97,tr
apps.apple.com/us/app/cleanmymac/id1339170533?mt=12,97,tr
apps.apple.com/tr/app/iddaa-com/id1477847073?l=tr,97,tr
apps.apple.com/tr/app/yesstyle-beauty-fashion/id868675907?l=tr,97,tr
apps.apple.com/us/app/angry-birds-transformers/id869231055,97,tr
apps.apple.com/tr/app/suspects-mystery-mansion/id1546088542?l=tr,97,tr
apps.apple.com/tr/app/petrol-ofisi-ofis-portal/id6467188433?l=tr,97,tr
apps.apple.com/us/app/check-fresh/id1567643309,97,tr
apps.apple.com/tr/app/kolay/id1507156228?l=tr,97,tr
apps.apple.com/tr/app/renderz-fc-mobile-25-database/id6472486745?l=tr,97,tr
apps.apple.com/tr/app/readera-book-reader-pdf-epub/id1669188337?l=tr,97,tr
apps.apple.com/tr/app/vguard-mobil/id1153260591?l=tr,97,tr
apps.apple.com/tr/app/sdü-hastane/id1527996423?l=tr,97,tr
apps.apple.com/tr/app/okulsis-mobil/id1584933332?l=tr,97,tr
apps.apple.com/tr/app/superpedestrian-link-scooters/id1487864428?l=tr,97,tr
apps.apple.com/tr/app/iss-live-now/id1138994692?l=tr,97,tr
apps.apple.com/tr/app/kpss-deneme-çöz/id6471841922,96,tr
apps.apple.com/dz/app/vpn-super-unlimited-fast-proxy/id1370293473?l=ar,96,tr
apps.apple.com/tr/app/xender-aktar-dosya-paylaş/id898129576?l=tr,96,tr
apps.apple.com/sa/app/تطبيق-كورة-بث-المباريات-لايف/id6478971501?l=ar,96,tr
apps.apple.com/tr/app/kpss-çıkmış-sorular-2023/id1564488432?l=tr,96,tr
apps.apple.com/tr/app/saatleri-öğreniyorum/id944738716?l=tr,96,tr
apps.apple.com/tr/app/gerçek-para-kazan-make-money/id1478553956?l=tr,96,tr
apps.apple.com/de/app/elitaşk-arkadaşlık-sitesi/id1151220755,96,tr
apps.apple.com/us/app/berk-süt/id1244582476,96,tr
apps.apple.com/us/app/scanner/id1291962681,96,tr
apps.apple.com/tr/app/alice-gizli-nesne-bulma-oyunu/id1170499482?l=tr,96,tr
apps.apple.com/tr/app/radyo-hevi-107-8-fm/id1516538329,96,tr
apps.apple.com/tr/app/my-renault/id1440073013?l=tr,96,tr
apps.apple.com/tr/app/unicycle-legend/id1642075470?l=tr,96,tr
apps.apple.com/us/app/mcpe-master-craft/id1643656346,96,tr
apps.apple.com/us/app/waplog-dating-video-chat/id557997762,96,tr
apps.apple.com/tr/app/bitly-link-shortener/id525106063?l=tr,96,tr
apps.apple.com/tr/app/ifun-new-live-new-fun/id6449085792?l=tr,96,tr
apps.apple.com/sa/app/tikdown-تيك-توك-بدون-علامه/id1644139993?l=ar,96,tr
apps.apple.com/tr/app/gom-player/id672542880?l=tr,96,tr
apps.apple.com/gb/app/ztype/id1003744339?l=tr,96,tr
apps.apple.com/tr/app/kidly-kitap-uyku/id1576064715?l=tr,96,tr
apps.apple.com/tr/app/my-citroën/id1019563307?l=tr,96,tr
apps.apple.com/ru/app/animego-anime-search-notify/id6736676271?l=en-GB,96,tr
apps.apple.com/us/app/romeo-gay-dating-chat/id404386888,96,tr
apps.apple.com/us/app/sonic-the-hedgehog-2-classic/id347411942,96,tr
apps.apple.com/tr/app/zar-atma-oyunu-yazı-tura/id1604633249?l=tr,96,tr
apps.apple.com/gb/app/kelimelik/id563803371,96,tr
apps.apple.com/us/app/pro-metronome-tempo-tuner/id477960671,96,tr
apps.apple.com/tr/app/kama-sex-pleasure-education/id1498761714?l=tr,96,tr
apps.apple.com/tr/app/blob-io-throw-split-cells/id1252249963,96,tr
apps.apple.com/tr/app/pazarama-i-ş-ortağım/id6480114288,96,tr
apps.apple.com/tr/app/n11-mağaza-yönetim-paneli/id1533253005?l=tr,96,tr
apps.apple.com/tr/app/horror-tale-1-adam-kaçıran/id1619069201?l=tr,96,tr
apps.apple.com/es/app/traductor-de-google/id414706506,96,tr
apps.apple.com/tr/app/silkroad-online/id1442794828?l=tr,95,tr
apps.apple.com/tr/app/magic-rampage/id952423968?l=tr,95,tr
apps.apple.com/om/app/ويست-سوداني/id1581872524?l=ar,95,tr
apps.apple.com/us/app/poppy-playtime-chapter-4/id6746137187,95,tr
apps.apple.com/us/app/paribu-bitcoin-crypto/id1448200352,95,tr
apps.apple.com/tr/app/uefa-tv/id1464156600?l=tr,95,tr
apps.apple.com/tr/app/pttavm-güvenli-alışveriş/id1435788518,95,tr
apps.apple.com/bh/app/picsart-aiمحرر-الصور-والفيديو/id587366035?l=ar,95,tr
apps.apple.com/us/app/ball-blast-cannon-blitz-mania/id1383187127,95,tr
apps.apple.com/pl/app/tłumacz/id1514844618?l=pl,95,tr
apps.apple.com/tr/app/türkiyenin-i-lleri-oyunu/id923811307?l=tr,95,tr
apps.apple.com/tr/app/ragdoll-break-sahte-yok-etme/id6478543174?l=tr,95,tr
apps.apple.com/tr/app/bursakart-mobil/id1524284887,95,tr
apps.apple.com/tr/app/bazoš/id1195042966?l=tr,95,tr
apps.apple.com/au/app/tabtouch-racing-sports-bet/id472906558?l=tr,95,tr
apps.apple.com/ca/app/çengel-bulmaca-günlük/id6464081353,95,tr
apps.apple.com/tr/app/ai-photo-painting-generator/id1539131522,95,tr
apps.apple.com/us/app/house-of-fun-casino-slots/id586634331,95,tr
apps.apple.com/tr/app/contexto-the-original-game/id1636455908?l=tr,95,tr
apps.apple.com/tr/app/bilfen-lise-bilgi-merkezi/id1454508925?l=tr,95,tr
apps.apple.com/cy/app/manly-kas-fotoğraf-editörü/id1263326810?l=tr,95,tr
apps.apple.com/tr/app/one-rep-max-1rm-calculator/id950621710?l=tr,95,tr
apps.apple.com/tr/app/fiesta/id6502469402?l=tr,95,tr
apps.apple.com/us/app/diyetkolik-kalori-hesaplama/id558076089?l=ru&see-all=reviews,95,tr
apps.apple.com/tr/app/temel-stok-takip/id1583643356?l=tr,95,tr
apps.apple.com/tr/app/tm-tlgrm/id1630122033?l=tr,95,tr
apps.apple.com/tr/app/at-yarışı-yöneticisi-2020/id1275199710?l=tr,94,tr
apps.apple.com/om/app/snapchat/id447188370?l=ar,94,tr
apps.apple.com/tr/app/d-smart-online-i-şlemler/id1549859869?l=tr,94,tr
apps.apple.com/tr/app/ultra-wifi-analyzer-monitor/id1664371307?mt=12,94,tr
apps.apple.com/tr/app/blockstarplanet/id881010518,94,tr
apps.apple.com/tr/app/duvar-kağıdı-4k-thematica/id6476195872?l=tr,94,tr
apps.apple.com/tr/app/pictionary-air/id1447298940?l=tr,94,tr
apps.apple.com/us/app/soccer-superstar/id1550945606,94,tr
apps.apple.com/us/app/حساب-العمر-احسب-عمرك-هجري/id6444211277?l=ar,94,tr
apps.apple.com/au/app/tenor-gif-keyboard/id917932200,94,tr
apps.apple.com/us/app/magic-tiles-3-piano-game/id1443446174,94,tr
apps.apple.com/tr/app/bubble-witch-2-saga/id834393815?l=tr,94,tr
apps.apple.com/lb/app/yemeksepeti-partner/id6503289693,94,tr
apps.apple.com/us/app/geometry-dash-lite/id698255242,94,tr
apps.apple.com/tr/app/sancak-ecza-deposu-e-ticaret/id1551966016,94,tr
apps.apple.com/tr/app/icarefone-phone-transfer-clean/id1156047132?l=tr,94,tr
apps.apple.com/tr/app/haber61/id1125728619?l=tr,94,tr
apps.apple.com/tr/app/çizim-pedi-create-kroki/id1262785828?l=tr,94,tr
apps.apple.com/tr/app/yds-net/id6449017795,94,tr
apps.apple.com/tr/app/kebap-simulator-yemek-oyunlar/id6476554476?l=tr,94,tr
apps.apple.com/us/app/talking-tom-gold-run/id1089336971,94,tr
apps.apple.com/us/app/night-sky/id475772902,94,tr
apps.apple.com/us/app/horrorfield-multiplayer-horror/id1351585483,94,tr
apps.apple.com/mx/app/zubale/id1403846238,100,mx
apps.apple.com/mx/app/opera-news-breaking-local/id1444253126,100,mx
apps.apple.com/mx/app/pullman-de-morelos-boletos/id1533479123,100,mx
apps.apple.com/mx/app/grand-theft-auto-iii/id479662730,100,mx
apps.apple.com/cl/app/words-of-wonders-crucigramas/id1369521645,100,mx
apps.apple.com/mx/app/lobo-up/id1576249867,100,mx
apps.apple.com/pe/app/tinder-chat-citas-y-amigos/id547702041,100,mx
apps.apple.com/es/app/hero-band-iii/id1374217640,100,mx
apps.apple.com/us/app/udemy-online-video-courses/id562413829,100,mx
apps.apple.com/es/app/where-s-my-water-2/id638853147,100,mx
apps.apple.com/mx/app/free-wifi/id303513289,100,mx
apps.apple.com/us/app/once-human/id1573906210,100,mx
apps.apple.com/mx/app/audible-audiolibros-y-podcast/id379693831,100,mx
apps.apple.com/mx/app/pop-tv-go/id1641721243,100,mx
apps.apple.com/mx/app/mas40-buscar-pareja-y-citas/id977620481,100,mx
apps.apple.com/us/app/webnovel-read-novels-manga/id1234939196,100,mx
apps.apple.com/us/app/plants-vs-zombies-2/id597986893,100,mx
apps.apple.com/us/app/good-pizza-great-pizza/id911121200,100,mx
apps.apple.com/es/app/mdcalc-medical-calculator/id1001640662,100,mx
apps.apple.com/es/app/familysearch-árbol/id885982973,100,mx
apps.apple.com/mx/app/ai-yearbook-epic-image-maker/id6468887872,100,mx
apps.apple.com/us/app/naturgy-contigo/id1541405677,100,mx
apps.apple.com/mx/app/ufc/id534568162,100,mx
apps.apple.com/py/app/nude-app/id1281405417,100,mx
apps.apple.com/sv/app/tirar-dado/id1521075835,100,mx
apps.apple.com/mx/app/provision-cam-2/id1137050413,100,mx
apps.apple.com/es/app/truecaller-para-bloquear-spam/id448142450,99,mx
apps.apple.com/sv/app/beautyplus-fotoeditor-con-ia/id622434129,99,mx
apps.apple.com/es/app/vidaa/id1526408639,99,mx
apps.apple.com/es/app/ebay-comprar-y-vender-de-todo/id282614216,99,mx
apps.apple.com/us/app/vellum-wallpapers/id1095068317,99,mx
apps.apple.com/es/app/cadena-ser-radio/id401987596,99,mx
apps.apple.com/mx/app/dpvale-app/id6474562018,99,mx
apps.apple.com/us/app/google-slides/id879478102,99,mx
apps.apple.com/mx/app/gestograma-unam/id1321322112,99,mx
apps.apple.com/mx/app/seatgeek-buy-event-tickets/id582790430,99,mx
apps.apple.com/mx/app/afinador-metrónomo/id918055824,99,mx
apps.apple.com/mx/app/csr-classics/id598603610,99,mx
apps.apple.com/cl/app/ia-chatbot-nova/id1669007652,99,mx
apps.apple.com/es/app/jurassic-world-el-juego/id791211390,99,mx
apps.apple.com/mx/app/jmas-juarez/id6444632332,99,mx
apps.apple.com/mx/app/facture-app/id1493028444,99,mx
apps.apple.com/es/app/layout-para-instagram-collage/id6444677940,99,mx
apps.apple.com/us/app/transfernow-send-large-files/id1627938585,99,mx
apps.apple.com/es/app/chess-offline-board-game/id1591188795,99,mx
apps.apple.com/us/app/snake-ii-retro-game/id6449716923?l=es-MX,99,mx
apps.apple.com/ec/app/metronet/id1219203021,99,mx
apps.apple.com/mx/app/krea-ai-crear-imágenes-ia/id6743706584,99,mx
apps.apple.com/cr/app/mi-pedido-arabela/id1574265624,99,mx
apps.apple.com/us/app/ruswife-russian-women/id1044579860,99,mx
apps.apple.com/us/app/ralphs/id584459861,99,mx
apps.apple.com/es/app/classdojo/id552602056,99,mx
apps.apple.com/us/app/lowrance-app-for-anglers/id1463931486,99,mx
apps.apple.com/mx/app/solitaire-associations-journey/id6748950306?platform=ipad,99,mx
apps.apple.com/us/app/mimo-aprende-programación-code/id1133960732?l=es-MX,99,mx
apps.apple.com/py/app/story-saver-for-instagram/id6736588695,98,mx
apps.apple.com/mx/app/cargo-decoder-plus/id520387030,98,mx
apps.apple.com/us/app/find-my/id1514844621,98,mx
apps.apple.com/cl/app/dailytube-video-streamer/id1605745011,98,mx
apps.apple.com/pe/app/device-monitor/id1522870046,98,mx
apps.apple.com/es/app/adobe-acrobat-reader-firma-pdf/id469337564,98,mx
apps.apple.com/cr/app/suspension-master/id1501730787,98,mx
apps.apple.com/mx/app/heishop/id1255609112,98,mx
apps.apple.com/es/app/music-converter/id468990728?mt=12,98,mx
apps.apple.com/pe/app/la-tierra-3d-earth-explorer/id1205858913,98,mx
apps.apple.com/ae/app/swyp-uae/id1181404765,98,mx
apps.apple.com/mx/app/kelder/id1535865926,98,mx
apps.apple.com/mx/app/app-checar/id1224088354?l=en-GB,98,mx
apps.apple.com/cr/app/microsoft-word/id462054704?mt=12,98,mx
apps.apple.com/es/app/paypal/id283646709,98,mx
apps.apple.com/us/app/xbox/id736179781,98,mx
apps.apple.com/us/app/zbrush/id6612028716,98,mx
apps.apple.com/ec/app/calendario/id1108185179,98,mx
apps.apple.com/uy/app/tile-fun/id1512573908?l=es-MX,98,mx
apps.apple.com/mx/app/appcleaner-clean-storage/id1616505989,98,mx
apps.apple.com/ve/app/1-2-3-4-player-games/id1635978552,98,mx
apps.apple.com/es/app/artstudio-pro-desktop/id1313773050?mt=12,98,mx
apps.apple.com/es/app/narcos-cartel-wars-strategy/id1143052259,98,mx
apps.apple.com/us/app/rodeo-stampede-sky-zoo-safari/id1047961826,98,mx
apps.apple.com/es/app/bandle-adivina-la-canción/id6471419531,97,mx
apps.apple.com/mx/app/fotos-a-pdf-para-imágenes/id1210034113,97,mx
apps.apple.com/mx/app/uber-eats-para-restaurantes/id1452906801,97,mx
apps.apple.com/es/app/anonymous-chat-fun/id1483337394,97,mx
apps.apple.com/us/app/starlink/id1537177988,97,mx
apps.apple.com/es/app/themify-iconos-temas-widget/id1534126062,97,mx
apps.apple.com/mx/app/myfitnesspal-cuenta-calorías/id341232718,97,mx
apps.apple.com/gt/app/hopper-hoteles-y-vuelos/id904052407,97,mx
apps.apple.com/es/app/besoccer-resultados-de-fútbol/id550928207,97,mx
apps.apple.com/es/app/kajabi/id1485646310,97,mx
apps.apple.com/mx/app/night-owl-connect/id1263552250,97,mx
apps.apple.com/mx/app/biblia-kadosh/id6443837599,97,mx
apps.apple.com/us/app/aiscore-live-sports-scores/id1477171291,97,mx
apps.apple.com/mx/app/guitar-pro/id400666114,97,mx
apps.apple.com/cl/app/3dtuning-car-game-simulator/id898369939,97,mx
apps.apple.com/es/app/cooking-madness-kitchen-frenzy/id1323901884,97,mx
apps.apple.com/us/app/monopoly-go/id1621328561,96,mx
apps.apple.com/cl/app/infocar-escáner-obd2/id1447599519,96,mx
apps.apple.com/mx/app/sierra-7-tactical-shooting/id1437468131,96,mx
apps.apple.com/mx/app/actinver/id1022985486,96,mx
apps.apple.com/mx/app/bordify/id1006266261,96,mx
apps.apple.com/us/app/myanimelist-official/id1469330778,96,mx
apps.apple.com/cl/app/meyo-ser-amigos/id1526650119,96,mx
apps.apple.com/gt/app/lucky-casino-new-slot-machine/id6443872605,96,mx
apps.apple.com/mx/app/keepsafe-protege-fotos-videos/id510873505,96,mx
apps.apple.com/mx/app/zeek-mi-auto/id1250737616,96,mx
apps.apple.com/es/app/horarios-de-misa/id789923520,96,mx
apps.apple.com/mx/app/five-nights-at-freddys-3/id973482987,96,mx
apps.apple.com/us/app/baraja-de-loteria-mexicana/id1247071705,96,mx
apps.apple.com/cl/app/preguntados-2/id1424533120,96,mx
apps.apple.com/us/app/bus-simulator-3d-big-city/id1141307525?l=es,96,mx
apps.apple.com/pa/app/life360-siempre-conectados/id384830320,96,mx
apps.apple.com/us/app/waifu2x/id1286485858,96,mx
apps.apple.com/us/app/azur-lane/id1411126549,96,mx
apps.apple.com/cr/app/8-ball-pool/id543186831,96,mx
apps.apple.com/mx/app/juegos-de-moda-y-diseño-juego-de-vestir/id1082295793,96,mx
apps.apple.com/es/app/fun-race-3d-corre-y-gana/id1462556579,96,mx
apps.apple.com/sv/app/juego-de-aviones-de-pasajeros/id1598887905,96,mx
apps.apple.com/us/app/fake-hospital/id6502892353?l=es-MX,96,mx
apps.apple.com/es/app/johnny-trigger-juego-de-matar/id1491328118,96,mx
apps.apple.com/au/app/simobi/id807937634?l=es,95,mx
apps.apple.com/mx/app/moviedle/id6444155140,95,mx
apps.apple.com/ni/app/regla-de-tamaño-real/id6503698542,95,mx
apps.apple.com/us/app/soundhound-music-discovery/id355554941,95,mx
apps.apple.com/mx/app/motor-bike-simulador-de-motos/id1382207802,95,mx
apps.apple.com/mx/app/trivia-mexicano-charades/id1340060131,95,mx
apps.apple.com/pa/app/archery-clash/id6458097001,95,mx
apps.apple.com/us/app/eko-taxi/id1064018646?l=es,95,mx
apps.apple.com/pe/app/ao3-reader-fanfiction/id6667102594,95,mx
apps.apple.com/us/app/arcane-wallpaper/id1542373283,95,mx
apps.apple.com/es/app/bridge-race/id1543845882,95,mx
apps.apple.com/pa/app/historias-anónimas-instagram/id6448922644,95,mx
apps.apple.com/us/app/phone-guardian-safe-mobile-vpn/id1016814119,95,mx
apps.apple.com/mx/app/neo-lms/id955398297,95,mx
apps.apple.com/us/app/88-fortunes-slots-casino-games/id1091301948,95,mx
apps.apple.com/ve/app/puzzle-de-bloques-de-madera/id1475056821,95,mx
apps.apple.com/do/app/trusted-tarot/id1441553118?mt=8&ct=appfollow&at=11l3Wi,95,mx
apps.apple.com/mx/app/cespm-app/id1543301296,95,mx
apps.apple.com/gt/app/pluto-tv-películas-y-series/id751712884,95,mx
apps.apple.com/mx/app/doodle-baseball-game/id6473097811,95,mx
apps.apple.com/us/app/dead-target-juegos-de-pistola/id901793885?l=es-MX,95,mx
apps.apple.com/us/app/allshare-cast/id1589896552,95,mx
apps.apple.com/es/app/flow-free/id526641427,95,mx
apps.apple.com/us/app/fondos-de-pantalla-preppy-vsco/id1617077382?l=es-MX,95,mx
apps.apple.com/mx/app/ab-imagen/id1522805747,95,mx
apps.apple.com/es/app/drive-ahead-pixel-car-fight/id964436963,95,mx
apps.apple.com/gt/app/wifi-map-wifi-gratis-cerca/id548925969,95,mx
apps.apple.com/bz/app/midinero-app/id1263494371?l=es-MX,95,mx
apps.apple.com/us/app/manga-fire-top-manga-reader/id6612008731,95,mx
apps.apple.com/us/app/android-switch/id6449987166,95,mx
apps.apple.com/es/app/sems-portal/id1406230958,95,mx
apps.apple.com/mx/app/qr-scanner/id388175979,95,mx
apps.apple.com/us/app/horrorfield-multiplayer-horror/id1351585483,95,mx
apps.apple.com/us/app/tap-tool/id1034326098?l=es,95,mx
apps.apple.com/us/app/skinseed-for-minecraft-skins/id675628523,95,mx
apps.apple.com/cl/app/doodle-baseball-game/id6473097811,95,mx
apps.apple.com/us/app/grand-theft-auto-san-andreas/id763692274,95,mx
apps.apple.com/mx/app/informaplus-de-el-informador/id466938393,94,mx
apps.apple.com/us/app/letmetalk-talker-saac-caa-sac/id919990138?l=es-MX,94,mx
apps.apple.com/ve/app/auto-clicker-automatic-click/id6478668429,94,mx
apps.apple.com/us/app/solitario-spider-clásico/id1021946968?l=es-MX,94,mx
apps.apple.com/us/app/cruisemapper/id1032294427?l=es-MX,94,mx
apps.apple.com/mx/app/magic-motion/id679035540,94,mx
apps.apple.com/mx/app/loyalty-reps/id1470661740,94,mx
apps.apple.com/hn/app/allshare-cast/id1589896552,94,mx
apps.apple.com/us/app/currículum-vitae-crear-cv/id6740196922?l=es-MX,94,mx
apps.apple.com/mx/app/station-app/id6443626988,94,mx
apps.apple.com/es/app/biblioteca-del-evangelio/id598329798,94,mx
apps.apple.com/es/app/quitar-voz-ia-cantar-canciones/id6465081962,94,mx
apps.apple.com/mx/app/torque-pro-obd2-car-scanner/id6504351894,94,mx
apps.apple.com/es/app/gta-liberty-city-stories/id1061802598,94,mx
apps.apple.com/es/app/scream-go-hero/id1212039074,94,mx
apps.apple.com/ec/app/la-biblia-reina-valera-español/id1132540381,94,mx
apps.apple.com/us/app/spotify-for-creators/id1056182234,94,mx
apps.apple.com/us/app/citi-mobile/id301724680,94,mx
apps.apple.com/pe/app/edenred/id1443589821,94,mx
apps.apple.com/py/app/tonos-de-llamada-canción/id1544913773,94,mx
apps.apple.com/cl/app/panadería-de-rosita-fresita/id658439903,94,mx
apps.apple.com/mx/app/expense/id1071783302,94,mx
apps.apple.com/mx/app/metro-metrobús-méxico/id810510884,93,mx
apps.apple.com/es/app/medidas-altura-cinta-métrica/id1616670309,93,mx
apps.apple.com/mx/app/runer/id1488406897,93,mx
apps.apple.com/mx/app/iphone-life/id494846053,93,mx
apps.apple.com/es/app/super-goal-stickman-fútbol/id1612182545,93,mx
apps.apple.com/mx/app/matemática-la-división/id441369188,93,mx
apps.apple.com/bo/app/control-remoto-para-android-tv/id6443958773,93,mx
apps.apple.com/co/app/tmo-manga/id6480482674,93,mx
apps.apple.com/es/app/ifont-find-install-any-font/id1173222289,93,mx
apps.apple.com/us/app/makeup-stylist-diy-salon-game/id1619719913,93,mx
apps.apple.com/us/app/celebs-celebrity-look-alike/id1488127870,93,mx
apps.apple.com/mx/app/city-taxi-mx/id1528384719,93,mx
apps.apple.com/es/app/skysafari/id1257281849,93,mx
apps.apple.com/es/app/otp-auth/id659877384,93,mx
apps.apple.com/mx/app/imberahome/id6446917305,93,mx
apps.apple.com/us/app/veed-captions-short-videos/id1634439688,93,mx
apps.apple.com/mx/app/tcl-home/id1475407335,93,mx
apps.apple.com/es/app/airconsole/id1017688554,93,mx
apps.apple.com/ni/app/objetos-ocultos-find-it-out/id1643481036,93,mx
apps.apple.com/es/app/vibrador-fuerte-vibracion/id6450610746,93,mx
apps.apple.com/co/app/indrive-viajes-y-envíos/id780125801,93,mx
apps.apple.com/es/app/xx-gym/id6471656347,93,mx
apps.apple.com/id/app/alfagift-toko-online-alfamart/id1013717463?l=id,100,id
apps.apple.com/id/app/live-4d-results-toto-4d/id1502014644?l=id,100,id
apps.apple.com/us/app/bitcoin-mining-cloud-mining/id6503180820,100,id
apps.apple.com/id/app/quotes-creator-quote-maker/id895331100?l=id,100,id
apps.apple.com/us/app/tribe-nine/id6737577149,100,id
apps.apple.com/id/app/yasin-dan-tahlil-nu/id6474892425,100,id
apps.apple.com/id/app/twitterit-for-twitter-x/id1484366079?l=id,100,id
apps.apple.com/id/app/beecloud/id1642699213?l=id,100,id
apps.apple.com/id/app/onesmile/id1551898065,100,id
apps.apple.com/us/app/movinglife/id1337553938,100,id
apps.apple.com/us/app/smule-sing-songs-make-music/id509993510,100,ph
apps.apple.com/us/app/pdffiller-edit-pdf-documents/id571613512,100,ph
apps.apple.com/us/app/leafly-find-weed-near-you/id416456429,100,ph
apps.apple.com/us/app/one-piece-bounty-rush/id1343688545,100,ph
apps.apple.com/us/app/vocal-remover-music-separator/id1589068976,100,ph
apps.apple.com/us/app/the-best-3d-live-wallpaper/id1538947435,100,ph
apps.apple.com/us/app/xhub-unzip-file-video-player/id1456558069,100,ph
apps.apple.com/us/app/evil-nun-horror-escape/id1410194646,100,ph
apps.apple.com/us/app/cbs-sports-app-scores-news/id307184892,100,ph
apps.apple.com/ph/app/pinoy-mahjong/id1157792774,100,ph
apps.apple.com/us/app/fotmob-soccer-live-scores/id488575683,100,pl
apps.apple.com/us/app/the-unarchiver/id425424353?mt=12,100,pl
apps.apple.com/pl/app/mysugr-dzienniczek-diabetyka/id516509211?l=pl,100,pl
apps.apple.com/pl/app/ice-scream-horror-game/id1480827449?l=pl,100,pl
apps.apple.com/ua/app/кіноріум-всі-фільми-і-серіали/id1093171715?l=uk,100,pl
apps.apple.com/pl/app/alltrails-pieszo-i-na-rowerze/id405075943?l=pl,100,pl
apps.apple.com/ua/app/фото-переводчик/id1507359565?l=ru,100,pl
apps.apple.com/pl/app/dollify/id1444697551?l=pl,100,pl
apps.apple.com/pl/app/muzyka/id1108187390?l=pl,100,pl
apps.apple.com/pl/app/bośbank24/id1494895957?l=pl,100,pl
apps.apple.com/cn/app/微博/id350962117,100,pl
apps.apple.com/pl/app/time-is/id857189816,99,pl
apps.apple.com/pl/app/kontakty/id1069512615?l=pl,99,pl
apps.apple.com/pl/app/konwerter-wideo-na-mp3/id1550271833?l=pl,99,pl
apps.apple.com/pl/app/ip-camera-viewer-ipcams/id1045600272?l=pl,99,pl
apps.apple.com/pl/app/mycar-taxi-tarnów-536-333-000/id1374268607,99,pl
apps.apple.com/pl/app/vesselfinder-lite/id918080862?l=pl,99,pl
apps.apple.com/us/app/heart-of-vegas-casino-slots/id785537179,99,pl
apps.apple.com/ru/app/мой-футбол-рпл/id672246704?l=en-GB,99,pl
apps.apple.com/pl/app/google-slides/id879478102?l=pl,99,pl
apps.apple.com/ch/app/почта-ukr-net/id1405521485,99,pl
apps.apple.com/pl/app/postbank/id6444706327?l=pl,99,pl
apps.apple.com/us/app/clip-studio-paint/id1262985592,99,pl
apps.apple.com/pl/app/prędkościomierz-prędkości-gps/id901574501?l=pl,99,pl
apps.apple.com/pl/app/kamera-termowizyjna-noktowizor/id1595593061?l=pl,99,pl
apps.apple.com/pl/app/imaios-e-anatomy/id334876403?l=pl,99,pl
apps.apple.com/pl/app/lalafo-kupuj-ubrania-używane/id1063347253?l=pl,99,pl
apps.apple.com/pl/app/legit-check-app-by-ch/id1310079017?l=pl,98,pl
apps.apple.com/us/app/remini-ai-photo-enhancer/id1470373330,98,pl
apps.apple.com/us/app/dropbox-cloud-storage-backup/id327630330,98,pl
apps.apple.com/us/app/manga-reader-ㅤ/id1579203943,98,pl
apps.apple.com/pl/app/managebac/id1437382327?l=pl,98,pl
apps.apple.com/us/app/star-by-face-celebs-look-alike/id1499633307,98,pl
apps.apple.com/us/app/vegas-live-slots-casino/id1304885184,98,pl
apps.apple.com/us/app/kadromierz/id1390662833,98,pl
apps.apple.com/pl/app/transport-gzm/id1658522203,98,pl
apps.apple.com/pl/app/ekiosk/id6468265885?l=pl,98,pl
apps.apple.com/pl/app/emoji/id506460513?l=pl,98,pl
apps.apple.com/au/app/tenor-gif-keyboard/id917932200,98,pl
apps.apple.com/it/app/subito-it-vendi-di-tutto/id450775137,98,pl
apps.apple.com/pl/app/trening-mózgu-gry-logiczne/id1439678154?l=pl,98,pl
apps.apple.com/ru/app/bolt-закажи-поездку/id675033630,98,pl
apps.apple.com/pl/app/pizzeria-u-batmana/id1487607881,98,pl
apps.apple.com/us/app/beactive-siłownia-fitness/id6744399044,98,pl
apps.apple.com/pl/app/samochody-gra-dla-dzieci/id1384105520?l=pl,98,pl
apps.apple.com/us/app/bs-nałęczów/id1495020212,98,pl
apps.apple.com/us/app/davinci-resolve/id571213070?mt=12,98,pl
apps.apple.com/pl/app/words-of-wonders-guru/id1540919737?l=pl,98,pl
apps.apple.com/pl/app/dziecko-rozwój-dziecka/id1093774002?l=pl,98,pl
apps.apple.com/us/app/bilety-lechia-gdańsk/id6748735632,97,pl
apps.apple.com/us/app/manga-reader-mangakakalot/id1572942393,97,pl
apps.apple.com/pl/app/portal-pacjenta-cmp/id1265060683,97,pl
apps.apple.com/us/app/monkey-run-make-new-friends/id1549926278,97,pl
apps.apple.com/pl/app/helen-doron-stream/id1184320810?l=pl,97,pl
apps.apple.com/us/app/skype-for-business/id605841731,97,pl
apps.apple.com/pl/app/nagrywanie-ekranu-rejestrator/id1470015029?l=pl,97,pl
apps.apple.com/us/app/linkedin-learning/id1084807225,97,pl
apps.apple.com/pl/app/cleanup-phone-storage-cleaner/id1510944943?l=pl,97,pl
apps.apple.com/dz/app/instagram/id389801252?l=ar,97,pl
apps.apple.com/pl/app/mobilempk-timetables/id6474320861,97,pl
apps.apple.com/us/app/trulia-real-estate-rentals/id288487321,97,pl
apps.apple.com/us/app/trenitalia/id331050847,97,pl
apps.apple.com/pl/app/song-key-finder/id1324156175?l=pl,97,pl
apps.apple.com/pl/app/sony-sound-connect/id1168502924?l=pl,97,pl
apps.apple.com/us/app/bs-jabłonka-mobile/id1548510548,97,pl
apps.apple.com/gb/app/rightmove-property-search/id323822803,97,pl
apps.apple.com/pl/app/kalendarz-dni-płodnych/id707430013?l=pl,96,pl
apps.apple.com/pl/app/moje-zdjęcie-klawiatury-motywy/id1207257038?l=pl,96,pl
apps.apple.com/pl/app/dom/id1110145103?l=pl,96,pl
apps.apple.com/pl/app/upolujebooka/id1433907145,96,pl
apps.apple.com/us/app/pluto-tv-stream-movies-shows/id751712884,96,pl
apps.apple.com/pl/app/express-digibooks/id1564707145,96,pl
apps.apple.com/pl/app/emoji-mix-emojimix-mixer/id6463747969?l=pl,96,pl
apps.apple.com/ru/app/фото-перекладач-ai-translate/id1036725690?l=uk,96,pl
apps.apple.com/pl/app/literaki-gra-słowna-po-polsku/id883894631,96,pl
apps.apple.com/us/app/kahoot-play-create-quizzes/id1131203560?l=ru,96,pl
apps.apple.com/pl/app/lepolek/id1480518521?l=pl,96,pl
apps.apple.com/pl/app/liven-discover-yourself/id6450840109?l=pl,96,pl
apps.apple.com/pl/app/c-date-online-dating/id1078584965?l=pl,96,pl
apps.apple.com/us/app/flight-radar-plane-tracker-24/id933992899,96,pl
apps.apple.com/pl/app/polsat-sport/id1117377100,96,pl
apps.apple.com/pl/app/blix-gazetki-promocyjne/id1012288672,96,pl
apps.apple.com/pl/app/my-apps/id605797361?l=pl,96,pl
apps.apple.com/pl/app/eska-rock-radio-internetowe/id1063267816,96,pl
apps.apple.com/ru/app/русский-английский-переводчик/id1205817691,96,pl
apps.apple.com/ie/app/peka/id6444045517,96,pl
apps.apple.com/pl/app/myotto/id1257079967?l=pl,96,pl
apps.apple.com/pl/app/pogoda-xl-pro-polska/id990822895?l=pl,96,pl
apps.apple.com/pl/app/diamond-cash-slots-777-casino/id1485537949?l=pl,96,pl
apps.apple.com/pl/app/eden-portal-randkowy-chrystus/id1367380781?l=pl,96,pl
apps.apple.com/pl/app/mega/id706857885?l=pl,96,pl
apps.apple.com/us/app/wesele-z-klasą-dla-firm/id1593373854,96,pl
apps.apple.com/us/app/linky-ai-chat-play-connect/id6450916631,96,pl
apps.apple.com/az/app/instadp-insta-profile-zoomer/id1639701877,95,pl
apps.apple.com/ua/app/busfor-квитки-на-автобус/id1029817513?l=uk,95,pl
apps.apple.com/pl/app/hi-ai-chat-with-ai-character/id6456452376?l=pl,95,pl
apps.apple.com/pl/app/air-radar-flight-tracker/id977015994?l=pl,95,pl
apps.apple.com/pl/app/nasz-wrocław/id1473943836,95,pl
apps.apple.com/us/app/celebs-celebrity-look-alike/id1488127870,95,pl
apps.apple.com/pl/app/dream-face-photo-animator-ai/id1624172324,95,pl
apps.apple.com/pl/app/rossmann/id1034309353?l=pl,95,pl
apps.apple.com/pl/app/mbs-bank-w-myszkowie/id1613318487,95,pl
apps.apple.com/pl/app/ip-scanner/id6443819966?l=pl,95,pl
apps.apple.com/pl/app/jurassic-world-the-game/id791211390?l=pl,95,pl
apps.apple.com/pl/app/puzzle-blokowe-gra-bloki/id1566701558?l=pl,95,pl
apps.apple.com/pl/app/crazy-fox-big-win/id1574142720?l=pl,95,pl
apps.apple.com/pl/app/west-taxi-zabrze-i-ruda-śląska/id1364036480?l=pl,95,pl
apps.apple.com/pl/app/kalkulator-bmi-pamiętnik-wagi/id1572432663?l=pl,95,pl
apps.apple.com/pl/app/jmdi/id6739204202?l=pl,95,pl
apps.apple.com/pl/app/cat-simulator-2020/id1502723298?l=pl,95,pl
apps.apple.com/us/app/postaw-na-milion/id1359015359,95,pl
apps.apple.com/pl/app/maps-me-mapy-offline-gps/id510623322?l=pl,95,pl
apps.apple.com/us/app/war-monitor-for-helldivers-2/id6479404407,95,pl
apps.apple.com/in/app/stake-real-money-casino/id6503213684,94,pl
apps.apple.com/pl/app/signia-app/id1316911473?l=pl,94,pl
apps.apple.com/pl/app/przetargi-biznes-polska-pl/id871072260,94,pl
apps.apple.com/pl/app/decybelomierz-pomiar-hałasu/id1624503658?l=pl,94,pl
apps.apple.com/us/app/fruits-mania-ellys-travel/id1118821553,94,pl
apps.apple.com/pl/app/mykik-polska/id6450270825,94,pl
apps.apple.com/us/app/calorie-counter-by-fatsecret/id347184248,94,pl
apps.apple.com/pl/app/konwerter-heic-do-jpg-png/id6478458264?l=pl,94,pl
apps.apple.com/pl/app/mysp/id869965924?l=pl,94,pl
apps.apple.com/pl/app/lens-translate-image-search/id1587316791?l=pl,94,pl
apps.apple.com/pl/app/cartv-mobilesky/id1152444487?l=pl,94,pl
apps.apple.com/ph/app/mangago-ultimate-manga-app/id6553989464,94,pl
apps.apple.com/tr/app/google-çeviri/id414706506?l=tr,94,pl
apps.apple.com/us/app/bs-kalisz-pomorski/id1555281276,94,pl
apps.apple.com/pl/app/pko-junior/id1085090139?l=pl,94,pl
apps.apple.com/us/app/junes-journey-hidden-objects/id1200391796,93,pl
apps.apple.com/pl/app/peachy-body-editor/id1390423469?l=pl,93,pl
apps.apple.com/ru/app/фотострана-знакомства-общение/id1076286330,93,pl
apps.apple.com/us/app/wamr-undelete-messages/id6745501881,93,pl
apps.apple.com/pl/app/adopte-aplikacja-randkowa/id794497971?l=pl,93,pl
apps.apple.com/pl/app/bs-milicz-mobilnie/id1473101939,93,pl
apps.apple.com/pl/app/yoosee/id981863450?l=pl,93,pl
apps.apple.com/us/app/kill-shot-bravo-sniper-games/id979598664,93,pl
apps.apple.com/pl/app/stradivarius-sklep-odzieżowy/id421874087?l=pl,93,pl
apps.apple.com/us/app/sbp-piaski-nasz-bank/id1513868800,93,pl
apps.apple.com/us/app/nerdle/id1610510861,93,pl
apps.apple.com/pl/app/stats-royale-for-clash-royale/id1264722932?l=pl,93,pl
apps.apple.com/pl/app/updaty-update-news/id705433920?l=pl,93,pl
apps.apple.com/pl/app/hypic-photo-editor-ai-art/id1644042837?l=pl,93,pl
apps.apple.com/pl/app/omio-podróżuj-jak-chcesz/id885372509?l=pl,93,pl
apps.apple.com/pl/app/tcgplayer/id1247645833?l=pl,93,pl
apps.apple.com/pl/app/garett-ekids/id6723881150?l=pl,93,pl
apps.apple.com/pl/app/zmiana-fryzury-retusz-twarzy/id6695743833?l=pl,93,pl
apps.apple.com/pl/app/planer-tygodniowy-dziennik/id1187285712?l=pl,93,pl
apps.apple.com/pl/app/project-makeover/id1483058899?l=pl,92,pl
apps.apple.com/pl/app/mypeugeot-app/id1021587274?l=pl,92,pl
apps.apple.com/us/app/hill-climb-racing-2/id1146465836,92,pl
apps.apple.com/pl/app/hoop-nowe-znajomości/id1442571346?l=pl,92,pl
apps.apple.com/pl/app/gra-dla-kota-hd/id1585925581?l=pl,92,pl
apps.apple.com/pl/app/logisat/id1191825495?l=pl,92,pl
apps.apple.com/pl/app/sketchup-3d-modeling/id796352563?l=pl,92,pl
apps.apple.com/pl/app/unzip-dzip-zip-rar-7z-extract/id1400133654?l=pl,92,pl
apps.apple.com/pl/app/velobank/id591859430,92,pl
apps.apple.com/pl/app/sellpy-shop-second-hand/id1594599102?l=pl,92,pl
apps.apple.com/us/app/solitaire/id359917414,92,pl
apps.apple.com/pl/app/bs-garwolin-nasz-bank/id1560828919?l=pl,92,pl
apps.apple.com/pl/app/awataria-czat-miłość-games/id982229455?l=pl,92,pl
apps.apple.com/ru/app/vk-видео-фильмы-сериалы-шоу/id6447614666,92,pl
apps.apple.com/pl/app/książki/id364709193?l=pl,92,pl
apps.apple.com/us/app/pou/id575154654,92,pl
apps.apple.com/us/app/lufthansa/id299219152,91,pl
apps.apple.com/pl/app/preview-planner-for-instagram/id1126609754?l=pl,91,pl
apps.apple.com/us/app/textplus-text-message-call/id314487667,91,pl
apps.apple.com/se/app/fut-19-draft-simulator/id1387462487?l=en,91,pl
apps.apple.com/pl/app/urban-vpn/id1517016374?l=pl,91,pl
apps.apple.com/us/app/hola-vpn/id1553473179,91,pl
apps.apple.com/pl/app/dream-league-soccer-2025/id1462911602?l=pl,91,pl
apps.apple.com/pl/app/revive-face-photo-animator/id1616862692?l=pl,91,pl
apps.apple.com/us/app/windy-com/id1161387262?l=pl&platform=iphone,91,pl
apps.apple.com/pl/app/replika-ai-friend/id1158555867?l=pl,91,pl
apps.apple.com/us/app/webtoon-manga-comics-manhwa/id894546091,91,pl
apps.apple.com/us/app/mine-block-planet-craft-3d/id900103343,91,pl
apps.apple.com/ru/app/google-таблицы/id842849113,91,pl
apps.apple.com/pl/app/bs-biała-podlaska-nasz-bank/id1492447077,91,pl
apps.apple.com/pl/app/klonowanie-ekranu-do-smart-tv/id1529106085?l=pl,91,pl
apps.apple.com/pl/app/obecności-przedszkola-i-żłobki/id1517390182,91,pl
apps.apple.com/pl/app/linktree-link-in-bio-creator/id1593515263?l=pl,91,pl
apps.apple.com/pl/app/padlet/id834618886?l=pl,91,pl
apps.apple.com/us/app/weed-firm-2-back-to-college/id1030447361,91,pl
apps.apple.com/gb/app/suncalc-net/id761295311?l=pl,91,pl
apps.apple.com/pl/app/ss-iptv-simple-smart-lite/id1618993836?l=pl,91,pl
apps.apple.com/pl/app/forex-calendar-market-news/id985947299?l=pl,91,pl
apps.apple.com/us/app/score-hero/id847492141,91,pl
apps.apple.com/pl/app/a-little-to-the-left/id1613352146,91,pl
apps.apple.com/pl/app/yi-home/id1011626777?l=pl,91,pl
apps.apple.com/pl/app/audibook/id1204426479?l=pl,91,pl
apps.apple.com/ru/app/английский-переводчик-офлайн/id992809772,91,pl
apps.apple.com/pl/app/orange-tv-go/id1061100329?l=pl,91,pl
apps.apple.com/us/app/dream-league-soccer-2025/id1462911602,91,pl
apps.apple.com/us/app/office-cat-idle-tycoon-games/id6471960010,91,pl
apps.apple.com/pl/app/facelab-edytor-twarzy-zdjec/id1530776865?l=pl,91,pl
apps.apple.com/md/app/blablacar-carpooling-and-bus/id341329033,90,pl
apps.apple.com/us/app/shadowgun-legends-online-fps/id1091251242,90,pl
apps.apple.com/pl/app/szczęśliwa-kupa-dziennik/id1586000388?l=pl,90,pl
apps.apple.com/pl/app/chess-clock-by-chess-com/id858039162?l=pl,90,pl
apps.apple.com/pl/app/ekstraklasa-tv/id917269036?l=pl,90,pl
apps.apple.com/us/app/sword-of-chaos/id1049615757,90,pl
apps.apple.com/us/app/fotmob-soccer-live-scores/id488575683,100,vn
apps.apple.com/id/app/flip-clock-digital-widgets/id1181028777?l=vi,100,vn
apps.apple.com/vn/app/cat-hero-idle-rpg/id6446516059?l=vi,100,vn
apps.apple.com/us/app/picsart-ai-chỉnh-sửa-ảnh/id587366035?l=vi,100,vn
apps.apple.com/vn/app/okok-international/id1028294311?l=vi,100,vn
apps.apple.com/vn/app/y-care/id1603381688?l=vi,100,vn
apps.apple.com/us/app/manga-bat-daily-update/id6479396195?l=vi,100,vn
apps.apple.com/vn/app/shb-saha/id1661457183?l=vi,100,vn
apps.apple.com/vn/app/id-photo-passport-photo-maker/id1327776333?l=vi,100,vn
apps.apple.com/vn/app/vnws/id1588184870?l=vi,100,vn
apps.apple.com/vn/app/kết-quả-xổ-số-xsmb-xsmn-xsmt/id828154474?l=vi,100,vn
apps.apple.com/vn/app/heycash-earn-free-cash-now/id6575388341?l=vi,100,vn
apps.apple.com/us/app/you-com-enterprise-grade-ai/id1600782099?l=vi,100,vn
apps.apple.com/vn/app/dịch-tiếng-indonesia-45/id6443474239?l=vi,100,vn
apps.apple.com/vn/app/đoán-chữ-cùng-nhau-guess-up/id1160484607?l=vi,100,vn
apps.apple.com/vn/app/jetpack-joyride/id457446957?l=vi,100,vn
apps.apple.com/us/app/bst-mặt-đồng-hồ-watch-faces/id1617064080?l=vi,99,vn
apps.apple.com/gb/app/city-bloxx/id6446201185,99,vn
apps.apple.com/us/app/ztype/id1003744339?l=vi,99,vn
apps.apple.com/vn/app/pixlr-ai-photo-video-editor/id526783584?l=vi,99,vn
apps.apple.com/us/app/khoá-ứng-dụng-app-lock/id6469686557?l=vi,99,vn
apps.apple.com/vn/app/thenextvoz-for-voz/id1502880296?l=vi,99,vn
apps.apple.com/kr/app/에펨코리아-펨코/id1504708027,99,vn
apps.apple.com/vn/app/evernote-notes-organizer/id281796108?l=vi,99,vn
apps.apple.com/us/app/expedia-đặt-phòng-khách-sạn/id427916203?l=vi,99,vn
apps.apple.com/us/app/heygen-trình-tạo-video-ai/id6711356409?l=vi,99,vn
apps.apple.com/vn/app/bóng-rổ-trò-chơi-2025-pro/id1565513638?l=vi,99,vn
apps.apple.com/vn/app/nobs-world-super-adventure/id1216549071?l=vi,99,vn
apps.apple.com/vn/app/godi-merchant/id6450033147,99,vn
apps.apple.com/us/app/hellotalk-học-ngôn-ngữ/id557130558?l=vi,99,vn
apps.apple.com/vn/app/x-hero/id6445982244,99,vn
apps.apple.com/us/app/quick-editor-text-code/id1450712528,99,vn
apps.apple.com/vn/app/1115570407?l=vi&see-all=reviews&platform=iphone,99,vn
apps.apple.com/us/app/school-hack/id1667172863,99,vn
apps.apple.com/us/app/wifi-map-free-wifi-near-you/id548925969,99,vn
apps.apple.com/vn/app/imgur-funny-memes-gif-maker/id639881495?l=vi,99,vn
apps.apple.com/vn/app/trang-trại-của-bé-gấu-trúc/id1189020279?l=vi,99,vn
apps.apple.com/vn/app/bắn-cá-giải-trí-3d/id897329693?l=vi,99,vn
apps.apple.com/vn/app/thiên-đường-nhà-hàng/id1094555222?l=vi,99,vn
apps.apple.com/vn/app/dương-cầm-trò-chơi-âm-nhạc/id890740165?l=vi,99,vn
apps.apple.com/us/app/cooking-madness-kitchen-frenzy/id1323901884?l=vi,99,vn
apps.apple.com/sg/app/one-punch-man-the-strongest/id1491275510?l=vi,98,vn
apps.apple.com/vn/app/mail-for-gmail/id1216244845?l=vi&mt=12,98,vn
apps.apple.com/vn/app/thi-thử-bằng-lái-xe-a1/id1500909424,98,vn
apps.apple.com/us/app/die-again-troll-việt-nam/id6503342568?l=vi,98,vn
apps.apple.com/vn/app/kamasutra-sex-vị-trí/id314306777?l=vi,98,vn
apps.apple.com/vn/app/nô-tì/id6479963306,98,vn
apps.apple.com/us/app/youtube-studio/id888530356,98,vn
apps.apple.com/us/app/dicamon-giải-toán-lý-hóa-anh/id1529833740,98,vn
apps.apple.com/us/app/idle-zombies/id1370346970?l=vi,98,vn
apps.apple.com/vn/app/lô-tô/id1353746681?l=vi,98,vn
apps.apple.com/us/app/fb-downloader-reels-browser/id6479730339?l=vi,98,vn
apps.apple.com/vn/app/miro-your-visual-workspace/id1180074773?l=vi,98,vn
apps.apple.com/vn/app/metal-shooter-run-and-gun/id1207212226?l=vi,98,vn
apps.apple.com/vn/app/máy-ghi-âm-máy-thu-âm/id1440401331?l=vi,98,vn
apps.apple.com/us/app/slack/id618783545,98,vn
apps.apple.com/vn/app/ôn-thi-gplx-600-câu-2025/id715394226?l=vi,98,vn
apps.apple.com/vn/app/visakha-fc/id1507091965?l=vi,98,vn
apps.apple.com/vn/app/guarding-vision/id1101697283?l=vi,98,vn
apps.apple.com/us/app/nordvpn-vpn-fast-secure/id905953485,98,vn
apps.apple.com/vn/app/k-plus-vietnam/id1586576195?l=vi,98,vn
apps.apple.com/ca/app/vòng-quay-may-mắn-lì-xì/id1604828295?l=fr-CA,98,vn
apps.apple.com/vn/app/tactical-assassin/id606137516?l=vi,98,vn
apps.apple.com/vn/app/geogebra-classic/id687678494?l=vi,97,vn
apps.apple.com/vn/app/clip-tv-truyền-hình-internet/id785998054?l=vi,97,vn
apps.apple.com/vn/app/actual-gun-addon-for-minecraft/id1570618676?l=vi,97,vn
apps.apple.com/vn/app/audioaz-kho-sách-nói-hay/id1453643910?l=vi,97,vn
apps.apple.com/us/app/1542727626?see-all=reviews&platform=iphone,97,vn
apps.apple.com/vn/app/quẻ-khổng-minh-khong-minh/id1193104277?l=vi,97,vn
apps.apple.com/vn/app/quy-hoạch-long-an/id1581676982,97,vn
apps.apple.com/us/app/baby-games-for-2-3-4-year-olds/id1037749621,97,vn
apps.apple.com/vn/app/jg-score-dự-đoán-bóng-đá/id6452273734?l=vi,97,vn
apps.apple.com/us/app/tft-stats-lolchess-gg/id1470197564?l=vi,97,vn
apps.apple.com/vn/app/transcribeme/id543407200?l=vi,97,vn
apps.apple.com/us/app/asc-student/id1291851721,97,vn
apps.apple.com/us/app/anime-avatar-maker2/id6476076666?l=vi,97,vn
apps.apple.com/us/app/watch-instagram/id1550431162?l=vi,97,vn
apps.apple.com/vn/app/aliniex/id6499186259,97,vn
apps.apple.com/us/app/preview/id536344167,97,vn
apps.apple.com/us/app/maps-me-offline-maps-gps-nav/id510623322,97,vn
apps.apple.com/vn/app/evoto-ai-photo-editor/id6596737043?l=vi,97,vn
apps.apple.com/vn/app/mcard-by-mm-mega-market/id1492800470,97,vn
apps.apple.com/vn/app/17track-package-tracker/id1004956012?l=vi,97,vn
apps.apple.com/vn/app/roblox-vn/id6474715805?l=vi,96,vn
apps.apple.com/vn/app/racing-limits/id1324210753?l=vi,96,vn
apps.apple.com/vn/app/poppo-online-video-chat-meet/id1544908797?l=vi,96,vn
apps.apple.com/sa/app/lịch-vạn-niên-2025-lịch-âm/id1252603252,96,vn
apps.apple.com/vn/app/tcgplayer/id1247645833,96,vn
apps.apple.com/vn/app/microsoft-authenticator/id983156458?l=vi,96,vn
apps.apple.com/us/app/hardcore-leveling-warrior/id6737226714,96,vn
apps.apple.com/vn/app/ear-spy/id576341356?l=vi,96,vn
apps.apple.com/us/app/modern-strike-online-bắn-súng/id1197441484?l=vi,96,vn
apps.apple.com/us/app/farm-heroes-saga/id608206510,96,vn
apps.apple.com/us/app/cooking-city-restaurant-games/id1397824035,96,vn
apps.apple.com/vn/app/ixl-math-english-more/id693689912?l=vi,96,vn
apps.apple.com/us/app/thethao247-vn-thể-thao-247/id1485962204,96,vn
apps.apple.com/us/app/xe-send-money-currency/id315241195,96,vn
apps.apple.com/vn/app/nhà-xe-an-anh/id1624511286?l=vi,96,vn
apps.apple.com/us/app/classin/id1226361488,96,vn
apps.apple.com/us/app/vpn-hotspot-shield-proxy-vpn/id443369807,96,vn
apps.apple.com/us/app/turbo-dismount/id881155044?l=vi,96,vn
apps.apple.com/us/app/vnexpress-vietnam-latest-news/id488630446,96,vn
apps.apple.com/vn/app/zema-beauty-more/id1545293458,96,vn
apps.apple.com/vn/app/pro-league-soccer/id1580053372,95,vn
apps.apple.com/de/app/qh-đồng-nai/id1590931588,95,vn
apps.apple.com/vn/app/vpnify-unlimited-vpn/id1503251395?l=vi,95,vn
apps.apple.com/us/app/stickman-party-4-player-games/id1467762267,95,vn
apps.apple.com/vn/app/football-master-soccer-legend/id1068149060,95,vn
apps.apple.com/us/app/blocksite-block-apps-focus/id1474967653,95,vn
apps.apple.com/us/app/love-matching/id1521835309?l=vi,95,vn
apps.apple.com/vn/app/vbus-xe-buýt-việt-nam/id1234893768?l=vi,95,vn
apps.apple.com/us/app/3win/id1510909808?l=vi,95,vn
apps.apple.com/ng/app/cardhub/id6446227528,95,vn
apps.apple.com/vn/app/gm-mall/id6475560388,95,vn
apps.apple.com/vn/app/vinfast/id1592816336,95,vn
apps.apple.com/us/app/yandere-school-full-story/id1567085907?l=vi,95,vn
apps.apple.com/us/app/1688-b2b-market/id507097717,95,vn
apps.apple.com/vn/app/taekwondo-grand-prix/id909057098,95,vn
apps.apple.com/vn/app/600-câu-lý-thuyết-gplx-2025/id1439523058,95,vn
apps.apple.com/vn/app/instastory-ig-story-templates/id1529453902?l=vi,95,vn
apps.apple.com/us/app/wallcraft-wallpapers-live/id1348676585,95,vn
apps.apple.com/vn/app/littlelives-for-teachers/id1459842873?l=vi,95,vn
apps.apple.com/vn/app/medic-hoà-hảo-khám-bệnh/id1565765170,95,vn
apps.apple.com/us/app/asphalt-8-airborne/id610391947,95,vn
apps.apple.com/vn/app/ddtank-mobile/id1443496202?l=vi,95,vn
apps.apple.com/vn/app/sun-mobile/id771377227?l=vi,95,vn
apps.apple.com/us/app/underworld-office/id1533392283?l=vi,95,vn
apps.apple.com/vn/app/epoch-times-live-breaking/id670443321?l=vi,94,vn
apps.apple.com/vn/app/84race/id1473842590,94,vn
apps.apple.com/us/app/intune-company-portal/id719171358,94,vn
apps.apple.com/vn/app/dji-mimo/id1431720653?l=vi,94,vn
apps.apple.com/vn/app/bói-bài-tarot-và-oracle/id1298371239,94,vn
apps.apple.com/vn/app/gocheap-lái-xe-hộ/id6455336074,94,vn
apps.apple.com/vn/app/epic-battle-simulator-2/id1220503572?l=vi,94,vn
apps.apple.com/us/app/inboxdollars-surveys-for-cash/id1221433007,94,vn
apps.apple.com/vn/app/trò-chơi-mô-phỏng-cuộc-sống-mẹ/id6474127300?l=vi,94,vn
apps.apple.com/us/app/huuuge-casino-slots-games-777/id1028362533,94,vn
apps.apple.com/vn/app/carx-drift-racing-2/id1198510863?l=vi,94,vn
apps.apple.com/vn/app/meta-ads-manager/id964397083?l=vi,94,vn
apps.apple.com/us/app/hit-club/id6443879981?l=vi,94,vn
apps.apple.com/us/app/xray-body-scanner/id1597085781,94,vn
apps.apple.com/us/app/textnow-call-text-unlimited/id314716233,94,vn
apps.apple.com/us/app/qq-poker/id1619742091?l=vi,94,vn
apps.apple.com/us/app/storyteller/id1608097488,94,vn
apps.apple.com/vn/app/kenh14-vn-tin-tức-giới-trẻ/id670518264,94,vn
apps.apple.com/vn/app/chia-sẻ-vị-trí-với-life360/id384830320?l=vi,93,vn
apps.apple.com/ru/app/google-карты/id585027354,93,vn
apps.apple.com/vn/app/auto-clicker-automatic-tap/id6670469425?l=vi,93,vn
apps.apple.com/us/app/ringtones-maker-the-ring-app/id1358107315,93,vn
apps.apple.com/us/app/gulper-io-online-snake-game/id1404878134?l=vi,93,vn
apps.apple.com/us/app/kapi-cam-vintage-camera/id6740760807?l=vi,93,vn
apps.apple.com/us/app/rolling-sky/id1036661603,93,vn
apps.apple.com/us/app/golden-casino-slots-games/id1216780424?l=vi,93,vn
apps.apple.com/vn/app/yokara-hát-karaoke-thu-âm/id894927596?l=vi,93,vn
apps.apple.com/us/app/mail/id1108187098,93,vn
apps.apple.com/vn/app/real-badminton/id580008932?l=vi,93,vn
apps.apple.com/vn/app/ice-scream-horror-game/id1480827449?l=vi,93,vn
apps.apple.com/vn/app/poto/id1038849525?l=vi,93,vn
apps.apple.com/vn/app/icash/id1299833527?l=vi,93,vn
apps.apple.com/us/app/flashget-kids-parental-control/id1671930660,93,vn
apps.apple.com/vn/app/addons-maker-for-minecraft/id1208925143?l=vi,93,vn
apps.apple.com/vn/app/dancing-line/id1177953618?l=vi,93,vn
apps.apple.com/id/app/ciq/id1481988145?l=vi,93,vn
apps.apple.com/us/app/gate-trade-btc-eth/id1294998195,93,vn
apps.apple.com/us/app/pixabay/id1178021455,93,vn
apps.apple.com/us/app/zombie-shooter-zombie-io/id1122347203?l=vi,93,vn
apps.apple.com/vn/app/late-shift-your-decisions/id886526292?l=vi,93,vn
apps.apple.com/vn/app/anime-x-hình-nền-hd/id1501861008?l=vi,93,vn
apps.apple.com/vn/app/lamar-idle-vlogger/id1595314851?l=vi,93,vn
apps.apple.com/vn/app/docsity-ai-appunti-smart/id6747438788?l=vi,93,vn
apps.apple.com/vn/app/prep-smart-learning-test-prep/id1513736434,93,vn
apps.apple.com/us/app/love-home-app-đếm-ngày-yêu/id6461726229?l=vi,93,vn
apps.apple.com/ca/app/mậu-binh-xập-xám-pro-zingplay/id6737819433,93,vn
apps.apple.com/vn/app/guzheng-extreme/id1442178018?l=vi,93,vn
apps.apple.com/vn/app/ninja-arashi/id1218127789?l=vi,93,vn
apps.apple.com/us/app/gencareer/id1525340804,93,vn
apps.apple.com/us/app/ghi-m-cuộc-gọi-cube-acr/id1613607637?l=vi,93,vn
apps.apple.com/vn/app/swiftgram-telegram-mod-client/id6471879502?l=vi,93,vn
apps.apple.com/vn/app/brain-wise/id1503379307,93,vn
apps.apple.com/vn/app/five-nights-at-freddys-4/id1023146677?l=vi,93,vn
apps.apple.com/in/app/stake-real-money-casino/id6503213684,92,vn
apps.apple.com/vn/app/1-2-3-4-player-games/id1635978552?l=vi,92,vn
apps.apple.com/vn/app/voffice-2-0-for-iphone/id1449234357,92,vn
apps.apple.com/us/app/litefinance/id1661254805?l=vi,92,vn
apps.apple.com/ch/app/google-übersetzer/id414706506?l=vi&platform=ipad,92,vn
apps.apple.com/vn/app/box-the-content-cloud/id290853822?l=vi,92,vn
apps.apple.com/ch/app/niệm-phật-gõ-mõ-tụng-kinh/id6474038918,92,vn
apps.apple.com/vn/app/viettel-money/id1344204781?l=vi,92,vn
apps.apple.com/vn/app/hellotalk-học-ngôn-ngữ/id557130558?l=vi,92,vn
apps.apple.com/us/app/openvpn-connect/id590379981,92,vn
apps.apple.com/us/app/steck/id1316609775?l=vi,92,vn
apps.apple.com/vn/app/simplize-chứng-khoán-đầu-tư/id1659974715,92,vn
apps.apple.com/us/app/lịch-vạn-niên-2026-lịch-việt/id1071624317,92,vn
apps.apple.com/vn/app/genshin-impact-funtap/id6451477469,92,vn
apps.apple.com/vn/app/taxi-gia-lai-xe-công-nghệ/id6461528943,92,vn
apps.apple.com/vn/app/files-file-manager-browser/id349275540?l=vi,92,vn
apps.apple.com/vn/app/trò-chơi-làm-kem-cuộn/id6463610814?l=vi,92,vn
apps.apple.com/us/app/volume-master-volume-control/id6475276906?l=vi,92,vn
apps.apple.com/us/app/loveydovey-trò-chuyện-mơ/id6468766519?l=vi,92,vn
apps.apple.com/vn/app/pops-điểm-hẹn-truyện-tranh/id1478994434?l=vi,92,vn
apps.apple.com/th/app/x/id333903271,100,th
apps.apple.com/us/app/zoho-mail-email-and-calendar/id909262651,100,th
apps.apple.com/th/app/photogrid-แก-ไขร-ปภาพ/id543577420?l=th,100,th
apps.apple.com/us/app/datemyage-mature-dating-40/id1270059501,100,th
apps.apple.com/th/app/osu-stream/id436952197?l=th,100,th
apps.apple.com/th/app/grindr-gay-dating-chat/id319881193?l=th,100,th
apps.apple.com/th/app/chatgpt/id6448311069,100,th
apps.apple.com/tw/app/有道翻译官-107种语言翻译/id576337924,100,th
apps.apple.com/us/app/pro-metronome-tempo-tuner/id477960671,100,th
apps.apple.com/th/app/wattpad/id306310789?l=th,100,th
apps.apple.com/tw/app/geofs-flight-simulator/id1438750773,100,tw
apps.apple.com/tw/app/kinemaster-vlog影片編輯/id1609369954,100,tw
apps.apple.com/tw/app/memoji/id1526384700,100,tw
apps.apple.com/tw/app/安兔兔评测/id803837129,100,tw
apps.apple.com/tw/app/聯絡人同步-google-及更多/id454390333,100,tw
apps.apple.com/tw/app/to-do-list-提醒事項-待辦事項桌面便利貼/id1476066606,100,tw
apps.apple.com/tw/app/tone-learn-perfect-pitch/id1139019670,100,tw
apps.apple.com/tw/app/荒漠甘泉/id446089602,100,tw
apps.apple.com/hk/app/epub-閱讀器-閱讀txt-chm-epub/id1296870631,100,tw
apps.apple.com/tw/app/崩壞-星穹鐵道/id1599719154,100,tw
apps.apple.com/us/app/auto-click-auto-clicker-app/id1621671011,100,co
apps.apple.com/co/app/el-heraldo/id1042164245,100,co
apps.apple.com/co/app/medplus-app/id1472273566,100,co
apps.apple.com/es/app/google-keep-notas-y-listas/id1029207872,100,co
apps.apple.com/gb/app/google-translate/id414706506,100,co
apps.apple.com/es/app/tidal-music-sonido-hifi/id913943275,100,co
apps.apple.com/es/app/blockman-go/id1426189000,100,co
apps.apple.com/cl/app/wallhaven-awesome-wallpapers/id1526479508,100,co
apps.apple.com/us/app/hbo-max-stream-movies-tv/id1666653815,100,co
apps.apple.com/ec/app/skin-editor-3d-for-minecraft/id6738647193,100,co
apps.apple.com/us/app/nowa-poczta-interia/id1141842988,100,be
apps.apple.com/gb/app/smartcric-hd-live-cricket-tv/id6504743772,100,be
apps.apple.com/be/app/mnm/id1116054448?l=nl,100,be
apps.apple.com/us/app/zangi-private-messenger/id549493839,100,be
apps.apple.com/us/app/victoria-milan-casual-dating/id1116934101,100,be
apps.apple.com/nl/app/merlin-bird-id-by-cornell-lab/id773457673,99,be
apps.apple.com/be/app/fond-décran-animé-myscreen/id1039845801?l=fr-FR,99,be
apps.apple.com/us/app/temu-shop-like-a-billionaire/id1641486558,99,be
apps.apple.com/us/app/firefox-private-web-browser/id989804926,99,be
apps.apple.com/be/app/i24news/id671837118?l=nl,99,be
apps.apple.com/be/app/klara/id1116054765?l=nl,99,be
apps.apple.com/nl/app/hava-durumu-meteoroloji/id509200200,99,be
apps.apple.com/cn/app/微博/id350962117,99,be
apps.apple.com/be/app/snooker-live-pro/id1071223741?l=nl,99,be
apps.apple.com/be/app/xtra/id1118862745,99,be
apps.apple.com/be/app/kruidvat/id1151434781?l=nl,99,be
apps.apple.com/us/app/united-airlines/id449945214,98,be
apps.apple.com/be/app/google-translate/id414706506?l=nl&platform=ipad,98,be
apps.apple.com/be/app/2-player-games-pastimes/id1496783791?l=nl,98,be
apps.apple.com/nl/app/whatthefont/id304304134,98,be
apps.apple.com/nl/app/camscanner-documenten-scannen/id388627783,98,be
apps.apple.com/us/app/waze-navigation-live-traffic/id323229106,98,be
apps.apple.com/de/app/google-übersetzer/id414706506,98,be
apps.apple.com/be/app/spotify-muziek-en-podcasts/id324684580?l=nl,97,be
apps.apple.com/be/app/padel-stats-ai/id6569216872,97,be
apps.apple.com/be/app/bel-rtl/id599568339?l=nl,97,be
apps.apple.com/be/app/weer-météo-bayer/id828420293?l=fr-FR,97,be
apps.apple.com/be/app/mobile-pocket-klantenkaarten/id384619059?l=nl,97,be
apps.apple.com/nl/app/microsoft-outlook/id951937596,97,be
apps.apple.com/be/app/shazam-identifier-la-musique/id284993459?l=fr-FR,97,be
apps.apple.com/us/app/geometry-dash/id625334537,97,be
apps.apple.com/us/app/plex-stream-live-tv-channels/id383457673,97,be
apps.apple.com/us/app/2-player-games-offline-games/id1465731199,97,be
apps.apple.com/nl/app/voetbalzone-nieuws-stats/id457836866,97,be
apps.apple.com/us/app/purple-place-classic-games/id1461751938,97,be
apps.apple.com/be/app/go-voyages-vols-pas-chers/id388162153,97,be
apps.apple.com/us/app/amazon-alexa/id944011620,97,be
apps.apple.com/us/app/ppsspp-psp-emulator/id6496972903,97,be
apps.apple.com/fr/app/flightradar24-flight-tracker/id382233851,97,be
apps.apple.com/us/app/thingiverse-printables-3d-go/id6462052942,97,be
apps.apple.com/nl/app/icloud-drive/id1070072560,97,be
apps.apple.com/us/app/bybit-buy-bitcoin-crypto/id1488296980,96,be
apps.apple.com/us/app/quicker/id893641182,96,be
apps.apple.com/nl/app/myfootball-manager/id6444751737,96,be
apps.apple.com/us/app/ventusky-weather-live-radar/id1280984498,96,be
apps.apple.com/nl/app/zalando-online-shopping/id585629514,96,be
apps.apple.com/be/app/sumup-afrekenen-en-beheren/id514879214?l=nl,96,be
apps.apple.com/be/app/h-m/id834465911?l=fr-FR,96,be
apps.apple.com/us/app/locket-widget/id1600525061,96,be
apps.apple.com/be/app/flightradar24-flight-tracker/id382233851?l=nl,96,be
apps.apple.com/be/app/king-online-trick-taking-game/id515745371?l=nl,96,be
apps.apple.com/us/app/plants-vs-zombies-2/id597986893,96,be
apps.apple.com/nl/app/toy-blast/id890378044,96,be
apps.apple.com/nl/app/milliyet-son-dakika-haberler/id489164377,96,be
apps.apple.com/nl/app/elfyourself/id582486077,96,be
apps.apple.com/nl/app/evernote-scannable/id883338188,96,be
apps.apple.com/nl/app/uno/id1344700142,95,be
apps.apple.com/nl/app/qrqr-qr-code-reader/id911719423,95,be
apps.apple.com/fr/app/adopte-app-de-rencontre/id405049280,95,be
apps.apple.com/es/app/microsoft-outlook/id951937596,95,be
apps.apple.com/us/app/efootball/id1117270703,95,be
apps.apple.com/us/app/chartistic-charting-app/id1127272574?l=nl,95,be
apps.apple.com/us/app/the-times-of-israel/id1006406749,95,be
apps.apple.com/nl/app/playstation-app/id410896080,95,be
apps.apple.com/us/app/level-devil-not-a-troll-game/id6477413486,95,be
apps.apple.com/us/app/calculator/id1069511488,95,be
apps.apple.com/fr/app/respirelax/id515900420,95,be
apps.apple.com/be/app/solidaris-wallonie/id1115646233,95,be
apps.apple.com/nl/app/cleanmymac/id1339170533,95,be
apps.apple.com/ci/app/jeux-de-voiture-2024-courses/id1580304919,95,be
apps.apple.com/be/app/aldi-belgië/id773081156,95,be
apps.apple.com/nl/app/toonapp-cartoon-foto-bewerken/id1540719743,95,be
apps.apple.com/nl/app/raya/id957215308,94,be
apps.apple.com/be/app/het-belang-van-limburg-krant/id513937172,94,be
apps.apple.com/be/app/tv-spielfilm-tv-programm/id346997126?l=nl,94,be
apps.apple.com/be/app/mymega-mobile/id6477753034,94,be
apps.apple.com/be/app/google-actualités/id459182288?l=fr-FR,94,be
apps.apple.com/ca/app/pinterest/id429047995,94,be
apps.apple.com/us/app/jitsi-meet/id1165103905,94,be
apps.apple.com/be/app/velo-antwerpen/id534476508?l=nl,93,be
apps.apple.com/be/app/sports-direct/id1119507124?l=nl,93,be
apps.apple.com/be/app/caradisiac-auto/id559505394?l=nl,93,be
apps.apple.com/us/app/score-hero/id847492141,93,be
apps.apple.com/be/app/nieuwsblad-nieuws/id539988296?l=nl,93,be
apps.apple.com/be/app/rtbf-actus/id412453498,93,be
apps.apple.com/th/app/google-แปลภาษา/id414706506?l=th,93,be
apps.apple.com/be/app/cetelem-alphacredit/id1568452045?l=nl,93,be
apps.apple.com/be/app/lingo-official-word-game/id1564413692?l=nl,93,be
apps.apple.com/ro/app/vorbește-traducă-traducere/id804641004?l=ro,92,be
apps.apple.com/fr/app/seloger-location-achat-immo/id326883014,92,be
apps.apple.com/nl/app/tennis-temple/id994168446,92,be
apps.apple.com/be/app/programme-tv-télé-7-jours/id313386235?l=nl,92,be
apps.apple.com/nl/app/homewizard-energy/id1492427207,92,be
apps.apple.com/be/app/piccollage-photo-éditeur/id448639966?l=fr-FR,92,be
apps.apple.com/us/app/fruit-ninja/id403858572,92,be
apps.apple.com/nl/app/kruidvat-app/id531631058,92,be
apps.apple.com/us/app/pricecharting-tcg-games/id6452190948,91,be
apps.apple.com/de/app/der-spiegel-nachrichten/id424881832,91,be
apps.apple.com/us/app/quizlet-more-than-flashcards/id546473125,91,be
apps.apple.com/us/app/zynga-poker-texas-holdem/id354902315,91,be
apps.apple.com/us/app/gardenscapes/id1105855019,91,be
apps.apple.com/be/app/arabel/id1562827301?l=nl,91,be
apps.apple.com/be/app/beeple/id1141408915?l=nl,91,be
apps.apple.com/nl/app/a-better-routeplanner-abrp/id1490860521,91,be
apps.apple.com/be/app/rally-racer-dirt/id928165667?l=nl,91,be
apps.apple.com/nl/app/microsoft-outlook/id985367838?mt=12,90,be
apps.apple.com/nl/app/email-app-mymail/id722120997,90,be
apps.apple.com/nl/app/kik-messaging-chat-app/id357218860,90,be
apps.apple.com/nl/app/solitaire-1-kaartspel/id1073936461,90,be
apps.apple.com/nl/app/signal-messenger/id874139669,90,be
apps.apple.com/nl/app/smarters-pro/id6450746159,90,be
apps.apple.com/fr/app/teamviewer-remote-control/id692035811,90,be
apps.apple.com/us/app/slack/id618783545,90,be
apps.apple.com/fr/app/solitaire-1-classique-cartes/id1073936461,90,be
apps.apple.com/nl/app/yazio-calorieënteller/id946099227,90,be
apps.apple.com/us/app/google-notebooklm/id6737527615,90,be
apps.apple.com/be/app/myag-employee-benefits/id1423600666?l=nl,89,be
apps.apple.com/nl/app/karafun-karaoke-muziekquiz/id431050674,89,be
apps.apple.com/be/app/carrefour-belgique/id1209560767?l=fr-FR,89,be
apps.apple.com/be/app/betterme-health-coaching/id1264546236?l=nl,89,be
apps.apple.com/fr/app/dictionnaire-français-espagnol/id1099899639,89,be
apps.apple.com/be/app/canva-ontwerp-foto-en-video/id897446215?l=nl&platform=mac,89,be
apps.apple.com/be/app/calc-smart-calculator/id576675190?l=nl,89,be
apps.apple.com/be/app/gazet-van-antwerpen/id520098931,89,be
apps.apple.com/us/app/dream-league-soccer-2025/id1462911602,89,be
apps.apple.com/us/app/wikipedia/id324715238,89,be
apps.apple.com/lu/app/google-maps/id585027354?l=fr-FR,88,be
apps.apple.com/nl/app/my-love-relationship-counter/id409609608,88,be
apps.apple.com/fr/app/photo-collage-montage-cadres/id774780132,88,be
apps.apple.com/be/app/verbuga-frans-werkwoorden-trainer-lite/id499341885?l=nl,88,be
apps.apple.com/us/app/pacsonweb/id1462055312,88,be
apps.apple.com/be/app/titres-services-wallonie/id1497151960,88,be
apps.apple.com/fr/app/ryanair/id504270602,88,be
apps.apple.com/us/app/klondike-adventures-farm-game/id1127240206,88,be
apps.apple.com/us/app/shazam-find-music-concerts/id284993459,88,be
apps.apple.com/us/app/room-planner-ai-home-design/id1076159017,88,be
apps.apple.com/nl/app/piccollage-magic-photo-editor/id448639966,88,be
apps.apple.com/nl/app/fietsknoop-fiets-en-wandel-app/id351409471,88,be
apps.apple.com/us/app/heetch-ride-hailing-app-24-7/id693137280,88,be
apps.apple.com/nl/app/hema-foto-app-50-producten/id1524771059,88,be
apps.apple.com/be/app/pakske-slimme-geboortelijst/id6448183911,88,be
apps.apple.com/be/app/mon-club-aft-padel/id1622596277?l=nl,87,be
apps.apple.com/be/app/studio-brussel/id388159251?l=nl,87,be
apps.apple.com/fr/app/loto-online/id581739568,87,be
apps.apple.com/nl/app/hartenjagen-online-offline/id1059473669,87,be
apps.apple.com/nl/app/macos-catalina/id1466841314,86,be
apps.apple.com/be/app/private-sport-shop/id929636522,86,be
apps.apple.com/cz/app/překladač-google/id414706506?l=cs,86,be
apps.apple.com/nl/app/faceapp-dé-gezichtseditor/id1180884341,86,be
apps.apple.com/us/app/xe-send-money-currency/id315241195,86,be
apps.apple.com/be/app/circus-casino/id6736353312,86,be
apps.apple.com/be/app/izimi/id1536437100?l=nl,86,be
apps.apple.com/us/app/storyteller/id1608097488,86,be
apps.apple.com/be/app/goplay/id1583912563,85,be
apps.apple.com/nl/app/google-play-boeken/id400989007,85,be
apps.apple.com/us/app/clapper-video-live-chat/id1522122685,85,be
apps.apple.com/fr/app/brawl-stars/id1229016807,85,be
apps.apple.com/us/app/toy-blast/id890378044,85,be
apps.apple.com/be/app/myonlinecalendar/id698657526,85,be
apps.apple.com/be/app/7sur7/id403354213,85,be
apps.apple.com/us/app/temple-run-2-endless-escape/id572395608,85,be
apps.apple.com/us/app/music-downloader-mp3-player/id1447312762,84,be
apps.apple.com/be/app/google-presentaties/id879478102?l=nl,84,be
apps.apple.com/us/app/plants-vs-zombies/id893677096,84,be
apps.apple.com/be/app/rtbf-auvio-direct-et-replay/id1249992761?l=fr-FR,84,be
apps.apple.com/fr/app/engie-energie-électricité-gaz/id1104269908,84,be
apps.apple.com/at/app/wetter-deutschland-schweiz-xl/id990822895,84,be
apps.apple.com/nl/app/google-chat/id1163852619,84,be
apps.apple.com/us/app/microsoft-powerpoint/id586449534,84,be
apps.apple.com/be/app/classdojo/id552602056?l=nl,84,be
apps.apple.com/nl/app/deepl-translator/id1552407475,84,be
apps.apple.com/us/app/fortnite/id6483539426,84,be
apps.apple.com/nl/app/paris-metro-map-and-routes/id527534137,84,be
apps.apple.com/fr/app/sonnerie-pour-iphone/id380908399,84,be
apps.apple.com/us/app/mangago-ultimate-manga-app/id6553989464,84,be
apps.apple.com/nl/app/decibel-meter-sound-meter/id1205186197,83,be
apps.apple.com/be/app/ifun-de/id369902977?l=nl,83,be
apps.apple.com/be/app/quora/id456034437?l=nl,83,be
apps.apple.com/be/app/my-arval-mobile/id1305264309?l=nl,83,be
apps.apple.com/nl/app/laadnet/id1589909891,83,be
apps.apple.com/us/app/bloons-td-6/id1118115766,83,be
apps.apple.com/us/app/sayhi-chat-meet-new-people/id469609836,83,be
apps.apple.com/be/app/ec3/id1321621261,82,be
apps.apple.com/be/app/tekst-naar-spraak/id1446876360?l=nl,82,be
apps.apple.com/nl/app/scanner-app-genius-scan/id377672876,82,be
apps.apple.com/be/app/fintro-easy-banking/id544288649,82,be
apps.apple.com/be/app/drift-hunters/id1222331362?l=nl,82,be
apps.apple.com/be/app/edonon-tv-euskaltel/id6476112962,82,be
apps.apple.com/be/app/lavenir-actu-24h-24/id533823447?l=nl,82,be
apps.apple.com/nl/app/foto-bewerken/id597851882,82,be
apps.apple.com/us/app/wheel-of-names-picker-wheel/id6445798822,82,be
apps.apple.com/be/app/padlet/id834618886?l=nl,82,be
apps.apple.com/nl/app/solitaire-grand-harvest/id1223338261,82,be
apps.apple.com/nl/app/smartthings/id1222822904,82,be
apps.apple.com/be/app/vanden-borre-mysecurity/id863910078?l=nl,82,be
apps.apple.com/be/app/miles-more/id512571708?l=nl,82,be
apps.apple.com/us/app/aiscore-live-sports-scores/id1477171291,82,be
apps.apple.com/nl/app/asuratoon-pro-manga-tracker/id1575306707,82,be
apps.apple.com/be/app/radius-velocity/id934846140,82,be
apps.apple.com/be/app/mycph-mobile/id935210539,82,be
apps.apple.com/es/app/cat-escape/id1536578421,100,ar
apps.apple.com/es/app/matific-math/id1440019986,100,ar
apps.apple.com/es/app/granny-chapter-two/id1479175321,100,ar
apps.apple.com/ar/app/atc-sports-alquila-tu-cancha/id1229433516,100,ar
apps.apple.com/gt/app/kick-live-streaming/id6446202561,100,ar
apps.apple.com/us/app/aol-mail-news-weather/id646100661,100,ar
apps.apple.com/ar/app/mytrip-com-tu-próximo-vuelo/id1497490598,99,ar
apps.apple.com/ar/app/ioverlander-2/id1486556203,99,ar
apps.apple.com/es/app/dual-space-parallel-dual-apps/id6444341894,99,ar
apps.apple.com/ar/app/hoop-find-friends-chat-app/id1442571346,99,ar
apps.apple.com/br/app/mercado-livre-compras-online/id463624852,99,ar
apps.apple.com/ar/app/g-switch-3/id1352726688,99,ar
apps.apple.com/ar/app/modo/id1530606263,99,ar
apps.apple.com/cr/app/escot-comprá-vendé-ganá/id6480478411,99,ar
apps.apple.com/ar/app/cocos-invertí-ahorrá-y-pagá/id1634675415,99,ar
apps.apple.com/ar/app/taxicoop-mar-del-plata/id6479526646,98,ar
apps.apple.com/us/app/router-keygen-wifi-passwords/id1160918124?l=es,98,ar
apps.apple.com/ar/app/gun-club-2-best-in-virtual-weaponry/id311594640,98,ar
apps.apple.com/ar/app/comafi/id6450553669,98,ar
apps.apple.com/ar/app/gametwist-máquinas-tragaperras/id454690785,98,ar
apps.apple.com/us/app/wifi-map-internet-esim/id548925969?l=es-MX,98,ar
apps.apple.com/ar/app/descargar-videos-pinterest/id1600945247,97,ar
apps.apple.com/ar/app/carrefour-banco/id1488627762,97,ar
apps.apple.com/us/app/abcya-games-kids-learning-app/id1079974015,97,ar
apps.apple.com/co/app/wplay-co/id1490941885,97,ar
apps.apple.com/ar/app/cadena-heat/id1033023698,97,ar
apps.apple.com/ar/app/cineplus/id1503065954,97,ar
apps.apple.com/pa/app/prosperi-academy/id6450854300,97,ar
apps.apple.com/ar/app/siso-daily-share-video-chat/id6746778061,96,ar
apps.apple.com/hk/app/thumbzilla/id361460687?l=en-GB,96,ar
apps.apple.com/ar/app/tup-bariloche/id6463365831,96,ar
apps.apple.com/ar/app/rome2rio/id569793256,96,ar
apps.apple.com/ke/app/maxicambios-app/id6473728422,96,ar
apps.apple.com/ve/app/walp-full-hd-4k-wallpapers/id1492036930,96,ar
apps.apple.com/ar/app/taxis-y-remises-cba/id6475013185,96,ar
apps.apple.com/us/app/star-by-face-celebrity-twin/id1633698910?l=es-MX,96,ar
apps.apple.com/ar/app/y2-mate-descargar-vídeos/id6714475039,96,ar
apps.apple.com/us/app/macos-monterey/id1576738294?mt=12,96,ar
apps.apple.com/us/app/jackpot-party-casino-slots/id575980917,96,ar
apps.apple.com/es/app/scary-teacher-3d/id1250783151,96,ar
apps.apple.com/us/app/sport-7-club/id1671652228,95,ar
apps.apple.com/ar/app/gps-tracker-mobile-tracking/id1025196806,95,ar
apps.apple.com/ar/app/sancor-salud-up/id1472799086,95,ar
apps.apple.com/us/app/portal-del-empleado-neuquén/id1458392850,95,ar
apps.apple.com/do/app/melanie-marie/id1351487942,95,ar
apps.apple.com/do/app/88-fortunes-casino-tragaperras/id1091301948,95,ar
apps.apple.com/ar/app/puma-pris-argentina/id1608298059,95,ar
apps.apple.com/es/app/rtve-play/id481097328,95,ar
apps.apple.com/es/app/bloqueo-de-aplicaciones-apps/id6451248050,95,ar
apps.apple.com/sa/app/icbc-mobile-banking-argentina/id994922054,95,ar
apps.apple.com/uy/app/pinterest-downloader-pingrab/id1600945247,95,ar
apps.apple.com/gb/app/celebrity-look-alike-ai-art/id1484939249?l=es,95,ar
apps.apple.com/ar/app/manganelo-rock-manga-pro/id1540527984,95,ar
apps.apple.com/ar/app/app-banco-rioja/id1644191115,94,ar
apps.apple.com/gb/app/gamecity/id1558791756,94,ar
apps.apple.com/es/app/smart-time-pro/id1494999335,94,ar
apps.apple.com/us/app/snapbridge/id1121563450,94,ar
apps.apple.com/es/app/macos-sonoma/id6450717509?mt=12,94,ar
apps.apple.com/es/app/duolingo-aprende-idiomas/id570060128,94,ar
apps.apple.com/es/app/online-soccer-manager-osm/id400201466,94,ar
apps.apple.com/cr/app/louder-volume-booster/id1564277746,94,ar
apps.apple.com/gt/app/resolver-cubo-ruby-21moves/id1533263247,94,ar
apps.apple.com/mx/app/papas-pizzeria-to-go/id925494667,94,ar
apps.apple.com/ar/app/repeat-gg/id6476071273,93,ar
apps.apple.com/es/app/football-strike/id1240162700,93,ar
apps.apple.com/sv/app/futbol-en-vivo-tv/id1623712356,93,ar
apps.apple.com/es/app/letras-mus-br/id773347891,93,ar
apps.apple.com/hn/app/matchpub-videochat-en-vivo/id1562311685,93,ar
apps.apple.com/us/app/calciomercato-com/id512488006?l=es,93,ar
apps.apple.com/ar/app/prode-master/id1387232662,93,ar
apps.apple.com/hn/app/pet-society-island/id6670238033,93,ar
apps.apple.com/uy/app/chamuyo-ai/id6740306153,93,ar
apps.apple.com/es/app/watch/id1069511734,93,ar
apps.apple.com/mx/app/newegg-tech-shopping-online/id345188269,93,ar
apps.apple.com/ar/app/medifé-móvil/id1137618403,93,ar
apps.apple.com/us/app/tap-tool/id1034326098?l=es,93,ar
apps.apple.com/ar/app/manhunt-chat-gay-y-ligar/id398537918,93,ar
apps.apple.com/gb/app/amazon-shopping/id335187483,92,ar
apps.apple.com/ar/app/365scores-resultados-en-vivo/id571801488,92,ar
apps.apple.com/us/app/form-for-google-forms/id1544827472,92,ar
apps.apple.com/us/app/wattpad-read-write-stories/id306310789,92,ar
apps.apple.com/us/app/xmeye/id884006786,92,ar
apps.apple.com/us/app/aspen-fm-102-3/id1063833371,92,ar
apps.apple.com/bo/app/mi-talking-tom-2/id1337578317,92,ar
apps.apple.com/es/app/forebet-football-predictions/id6443482854,92,ar
apps.apple.com/gt/app/pearson-english-portal-app/id1578712831,92,ar
apps.apple.com/ar/app/udocz-aprendizaje-con-ia/id6742149820,92,ar
apps.apple.com/us/app/files/id1232058109,92,ar
apps.apple.com/us/app/bigjpg/id1494827858?l=es-MX,92,ar
apps.apple.com/us/app/music-downloader-mp3-player/id1447312762,91,ar
apps.apple.com/es/app/dumb-ways-to-die/id639930688,91,ar
apps.apple.com/ec/app/x-anteriormente-twitter/id333903271,91,ar
apps.apple.com/gt/app/temple-run-2-endless-escape/id572395608,91,ar
apps.apple.com/us/app/inshot-video-editor/id997362197?l=es-MX,91,ar
apps.apple.com/ar/app/amazon-alexa/id944011620,91,ar
apps.apple.com/us/app/gacha-life/id1440430680,91,ar
apps.apple.com/es/app/blackmagic-camera/id6449580241,91,ar
apps.apple.com/ar/app/popit-master-juego-tranquilos/id1573558422,91,ar
apps.apple.com/es/app/scream-go-hero/id1212039074,91,ar
apps.apple.com/ar/app/hiper-anselmi/id6468691581,91,ar
apps.apple.com/pe/app/off-the-road-otr-mud-racing/id1324024113,91,ar
apps.apple.com/us/app/messages/id1146560473,91,ar
apps.apple.com/bo/app/sniper-shooter-fps-games/id635573390,91,ar
apps.apple.com/hn/app/bingo-juego-absolute-bingo/id763809737,90,ar
apps.apple.com/ar/app/iag/id6448919541,90,ar
apps.apple.com/es/app/juegos-de-palabras-en-español/id1548971672,90,ar
apps.apple.com/us/app/wordscapes/id1207472156,90,ar
apps.apple.com/ar/app/payway/id1550133741,90,ar
apps.apple.com/ar/app/microsoft-word/id462054704,90,ar
apps.apple.com/es/app/gps-mi-ubicación/id1481942663,90,ar
apps.apple.com/es/app/adobe-digital-editions/id952977781,90,ar
apps.apple.com/es/app/emoji/id506460513,90,ar
apps.apple.com/es/app/animash/id6449205956,90,ar
apps.apple.com/ve/app/fly-radar-flight-tracker-24/id933992899,90,ar
apps.apple.com/ve/app/prueba-de-micrófono/id6447490663,90,ar
apps.apple.com/us/app/nuke-map-nuke-simulator/id6730122037,90,ar
apps.apple.com/cr/app/juegos-sin-internet-offline/id6470471626,90,ar
apps.apple.com/py/app/tomb-of-the-mask-fun-games/id1057889290,90,ar
apps.apple.com/hn/app/volume-master-volume-control/id6475276906,90,ar
apps.apple.com/sv/app/rastrear-celular-por-numero/id1669041518,89,ar
apps.apple.com/pe/app/hsbc-uk-mobile-banking/id1220329065,89,ar
apps.apple.com/pa/app/vola/id6503945376,89,ar
apps.apple.com/es/app/lightshot-screenshot/id526298438,89,ar
apps.apple.com/hn/app/efootball/id1117270703,89,ar
apps.apple.com/cl/app/jackpot-city-online-casino/id571932135,89,ar
apps.apple.com/us/app/google-drive/id507874739,89,ar
apps.apple.com/us/app/bus-simulator-ultimate/id1461749632,89,ar
apps.apple.com/ar/app/union-personal/id1567651531,89,ar
apps.apple.com/co/app/dafiti-destino-de-moda-online/id564924168,89,ar
apps.apple.com/ar/app/papas-freezeria-hd/id715822238,89,ar
apps.apple.com/ar/app/shazam-descubre-música/id284993459,89,ar
apps.apple.com/us/app/grammarly-ai-writing-keyboard/id1158877342,88,ar
apps.apple.com/es/app/tidal-music-sonido-hifi/id913943275,88,ar
apps.apple.com/ar/app/glassdoor-empleos-y-sueldos/id589698942,88,ar
apps.apple.com/cl/app/movistar-smart-wifi/id1219284990,88,ar
apps.apple.com/do/app/ezviz/id886947564,88,ar
apps.apple.com/cr/app/hoy-milonga-club/id1443929413,88,ar
apps.apple.com/us/app/mp3-converter-audio-extractor/id1305099161,88,ar
apps.apple.com/pa/app/vita-editor-y-creador-de-vídeo/id1488430631,88,ar
apps.apple.com/ar/app/portal-de-empresa-de-intune/id719171358,88,ar
apps.apple.com/pe/app/identi/id6472050366,88,ar
apps.apple.com/us/app/gold-fish-slots-casino-games/id806393795,88,ar
apps.apple.com/uy/app/siged-mobile/id1245315057,88,ar
apps.apple.com/ar/app/openkey/id1326856476,88,ar
apps.apple.com/es/app/azar-video-chat-descubre/id972558973,88,ar
apps.apple.com/ec/app/showflix-series-tv/id1099086261,87,ar
apps.apple.com/cl/app/meitu-photo-video-editor/id416048305,87,ar
apps.apple.com/ar/app/pasapalabra-juego-quiz-de-tv/id6450698466,87,ar
apps.apple.com/pe/app/forebears/id1542532908,87,ar
apps.apple.com/co/app/ac-remote-air-conditioner-pro/id6503291562,87,ar
apps.apple.com/ar/app/driving-zone/id1058355648,87,ar
apps.apple.com/sv/app/meeff-hacer-amigos-globales/id1064381508,87,ar
apps.apple.com/ar/app/crossy-road/id924373886,87,ar
apps.apple.com/gt/app/gacha-nox-nebula-mod/id6478878827,87,ar
apps.apple.com/es/app/juegos-de-vestir-sin-internet/id6443842613,87,ar
apps.apple.com/cl/app/preguntados-2/id1424533120,87,ar
apps.apple.com/es/app/radarbot-avisador-de-radares/id1099797635,87,ar
apps.apple.com/us/app/futbol24-soccer-livescore-app/id338764030,87,ar
apps.apple.com/ar/app/pasion-eventos-app/id1593719383,87,ar
apps.apple.com/ar/app/taxi-coop/id712357896?l=en-GB,87,ar
apps.apple.com/es/app/extreme-car-driving-simulator/id959498315,87,ar
apps.apple.com/us/app/granny/id1323957120,87,ar
apps.apple.com/ar/app/padaria-fino-pão/id1670507897,87,ar
apps.apple.com/do/app/22-energías-matriz-destino/id6460858756,87,ar
apps.apple.com/mx/app/cursed-house-multiplayer-gmm/id6743131179,87,ar
apps.apple.com/us/app/grand-theft-auto-san-andreas/id763692274,87,ar
apps.apple.com/ar/app/full24/id1571582348,86,ar
apps.apple.com/es/app/wallapop-vende-y-compra/id692753615,86,ar
apps.apple.com/us/app/fox-news-us-world-headlines/id367623543,86,ar
apps.apple.com/es/app/fruit-ninja/id403858572,86,ar
apps.apple.com/es/app/citymapper/id469463298,86,ar
apps.apple.com/us/app/hinge-dating-app-match-date/id595287172,86,ar
apps.apple.com/us/app/jewel-gem-match-3-jewel-game/id1511963773,86,ar
apps.apple.com/us/app/videoshop-video-editor/id615563599,86,ar
apps.apple.com/ar/app/conecta-hospital-privado/id1597965172?l=en-GB,86,ar
apps.apple.com/es/app/bingo-money-gana-dinero-real/id1530537170,86,ar
apps.apple.com/ar/app/oficina-virtual-secheep/id1539175945,86,ar
apps.apple.com/us/app/frecuencia-plus/id1437308812,85,ar
apps.apple.com/es/app/tft-teamfight-tactics/id1480616748,85,ar
apps.apple.com/es/app/puzles-juego-de-puzle/id1324604053,85,ar
apps.apple.com/ar/app/calendario/id1108185179,85,ar
apps.apple.com/us/app/dramabox-stream-drama-shorts/id6445905219,85,ar
apps.apple.com/do/app/trimi-tv-en-vivo/id1621997071,85,ar
apps.apple.com/es/app/musclewiki-entreno-y-fitness/id1096827640,85,ar
apps.apple.com/ar/app/cine-rex-roca/id1469598481,85,ar
apps.apple.com/hn/app/grand-truck-simulator-2/id1510951882,85,ar
apps.apple.com/us/app/prex-argentina/id1449144455,85,ar
apps.apple.com/us/app/lichess-online-chess/id968371784,85,ar
apps.apple.com/bz/app/gps-fields-area-measure-map/id1123033235?l=es-MX,84,ar
apps.apple.com/mx/app/cue-notas-ia-de-la-reunión/id6741517781,84,ar
apps.apple.com/ar/app/bombo/id6444416394,84,ar
apps.apple.com/ar/app/collage-de-fotos-incollage/id1446828002,84,ar
apps.apple.com/ni/app/toonapp-foto-caricatura-filtro/id1540719743,84,ar
apps.apple.com/cr/app/the-spike-volleyball-story/id1510097347,84,ar
apps.apple.com/es/app/mi-fitness-xiaomi-wear-lite/id1493500777,84,ar
apps.apple.com/mx/app/live-futbol-tv-guía-de-fútbol/id874726939,84,ar
apps.apple.com/ar/app/empanadas-de-10/id1493545374,84,ar
apps.apple.com/es/app/pengu-mascotas-virtuales/id6462927800,84,ar
apps.apple.com/ar/app/energía-de-misiones/id1480067510,84,ar
apps.apple.com/pe/app/bet365-apuestas-deportivas/id1600278975,84,ar
apps.apple.com/se/app/kartavståndsmätning/id677654955,100,se
apps.apple.com/se/app/barometer-plus/id1071044152,100,se
apps.apple.com/se/app/airweb-web-browser-for-apple-tv/id770893993,100,se
apps.apple.com/fr/app/poczta-o2/id1033546634,100,se
apps.apple.com/se/app/apple-supporten/id1130498044,100,se
apps.apple.com/us/app/clash-of-clans/id529479190,100,se
apps.apple.com/se/app/capio-vård-för-alla/id1476377858,100,se
apps.apple.com/us/app/iriun-webcam-for-pc-and-mac/id1439303579,100,se
apps.apple.com/se/app/viktdagbok-lite/id468520999,100,se
apps.apple.com/se/app/blekingetrafiken/id1440007652,100,se
apps.apple.com/us/app/hbo-max-stream-movies-tv/id1666653815,100,se
apps.apple.com/se/app/tempus-nu/id967957216,100,se
apps.apple.com/se/app/översätt-gratis-språk-översätt-och-ordbok/id306752957,100,se
apps.apple.com/se/app/studio-creator-studio/id1624618970,100,se
apps.apple.com/us/app/remitly-send-money-transfer/id674258465,99,se
apps.apple.com/se/app/joom-shopping-varje-dag/id1117424833,99,se
apps.apple.com/se/app/geogebra-classic/id687678494,99,se
apps.apple.com/ru/app/күнделік-мектеп/id1350749651,99,se
apps.apple.com/se/app/fortnox/id1350403648,99,se
apps.apple.com/se/app/den-bästa-kompass/id892331870,99,se
apps.apple.com/sa/app/imo-international-calls-chat/id336435697,99,se
apps.apple.com/ru/app/дневник-ру/id1127180528,99,se
apps.apple.com/us/app/pexels/id1434330413,99,se
apps.apple.com/cn/app/släpvagnskollen/id1416824788?l=en,99,se
apps.apple.com/se/app/strengnäs-tidning/id1231443883,99,se
apps.apple.com/tr/app/e-devlet/id976505454,99,se
apps.apple.com/se/app/heroma-mintid/id623736119,99,se
apps.apple.com/se/app/nordicbet-sports-betting/id1660368213,99,se
apps.apple.com/se/app/samsung-health/id1224541484,98,se
apps.apple.com/se/app/mecenat/id416451110,98,se
apps.apple.com/us/app/azangoo/id813162815,98,se
apps.apple.com/se/app/umax-ai-face-scan-rate-face/id6478508605,98,se
apps.apple.com/se/app/persian-keyboard-farsi-keys/id6449839521,98,se
apps.apple.com/us/app/macos-high-sierra/id1246284741?mt=12,98,se
apps.apple.com/se/app/icloud-drive/id1070072560,98,se
apps.apple.com/us/app/google-voice/id318698524,98,se
apps.apple.com/se/app/doktor24-öppet-livet-runt/id1249339459,98,se
apps.apple.com/se/app/lovers-adult-dating/id1517571420,98,se
apps.apple.com/se/app/mitt-friskis/id1485214114,98,se
apps.apple.com/se/app/charader-vad-gör-jag/id1592118437,98,se
apps.apple.com/se/app/mätverktyg-mäta-avstånd-gps/id1624472031,98,se
apps.apple.com/ru/app/яндекс-браузер/id483693909,98,se
apps.apple.com/se/app/macos-big-sur/id1526878132,98,se
apps.apple.com/us/app/grindr-gay-dating-chat/id319881193,98,se
apps.apple.com/us/app/ringtones-maker-the-ring-app/id1358107315,97,se
apps.apple.com/us/app/faceapp-perfect-face-editor/id1180884341,97,se
apps.apple.com/us/app/egg-inc/id993492744,97,se
apps.apple.com/us/app/proton-vpn-fast-secure/id1437005085,97,se
apps.apple.com/se/app/candy-crush-soda-saga/id850417475,97,se
apps.apple.com/se/app/smart-gps-hastighetsmätare/id711323002,97,se
apps.apple.com/se/app/peachy-redigera-bilder/id1390423469,97,se
apps.apple.com/se/app/youtube-music/id1017492454,97,se
apps.apple.com/se/app/le-chat-by-mistral-ai/id6740410176,97,se
apps.apple.com/gb/app/bbc-iplayer/id416580485,97,se
apps.apple.com/se/app/my-talking-tom/id657500465,97,se
apps.apple.com/se/app/the-unarchiver/id425424353?mt=12,96,se
apps.apple.com/se/app/clips/id1212699939,96,se
apps.apple.com/se/app/provinstidningen/id959590192,96,se
apps.apple.com/us/app/wow-classic-talent-calculator/id1477744876,96,se
apps.apple.com/se/app/trakt-tv-shows-movies/id1514873602,96,se
apps.apple.com/us/app/quora/id456034437,96,se
apps.apple.com/se/app/gissa-bilden-gratis-ordspel/id970155050,96,se
apps.apple.com/se/app/gopro-quik/id561350520,96,se
apps.apple.com/us/app/myfitnesspal-calorie-counter/id341232718,96,se
apps.apple.com/gb/app/amazon-shopping/id335187483,95,se
apps.apple.com/se/app/slidescan-skanna-diabilder/id1485358131,95,se
apps.apple.com/us/app/expressvpn-secure-fast-vpn/id886492891,95,se
apps.apple.com/az/app/instadp-insta-profile-zoomer/id1639701877,95,se
apps.apple.com/se/app/plejd/id1032689423,95,se
apps.apple.com/us/app/shein-shopping-online/id878577184,95,se
apps.apple.com/se/app/signal-privata-meddelanden/id874139669,95,se
apps.apple.com/gb/app/bet365-sports-betting/id519684662,94,se
apps.apple.com/se/app/meta-business-suite/id514643583,94,se
apps.apple.com/us/app/games-for-cats/id1394742877,94,se
apps.apple.com/se/app/offline-games-no-wifi-games/id6448104157,94,se
apps.apple.com/us/app/passwords/id6473799789,94,se
apps.apple.com/us/app/time-timer/id332520417,94,se
apps.apple.com/se/app/photo-lab-ai-portrait-editor/id441457218,94,se
apps.apple.com/us/app/granny/id1323957120,94,se
apps.apple.com/se/app/vsco-photo-video-editor/id588013838,94,se
apps.apple.com/se/app/ud-resklar/id441456703,94,se
apps.apple.com/us/app/muslima-halal-muslim-dating/id1580680952,94,se
apps.apple.com/se/app/bloons-td-5-hd/id566199224,94,se
apps.apple.com/se/app/macos-catalina/id1466841314?mt=12,94,se
apps.apple.com/us/app/hardest-game-ever-2/id606080169,93,se
apps.apple.com/se/app/mail-com-email-cloud/id461316429,93,se
apps.apple.com/se/app/viamichelin-gps-route-planner/id443142682,93,se
apps.apple.com/se/app/comviq/id469353162,93,se
apps.apple.com/se/app/gratis-sms/id464089527,93,se
apps.apple.com/se/app/viki-asian-dramas-movies-tv/id445553058,93,se
apps.apple.com/se/app/look-tv/id1073891066,93,se
apps.apple.com/us/app/vidstream/id1602660231,93,se
apps.apple.com/se/app/aftonbladet-tidning/id401613990,93,se
apps.apple.com/se/app/vipps/id984380185,93,se
apps.apple.com/us/app/swiss/id343038584,92,se
apps.apple.com/se/app/eposten/id782425663,92,se
apps.apple.com/se/app/spindelharpan-solitaire/id1021946968,92,se
apps.apple.com/se/app/apple-tv/id1174078549,92,se
apps.apple.com/se/app/alo-rs/id1452042063,92,se
apps.apple.com/se/app/koranen-på-svenska/id1138269398,92,se
apps.apple.com/se/app/menskalender-menskoll-hälsa/id896501514,92,se
apps.apple.com/se/app/beslut-med-snurrhjul/id1482510249,92,se
apps.apple.com/se/app/min-skogsgård/id1499114398,92,se
apps.apple.com/se/app/höjdmätare-gps/id1123926884,92,se
apps.apple.com/us/app/christmas-hd-wallpapers/id1176480355,92,se
apps.apple.com/au/app/my-lightning-tracker/id1175031987?l=sv,92,se
apps.apple.com/se/app/lt-södertälje-e-tidning/id1148045371,92,se
apps.apple.com/hu/app/google-fordító/id414706506?l=hu,92,se
apps.apple.com/se/app/bombast-bonbast/id6753949181,92,se
apps.apple.com/se/app/sklt-e-tidning/id492589149,91,se
apps.apple.com/us/app/agoda-cheap-flights-hotels/id440676901,91,se
apps.apple.com/se/app/sjökort-storsjön/id6743343494,91,se
apps.apple.com/se/app/ifun-new-live-new-fun/id6449085792,91,se
apps.apple.com/us/app/zedge-wallpapers-ringtones/id1086101495,91,se
apps.apple.com/se/app/rasta/id1456585238,91,se
apps.apple.com/se/app/airfryer-recept-airfryer-chef/id6529540197,91,se
apps.apple.com/us/app/weibo-intl/id1215210046,91,se
apps.apple.com/se/app/quinyx-mobile/id484097475,91,se
apps.apple.com/us/app/signal-private-messenger/id874139669,91,se
apps.apple.com/se/app/parkman/id505190698,91,se
apps.apple.com/se/app/kristendate-sverige/id843773179,90,se
apps.apple.com/se/app/spindelharpan-kortspelet/id741599026,90,se
apps.apple.com/se/app/normal/id1371967496,90,se
apps.apple.com/se/app/libero-mail/id945341788,90,se
apps.apple.com/us/app/talking-ben-the-dog/id416345319,90,se
apps.apple.com/ly/app/ترجمة-google/id414706506?l=ar,90,se
apps.apple.com/ng/app/video-downloader-from-youtube/id6743542653,90,se
apps.apple.com/us/app/shop-all-your-favorite-brands/id1223471316,90,se
apps.apple.com/se/app/arbetarbladet-e-tidning/id783872660,90,se
apps.apple.com/se/app/viltdata/id1467715834,90,se
apps.apple.com/us/app/uber-eats-food-groceries/id1058959277,90,se
apps.apple.com/se/app/gitarr-stämmare-stäm-gitarr/id662890455,90,se
apps.apple.com/us/app/izurvive-dayz-maps/id585632597,90,se
apps.apple.com/se/app/atwork-tidsspårning-tidrapport/id857189697,90,se
apps.apple.com/no/app/boozt-com/id943438893,90,se
apps.apple.com/se/app/cineasterna/id1446065399,90,se
apps.apple.com/us/app/five-nights-at-freddys/id912536422,90,se
apps.apple.com/sg/app/binance-buy-bitcoin-crypto/id1436799971,90,se
apps.apple.com/se/app/boozt-com/id943438893?l=en-GB,90,se
apps.apple.com/se/app/miniräknare-plus-calculator/id576156235,90,se
apps.apple.com/us/app/mcdonalds/id922103212,90,se
apps.apple.com/se/app/hikaku-sitatter/id6463791397?l=en-GB,90,se
apps.apple.com/kz/app/yr-no/id490989206,90,se
apps.apple.com/us/app/the-random-number-generator/id611762447,90,se
apps.apple.com/se/app/sunapp/id1086665391,90,se
apps.apple.com/se/app/live-soccer-tv-scores-stats/id874726939,90,se
apps.apple.com/se/app/fruit-ninja-classic/id362949845,90,se
apps.apple.com/se/app/solve-wordfeud-cheat/id1535275249?l=en-GB,89,se
apps.apple.com/se/app/brobizz/id1098198172?l=en-GB,89,se
apps.apple.com/us/app/diep-io/id1114751883,89,se
apps.apple.com/se/app/jodel-hyperlocal-community/id789870026,89,se
apps.apple.com/us/app/clips/id1212699939,89,se
apps.apple.com/se/app/sveapanelen/id1617681550,89,se
apps.apple.com/se/app/dazn-stream-live-sports/id1129523589,89,se
apps.apple.com/se/app/incredibox/id1093131935?l=en-GB,88,se
apps.apple.com/us/app/apple-remote-desktop/id409907375,88,se
apps.apple.com/us/app/onion-browser/id519296448,88,se
apps.apple.com/se/app/popcorn-time/id1290119967,88,se
apps.apple.com/us/app/real-racing-3-car-race-game/id556164008,88,se
apps.apple.com/se/app/lounge-by-zalando-outlet/id1004381470,88,se
apps.apple.com/se/app/e-tidning-eskilstuna-kuriren/id1499010483,88,se
apps.apple.com/dk/app/google-oversæt/id414706506?l=da,88,se
apps.apple.com/se/app/my-talking-tom-2/id1337578317,88,se
apps.apple.com/se/app/ibinder/id1632300545,88,se
apps.apple.com/se/app/about-you-modewebbshop/id985244644,88,se
apps.apple.com/se/app/claude-by-anthropic/id6473753684,88,se
apps.apple.com/se/app/solidsport/id1447255322,88,se
apps.apple.com/se/app/oskarshamns-tidningen/id1373783525,88,se
apps.apple.com/us/app/all-video-downloader-v/id6538722217,87,se
apps.apple.com/se/app/crypto-bubbles/id1599892658,87,se
apps.apple.com/se/app/moto-x3m/id1001193844,87,se
apps.apple.com/se/app/teori-taxi-frågor/id1614063344,87,se
apps.apple.com/se/app/888sport-svenska-sportspel/id530469592,87,se
apps.apple.com/us/app/sl-journey-planner-and-tickets/id918418291,87,se
apps.apple.com/se/app/betterme-health-coaching/id1264546236,87,se
apps.apple.com/se/app/wx-for-ipad/id376956323,87,se
apps.apple.com/us/app/territorial-io/id1581110913,87,se
apps.apple.com/se/app/europark/id1496924018,87,se
apps.apple.com/us/app/habit-tracker/id1438388363,87,se
apps.apple.com/se/app/fieldly/id714882882,87,se
apps.apple.com/se/app/cider-clothing-fashion/id1539133680,86,se
apps.apple.com/us/app/intune-company-portal/id719171358,86,se
apps.apple.com/se/app/refunder-handla-smart/id1233637329,86,se
apps.apple.com/se/app/yazen-medicinsk-viktnedgång/id1630568791,86,se
apps.apple.com/us/app/百度-ai智能搜索/id382201985,86,se
apps.apple.com/se/app/nedräkning-inför-semestern/id1034678674,86,se
apps.apple.com/us/app/the-jerusalem-post/id434818437,86,se
apps.apple.com/se/app/telenor-ladda/id1169329526,86,se
apps.apple.com/us/app/hello-kitty-island-adventure/id1553505132,86,se
apps.apple.com/se/app/smartthings/id1222822904,85,se
apps.apple.com/us/app/hinge-dating-app-match-meet/id595287172,85,se
apps.apple.com/se/app/popcat-click/id1585620645,85,se
apps.apple.com/se/app/qr-reader-for-iphone/id368494609,85,se
apps.apple.com/se/app/inshot-video-editor-musik/id997362197,85,se
apps.apple.com/se/app/primetime-live-varje-dag/id1358438497,84,se
apps.apple.com/se/app/copenhagen-kastrup-airport/id1150925071,84,se
apps.apple.com/se/app/volvia/id475296859,84,se
apps.apple.com/pl/app/nowa-poczta-interia/id1141842988,84,se
apps.apple.com/se/app/guide-för-rubiks-kub/id1462586503,84,se
apps.apple.com/se/app/promenad/id1518650237,84,se
apps.apple.com/my/app/tiktok-global-video-community/id1235601864,100,hk
apps.apple.com/us/app/canon-print/id664425773,100,hk
apps.apple.com/tw/app/經典紙牌遊戲-1-接龍/id1073936461,100,hk
apps.apple.com/hk/app/香港街市會員/id1624406022,100,hk
apps.apple.com/hk/app/亞洲萬里通/id406138803,100,hk
apps.apple.com/us/app/blackmagic-disk-speed-test/id425264550?mt=12,100,hk
apps.apple.com/cn/app/58同城-招聘求职找工作家政租房二手车/id480079300,100,hk
apps.apple.com/mo/app/dino-fun-兒童恐龍遊戲/id549750492,100,hk
apps.apple.com/hk/app/倉頡-速成練習工具/id1600176379,100,hk
apps.apple.com/us/app/google-sheets/id842849113,100,hk
apps.apple.com/cn/app/颜值测试-智能试妆/id1637554791,100,hk
apps.apple.com/hk/app/立鮨-sushi-tachi/id6450656993,99,hk
apps.apple.com/hk/app/highlights-library-reading/id1468973367,99,hk
apps.apple.com/hk/app/gethemall/id6742987306,99,hk
apps.apple.com/hk/app/香港集運/id1527695565,99,hk
apps.apple.com/hk/app/idm-internet-download-manager/id6445941319,99,hk
apps.apple.com/us/app/flashscore-live-scores-news/id766443283,99,hk
apps.apple.com/hk/app/69書吧/id6743800039,99,hk
apps.apple.com/us/app/youdao-translate/id491854842,99,hk
apps.apple.com/hk/app/手机变声器-变声器男变女/id1088719255,99,hk
apps.apple.com/us/app/oliveyoung-global/id1466755724,99,hk
apps.apple.com/us/app/habit-tracker/id1438388363,99,hk
apps.apple.com/hk/app/千尋影視hd/id562223446,99,hk
apps.apple.com/cn/app/icleaner-清理存储/id6615082383,98,hk
apps.apple.com/hk/app/dynamic-wallpaper-engine/id1453504509?mt=12,98,hk
apps.apple.com/tw/app/filza-file-manager/id6621214013,98,hk
apps.apple.com/us/app/女帝的後宮/id1410647653,98,hk
apps.apple.com/tw/app/木鸟民宿-短租-日租房-旅游住宿/id897856006,98,hk
apps.apple.com/cn/app/语音备忘录/id1069512134,98,hk
apps.apple.com/tw/app/魔力寶貝-復興/id6736690369,98,hk
apps.apple.com/hk/app/運動家/id6742769744,98,hk
apps.apple.com/us/app/blackmagic-camera/id6449580241,98,hk
apps.apple.com/cn/app/狂野飙车9-竞速传奇/id1434377838,98,hk
apps.apple.com/ar/app/amo-tv/id1638185438?l=en-GB&platform=iphone,98,hk
apps.apple.com/us/app/videotolive-live-wallpapers/id1361432382,98,hk
apps.apple.com/us/app/mpay澳門錢包/id1092594338,98,hk
apps.apple.com/cn/app/库乐队/id408709785,98,hk
apps.apple.com/hk/app/新輝安全資訊系統/id1276428168?l=en-GB,98,hk
apps.apple.com/hk/app/開票易-my-cheque-mate/id408431444,98,hk
apps.apple.com/hk/app/釣魚發燒友/id694972182,98,hk
apps.apple.com/mo/app/inandon-iktv/id554554447,98,hk
apps.apple.com/us/app/dịch-tiếng-trung-tiếng-việt/id1580767247?l=vi,97,hk
apps.apple.com/us/app/playstation-app/id410896080,97,hk
apps.apple.com/tw/app/千尋影視hd/id562223446,97,hk
apps.apple.com/us/app/raya/id957215308,97,hk
apps.apple.com/hk/app/aside-認識最近距離異性的約會交友app/id6463374150,97,hk
apps.apple.com/hk/app/中国象棋/id504275369,97,hk
apps.apple.com/tw/app/華爾街見聞國際版-財經金融基金證券期貨債券匯率頭條新聞資訊/id1586428788,97,hk
apps.apple.com/us/app/onion-browser/id519296448,97,hk
apps.apple.com/hk/app/香港工聯會/id1327889646,97,hk
apps.apple.com/us/app/紫薇斗数-紫微斗数八字算命/id1363362566,97,hk
apps.apple.com/cn/app/蚂蚁加速-vpn网络加速器/id1469028132,97,hk
apps.apple.com/hk/app/whatsapp-business/id1386412985,97,hk
apps.apple.com/hk/app/自助默書/id1590667837,97,hk
apps.apple.com/us/app/procreate/id425073498,97,hk
apps.apple.com/tw/app/bandizip-壓縮與解壓縮/id1265704574,97,hk
apps.apple.com/us/app/casetify-colab/id1571080117,97,hk
apps.apple.com/us/app/now-playing/id1459548310,96,hk
apps.apple.com/us/app/tradingview-track-all-markets/id1205990992,96,hk
apps.apple.com/cn/app/云闪付-银行业统一移动支付app/id600273928,96,hk
apps.apple.com/hk/app/laundryup/id6470789882,96,hk
apps.apple.com/us/app/中原地圖-centamap-手機版/id459402828,96,hk
apps.apple.com/us/app/google-tv-watch-movies-tv/id746894884,96,hk
apps.apple.com/id/app/google-terjemahan/id414706506?l=id,96,hk
apps.apple.com/hk/app/图片转文字-传图片文字识别软件/id1363740732,96,hk
apps.apple.com/cn/app/115网盘/id1469012999,96,hk
apps.apple.com/cn/app/喜茶go/id1412534170,96,hk
apps.apple.com/hk/app/招商永隆銀行/id526663971,96,hk
apps.apple.com/hk/app/v2ex-创意工作者们的社区/id1078157349,96,hk
apps.apple.com/cn/app/233乐园-游戏社区/id1508067856,96,hk
apps.apple.com/hk/app/proknockout摳圖p圖修圖-圖片編輯-相片編輯-濾鏡/id944665061,96,hk
apps.apple.com/us/app/chiikawa-pocket/id6740838442,96,hk
apps.apple.com/us/app/espn-live-sports-scores/id317469184,96,hk
apps.apple.com/us/app/天猫-双11全球狂欢季/id518966501,96,hk
apps.apple.com/hk/app/幸运转盘-派对游戏助手/id6670609931,95,hk
apps.apple.com/tw/app/腐门圈-腐次元磕糖漫画专用/id1532730261,95,hk
apps.apple.com/hk/app/mappe/id1562639565,95,hk
apps.apple.com/tw/app/tinder-配對-交友-聊天/id547702041,95,hk
apps.apple.com/hk/app/grab-taxi-ride-food-delivery/id647268330?l=en-GB,95,hk
apps.apple.com/cn/app/tumbot-中文汤不热客户端/id1287919616,95,hk
apps.apple.com/cn/app/nico-多元人格交友/id1469179455,95,hk
apps.apple.com/us/app/flightaware-flight-tracker/id316793974,95,hk
apps.apple.com/cn/app/pbhk-digi/id1483423071,95,hk
apps.apple.com/cn/app/下厨房-美食菜谱/id460979760,95,hk
apps.apple.com/hk/app/公主物流/id1542751335,95,hk
apps.apple.com/us/app/pixiv/id337248563,95,hk
apps.apple.com/hk/app/棕色塵埃2-冒汗心跳的rpg/id6450099588,95,hk
apps.apple.com/sg/app/terabox-1tb-cloud-ai-space/id1509453185,95,hk
apps.apple.com/hk/app/sing-box-vt/id6673731168,95,hk
apps.apple.com/cn/app/换脸-iswap-faces/id307354030,95,hk
apps.apple.com/mo/app/prune/id972319818,95,hk
apps.apple.com/us/app/story-viewer-saver-by-picuki/id1486077827,95,hk
apps.apple.com/hk/app/carbon-wallet-green-rewards/id1549485338?l=en-GB,95,hk
apps.apple.com/hk/app/炒散王-workking-employee/id6504090159,95,hk
apps.apple.com/hk/app/hang-seng-personal-banking/id1039256353?l=en-GB,95,hk
apps.apple.com/tw/app/tappa-dytt-pro/id1227666258,95,hk
apps.apple.com/hk/app/joy-cafe-合成遊戲/id6452471505,95,hk
apps.apple.com/hk/app/last-origin-最後的起源/id6739530701,95,hk
apps.apple.com/tw/app/naver-papago-ai-translator/id1147874819,95,hk
apps.apple.com/sa/app/hoo-live/id6744529327,95,hk
apps.apple.com/us/app/tweeload-twitter-video-saver/id6446216271,94,hk
apps.apple.com/hk/app/测测-心理情感ai问答社区/id756771906,94,hk
apps.apple.com/tw/app/cambridge-english-dictionary/id728359831,94,hk
apps.apple.com/tw/app/少女前線2-追放/id6499011827,94,hk
apps.apple.com/hk/app/pns-eshop/id840837558?l=en-GB,94,hk
apps.apple.com/us/app/adobe-scan-pdf-ocr-scanner/id1199564834,94,hk
apps.apple.com/cn/app/咪咕视频-上咪咕看nba/id787130974,94,hk
apps.apple.com/hk/app/clashx-服务监控面板/id6444824570,94,hk
apps.apple.com/hk/app/中通快递/id713517954,94,hk
apps.apple.com/tw/app/下筆-ig限動字體首選編輯器/id1627492456,94,hk
apps.apple.com/mo/app/奇迹暖暖/id1091427040?l=en-GB,94,hk
apps.apple.com/nz/app/拼多多-多多买菜-百亿补贴/id1044283059,94,hk
apps.apple.com/hk/app/lovestruck-配對-交友-戀愛/id355045541,93,hk
apps.apple.com/us/app/东郊到家-正规同城预约上门按摩服务平台/id6444152990,93,hk
apps.apple.com/cn/app/nplayer/id1116905928,93,hk
apps.apple.com/us/app/quantumult-x/id1443988620,93,hk
apps.apple.com/us/app/cube-master-3d-sorting-games/id1578906034,93,hk
apps.apple.com/tw/app/小姐姐say/id6450207389,93,hk
apps.apple.com/cn/app/刺猬猫阅读/id993993763,93,hk
apps.apple.com/cn/app/简书-创作你的创作/id888237539,93,hk
apps.apple.com/tw/app/b612-camera-photo-video-editor/id904209370,93,hk
apps.apple.com/ph/app/提瓦特小助手/id6502430767,93,hk
apps.apple.com/us/app/mysos/id971663851,93,hk
apps.apple.com/hk/app/罗汉到家-男技师服务平台/id6458728885,93,hk
apps.apple.com/hk/app/retouch-圖片去馬賽克消除筆-去衣神奇橡皮擦移除相皮擦/id1457711961,93,hk
apps.apple.com/cn/app/吾爱破解/id6749509702,93,hk
apps.apple.com/mo/app/indiamart-buy-sell-products/id668561641,93,hk
apps.apple.com/hk/app/第七史詩/id1322399438,93,hk
apps.apple.com/hk/app/企业微信/id1087897068,93,hk
apps.apple.com/us/app/expressvpn-secure-fast-vpn/id886492891,92,hk
apps.apple.com/hk/app/薄荷健康-減肥健身輕斷食/id457856023,92,hk
apps.apple.com/hk/app/yahoo新聞-香港即時焦點/id425655609,92,hk
apps.apple.com/hk/app/夢想小鎮-township/id638689075,92,hk
apps.apple.com/cn/app/yy-直播交友软件/id427941017,92,hk
apps.apple.com/cn/app/稀土掘金/id987739104,92,hk
apps.apple.com/tw/app/錄音機-pro-專業錄音程式/id492995106,92,hk
apps.apple.com/us/app/bus-simulator-ultimate/id1461749632,92,hk
apps.apple.com/us/app/adobe-photoshop-photo-editor/id1457771281,92,hk
apps.apple.com/us/app/processon思维导图-在线流程图/id1564637971,92,hk
apps.apple.com/cn/app/wa-web-dual-app-chat/id6477740425,92,hk
apps.apple.com/us/app/appcleaner-clean-storage/id1616505989,92,hk
apps.apple.com/hk/app/京東快遞港澳-寄件查件取件全支持/id6470435896,92,hk
apps.apple.com/hk/app/kaiboard-中英混合鍵盤/id946910980,92,hk
apps.apple.com/us/app/autocad/id393149734,92,hk
apps.apple.com/mo/app/親子王國-baby-kingdom-親子育兒討論區/id438404619,92,hk
apps.apple.com/hk/app/buy-ship/id1474193162?l=en-GB,91,hk
apps.apple.com/tw/app/下厨房海外版-美食菜谱/id6744317101,91,hk
apps.apple.com/hk/app/节拍器-专业打拍器-节奏速度练习/id1492418551,91,hk
apps.apple.com/cn/app/尺子-卷尺-测量长度-厘米和英寸/id1462163605,91,hk
apps.apple.com/tw/app/周公解梦-大师版/id416076236,91,hk
apps.apple.com/tw/app/mytrip-com-您的下一趟航班/id1497490598,91,hk
apps.apple.com/hk/app/tcg-card-shop-tycoon-simulator/id1605261462,91,hk
apps.apple.com/hk/app/deliveroo-rider/id1438758758,91,hk
apps.apple.com/us/app/group-for-telegram/id1500098313,91,hk
apps.apple.com/us/app/translate-english-to-chinese/id1296155052,91,hk
apps.apple.com/us/app/windows-app/id1295203466,91,hk
apps.apple.com/tw/app/反应时间-测试/id6504694768,91,hk
apps.apple.com/hk/app/點2點成人-連接1000個點/id1227734600,91,hk
apps.apple.com/hk/app/幸運數字-抽籤-抽獎-小決定尾牙輔助工具/id1483371779,91,hk
apps.apple.com/tw/app/openrice-開飯喇/id310663323,91,hk
apps.apple.com/hk/app/the-avenue/id1052664295?l=en-GB,91,hk
apps.apple.com/hk/app/loilonote-school/id840810729,91,hk
apps.apple.com/us/app/urban-vpn/id1517016374,91,hk
apps.apple.com/cn/app/天猫精灵/id1158753204,90,hk
apps.apple.com/hk/app/m18-app/id1411862225,90,hk
apps.apple.com/us/app/photo-lab-ai-portrait-editor/id441457218,90,hk
apps.apple.com/ci/app/iqiyi/id1190755526,90,hk
apps.apple.com/us/app/lockdown-privacy-adblock-vpn/id1469783711,90,hk
apps.apple.com/hk/app/payke-日本購物帮手/id1040452788,90,hk
apps.apple.com/hk/app/taxi-hk-personal-taxi-meter/id465095758?l=en-GB,90,hk
apps.apple.com/cn/app/小米换机/id1600014361,90,hk
apps.apple.com/hk/app/芝麻來電/id910656808,90,hk
apps.apple.com/us/app/腾讯新闻/id399363156,90,hk
apps.apple.com/hk/app/telegram-messenger/id686449807,90,hk
apps.apple.com/hk/app/ypt/id1441909643,90,hk
apps.apple.com/hk/app/haha-travel-by-fortress/id1482719988?l=en-GB,90,hk
apps.apple.com/mo/app/mamba成人交友平台/id326839545,90,hk
apps.apple.com/us/app/level-devil-not-a-troll-game/id6477413486,90,hk
apps.apple.com/cn/app/一耽原耽漫画-哔咔免耽香香腐耽美宅耽漫神器/id6479744564?l=en-GB,90,hk
apps.apple.com/hk/app/樂區踩-locobike香港no-1優惠共享單車/id1246074381,90,hk
apps.apple.com/hk/app/post-it/id920127738,90,hk
apps.apple.com/hk/app/好易買集運/id6456793273,90,hk
apps.apple.com/mo/app/猫眼专业版-电影票房影人合作/id1020547107,90,hk
apps.apple.com/tw/app/real-racing-3/id556164350,90,hk
apps.apple.com/tw/app/ling靈語言學習大師-學習60種語言-越南語-馬來語-粵語/id1403783779,90,hk
apps.apple.com/hk/app/clockology/id1456386228,90,hk
apps.apple.com/us/app/imposter-party-word-game/id6745120053,90,hk
apps.apple.com/hk/app/美顏相機-復古拍照-照片影片編輯/id592331499,90,hk
apps.apple.com/us/app/mers-hk/id555592128,90,hk
apps.apple.com/us/app/macdroid-manager-for-android/id1476545828?mt=12,89,hk
apps.apple.com/hk/app/reddit/id1064216828,89,hk
apps.apple.com/hk/app/關鍵旅遊/id6740903817,89,hk
apps.apple.com/us/app/inshot-video-editor/id997362197,89,hk
apps.apple.com/us/app/sticker-ly-sticker-maker/id1458740001,89,hk
apps.apple.com/tw/app/17live-直播平台-live-視訊聊天直播-app/id988259048,88,hk
apps.apple.com/us/app/photo-translator-translate/id1350347947,88,hk
apps.apple.com/hk/app/toby-生活服務平台-本地商戶優惠/id1168549802,88,hk
apps.apple.com/hk/app/adobe-lightroom-for-ipad/id804177739,88,hk
apps.apple.com/us/app/ppsspp-psp-emulator/id6496972903,88,hk
apps.apple.com/hk/app/viagogo-tickets/id953433135,88,hk
apps.apple.com/us/app/ترجمة-اللغة-اليابانية/id6443433459?l=ar,100,sa
apps.apple.com/sa/app/house-flipper-home-design/id1517373437?l=ar,100,sa
apps.apple.com/sa/app/maps-for-clash-of-clans/id1248667281?l=ar,100,sa
apps.apple.com/us/app/agar-io/id995999703,100,sa
apps.apple.com/us/app/basket-coffee-باسكت-كوفي/id6737055818,100,sa
apps.apple.com/us/app/كيورا-cura-استشر-طبيب/id1033016040,100,sa
apps.apple.com/us/app/gta-liberty-city-stories/id1061802598,100,sa
apps.apple.com/sa/app/fitonia-فتونيا/id1454406662,100,sa
apps.apple.com/us/app/tea-tv-movies-theater-finder/id1473735169,100,sa
apps.apple.com/us/app/ماشا-و-الدب-لي-الاصدقاء-لعبة/id1627696789?l=ar,100,sa
apps.apple.com/us/app/image-size/id670766542,100,pk
apps.apple.com/us/app/my-perfect-hotel/id1635760774,100,pk
apps.apple.com/us/app/vpn-fast-vpn-proxy/id1282216562,100,pk
apps.apple.com/us/app/period-tracker-period-calendar/id896501514,100,pk
apps.apple.com/us/app/tp-link-tether/id599496594,100,pk
apps.apple.com/us/app/i-ready-connect-for-students/id1155613065,100,pk
apps.apple.com/us/app/video-lock-photos-videos/id951324809,100,pk
apps.apple.com/us/app/bandlab-music-maker-beats/id968585775,99,pk
apps.apple.com/in/app/ringz/id1432110800,99,pk
apps.apple.com/kw/app/6478613783?see-all=customers-also-bought-apps&platform=iphone,99,pk
apps.apple.com/kw/app/تيك-توك-tiktok/id835599320?l=ar,100,ae
apps.apple.com/ae/app/washmen-laundry-dry-cleaning/id1037965236,100,ae
apps.apple.com/us/app/mashreq-biz/id6566188410,100,ae
apps.apple.com/ae/app/english-malayalam-translator/id1439810599?l=ar,100,ae
apps.apple.com/us/app/coursera-grow-your-career/id736535961,100,ae
apps.apple.com/us/app/fbsaver-تنزيل-فيديو-من-فيسبوك/id6480044764?l=ar,100,ae
apps.apple.com/ae/app/safari-shopping/id1513697463,100,ae
apps.apple.com/ph/app/google-translate/id414706506,100,ae
apps.apple.com/cn/app/网易有道词典-工作学习必备/id353115739,100,ae
apps.apple.com/us/app/اذكار-المسلم-يعمل-تلقائيا/id1004470625,100,ae
apps.apple.com/us/app/figma/id1152747299,100,nz
apps.apple.com/us/app/gojek/id944875099,100,nz
apps.apple.com/us/app/video-star/id438596432,100,nz
apps.apple.com/nz/app/roadtrip-fuel-cost-calculator/id1562549681,100,nz
apps.apple.com/us/app/macdroid-manager-for-android/id1476545828,100,nz
apps.apple.com/us/app/accuweather-weather-forecast/id300048137,99,nz
apps.apple.com/us/app/netgear-orbi-wifi-system-app/id1182184397,99,nz
apps.apple.com/nz/app/iptv-watch-tv-online/id1516946830,99,nz
apps.apple.com/us/app/youtube-studio/id888530356,98,nz
apps.apple.com/us/app/6742209172?see-all=customers-also-bought-apps&platform=iphone,98,nz
apps.apple.com/us/app/the-unarchiver/id425424353,100,eg
apps.apple.com/ma/app/مجتمع-فيديوهات-قصيرة-likee/id1251790681?l=ar,100,eg
apps.apple.com/kw/app/joi-تطبيق-دردشة-الفيديو-الحية/id1497699883?l=ar,100,eg
apps.apple.com/us/app/mathway-math-problem-solver/id467329677,100,eg
apps.apple.com/us/app/انستا-تحميل-تحميل-صور-و-فيديو-من-انستقرام/id922841879,100,eg
apps.apple.com/us/app/gangstar-vegas-mafia-action/id571393580,100,eg
apps.apple.com/us/app/wakie-chat-talk-to-strangers/id879488038,100,eg
apps.apple.com/ae/app/my-perfect-hotel/id1635760774?l=ar,100,eg
apps.apple.com/ae/app/minecraft-education/id1196524622?l=ar,100,eg
apps.apple.com/bh/app/نختم/id1348796942,100,eg
apps.apple.com/dk/app/frederiksborg-amts-avis/id528541790,100,dk
apps.apple.com/us/app/rome2rio-trip-planner/id569793256,100,dk
apps.apple.com/us/app/macos-monterey/id1576738294,100,dk
apps.apple.com/dk/app/check-udvej/id1093450464,100,dk
apps.apple.com/dk/app/oddset-betting-på-live-sport/id1091554723?l=da,100,dk
apps.apple.com/dk/app/kryds-og-bolle/id474437657?l=da,100,dk
apps.apple.com/rs/app/google-prevoditelj/id414706506?l=hr,99,dk
apps.apple.com/dk/app/rummy-500-casino-card-game/id1550450021?l=da,99,dk
apps.apple.com/us/app/google-news/id459182288,99,dk
apps.apple.com/us/app/dagbladet-ringkøbing-skjern/id1666797365,99,dk
apps.apple.com/us/app/anydesk-remote-desktop/id1176131273,99,dk
apps.apple.com/gb/app/equipe/id610007045,99,dk
apps.apple.com/dk/app/safari/id1146562112?l=da,99,dk
apps.apple.com/us/app/raya/id957215308,98,dk
apps.apple.com/dk/app/macos-catalina/id1466841314?l=da&mt=12,98,dk
apps.apple.com/us/app/firefox-private-web-browser/id989804926,98,dk
apps.apple.com/us/app/my-aurora-forecast-alerts/id1073082439,98,dk
apps.apple.com/dk/app/dba-den-blå-avis/id448605988?l=da,98,dk
apps.apple.com/dk/app/yazio-ai-kalorietæller/id946099227?l=da,98,dk
apps.apple.com/dk/app/stepsapp-skridttæller/id1037595083?l=da,98,dk
apps.apple.com/dk/app/gomore/id671759668?l=da,98,dk
apps.apple.com/us/app/myfitnesspal-calorie-counter/id341232718,98,dk
apps.apple.com/dk/app/xe-money-transfer-currency/id315241195,97,dk
apps.apple.com/dk/app/mydates-long-lasting-love/id1435307278,97,dk
apps.apple.com/dk/app/spy-phone-pro-mobile-tracker/id1565756745?l=da,97,dk
apps.apple.com/dk/app/radio-iiii-live-podcasts/id1484815273,97,dk
apps.apple.com/dk/app/sport-tv-24-sports-streaming/id6443513508?l=da,97,dk
apps.apple.com/us/app/microsoft-authenticator/id983156458,96,dk
apps.apple.com/dk/app/tv-midtvest-play/id1350671784,96,dk
apps.apple.com/us/app/offline-gps-maps-mapy-com/id411411020,96,dk
apps.apple.com/us/app/roja-directa-tv/id981307972,95,dk
apps.apple.com/dk/app/youtube-music/id1017492454?l=da,95,dk
apps.apple.com/dk/app/dk4-tv/id1029386274?l=da,95,dk
apps.apple.com/dk/app/moneyville/id1550913803,95,dk
apps.apple.com/dk/app/viamichelin-gps-route-planner/id443142682?l=da,95,dk
apps.apple.com/us/app/macos-sonoma/id6450717509,94,dk
apps.apple.com/gb/app/ea-sports-fc-26-companion/id1127108818,94,dk
apps.apple.com/dk/app/ild-og-vand-online-co-op/id1454405938?l=da,94,dk
apps.apple.com/dk/app/mit-kirppu-katjiing/id1475080552,93,dk
apps.apple.com/dk/app/idealista/id465958311?l=da,93,dk
apps.apple.com/us/app/snapseed-photo-editor/id439438619,93,dk
apps.apple.com/us/app/goodreads-book-reviews/id355833469,92,dk
apps.apple.com/dk/app/15min/id322573191?l=da,92,dk
apps.apple.com/ru/app/одноклассники-социальная-сеть/id398465290,92,dk
apps.apple.com/dk/app/yazio-kalorietæller-kostplan/id946099227?l=da,92,dk
apps.apple.com/us/app/wayback-machine/id1201888313,91,dk
apps.apple.com/dk/app/spider-solitaire-edderkop/id1021946968?l=da,91,dk
apps.apple.com/dk/app/børneloppen/id6468987942,91,dk
apps.apple.com/us/app/pou/id575154654,91,dk
apps.apple.com/us/app/hay-day/id506627515,91,dk
apps.apple.com/dk/app/get-paid-by-vipps-mobilepay/id6479240495,90,dk
apps.apple.com/dk/app/promark-promobile/id1193561963,90,dk
apps.apple.com/dk/app/farms-kitchen/id1540476287,90,dk
apps.apple.com/dk/app/rejsespejder/id1107399591,90,dk
apps.apple.com/dk/app/lectio/id6452017245,90,dk
apps.apple.com/dk/app/iopgave-2/id1476544070?l=da,90,dk
apps.apple.com/dk/app/politiken/id1435896664,89,dk
apps.apple.com/gr/app/openseas/id1022371177,89,dk
apps.apple.com/dk/app/speedadmin/id1446563411?l=da,89,dk
apps.apple.com/dk/app/gocook/id561394631,88,dk
apps.apple.com/dk/app/suno-ai-songs-music-maker/id6480136315?l=da,88,dk
apps.apple.com/dk/app/candy-crush-saga/id553834731?l=da,88,dk
apps.apple.com/dk/app/garmin-connect-iq/id1317652970?l=da,88,dk
apps.apple.com/dk/app/gomore-car-sharing/id671759668,88,dk
apps.apple.com/dk/app/tasty-recipes-cooking-videos/id1217456898?l=da,87,dk
apps.apple.com/dk/app/dgi-trænerguiden-hd/id919090686,87,dk
apps.apple.com/dk/app/line/id443904275?l=da,87,dk
apps.apple.com/us/app/flashscore-live-scores-news/id766443283,87,dk
apps.apple.com/tr/app/canlı-türk-tv-kanalları/id1275359428,87,dk
apps.apple.com/dk/app/soundhound-musikgenkendelse/id355554941?l=da,87,dk
apps.apple.com/us/app/trello-organize-anything/id461504587,86,dk
apps.apple.com/us/app/skype-for-business/id605841731,86,dk
apps.apple.com/us/app/autoscout24-cars-for-sale/id311785642,86,dk
apps.apple.com/dk/app/campobet-betting-casino/id6478658633,86,dk
apps.apple.com/us/app/rejseplanen/id317007942,86,dk
apps.apple.com/dk/app/genkend-planter-og-blomster/id1557446434?l=da,86,dk
apps.apple.com/dk/app/podcast-app/id1199070742?l=da,86,dk
apps.apple.com/us/app/fortnite/id6483539426,86,dk
apps.apple.com/dk/app/ekstra-bladet/id527950236,86,dk
apps.apple.com/dk/app/strava-run-bike-walk/id426826309?l=da,85,dk
apps.apple.com/no/app/google-translate/id414706506,85,dk
apps.apple.com/dk/app/raft-overlevelse-spil/id1326046015?l=da,85,dk
apps.apple.com/us/app/pixlr-ai-photo-video-editor/id526783584,85,dk
apps.apple.com/dk/app/anime-tv-watch-animes-movies/id1483018352,85,dk
apps.apple.com/ru/app/telegram-messenger/id686449807,85,dk
apps.apple.com/cn/app/微博/id350962117,85,dk
apps.apple.com/dk/app/kahoot-spil-og-opret-quizzer/id1131203560?l=da,84,dk
apps.apple.com/dk/app/google-family-link/id1150085200?l=da,84,dk
apps.apple.com/es/app/traductor-de-google/id414706506,84,dk
apps.apple.com/us/app/gacha-life/id1440430680,83,dk
apps.apple.com/dk/app/den-første-læsning-trin-1/id855098320?l=da,83,dk
apps.apple.com/dk/app/vestjysk-bank/id421353339,82,dk
apps.apple.com/sa/app/دردشة-ومكالمات-دولية-من-imo/id336435697?l=ar,82,dk
apps.apple.com/dk/app/taxa-4x35-book-din-taxi-nemt/id440665078?l=da,82,dk
apps.apple.com/dk/app/tennis-tv-live-streaming/id1114471030?l=da,82,dk
apps.apple.com/ru/app/фото-переводчик/id1465903782,82,dk
apps.apple.com/dk/app/solitaire/id359917414?l=da,82,dk
apps.apple.com/us/app/hotels-com-book-hotels-more/id284971959,82,dk
apps.apple.com/dk/app/hitta-se/id284963764?l=da,82,dk
apps.apple.com/dk/app/telefon/id1146562108?l=da,82,dk
apps.apple.com/dk/app/allente/id914487438?l=da,81,dk
apps.apple.com/no/app/sun-position-and-path/id1502500167?l=da,81,dk
apps.apple.com/us/app/pengeby/id1550913803?l=es-MX,81,dk
apps.apple.com/us/app/zoom-workplace/id546505307,81,dk
apps.apple.com/dk/app/focus-online-nachrichten/id519052678?l=da,81,dk
apps.apple.com/dk/app/vidunderlige-uger/id529815782?l=da,81,dk
apps.apple.com/dk/app/delt-indkøbsliste-listonic/id331302745?l=da,81,dk
apps.apple.com/dk/app/frihedsbrevet/id1587875459,81,dk
apps.apple.com/dk/app/tegnapp/id563179801?l=da,81,dk
apps.apple.com/dk/app/calm/id571800810?l=da,81,dk
apps.apple.com/dk/app/word-mind-gæt-dagens-ord/id1623565989?l=da,81,dk
apps.apple.com/dk/app/lægehåndbogen/id731968626,81,dk
apps.apple.com/jm/app/popcat-click/id1585620645,81,dk
apps.apple.com/pl/app/onet-poczta/id1498078842,81,dk
apps.apple.com/us/app/car-parking-multiplayer/id1374868881,81,dk
apps.apple.com/dk/app/nedtælling/id1141938747?l=da,81,dk
apps.apple.com/dk/app/princh/id999408628?l=da,80,dk
apps.apple.com/us/app/auto-clicker-click-assistant/id6443993125,80,dk
apps.apple.com/dk/app/worms/id321369231?l=da,80,dk
apps.apple.com/dk/app/pay-per-wash/id1429966921,80,dk
apps.apple.com/us/app/level-devil-not-a-troll-game/id6477413486,80,dk
apps.apple.com/dk/app/english-romanian-best-dictionary-translator-engleză/id919816152?l=da,80,dk
apps.apple.com/dk/app/kemiluppen/id1062518839,80,dk
apps.apple.com/us/app/files/id1232058109,80,dk
apps.apple.com/dk/app/danish-english-dictionary-dansk-engelsk-ordbog/id790538058,80,dk
apps.apple.com/us/app/sketchup-3d-modeling/id796352563,80,dk
apps.apple.com/dk/app/knappen-drukspil-til-fest/id1185849381?l=da,80,dk
apps.apple.com/dk/app/klondike-world-of-solitaire/id1319179770?l=da,80,dk
apps.apple.com/dk/app/studica/id1599210051?l=da,80,dk
apps.apple.com/ru/app/google-карты/id585027354,79,dk
apps.apple.com/bs/app/liveball/id1580936245,79,dk
apps.apple.com/us/app/17track-package-tracker/id1004956012,79,dk
apps.apple.com/no/app/919545883?see-all=customers-also-bought-apps&platform=iphone,79,dk
apps.apple.com/dk/app/madplan-og-indkøbsliste/id1619509620?l=da,79,dk
apps.apple.com/dk/app/my-masjid-community/id1452575134,79,dk
apps.apple.com/dk/app/purple-place-classic-games/id1461751938?l=da,79,dk
apps.apple.com/dk/app/easypark-din-parkerings-app/id449594317?l=da,79,dk
apps.apple.com/dk/app/tvtid-dansk-tv-guide/id485261551?l=da,79,dk
apps.apple.com/id/app/bilibili-hd-anime-videos/id1548857482,79,dk
apps.apple.com/dk/app/auto-clicker-automatic-tap/id1670929535?l=da,79,dk
apps.apple.com/sa/app/manganelo-manga-rock-pro/id1540527984,79,dk
apps.apple.com/dk/app/pronote/id1138223804?l=da,79,dk
apps.apple.com/dk/app/digisport/id1515070415?l=da,79,dk
apps.apple.com/dk/app/saxoinvestor/id1437794926?l=da,79,dk
apps.apple.com/us/app/justwatch-movies-tv-shows/id979227482,79,dk
apps.apple.com/dk/app/tser-ts-transgender-dating/id1436679914?l=da,79,dk
apps.apple.com/dk/app/presse-fotos-dk/id6460436945,78,dk
apps.apple.com/no/app/mit-krifa/id1569572842,78,dk
apps.apple.com/us/app/diep-io/id1114751883,78,dk
apps.apple.com/dk/app/sympatia-randki-flirt-czat/id1407778354?l=da,78,dk
apps.apple.com/us/app/ai-chatbot-ai-chat-smith-5-0/id1559479889,78,dk
apps.apple.com/us/app/medal-game-clipping/id1518008441,78,dk
apps.apple.com/us/app/fakta-tyskland-f/id6443942662,78,dk
apps.apple.com/dk/app/hairstyle-ai/id6466614462?l=da,77,dk
apps.apple.com/dk/app/omvendt-billedsøgning-app/id1564884146?l=da,77,dk
apps.apple.com/dk/app/afslappende-musik-afslapning/id1523028250?l=da,77,dk
apps.apple.com/us/app/voice-changer-plus/id339440515,77,dk
apps.apple.com/dk/app/microsoft-outlook/id985367838?l=da&mt=12,77,dk
apps.apple.com/us/app/patreon/id1044456188,77,dk
apps.apple.com/dk/app/pixum-fotobog-kalender-fotos/id1319898516?l=da,77,dk
apps.apple.com/dk/app/kabale-på-dansk/id1436441155?l=da,77,dk
apps.apple.com/us/app/calculator/id398129933,77,dk
apps.apple.com/dk/app/danske-spil-poker/id741990636?l=da,76,dk
apps.apple.com/dk/app/kik-messaging-chat-app/id357218860?l=da,76,dk
apps.apple.com/dk/app/elpris-prisen-på-strøm/id6450368974,76,dk
apps.apple.com/dk/app/dansk-krydsord/id785309108?l=da,76,dk
apps.apple.com/us/app/manga-bat-daily-update/id6479396195,76,dk
apps.apple.com/us/app/friday-night-funkin-mobile/id6740428530,76,dk
apps.apple.com/dk/app/radijas-lt/id1165363490?l=da,76,dk
apps.apple.com/us/app/five-nights-at-freddys/id912536422,76,dk
apps.apple.com/ua/app/olx-marketplace-auto-work/id663217552,76,dk
apps.apple.com/dk/app/scanner-app-genius-scan/id377672876?l=da,76,dk
apps.apple.com/us/app/territorial-io/id1581110913,76,dk
apps.apple.com/dk/app/kalorietæller-af-fatsecret/id347184248?l=da,76,dk
apps.apple.com/dk/app/vl-flex-industrial/id1563805153,76,dk
apps.apple.com/dk/app/procup/id1483626775?l=da,75,dk
apps.apple.com/dk/app/chargemap-ladestationer/id438176982?l=da,75,dk
apps.apple.com/dk/app/solnedgang-og-solopgang/id1300571532?l=da,75,dk
apps.apple.com/dk/app/håndlæsning-ægte-håndlæsning/id490879483?l=da,75,dk
apps.apple.com/us/app/ublock-origin-lite/id6745342698,75,dk
apps.apple.com/us/app/tumblr-social-media-art/id305343404,75,dk
apps.apple.com/us/app/pexels/id1434330413,75,dk
apps.apple.com/us/app/poe-fast-ai-chat/id1640745955,75,dk
apps.apple.com/dk/app/playpilot/id1345884752,75,dk
apps.apple.com/us/app/windows-app/id1295203466,75,dk
apps.apple.com/dk/app/uv-indeks/id632599524?l=da,75,dk
apps.apple.com/de/app/wetter-com-regenradar-wetter/id1020581825,75,dk
apps.apple.com/us/app/delta-game-emulator/id1048524688,75,dk
apps.apple.com/us/app/cricbuzz-live-cricket-scores/id360466413,75,dk
apps.apple.com/us/app/giphy-the-gif-search-engine/id974748812,74,dk
apps.apple.com/dk/app/disney/id1446075923,74,dk
apps.apple.com/lt/app/dagbladet/id539407425,74,dk
apps.apple.com/dk/app/stop-motion-studio/id441651297?l=da,74,dk
apps.apple.com/dk/app/live-player-media-streaming/id1099439153?l=da,74,dk
apps.apple.com/dk/app/norlys-play/id882490098?l=da,74,dk
apps.apple.com/dk/app/jydskevestkysten/id1666803170,74,dk
apps.apple.com/dk/app/vejle-amts-folkeblad/id1671783075,74,dk
apps.apple.com/dk/app/express-bank-homebanking/id1563899730,74,dk
apps.apple.com/dk/app/kayak-fly-hotel-billeje/id305204535?l=da,74,dk
apps.apple.com/us/app/dantaxi-taxi-booking/id1456754381,74,dk
apps.apple.com/us/app/animex-anime-on-titan/id1604162737,100,my
apps.apple.com/cn/app/美颜相机/id592331499,100,my
apps.apple.com/my/app/myeg/id1494440437?l=ms,100,my
apps.apple.com/sg/app/popcorn-movie-showtimes/id435693708,100,my
apps.apple.com/us/app/panda-slots-vegas-casino-777/id908047866,100,my
apps.apple.com/us/app/youdao-dictionary/id353115739,100,my
apps.apple.com/us/app/video-to-gif-gif-maker/id1065396853,100,my
apps.apple.com/us/app/themepack-widgets-wallpaper/id1616629991,100,my
apps.apple.com/my/app/sifututor-teach-earn-money/id1561209216,100,my
apps.apple.com/us/app/mini-games-calm-chill/id6737214802,100,my
apps.apple.com/ch/app/dinos-pizza/id408805246,100,ch
apps.apple.com/ch/app/jass/id310558966?l=fr-FR,100,ch
apps.apple.com/ch/app/is-ilta-sanomat/id368549037,99,ch
apps.apple.com/si/app/merrjep-kosova/id1484947092,99,ch
apps.apple.com/ch/app/lidl-plus/id1238611143,99,ch
apps.apple.com/nl/app/de-telegraaf/id385263418,99,ch
apps.apple.com/us/app/trustpilot-reviews-ratings/id1608392803,99,ch
apps.apple.com/ch/app/spotify-musik-und-podcasts/id324684580,99,ch
apps.apple.com/ch/app/indeed-jobs/id309735670,99,ch
apps.apple.com/ch/app/sonect-easy-cash-withdrawal/id1185348506,99,ch
apps.apple.com/ch/app/periódico-la-razón/id423790360,99,ch
apps.apple.com/it/app/ticketone/id541042137,99,ch
apps.apple.com/us/app/suno-ai-songs-music-maker/id6480136315,99,ch
apps.apple.com/vn/app/op-gg/id605722237,99,ch
apps.apple.com/ch/app/roadie-roadtrip-routenplaner/id1538749505,99,ch
apps.apple.com/ch/app/google-maps/id585027354?l=fr-FR,99,ch
apps.apple.com/ch/app/schlager-radio-schweizer-app/id1213810471,99,ch
apps.apple.com/us/app/matchington-mansion/id1216575026?l=vi,98,ch
apps.apple.com/ch/app/adblock-pour-safari/id1402042596?l=fr-FR&mt=12,98,ch
apps.apple.com/us/app/nude-app/id1281405417,98,ch
apps.apple.com/ch/app/radio-fm-music-news-sports/id951362406,98,ch
apps.apple.com/de/app/live-player-media-streaming/id1099439153,98,ch
apps.apple.com/de/app/doc-scan-pdf-scanner/id453312964,98,ch
apps.apple.com/ch/app/balkanweb/id870414590,98,ch
apps.apple.com/ch/app/bkb-digital-banking/id6445919680,98,ch
apps.apple.com/us/app/mytvonline-iptv-player/id6714452886,98,ch
apps.apple.com/ch/app/viac/id1255818015,98,ch
apps.apple.com/us/app/fsolver-crosswords/id1446884936,97,ch
apps.apple.com/ch/app/solitaire-classic-classic/id1557197419,97,ch
apps.apple.com/ch/app/virgilio-mail-email-app/id1403763101,97,ch
apps.apple.com/ch/app/autolina/id1200318326,97,ch
apps.apple.com/ch/app/brother-p-touch-editor/id1453365242?mt=12,97,ch
apps.apple.com/ch/app/scan-app/id1264425656,97,ch
apps.apple.com/ch/app/gacha-life/id1440430680,97,ch
apps.apple.com/ch/app/swimrank/id457266816?l=en,96,ch
apps.apple.com/de/app/trello/id461504587,96,ch
apps.apple.com/ch/app/migrol/id441205145,96,ch
apps.apple.com/ch/app/amazon/id348712880,96,ch
apps.apple.com/ch/app/bulletin-officiel-valais/id1413086783?l=fr-FR,96,ch
apps.apple.com/ch/app/telebärn-schweiz/id1374769951,96,ch
apps.apple.com/ch/app/kayak-flüge-hotels-autos/id305204535,96,ch
apps.apple.com/ch/app/g2a/id895515193,96,ch
apps.apple.com/ch/app/gemeinsamerleben-neue-leute/id1526440197,96,ch
apps.apple.com/ch/app/angry-birds-2/id880047117,95,ch
apps.apple.com/ch/app/moto-x3m-bike-race-game/id1085088518,95,ch
apps.apple.com/ch/app/unisci-pdf/id1559819770?l=it,95,ch
apps.apple.com/ch/app/polarlicht-vorhersage/id1073082439,95,ch
apps.apple.com/ch/app/gkb-mobile-banking-alt/id453196122,95,ch
apps.apple.com/ch/app/mytim/id378783815,95,ch
apps.apple.com/ch/app/my-ice-hockey/id1458799860,95,ch
apps.apple.com/ch/app/love-tester-partner-match-game/id863098259,95,ch
apps.apple.com/us/app/friday-night-funkin-mobile/id6740428530,95,ch
apps.apple.com/ch/app/babyphone-3g/id490077681,95,ch
apps.apple.com/ch/app/infocar-obd2-auto-scanner/id1447599519,95,ch
apps.apple.com/th/app/google-แปลภาษา/id414706506?l=th,95,ch
apps.apple.com/ch/app/pentila-néro/id1445166937,95,ch
apps.apple.com/ch/app/flightaware-flug-tracker/id316793974,95,ch
apps.apple.com/ch/app/ai-vocal-remover-musiclab/id6479388279,95,ch
apps.apple.com/ch/app/nzz-e-paper/id394153179,95,ch
apps.apple.com/ch/app/jassen-online-schieber-jass/id1622638884?l=en-GB,95,ch
apps.apple.com/ch/app/mini-games-calm-chill/id6737214802?l=de-DE,95,ch
apps.apple.com/ch/app/radio-kiss-kiss/id760826890,95,ch
apps.apple.com/ch/app/expedia-reise-hotel-flug/id427916203,94,ch
apps.apple.com/us/app/spotify-music-and-podcasts/id324684580,94,ch
apps.apple.com/ch/app/mahjong/id1454698138,94,ch
apps.apple.com/ch/app/blinkist-buchzusammenfassung/id568839295,94,ch
apps.apple.com/ch/app/bubble-witch-3-saga/id1095254858,94,ch
apps.apple.com/us/app/myhwz/id1660555763,93,ch
apps.apple.com/ch/app/trenitalia/id331050847,93,ch
apps.apple.com/ch/app/distrokid/id1548832265,93,ch
apps.apple.com/ch/app/spy/id1436433223,93,ch
apps.apple.com/fr/app/onedoc-pro-medical-agenda/id1592085624?l=en-GB,93,ch
apps.apple.com/ch/app/qwant-junior/id1318660239,93,ch
apps.apple.com/ch/app/car-games/id1478453789,93,ch
apps.apple.com/ch/app/vesselfinder-lite/id918080862,93,ch
apps.apple.com/de/app/der-spiegel-nachrichten/id424881832,92,ch
apps.apple.com/ch/app/digi24/id1361639958,92,ch
apps.apple.com/ch/app/d-store/id1198884791,92,ch
apps.apple.com/de/app/veepee-outlet-shopping/id906681058,92,ch
apps.apple.com/ch/app/best-car-price/id1537583344,92,ch
apps.apple.com/de/app/jecontacte-connect/id6751489637,92,ch
apps.apple.com/ch/app/lightning-tracker/id1473753714,92,ch
apps.apple.com/de/app/zalando-mode-fashion-online/id585629514,92,ch
apps.apple.com/ch/app/post-paket-tracking-app/id1520160912,92,ch
apps.apple.com/it/app/google-news/id459182288,92,ch
apps.apple.com/nl/app/bunte-de-stars-royals-news/id348138838,92,ch
apps.apple.com/ch/app/fogos-pt/id1126944255,92,ch
apps.apple.com/ch/app/calcul-dimc-contrôle-du-poids/id666822519?l=fr-FR,91,ch
apps.apple.com/ch/app/secret-santa-online-wichteln/id1442673273,91,ch
apps.apple.com/ch/app/stickman-hook-offline-spiele/id1435807944,91,ch
apps.apple.com/ch/app/felfel/id1486586767,91,ch
apps.apple.com/ch/app/discogs/id1036449551,91,ch
apps.apple.com/us/app/etsy-shop-home-style-more/id477128284,91,ch
apps.apple.com/fr/app/itranslate-traducteur/id288113403,91,ch
apps.apple.com/ch/app/quickzoll/id1362688968?l=it,91,ch
apps.apple.com/ch/app/ifun-de/id369902977,91,ch
apps.apple.com/us/app/the-outnet-luxury-for-less/id421387883,91,ch
apps.apple.com/ch/app/tam-intranet/id1608628388,91,ch
apps.apple.com/ch/app/einbürgerungstest-schweiz/id1125130127?l=en-GB,90,ch
apps.apple.com/ch/app/jassen-online-schieber-jass/id1622638884,90,ch
apps.apple.com/ch/app/adblock-plus-für-safari/id1028871868,90,ch
apps.apple.com/ch/app/badoo-premium/id403684733,90,ch
apps.apple.com/ch/app/kairnial/id1466594251,90,ch
apps.apple.com/ch/app/theorie24-ch-das-original-2025/id464801879,90,ch
apps.apple.com/tr/app/fransızca-çeviri/id1640836844?l=tr,90,ch
apps.apple.com/us/app/brawl-stars/id1229016807,90,ch
apps.apple.com/ch/app/sniper-3d-waffen-baller-spiele/id930574573,90,ch
apps.apple.com/ch/app/myprivateboutique/id1263052682,90,ch
apps.apple.com/ch/app/sky-tonight-sternenhimmel-app/id1570594940,90,ch
apps.apple.com/ch/app/self-service-mobile/id718509958,90,ch
apps.apple.com/ch/app/postfinance-twint/id1225135057?l=fr-FR,89,ch
apps.apple.com/us/app/yalla-shoot-live-scores/id1022650847,89,ch
apps.apple.com/ch/app/securesign-by-credit-suisse/id1052738536?l=fr-FR,89,ch
apps.apple.com/ch/app/multi-point-olten/id6476235079,89,ch
apps.apple.com/ch/app/3dtuning-car-game-simulator/id898369939,89,ch
apps.apple.com/fr/app/blick-actualité-sport/id1596317983,89,ch
apps.apple.com/ch/app/chicorée/id482401785,89,ch
apps.apple.com/ch/app/ai-art-ki-bild-generator/id6450917549,89,ch
apps.apple.com/ch/app/e-mail-app-für-gmail/id1145412791,88,ch
apps.apple.com/ch/app/sportsnow-deine-studio-app/id1030004684,88,ch
apps.apple.com/fr/app/check24/id719610089,88,ch
apps.apple.com/ch/app/air-india-book-flight-tickets/id932302964,88,ch
apps.apple.com/ch/app/mailchimp-email-marketing/id366794783,88,ch
apps.apple.com/ch/app/google-sheets/id842849113,88,ch
apps.apple.com/de/app/geogebra-classic/id687678494,88,ch
apps.apple.com/de/app/ja-nein-orakel/id793197522,88,ch
apps.apple.com/ch/app/immobilier-ch/id1433958127,88,ch
apps.apple.com/ch/app/action/id1531860284,88,ch
apps.apple.com/ch/app/enjoy365/id1520382107?l=de-DE,88,ch
apps.apple.com/ch/app/imovie/id408981434?l=fr-FR&mt=12,88,ch
apps.apple.com/cz/app/mapy-com-offline-gps-maps/id411411020,87,ch
apps.apple.com/ch/app/halk-tv/id1528148854,87,ch
apps.apple.com/ch/app/instadp-insta-herunterladen/id1639701877,87,ch
apps.apple.com/ch/app/nacionale/id1620647135,87,ch
apps.apple.com/de/app/park4night-com/id430946556,87,ch
apps.apple.com/ch/app/couple-joy-beziehungs-app/id1624758651,87,ch
apps.apple.com/ru/app/күнделік-мектеп/id1350749651,87,ch
apps.apple.com/ch/app/uber-driver-für-fahrer/id1131342792,87,ch
apps.apple.com/ch/app/profilbilder/id1557484348,87,ch
apps.apple.com/de/app/nibble-dein-wissenshappen/id6444046612,87,ch
apps.apple.com/de/app/solitär-das-1-kartenspiel/id1073936461,87,ch
apps.apple.com/ch/app/regiobank-solothurn/id794957742,86,ch
apps.apple.com/ch/app/eth-moodle/id1521806822,86,ch
apps.apple.com/ch/app/interval-timer-hiit-timer/id1124297113,86,ch
apps.apple.com/ch/app/programme-tv-télé-loisirs/id454988262,86,ch
apps.apple.com/de/app/emerald-chat-meet-new-people/id6449822829,86,ch
apps.apple.com/ch/app/barni-post/id420277813,86,ch
apps.apple.com/il/app/12-שידור-חי-ו-vod-של-ערוץ-12/id400905807,86,ch
apps.apple.com/ch/app/adobe-firefly-ki-generator/id6742595426,85,ch
apps.apple.com/us/app/measure/id1383426740,85,ch
apps.apple.com/ch/app/yalla-live-football/id6444292748,85,ch
apps.apple.com/de/app/nike-snkrs-schuhe-kleidung/id911130812,85,ch
apps.apple.com/ch/app/einbürgerungstest-zürich/id6467456118,85,ch
apps.apple.com/ch/app/yallo-tv/id1569382476,85,ch
apps.apple.com/ch/app/flixtor-movie-tv-show-series/id1637883791,85,ch
apps.apple.com/ch/app/foto-collage-bilder-erstellen/id774780132,85,ch
apps.apple.com/de/app/freecell-solitaire-kartenspiel/id301987699,85,ch
apps.apple.com/ch/app/camscanner-pdf-scanner-app/id388627783,85,ch
apps.apple.com/us/app/9gag-best-lol-pics-gifs/id545551605,85,ch
apps.apple.com/ch/app/lets-go-app/id6502765555,85,ch
apps.apple.com/ch/app/der-landbote-e-paper/id1432650700,85,ch
apps.apple.com/de/app/watchchat-2-für-whatsapp/id1299535391,85,ch
apps.apple.com/ch/app/wetter-alarm-schweiz-meteo/id427969508,85,ch
apps.apple.com/ch/app/podomètre-compteur-de-pas/id1027151285?l=fr-FR,85,ch
apps.apple.com/cn/app/微博/id350962117,85,ch
apps.apple.com/lu/app/scribens-correcteur/id1588220741?l=de-DE,84,ch
apps.apple.com/ch/app/brain-test-knifflige-rätsel/id1486214495,84,ch
apps.apple.com/de/app/rmf-maxx/id550983639,84,ch
apps.apple.com/us/app/scratch/id1446785996,84,ch
apps.apple.com/de/app/mp3-cutter-musik-schneiden/id1455601338,84,ch
apps.apple.com/de/app/photo-booth/id1208226939,84,ch
apps.apple.com/ch/app/skifahren-ski-tracks/id1196252184,84,ch
apps.apple.com/ch/app/hill-climb-racing/id564540143,84,ch
apps.apple.com/ch/app/wine-searcher/id599836194,84,ch
apps.apple.com/ch/app/toppreise-ch/id312848260,84,ch
apps.apple.com/de/app/camscanner-pdf-scanner-app/id388627783,84,ch
apps.apple.com/us/app/mini-golf-100-putt-putt-golf/id1128286686,84,ch
apps.apple.com/ch/app/gba-emulator/id6517354474,83,ch
apps.apple.com/us/app/flightaware-flight-tracker/id316793974,83,ch
apps.apple.com/ch/app/blitzer-de-pro/id498732510,83,ch
apps.apple.com/de/app/facebook/id284882215,83,ch
apps.apple.com/us/app/geny-courses-pronostic-quinté/id535849070,83,ch
apps.apple.com/ch/app/schweizerdeutsch-lernen/id6472019986,83,ch
apps.apple.com/ch/app/yazio-ki-kalorien-zähler/id946099227,83,ch
apps.apple.com/ly/app/ترجمة-google/id414706506?l=ar,82,ch
apps.apple.com/ch/app/parksmart-basel/id1528486178,82,ch
apps.apple.com/ch/app/arcinfo/id474752287?l=fr-FR,82,ch
apps.apple.com/us/app/leo-dictionary/id396838427,82,ch
apps.apple.com/ch/app/20-minutes-news-en-continu/id308834491,82,ch
apps.apple.com/ch/app/bolt-fahrten-anfordern/id675033630,82,ch
apps.apple.com/ch/app/wordfeud-hilfe-finde-wörter/id473289675,82,ch
apps.apple.com/ch/app/tamil-fm-radio-online/id1456230601,81,ch
apps.apple.com/ch/app/transn/id1174992373,81,ch
apps.apple.com/de/app/fotos/id1584215428,81,ch
apps.apple.com/ch/app/infomaniak-kdrive/id1482778676,81,ch
apps.apple.com/de/app/badoo-dating-chat-meet-app/id351331194,81,ch
apps.apple.com/ch/app/finanzen-ch-börse-aktien/id525412246?l=it,81,ch
apps.apple.com/ch/app/blkb-login/id1463602028?l=it,81,ch
apps.apple.com/de/app/flora-incognita/id1297860122,81,ch
apps.apple.com/ch/app/sex-spiel-für-paare/id933524873,81,ch
apps.apple.com/us/app/find-my/id1514844621,100,at
apps.apple.com/de/app/timetree-gemeinsamer-kalender/id952578473,100,at
apps.apple.com/de/app/jigsaw-puzzles-puzzle-spiele/id1324604053,100,at
apps.apple.com/at/app/truckscout24/id6739244457,100,at
apps.apple.com/us/app/cricbuzz-live-cricket-scores/id360466413,100,at
apps.apple.com/at/app/forticlient-vpn/id1475674905,99,at
apps.apple.com/at/app/mangatoon-manga-reader/id1385287093,99,at
apps.apple.com/de/app/kayak-flüge-hotels-autos/id305204535,99,at
apps.apple.com/by/app/xscores-real-time-live-scores/id1587974106,99,at
apps.apple.com/at/app/corporate-benefits-at/id1402509574,99,at
apps.apple.com/us/app/audible-audiobooks-podcasts/id379693831,100,za
apps.apple.com/za/app/polaroid-active-pro/id1626979463,100,za
apps.apple.com/za/app/http-injector/id1659992827,100,za
apps.apple.com/za/app/sepedi-english-dictionary/id6451055005,100,za
apps.apple.com/za/app/mr-bullet-shooting-game/id1449014713,100,za
apps.apple.com/us/app/trading-economics/id1142178921,99,za
apps.apple.com/us/app/bus-simulator-evo/id959865119,99,za
apps.apple.com/my/app/nowgoal-live-football-scores/id641037627,99,za
apps.apple.com/us/app/jetaudio-hi-res-music-player/id894888135,99,za
apps.apple.com/us/app/tyler-sis-student-360/id972117000,99,za
apps.apple.com/kr/app/keka/id6443677513,100,kr
apps.apple.com/kr/app/문명-연맹의-시대/id1617124341,100,kr
apps.apple.com/kr/app/sleepscore/id1364781299,100,kr
apps.apple.com/kr/app/스마트구몬n-학습/id6480479508,100,kr
apps.apple.com/kr/app/deltanet/id1564122763,100,kr
apps.apple.com/kr/app/polaris-office-hwp-pdf/id1098211970,100,kr
apps.apple.com/kr/app/싸인만들기-전자서명/id6741525691,100,kr
apps.apple.com/us/app/expedia-hotels-flights-cars/id427916203,100,kr
apps.apple.com/us/app/번개장터/id395672275,100,kr
apps.apple.com/kr/app/스튜디오메이트-회원용/id1400126585,100,kr
apps.apple.com/no/app/notes/id1110145109,100,no
apps.apple.com/no/app/kjempebra-ringetoner-beste-gratis-melodier-og-lydeffekter/id1116684714?l=no,100,no
apps.apple.com/no/app/english-to-norwegian-trans/id1603183588,99,no
apps.apple.com/no/app/hemnet/id525017304,99,no
apps.apple.com/us/app/askøyværingen/id1562617405,99,no
apps.apple.com/ee/app/krs-avisen-kristiansand/id6450592612,99,no
apps.apple.com/dk/app/comeon-casino-sport-betting/id1070578762,99,no
apps.apple.com/no/app/kvoteappen/id1077706940,98,no
apps.apple.com/no/app/sunnhordland-eavis/id584751649,98,no
apps.apple.com/no/app/night-sky/id475772902,98,no
apps.apple.com/us/app/umax-become-hot/id6471026798,98,no
apps.apple.com/us/app/snapseed-photo-editor/id439438619,98,no
apps.apple.com/us/app/pubg-mobile/id1330123889,98,no
apps.apple.com/no/app/sande-avis/id1064131937,97,no
apps.apple.com/no/app/bir/id1336217261,97,no
apps.apple.com/no/app/profixio/id1195574651,97,no
apps.apple.com/us/app/piccollage-magic-photo-editor/id448639966,97,no
apps.apple.com/no/app/kaloridagbok/id1402266364,97,no
apps.apple.com/us/app/dailymotion-video-app/id336978041,97,no
apps.apple.com/us/app/hello-kitty-island-adventure/id1553505132,97,no
apps.apple.com/pl/app/manga-fire-top-manga-reader/id6612008731,96,no
apps.apple.com/us/app/dhgate-online-wholesale-stores/id905869418,96,no
apps.apple.com/no/app/telefonterror-no-stopp-telefonsalg/id1146603696,96,no
apps.apple.com/no/app/live-flysporing-flyradar/id1097815000?l=nb,96,no
apps.apple.com/us/app/fiskeribladet/id1573885807,96,no
apps.apple.com/us/app/xe-send-money-currency/id315241195,96,no
apps.apple.com/no/app/romerikes-blad/id1044795506,96,no
apps.apple.com/no/app/stickman-hook/id1435807944?l=nb,95,no
apps.apple.com/us/app/bandlab-music-maker-beats/id968585775,95,no
apps.apple.com/no/app/moviedle/id6444155140?l=nb,95,no
apps.apple.com/us/app/flashlight/id381471023,95,no
apps.apple.com/no/app/kupp/id1485411323,94,no
apps.apple.com/us/app/justwatch-movies-tv-shows/id979227482,94,no
apps.apple.com/no/app/above-høyde-over-havet/id904454847,93,no
apps.apple.com/no/app/graphogame-lær-norsk/id1568501173,93,no
apps.apple.com/no/app/thermometer/id704237014,93,no
apps.apple.com/us/app/washington-post/id352509417,93,no
apps.apple.com/dk/app/ordnett/id1165391489,93,no
apps.apple.com/no/app/os-fusaposten/id1384712781,93,no
apps.apple.com/us/app/finn-no/id526541908?l=ru,93,no
apps.apple.com/us/app/medal-game-clipping/id1518008441,93,no
apps.apple.com/no/app/skiftkalender-offshore/id6499107910?l=nb,93,no
apps.apple.com/de/app/google-übersetzer/id414706506,93,no
apps.apple.com/us/app/microsoft-onenote/id410395246,93,no
apps.apple.com/no/app/919545883?see-all=customers-also-bought-apps&platform=iphone,92,no
apps.apple.com/us/app/life-the-game/id6448889614,92,no
apps.apple.com/no/app/marinetraffic-ship-tracking/id563910324,92,no
apps.apple.com/us/app/bulder/id1449465444,92,no
apps.apple.com/no/app/sandefjords-blad/id1007676097,92,no
apps.apple.com/us/app/livetime-viewer/id951433895,91,no
apps.apple.com/fi/app/google-kääntäjä/id414706506?l=fi,91,no
apps.apple.com/us/app/fl-studio-mobile/id432850619,91,no
apps.apple.com/us/app/samsung-health/id1224541484,91,no
apps.apple.com/us/app/purple-place-classic-games/id1461751938,91,no
apps.apple.com/cy/app/totalsportek-live-football/id6478613783,91,no
apps.apple.com/no/app/varden/id978140795,90,no
apps.apple.com/no/app/zoomerang-ai-video-maker/id1361030006?l=nb,90,no
apps.apple.com/no/app/tise-buy-and-sell-secondhand/id948050708,89,no
apps.apple.com/us/app/whatthefont/id304304134,89,no
apps.apple.com/us/app/xchange-data/id935276658,89,no
apps.apple.com/no/app/jotun-colourpin/id1475649636,89,no
apps.apple.com/no/app/sparebanken-norge-sør/id1230457332,88,no
apps.apple.com/no/app/meteoblue-weather-maps/id994459137,88,no
apps.apple.com/no/app/strim/id1361563966,88,no
apps.apple.com/us/app/vinted-shop-sell-pre-loved/id632064380,88,no
apps.apple.com/ru/app/фото-переводчик/id1465903782,88,no
apps.apple.com/us/app/microsoft-word/id462054704?mt=12,88,no
apps.apple.com/us/app/calculator/id1069511488,88,no
apps.apple.com/us/app/google-authenticator/id388497605,88,no
apps.apple.com/us/app/amazon-kindle/id302584613,87,no
apps.apple.com/us/app/bvg-tickets-train-bus-tram/id1232772818,87,no
apps.apple.com/no/app/laagendalsposten-nyheter/id1064120650,87,no
apps.apple.com/kw/app/drive-mad/id6738351841,87,no
apps.apple.com/no/app/matchi/id720782039,87,no
apps.apple.com/no/app/holteportalen/id1201502634,87,no
apps.apple.com/us/app/lietus/id492219948,87,no
apps.apple.com/us/app/vlc-media-player/id650377962,86,no
apps.apple.com/no/app/smart-sound-meter/id1122547394?l=no,86,no
apps.apple.com/ru/app/переводчик-норвежского/id6443441125,86,no
apps.apple.com/us/app/inshot-video-editor/id997362197,86,no
apps.apple.com/us/app/emerald-chat-meet-new-people/id6449822829,86,no
apps.apple.com/se/app/expressen-nyheter/id720666319,85,no
apps.apple.com/no/app/e-boks-no/id495663273,85,no
apps.apple.com/no/app/flightlog-app/id1240868095,85,no
apps.apple.com/no/app/direktesport/id1493982437,85,no
apps.apple.com/us/app/line/id443904275,85,no
apps.apple.com/no/app/vg-eavis/id1389806189,84,no
apps.apple.com/no/app/norgeskart-friluftsliv/id1350671128,84,no
apps.apple.com/us/app/windows-app/id1295203466?mt=12,84,no
apps.apple.com/us/app/monument-valley/id728293409,84,no
apps.apple.com/no/app/imarka/id947402117,84,no
apps.apple.com/no/app/sunnmørsposten/id1083094121,84,no
apps.apple.com/us/app/calculator/id398129933,84,no
apps.apple.com/us/app/thingiverse-printables-3d-go/id6462052942,84,no
apps.apple.com/us/app/ublock-origin-lite/id6745342698,83,no
apps.apple.com/no/app/weather-map-netatmo-stations/id996357216,83,no
apps.apple.com/us/app/intune-company-portal/id719171358,82,no
apps.apple.com/sa/app/ترجمة-google/id414706506?l=ar,82,no
apps.apple.com/us/app/been/id680148327,81,no
apps.apple.com/us/app/slobodna-bosna/id1174111186,81,no
apps.apple.com/no/app/klix-ba/id502522220?l=nb,81,no
apps.apple.com/us/app/gboard-the-google-keyboard/id1091700242,81,no
apps.apple.com/no/app/snelandia-reise/id561390199,81,no
apps.apple.com/us/app/etsy-shop-home-style-more/id477128284,81,no
apps.apple.com/us/app/klarna-pay-your-way/id1115120118,81,no
apps.apple.com/us/app/procreate/id425073498,81,no
apps.apple.com/de/app/mobile-de-autos-kaufen-mehr/id378563358,81,no
apps.apple.com/us/app/fortnite/id6483539426,81,no
apps.apple.com/no/app/firi-buy-bitcoin-ethereum/id1542108249,81,no
apps.apple.com/us/app/ukr-net-mail-app/id1405521485,81,no
apps.apple.com/no/app/pok-pok/id1550204730?l=nb,81,no
apps.apple.com/nz/app/my-lightning-tracker-alerts/id1175031987,81,no
apps.apple.com/gb/app/trainline-train-bus-tickets/id334235181,80,no
apps.apple.com/us/app/hole-io/id1389111413,80,no
apps.apple.com/us/app/offline-games-no-wifi-games/id6448104157,80,no
apps.apple.com/ru/app/почта-ukr-net/id1405521485,80,no
apps.apple.com/us/app/vn-video-editor/id1343581380,80,no
apps.apple.com/no/app/maximat-svinesund/id980944063,80,no
apps.apple.com/no/app/storebrand-bank/id1467168669,80,no
apps.apple.com/hu/app/google-fordító/id414706506?l=hu,80,no
apps.apple.com/no/app/muslima-halal-muslim-dating/id1580680952,80,no
apps.apple.com/gb/app/jbzd/id1572542952,79,no
apps.apple.com/us/app/macos-high-sierra/id1246284741?mt=12,79,no
apps.apple.com/us/app/microsoft-copilot/id6472538445,79,no
apps.apple.com/no/app/europark/id762250180,79,no
apps.apple.com/no/app/messenger/id454638411,79,no
apps.apple.com/no/app/kristendate-norge/id843773147,78,no
apps.apple.com/no/app/lyden-av-norge/id368756376,78,no
apps.apple.com/no/app/app-for-barn-spill-for-barn/id564171144,78,no
apps.apple.com/no/app/tv4-play/id413776071?l=no,78,no
apps.apple.com/us/app/vipps/id984380185,78,no
apps.apple.com/us/app/mematic-the-meme-maker/id491076730,77,no
apps.apple.com/no/app/fram/id6447612651,77,no
apps.apple.com/no/app/visma-enterprise-plus/id1573751472,77,no
apps.apple.com/us/app/battle-net/id1241040030,77,no
apps.apple.com/gb/app/tube-map-london-underground/id320969612,77,no
apps.apple.com/us/app/nike-snkrs-sneakers-apparel/id911130812,76,no
apps.apple.com/ro/app/furuset-senter/id1661043391,76,no
apps.apple.com/no/app/podkaster/id525463029?l=no,76,no
apps.apple.com/no/app/mango-supermarked/id1586461037,76,no
apps.apple.com/us/app/manga-bat-daily-update/id6479396195,76,no
apps.apple.com/no/app/sunnmørsposten-eavis/id415621263,76,no
apps.apple.com/us/app/signal-private-messenger/id874139669,76,no
apps.apple.com/no/app/studentbevis/id6499433200?l=no,76,no
apps.apple.com/no/app/vote4dance/id1050637639,76,no
apps.apple.com/no/app/storytel-audiobooks-library/id348177651,76,no
apps.apple.com/jm/app/liveball/id1580936245,75,no
apps.apple.com/no/app/bookbeat-audiobooks-e-books/id1056652614,75,no
apps.apple.com/no/app/lindesnes-eavis/id510659223,75,no
apps.apple.com/us/app/unsplash/id1290631746,75,no
apps.apple.com/no/app/edderkoppkabal/id686420990?l=nb,75,no
apps.apple.com/us/app/expedia-hotels-flights-cars/id427916203,75,no
apps.apple.com/no/app/seterra-geography-full/id1093460065,75,no
apps.apple.com/no/app/speedometer-simple/id939507215,74,no
apps.apple.com/ro/app/sweet-tv-filme-și-tv-online/id1356560199?l=ro,74,no
apps.apple.com/no/app/kabal-1-solitaire-classic/id1073936461?l=nb,74,no
apps.apple.com/no/app/google-chrome/id535886823,74,no
apps.apple.com/us/app/patreon/id1044456188,74,no
apps.apple.com/us/app/the-jerusalem-post/id434818437,74,no
apps.apple.com/no/app/edda-kino/id1270904533,74,no
apps.apple.com/no/app/promillekalkulator-alcocurve/id6744902908?l=nb,74,no
apps.apple.com/us/app/cricbuzz-live-cricket-scores/id360466413,74,no
apps.apple.com/us/app/chess-clock-by-chess-com/id858039162,73,no
apps.apple.com/no/app/europris-mer-til-overs/id1605096953,73,no
apps.apple.com/no/app/kvitromat-fuglesang-id/id1114163450,73,no
apps.apple.com/gb/app/instagram/id389801252,73,no
apps.apple.com/no/app/book-creator-for-ipad/id442378070,73,no
apps.apple.com/us/app/8-ball-pool/id543186831,73,no
apps.apple.com/no/app/se-hvem/id431229947,73,no
apps.apple.com/no/app/radio-norge-radio-norway-fm/id1138284260,73,no
apps.apple.com/us/app/agoda-cheap-flights-hotels/id440676901,72,no
apps.apple.com/us/app/pokémon-go/id1094591345,72,no
apps.apple.com/us/app/tesla/id582007913,72,no
apps.apple.com/us/app/clock/id1584215688,72,no
apps.apple.com/no/app/visma-ressurs/id1120639689,72,no
apps.apple.com/us/app/bridge-base-online-bbo/id529258853,72,no
apps.apple.com/us/app/coinbase-buy-btc-eth-sol/id886427730,72,no
apps.apple.com/no/app/politikontroller/id585993728,72,no
apps.apple.com/us/app/crypto-bubbles/id1599892658,72,no
apps.apple.com/no/app/nordnet-aksjer-fond/id345038631?l=nb,72,no
apps.apple.com/no/app/plusoffice/id1321980605,71,no
apps.apple.com/us/app/17track-package-tracker/id1004956012,71,no
apps.apple.com/no/app/bliksund-app/id1473241907,71,no
apps.apple.com/us/app/photomath/id919087726,71,no
apps.apple.com/us/app/cookie-clickers/id703439482,71,no
apps.apple.com/no/app/bilkraft-eviny/id955810157,71,no
apps.apple.com/us/app/hotels-com-book-hotels-more/id284971959,71,no
apps.apple.com/us/app/car-parking-multiplayer/id1374868881,71,no
apps.apple.com/us/app/smarters-pro/id6450746159,71,no
apps.apple.com/us/app/iptv-smart-player/id6448987395,70,no
apps.apple.com/no/app/vegviseren/id820856230,70,no
apps.apple.com/gb/app/royal-match/id1482155847,70,no
apps.apple.com/no/app/hacker-typer-fake-hacking/id1631182904,70,no
apps.apple.com/us/app/pi-network/id1445472541,70,no
apps.apple.com/no/app/lær-språk-med-lingo-play/id969976197?l=no,70,no
apps.apple.com/no/app/mano-tele2/id1159709083,70,no
apps.apple.com/sa/app/yalla-shoot-live-scores/id1022650847,69,no
apps.apple.com/ru/app/дзен-новости-статьи-видео/id1343242452,69,no
apps.apple.com/us/app/camscanner-pdf-scanner-app/id388627783,69,no
apps.apple.com/us/app/sketchbook/id883738213,69,no
apps.apple.com/cl/app/bnovus/id1185530029,100,cl
apps.apple.com/ro/app/tiktok-videos-music-live/id835599320,100,cl
apps.apple.com/us/app/youtube-music/id1017492454,100,cl
apps.apple.com/uy/app/meeff-hacer-amigos-globales/id1064381508?l=es-MX,100,cl
apps.apple.com/mx/app/tubi-películas-y-tv/id886445756,100,cl
apps.apple.com/us/app/steam-mobile/id495369748,99,cl
apps.apple.com/us/app/crunchyroll/id329913454,99,cl
apps.apple.com/es/app/pinterest/id429047995,99,cl
apps.apple.com/cl/app/que-opinas/id964651441,99,cl
apps.apple.com/us/app/windows-app/id1295203466?mt=12,99,cl
apps.apple.com/us/app/dinamani-epaper/id709290922,100,sg
apps.apple.com/us/app/the-times-of-india-news-app/id427589329,100,sg
apps.apple.com/in/app/story-saver-ig-insta-save/id1622984256,100,sg
apps.apple.com/us/app/fishdom/id664575829,100,sg
apps.apple.com/us/app/gogoanime-9anime/id1508062085,100,sg
apps.apple.com/sg/app/shell-asia/id1539429518,100,sg
apps.apple.com/us/app/oliveyoung-global/id1466755724,100,sg
apps.apple.com/sg/app/manulife-singapore/id6743464394,99,sg
apps.apple.com/us/app/wps-office-pdf-docs-sheets/id1491101673,99,sg
apps.apple.com/in/app/ultimatix-payroll/id1414793902,99,sg
apps.apple.com/sg/app/singapore-4d-toto-results/id6450379323,99,sg
apps.apple.com/us/app/btt-basic-theory-test-for-singapore-driving-prepare/id1107306235,99,sg
apps.apple.com/cn/app/指南针-北南东西/id900837187,99,sg
apps.apple.com/us/app/word-connect-¤/id1226926872,99,sg
apps.apple.com/us/app/gta-chinatown-wars/id344186162,99,sg
apps.apple.com/us/app/movies-box/id1475108459,99,sg
apps.apple.com/sg/app/nestia-make-life-simple/id985086368,99,sg
apps.apple.com/us/app/winrar-rar-archives/id6740474342,99,sg
apps.apple.com/sg/app/cityline-ticketing/id496488073,99,sg
apps.apple.com/my/app/hlb-connect-mobile-banking-app/id1446719260,98,sg
apps.apple.com/us/app/네이버-파파고-ai-통번역/id1147874819?l=ko,98,sg
apps.apple.com/us/app/compass/id1174136875,98,sg
apps.apple.com/sg/app/dinar-chronicles-rv-recaps/id1642043789,98,sg
apps.apple.com/us/app/photomath/id919087726,98,sg
apps.apple.com/th/app/busan-subway-map/id6478421400,98,sg
apps.apple.com/gb/app/amazon-shopping/id335187483,97,sg
apps.apple.com/my/app/checkpoint-sg-traffic-camera/id1102786826,97,sg
apps.apple.com/ro/app/tiktok-videos-music-live/id835599320,97,sg
apps.apple.com/us/app/aiscore-live-sports-scores/id1477171291,97,sg
apps.apple.com/us/app/youdao-dictionary/id353115739,97,sg
apps.apple.com/us/app/mx-player-video-player/id1578866804,97,sg
apps.apple.com/us/app/xe-send-money-currency/id315241195,97,sg
apps.apple.com/us/app/singapore-metro-map-planner/id535754423,97,sg
apps.apple.com/us/app/apne-live-tv/id1636248674,97,sg
apps.apple.com/us/app/tripit-travel-planner/id311035142,97,sg
apps.apple.com/sg/app/srx/id881817538,97,sg
apps.apple.com/hk/app/turrit-telegram中文版-电报群聊天实时翻译/id6471781238,97,sg
apps.apple.com/us/app/monopoly-go/id1621328561,96,sg
apps.apple.com/us/app/nearpod/id523540409,96,sg
apps.apple.com/us/app/meitu-photo-video-editor/id416048305,96,sg
apps.apple.com/us/app/imdb-movies-tv-shows/id342792525,96,sg
apps.apple.com/us/app/zombsroyale-io/id1356882421,96,sg
apps.apple.com/us/app/pixabay/id1178021455,96,sg
apps.apple.com/us/app/futbin-fc-26-evolutions-more/id1080465358,96,sg
apps.apple.com/us/app/status-saver-photo-video/id1513735287,96,sg
apps.apple.com/sg/app/seithi-mediacorp/id982161322,96,sg
apps.apple.com/us/app/grindr-gay-dating-chat/id319881193,96,sg
apps.apple.com/us/app/transcribe-speech-to-text/id1241342461,96,sg
apps.apple.com/sg/app/live-singapore-football/id1117883419,95,sg
apps.apple.com/my/app/google-translate/id414706506,95,sg
apps.apple.com/sg/app/sg-badminton/id6608975552,95,sg
apps.apple.com/us/app/mconnect-player/id503760460,95,sg
apps.apple.com/sg/app/nuhs-app/id1533213621,95,sg
apps.apple.com/us/app/ea-sports-fc-mobile-soccer/id1094930513,95,sg
apps.apple.com/us/app/reface-face-swap-ai-photo-app/id1488782587,95,sg
apps.apple.com/sg/app/binance-buy-bitcoin-crypto/id1436799971,95,sg
apps.apple.com/us/app/planet-free-vpn-super-proxy/id1410235921,95,sg
apps.apple.com/us/app/voice-translator-ai-translate/id1036725690,95,sg
apps.apple.com/us/app/ukulele-tuner/id327762565,95,sg
apps.apple.com/us/app/flashlight/id381471023,95,sg
apps.apple.com/sg/app/resource-booking-service/id1605643872,95,sg
apps.apple.com/sg/app/nlb-mobile/id1147053983,94,sg
apps.apple.com/us/app/wordscapes/id1207472156,94,sg
apps.apple.com/us/app/picrew-oc-maker-pfp/id6477856733,94,sg
apps.apple.com/sg/app/sg-busleh-bus-train-timings/id1457795886,94,sg
apps.apple.com/sg/app/lazada-seller-center/id1315605408,94,sg
apps.apple.com/sg/app/libby-the-library-app/id1076402606,94,sg
apps.apple.com/us/app/nordvpn-vpn-fast-secure/id905953485,94,sg
apps.apple.com/ua/app/老王vpn-极速网络vpn/id6449781964,93,sg
apps.apple.com/sg/app/bullion-harvest/id1441121177,93,sg
apps.apple.com/us/app/quinn-audio-stories/id1565600312,93,sg
apps.apple.com/us/app/gamepigeon/id1124197642,93,sg
apps.apple.com/am/app/thunder-vpn-vpn-fast-secure/id6450655901,93,sg
apps.apple.com/kr/app/다음-daum/id365494029,93,sg
apps.apple.com/sg/app/magnum-4d-official-app-万能万字/id763361098?l=zh,92,sg
apps.apple.com/sg/app/apple-store/id375380948,92,sg
apps.apple.com/sg/app/ryde-ride-hailing-more/id979806982,92,sg
apps.apple.com/tw/app/group-for-telegram/id1500098313,91,sg
apps.apple.com/us/app/ludo-king/id993090598,91,sg
apps.apple.com/us/app/hola-vpn/id1553473179,91,sg
apps.apple.com/us/app/mango-live-live-stream/id1517789247,91,sg
apps.apple.com/us/app/my-love-relationship-counter/id409609608,91,sg
apps.apple.com/my/app/kwsp-i-akaun/id1660153573,91,sg
apps.apple.com/by/app/touch-cricket/id317448270,91,sg
apps.apple.com/us/app/kids-word-search-games-puzzles/id505382792,91,sg
apps.apple.com/us/app/poe-fast-ai-chat/id1640745955,91,sg
apps.apple.com/us/app/旋风加速器-vpn全球网络加速/id6450618047,91,sg
apps.apple.com/sg/app/29-card-game-twenty-nine/id6478094087,91,sg
apps.apple.com/us/app/reminders/id1108187841,91,sg
apps.apple.com/ph/app/bilibili-hd-anime-videos/id1548857482,90,sg
apps.apple.com/sg/app/linkedin-领英/id288429040?l=zh-Hans-CN,90,sg
apps.apple.com/us/app/bm-online/id1462899730,90,sg
apps.apple.com/cn/app/抖音精选-看视频/id6444170965,90,sg
apps.apple.com/cn/app/计算器-新版计算机/id1458583388,90,sg
apps.apple.com/it/app/google-traduttore/id414706506,90,sg
apps.apple.com/lt/app/one-changi/id6743378535,90,sg
apps.apple.com/us/app/magic-tiles-3-piano-game/id1443446174,90,sg
apps.apple.com/il/app/yalla-shoot-live-scores/id1022650847,90,sg
apps.apple.com/sg/app/腐漫盒子-同人bl香羞免耽美天堂/id6736684624,90,sg
apps.apple.com/us/app/star-sports-official/id1546996795,90,sg
apps.apple.com/us/app/openseas/id1022371177,90,sg
apps.apple.com/us/app/goodnotes-ai-notes-docs-pdf/id1444383602,90,sg
apps.apple.com/sg/app/tp-test-btt-ftt-rtt-pdvl/id1480938119,90,sg
apps.apple.com/in/app/shareme-fast-file-sharing/id6503259288,90,sg
apps.apple.com/sg/app/valueclub/id1247345392,89,sg
apps.apple.com/us/app/codespark-coding-for-kids/id923441570,89,sg
apps.apple.com/us/app/minesweeper-classic-game/id1475921958,89,sg
apps.apple.com/sg/app/koufu-eat/id1419628878,89,sg
apps.apple.com/sg/app/mbjbspot/id1641406902,89,sg
apps.apple.com/sg/app/paypal-send-manage-pay/id283646709,89,sg
apps.apple.com/us/app/fanalytics-stats-for-spotify/id6670325036,89,sg
apps.apple.com/sg/app/cash-converters-sg/id1576746394,89,sg
apps.apple.com/sg/app/sbs-transit/id429899929,88,sg
apps.apple.com/us/app/tinkercad/id1469440830,88,sg
apps.apple.com/us/app/classpass-fitness-spa-salon/id912947244,88,sg
apps.apple.com/us/app/apple-configurator/id1037126344,88,sg
apps.apple.com/us/app/bumble-dating-app-meet-date/id930441707,88,sg
apps.apple.com/us/app/data-transfer-snapdrop/id6450982756,87,sg
apps.apple.com/us/app/timestamp-camera-time-stamp/id6680182683,87,sg
apps.apple.com/us/app/wechat/id836500024,87,sg
apps.apple.com/us/app/universal-studios-singapore/id1462742095,87,sg
apps.apple.com/us/app/pavilion-kuala-lumpur/id1542191030,87,sg
apps.apple.com/us/app/uno/id1344700142,87,sg
apps.apple.com/sg/app/muslimsg/id1429637847,87,sg
apps.apple.com/sg/app/infotech-hrms/id1096521618,87,sg
apps.apple.com/cn/app/陈抟八字排盘-名师都在用/id1617954855,87,sg
apps.apple.com/us/app/padlet/id834618886,86,sg
apps.apple.com/us/app/apple-music/id1108187390,86,sg
apps.apple.com/au/app/mybet-racing-sports-betting/id6474523166,86,sg
apps.apple.com/us/app/hiface-face-shape-finder/id1503991231,86,sg
apps.apple.com/sg/app/foodpanda-rider/id1592980686,86,sg
apps.apple.com/us/app/todoist-to-do-list-calendar/id572688855,85,sg
apps.apple.com/us/app/ublock-origin-lite/id6745342698,85,sg
apps.apple.com/sg/app/video-master-for-youtube/id1500098621,85,sg
apps.apple.com/us/app/integral-calculator-app/id1624033320,85,sg
apps.apple.com/sg/app/yuu-sg/id1588543366,85,sg
apps.apple.com/sg/app/singapore-airlines/id515287841,85,sg
apps.apple.com/sa/app/spl-online-سبل-أون-لاين/id494312967,84,sg
apps.apple.com/us/app/itunes-store/id915061235,84,sg
apps.apple.com/us/app/kakaotalk-messenger/id362057947,84,sg
apps.apple.com/us/app/bdo-online/id1551584630,84,sg
apps.apple.com/us/app/media-converter-video-to-mp3/id1294207675,84,sg
apps.apple.com/us/app/nowgoal-live-football-scores/id641037627,84,sg
apps.apple.com/sg/app/deliveroo-food-shopping/id1001501844,84,sg
apps.apple.com/us/app/macos-ventura/id1638787999,83,sg
apps.apple.com/sg/app/amex-singapore/id542670232,83,sg
apps.apple.com/sg/app/ijooz-sg/id6642699972,83,sg
apps.apple.com/us/app/eatigo/id879030389,83,sg
apps.apple.com/us/app/aol-mail-news-weather/id646100661,83,sg
apps.apple.com/us/app/threads/id6446901002,83,sg
apps.apple.com/sg/app/iherb-vitamins-supplements/id636609212,82,sg
apps.apple.com/us/app/spider-solitaire-card-game/id395979574,82,sg
apps.apple.com/us/app/scratchjr/id895485086,82,sg
apps.apple.com/us/app/http-injector/id1659992827,82,sg
apps.apple.com/us/app/party-games-password-game/id1569679923,82,sg
apps.apple.com/sg/app/4d-luck/id593207370,82,sg
apps.apple.com/cn/app/搜狗输入法-语音变声斗图表情/id917670924,82,sg
apps.apple.com/us/app/cinema-hd-movies-tv-shows/id1483040140,82,sg
apps.apple.com/sg/app/vidio-sports-movies-series/id1048858798,82,sg
apps.apple.com/sg/app/sia-group-sports-club/id1579487496,82,sg
apps.apple.com/sg/app/iqiyi-亚洲电视剧-动漫-综艺/id1461999674?l=zh,82,sg
apps.apple.com/sg/app/where-is-my-train-live-train/id6684855716,82,sg
apps.apple.com/sg/app/whitecoat/id1400608472,81,sg
apps.apple.com/us/app/magnum-4d-official-app-万能万字/id763361098?l=zh&platform=iphone,81,sg
apps.apple.com/sg/app/whatsapp-messenger/id310633997,81,sg
apps.apple.com/sg/app/berita-harian-sg/id743558902,81,sg
apps.apple.com/tw/app/豆瓣/id907002334,81,sg
apps.apple.com/us/app/tele-messenger-chat-secure/id1529859589,81,sg
apps.apple.com/sg/app/car-lite-carsharing/id6477532017,81,sg
apps.apple.com/cn/app/飞书-ai-时代先进生产力平台/id1401729613,81,sg
apps.apple.com/us/app/straight2bank/id1169270682,81,sg
apps.apple.com/sg/app/狮城/id6733225213,80,sg
apps.apple.com/my/app/mytnb/id1297089591,80,sg
apps.apple.com/us/app/pixlr-ai-photo-video-editor/id526783584,80,sg
apps.apple.com/cn/app/google-地图/id585027354,80,sg
apps.apple.com/cn/app/天府泰剧-泰剧tv/id6743192041,80,sg
apps.apple.com/us/app/qr-code-barcode-scanner/id1048473097,80,sg
apps.apple.com/us/app/manga-plus-by-shueisha/id1442476536,80,sg
apps.apple.com/us/app/wavepay/id1439175549,80,sg
apps.apple.com/nz/app/football-live-tv-my-hd-stream/id6478971501,80,sg
apps.apple.com/sg/app/almanac-chinese-lunar-calendar/id1495819707,80,sg
apps.apple.com/us/app/doodle-jump-insanely-good/id456355158,80,sg
apps.apple.com/us/app/mp3-cutter-m4a-music-cutter/id1455601338,79,sg
apps.apple.com/us/app/talkatone-wifi-text-calls/id397648381,79,sg
apps.apple.com/sa/app/dramago-endless-short-dramas/id6714454092,79,sg
apps.apple.com/us/app/linkedin-learning/id1084807225,79,sg
apps.apple.com/sg/app/lightning-alarm/id1015876499,79,sg
apps.apple.com/us/app/weex-trade-bitcoin-futures/id1609350789,79,sg
apps.apple.com/cn/app/zk助手-悬浮时钟抢购神器/id1498018958,79,sg
apps.apple.com/sg/app/manorama-online-news-videos/id547933268,79,sg
apps.apple.com/sg/app/carlist-my-new-and-used-cars/id1034243291,79,sg
apps.apple.com/us/app/fruit-ninja/id403858572,79,sg
apps.apple.com/us/app/seat-alerts/id533533342,79,sg
apps.apple.com/cn/app/千牛/id590217303,79,sg
apps.apple.com/us/app/ishot-screenshot-recording-ocr/id1485844094,79,sg
apps.apple.com/us/app/signal-private-messenger/id874139669,79,sg
apps.apple.com/sg/app/citymapper-your-transport-app/id469463298,79,sg
apps.apple.com/us/app/live-football-tv-soccer-score/id6478971501,78,sg
apps.apple.com/us/app/saina-play-malayalam-movies/id1439906791,78,sg
apps.apple.com/us/app/battle-net/id1241040030,78,sg
apps.apple.com/us/app/sporting-tv-online/id1266640170,100,pt
apps.apple.com/pt/app/banco-big-portugal/id1645522546,100,pt
apps.apple.com/pt/app/sismos-ipma/id1503163319,100,pt
apps.apple.com/pt/app/moey-conta-100-digital/id1462060959,100,pt
apps.apple.com/kh/app/live-football-tv-hd-streaming/id6478971501,100,pt
apps.apple.com/br/app/google/id284815942,99,pt
apps.apple.com/pt/app/glovo-rider-for-couriers/id6482290018,99,pt
apps.apple.com/pt/app/ca-mobile-empresas/id956842500,99,pt
apps.apple.com/br/app/monopoly/id1477966166,99,pt
apps.apple.com/pt/app/glassdoor-jobs-community/id589698942,99,pt
apps.apple.com/ua/app/шаблоны-для-сторис-инстаграм/id1501366665?l=uk,100,ua
apps.apple.com/ua/app/pango-гроші-в-кредит-онлайн/id6469511092,100,ua
apps.apple.com/ru/app/alias-party-game/id1163843973,100,ua
apps.apple.com/ru/app/гра-супермаркет-магазин-3d/id1594805147?l=uk,100,ua
apps.apple.com/ua/app/findmykids-геолокация-gps/id994098803?l=uk,100,ua
apps.apple.com/ru/app/шпион/id1436433223,100,ua
apps.apple.com/ua/app/tuya-smart-life-smart-living/id1034649547?l=ru,99,ua
apps.apple.com/ru/app/meta-ads-manager/id964397083,99,ua
apps.apple.com/ua/app/mindly/id1599105020?l=uk,99,ua
apps.apple.com/ru/app/microsoft-outlook/id985367838?mt=12,99,ua
apps.apple.com/gr/app/all-about-aris/id793926231,99,gr
apps.apple.com/il/app/ynet/id424830861,99,gr
apps.apple.com/gr/app/ελληνοαγγλικό-λεξικό/id515127233?l=el,99,gr
apps.apple.com/us/app/gta-chinatown-wars/id344186162,99,gr
apps.apple.com/us/app/bus-simulator-ultimate/id1461749632,99,gr
apps.apple.com/us/app/myδεη/id1641677702,99,gr
apps.apple.com/gr/app/ventusky-weather-live-radar/id1280984498,99,gr
apps.apple.com/us/app/deepseek-ai-assistant/id6737597349,99,gr
apps.apple.com/cy/app/fast-speed-test/id1133348139?l=el,99,gr
apps.apple.com/za/app/וואלה/id336751384,99,gr
apps.apple.com/us/app/meteoblue-weather-maps/id994459137,100,ro
apps.apple.com/us/app/777-slots-casino-new-online-slot-machine-games/id524624575,100,ro
apps.apple.com/us/app/packages-track-your-parcels/id1229071393,100,ro
apps.apple.com/de/app/google-übersetzer/id414706506,100,ro
apps.apple.com/us/app/studystream/id6461722416,99,ro
apps.apple.com/us/app/bestauto/id432310353,99,ro
apps.apple.com/ro/app/tazz-food-and-other-cravings/id1137016841,99,ro
apps.apple.com/us/app/antena-1/id1551818793,99,ro
apps.apple.com/ro/app/myelectrica/id1231023480?l=ro,98,ro
apps.apple.com/ro/app/homeguardcare/id1128687939,98,ro
apps.apple.com/us/app/english-to-nepali-translation/id1603183289,100,qa
apps.apple.com/us/app/ludo-king/id993090598,100,qa
apps.apple.com/qa/app/emax-electronics-online/id1295681641,100,qa
apps.apple.com/ng/app/sportybet-sports-betting/id1504038308,100,qa
apps.apple.com/pl/app/munowatch/id1640656202,100,qa
apps.apple.com/in/app/ludo-king/id993090598,99,qa
apps.apple.com/eg/app/shein-التسوق-عبر-الإنترنت/id878577184?l=ar,99,qa
apps.apple.com/us/app/teen-patti-gold-poker-rummy/id889200846,99,qa
apps.apple.com/sa/app/snoonu-سنونو-الأطعمة-والتسوق/id1457458384?l=ar,98,qa
apps.apple.com/tn/app/ألعاب-قيادة-السيارات/id1193550697?l=ar,98,qa
apps.apple.com/pe/app/conti-móvil/id1576251545,100,pe
apps.apple.com/au/app/the-lott/id465032804,100,pe
apps.apple.com/pe/app/ar-cue-sports/id1543681715,100,pe
apps.apple.com/es/app/imvu-3d-avatar-moda-juego/id919745844,99,pe
apps.apple.com/us/app/4-10/id1609871477,99,pe
apps.apple.com/us/app/hero-wars-alliance-fantasy/id1158967485,99,pe
apps.apple.com/sv/app/tagged-chill-chat-go-live/id358899126,99,pe
apps.apple.com/pa/app/mcpedl-for-minecraft/id1633391147,99,pe
apps.apple.com/es/app/sportytrader-pronóstico-fútbol/id6497877613,99,pe
apps.apple.com/pe/app/plato-juegos-multijugador/id1054747306,99,pe
apps.apple.com/cz/app/microsoft-edge-ai-prohlížeč/id1288723196?l=cs,100,cz
apps.apple.com/us/app/голосовой-чат-рулетка-некто-ми/id1632758687,100,cz
apps.apple.com/cz/app/narozeninové-přání-pozvánka/id1473098402?l=cs,100,cz
apps.apple.com/us/app/cooldrama-short-dramas-movies/id6443498031,99,cz
apps.apple.com/us/app/izurvive-dayz-maps/id585632597,99,cz
apps.apple.com/us/app/pop-cat/id1242825167,99,cz
apps.apple.com/us/app/tubemate-convert-video-to-mp3/id6449671171,99,cz
apps.apple.com/cz/app/fotbalcz/id6608981804?l=cs,98,cz
apps.apple.com/cz/app/star-walk-2-plus-mapa-oblohy/id1112481571?l=cs,98,cz
apps.apple.com/us/app/1-2-3-4-player-games/id1635978552,98,cz
apps.apple.com/us/app/offline-games-no-wifi-games/id6448104157,100,ie
apps.apple.com/ie/app/uber-request-a-ride/id368677368,100,ie
apps.apple.com/us/app/hill-climb-racing/id564540143,100,ie
apps.apple.com/us/app/2048/id840919914,99,ie
apps.apple.com/us/app/dropbox-cloud-storage-backup/id327630330,99,ie
apps.apple.com/ie/app/avant-money/id1523440501,99,ie
apps.apple.com/us/app/ترجمة-google/id414706506?l=ar,99,ie
apps.apple.com/ie/app/the-range/id1451974207,99,ie
apps.apple.com/ie/app/anagram-solver-solve-anagrams/id1514127557,99,ie
apps.apple.com/ie/app/map-my-walk-walking-tracker/id307861492,99,ie
apps.apple.com/ie/app/wise-global-money/id612261027,99,ie
apps.apple.com/us/app/mysims/id6744486442,99,ie
apps.apple.com/ie/app/icbf-herdplus/id1534731177,99,ie
apps.apple.com/ie/app/faceover-photo-face-swap/id393476155,98,ie
apps.apple.com/us/app/all-sports-tv-live-streaming/id6443878999,97,ie
apps.apple.com/us/app/reface-face-swap-ai-photo-app/id1488782587,97,ie
apps.apple.com/tr/app/enniscorthy-cu/id1541864078,97,ie
apps.apple.com/gb/app/hit-the-button-maths/id1001893116,96,ie
apps.apple.com/ie/app/the42-sports-news/id529792907,96,ie
apps.apple.com/ie/app/collage-maker/id530957474,96,ie
apps.apple.com/ie/app/irish-radio-live-ireland/id1507931850,96,ie
apps.apple.com/ie/app/marketplace-buy-and-sell/id1212024479,96,ie
apps.apple.com/gb/app/segi-tv/id1561275099,95,ie
apps.apple.com/ie/app/icbf-animal-search/id1171396349,95,ie
apps.apple.com/ie/app/deliveroo-food-shopping/id1001501844,95,ie
apps.apple.com/us/app/the-nbc-app-stream-tv-shows/id442839435,95,ie
apps.apple.com/us/app/mcdonalds/id922103212,95,ie
apps.apple.com/us/app/scruff-gay-dating-chat/id380015247,95,ie
apps.apple.com/us/app/voda-lgbtqia-mental-wellness/id1609960860,95,ie
apps.apple.com/us/app/stocard-loyalty-card-wallet/id6749338079,94,ie
apps.apple.com/ie/app/kindle/id302584613,94,ie
apps.apple.com/us/app/deepstatemap/id6443851995,94,ie
apps.apple.com/ie/app/standard-life/id485692917,94,ie
apps.apple.com/ie/app/myrunresults/id1589950402,94,ie
apps.apple.com/ie/app/clubzap/id1004097048,94,ie
apps.apple.com/ie/app/hagglezon-compare-prices/id1273547948,93,ie
apps.apple.com/ie/app/shazam-find-music-concerts/id284993459,93,ie
apps.apple.com/us/app/calorie-counter-mynetdiary/id287529757,93,ie
apps.apple.com/us/app/sexy-ai-art-generator/id6448269610,93,ie
apps.apple.com/us/app/blockudoku-block-puzzle-game/id1452227871,93,ie
apps.apple.com/ie/app/omio-train-bus-and-flight/id885372509,93,ie
apps.apple.com/us/app/compass/id520985073,93,ie
apps.apple.com/gb/app/netweather-radar/id1230446819,92,ie
apps.apple.com/us/app/duo-mobile/id422663827,92,ie
apps.apple.com/us/app/wayback-machine/id1201888313,92,ie
apps.apple.com/ie/app/wordwheel/id1481025490,92,ie
apps.apple.com/gb/app/myaviva-insurance-finance/id852352703,92,ie
apps.apple.com/ie/app/lookfantastic-beauty-shop-uk/id1449982671,92,ie
apps.apple.com/us/app/nordvpn-vpn-fast-secure/id905953485,92,ie
apps.apple.com/ie/app/irish-examiner-epaper/id717163925,92,ie
apps.apple.com/pl/app/poczta-o2/id1033546634?l=pl,91,ie
apps.apple.com/ie/app/ray-whelan-customer-app/id1611964266,91,ie
apps.apple.com/us/app/word-connect-word-games/id1269460400,91,ie
apps.apple.com/us/app/wordplay-solve-new-puzzles/id6476651753,91,ie
apps.apple.com/us/app/my-talking-tom/id657500465,91,ie
apps.apple.com/us/app/hay-day/id506627515,91,ie
apps.apple.com/gb/app/william-hill-sports-betting/id465712788,91,ie
apps.apple.com/ie/app/fudi-more/id1174079302,90,ie
apps.apple.com/gb/app/lidl-plus/id1238611143,90,ie
apps.apple.com/us/app/color-by-number-coloring-games/id1317978215,90,ie
apps.apple.com/ca/app/true-caller-id-number-search/id6738350240,90,ie
apps.apple.com/ie/app/icci/id1377842474,90,ie
apps.apple.com/gb/app/flashscore-live-scores-news/id766443283,90,ie
apps.apple.com/ie/app/viator-top-travel-experiences/id434832826,90,ie
apps.apple.com/cz/app/redclick-dublinbikes-app/id1539150180,89,ie
apps.apple.com/us/app/star-by-face-celebs-look-alike/id1499633307,89,ie
apps.apple.com/us/app/watch-faces-wallpapers/id1502819074,88,ie
apps.apple.com/us/app/uber-eats-food-groceries/id1058959277,88,ie
apps.apple.com/us/app/marca-sports-newspaper/id312407627,88,ie
apps.apple.com/us/app/patreon/id1044456188,88,ie
apps.apple.com/hu/app/sgc-dungarvan/id439638883,88,ie
apps.apple.com/gb/app/sportyhq-bookings/id1264400920,88,ie
apps.apple.com/bo/app/clima/id1069513131,88,ie
apps.apple.com/us/app/reading-eggs-learn-to-read/id726696040,87,ie
apps.apple.com/us/app/photos/id1584215428,87,ie
apps.apple.com/us/app/stick-war-legacy/id1001780528,87,ie
apps.apple.com/ie/app/irish-english-dictionary/id6450720725,87,ie
apps.apple.com/us/app/tiny-fishing/id6446418140,87,ie
apps.apple.com/ru/app/говоріть-перекласти/id804641004?l=uk,86,ie
apps.apple.com/us/app/smoothcomp/id6738053432,86,ie
apps.apple.com/us/app/livecoinwatch/id1501388754,86,ie
apps.apple.com/ie/app/passport-photo-id-photo-app/id1294190634,86,ie
apps.apple.com/us/app/ludo/id1452973510,86,ie
apps.apple.com/gb/app/playojo-real-money-casino/id1202888212,86,ie
apps.apple.com/gb/app/aybl/id6450782939,86,ie
apps.apple.com/ie/app/timegate-employee/id1198633445,85,ie
apps.apple.com/us/app/emoji-kitchen/id6443861559,85,ie
apps.apple.com/ie/app/netflix/id363590051,85,ie
apps.apple.com/ie/app/jobs-ie-job-finder-app/id1140824034,84,ie
apps.apple.com/gb/app/littlewoods-fashion-home/id1142644536,84,ie
apps.apple.com/us/app/hitman-absolution/id6737513240,84,ie
apps.apple.com/us/app/vlc-media-player/id650377962,83,ie
apps.apple.com/us/app/tradingview-track-all-markets/id1205990992,83,ie
apps.apple.com/ie/app/indie-at-home/id1213808313,83,ie
apps.apple.com/ie/app/firefox-fast-private-browser/id989804926,83,ie
apps.apple.com/us/app/new-profile-pic-avatar-maker/id1605986793,83,ie
apps.apple.com/us/app/wsop-poker-texas-holdem-game/id719525810,83,ie
apps.apple.com/lv/app/myaxa-ch/id382425736,83,ie
apps.apple.com/us/app/docusign-upload-sign-docs/id474990205,83,ie
apps.apple.com/ie/app/spotify-music-and-podcasts/id324684580,83,ie
apps.apple.com/ie/app/bracken-cabs/id1516359221,82,ie
apps.apple.com/us/app/raya/id957215308,82,ie
apps.apple.com/ie/app/myenergi/id1441944813,82,ie
apps.apple.com/ie/app/ixl-maths-and-english/id693689912,82,ie
apps.apple.com/us/app/celeb-ai-celebrity-look-alike/id535153636,82,ie
apps.apple.com/ie/app/freenow-for-drivers/id1474084363,82,ie
apps.apple.com/us/app/daily-mail-breaking-news/id384101264,82,ie
apps.apple.com/hu/app/google-fordító/id414706506?l=hu,82,ie
apps.apple.com/ie/app/rakuten-viber-messenger/id382617920,82,ie
apps.apple.com/gm/app/score-beo/id1564496962,81,ie
apps.apple.com/us/app/vk-social-network-messenger/id564177498,81,ie
apps.apple.com/us/app/dave-credit-cash-money-app/id1193801909,81,ie
apps.apple.com/ie/app/amazon-flex/id1454725763,81,ie
apps.apple.com/us/app/mapy-com-offline-gps-maps/id411411020,80,ie
apps.apple.com/us/app/letterboxd/id1054271011,79,ie
apps.apple.com/us/app/bandlab-music-maker-beats/id968585775,79,ie
apps.apple.com/us/app/happy-wheels/id648668184,79,ie
apps.apple.com/us/app/hinge-dating-app-match-date/id595287172,79,ie
apps.apple.com/cz/app/nude-app/id1281405417,79,ie
apps.apple.com/qa/app/marunadan-malayalee/id6742739811,79,ie
apps.apple.com/us/app/english-to-malayalam-translate/id1193038798,79,ie
apps.apple.com/us/app/4-pics-1-word/id595558452,79,ie
apps.apple.com/us/app/level-devil-not-a-troll-game/id6477413486,79,ie
apps.apple.com/us/app/pphub-for-github-developer/id1314212521,79,ie
apps.apple.com/us/app/shareit-transfer-share-files/id725215120,79,ie
apps.apple.com/ie/app/fujifilm-imagine-ireland/id820621932,79,ie
apps.apple.com/ie/app/manga-bat-daily-update/id6479396195,79,ie
apps.apple.com/ie/app/expedia-travel-hotel-flight/id427916203,79,ie
apps.apple.com/ie/app/netbet/id1552035142,79,ie
apps.apple.com/ie/app/racing-post-horse-racing/id339003373,78,ie
apps.apple.com/us/app/unsplash/id1290631746,78,ie
apps.apple.com/ie/app/lightning-tracker-my-radar-map/id6670304902,78,ie
apps.apple.com/ie/app/mister-auto/id986015605,78,ie
apps.apple.com/gb/app/vinted-shop-sell-pre-loved/id632064380,77,ie
apps.apple.com/ie/app/bull-search/id1397986763,77,ie
apps.apple.com/us/app/cookie-clickers/id703439482,77,ie
apps.apple.com/us/app/camera/id1584216193,77,ie
apps.apple.com/us/app/monopoly-the-board-game/id1477966166,77,ie
apps.apple.com/us/app/bitchute/id6744020503,77,ie
apps.apple.com/gb/app/brs-golf/id1150481501,77,ie
apps.apple.com/in/app/myntra-fashion-shopping-app/id907394059,77,ie
apps.apple.com/ie/app/dulux-visualizer-ie/id426952222,76,ie
apps.apple.com/us/app/smallpdf-scanner-pdf-editor/id1485259500,76,ie
apps.apple.com/us/app/flaggle/id6747907733,76,ie
apps.apple.com/us/app/verifly-fast-digital-identity/id1522957424,76,ie
apps.apple.com/uz/app/instagram/id389801252,76,ie
apps.apple.com/us/app/amazon-shopping/id297606951,75,ie
apps.apple.com/ru/app/вконтакте-общение-в-соцсети/id564177498,75,ie
apps.apple.com/us/app/amazon-fire-tv/id947984433,75,ie
apps.apple.com/ie/app/the-unsent-project/id6748623613,75,ie
apps.apple.com/us/app/pexels/id1434330413,75,ie
apps.apple.com/us/app/glofox/id916224471,75,ie
apps.apple.com/ie/app/kildare-village/id1320810784,75,ie
apps.apple.com/us/app/threads/id6446901002,75,ie
apps.apple.com/us/app/expressvpn-secure-fast-vpn/id886492891,74,ie
apps.apple.com/mn/app/onshape-3d-cad/id923421284,74,ie
apps.apple.com/ie/app/softworks-self-service-app/id1122026641,74,ie
apps.apple.com/ie/app/the-aa-ireland/id451116980,74,ie
apps.apple.com/us/app/vita-mahjong/id6468921495,74,ie
apps.apple.com/us/app/zen-word-relax-puzzle-game/id1660171117,74,ie
apps.apple.com/us/app/ebay-online-shopping-selling/id282614216,74,ie
apps.apple.com/us/app/head-ball-2-soccer-game/id1193933380,74,ie
apps.apple.com/ie/app/tipperary-eparking/id1159373748,74,ie
apps.apple.com/us/app/nibble-your-bite-of-knowledge/id6444046612,74,ie
apps.apple.com/ie/app/ming-garden/id6449449858,73,ie
apps.apple.com/us/app/crunchyroll/id329913454,73,ie
apps.apple.com/us/app/insect-bite-identification/id6599854810,73,ie
apps.apple.com/ie/app/livingsocial-uk-ireland/id1094658786,73,ie
apps.apple.com/us/app/famous-birthdays/id646707938,73,ie
apps.apple.com/us/app/stubhub-event-tickets/id366562751,73,ie
apps.apple.com/ie/app/the-watershed/id1437625337,73,ie
apps.apple.com/us/app/run/id907239855,73,ie
apps.apple.com/us/app/episode-choose-your-story/id656971078,73,ie
apps.apple.com/ie/app/irish-daily-star-newspaper/id1597743688,73,ie
apps.apple.com/ie/app/discogs/id1036449551,72,ie
apps.apple.com/us/app/macdroid-manager-for-android/id1476545828?mt=12,72,ie
apps.apple.com/us/app/seashore/id1448648921,72,ie
apps.apple.com/us/app/mathrubhumi/id520404360,72,ie
apps.apple.com/us/app/piccollage-magic-photo-editor/id448639966,72,ie
apps.apple.com/us/app/onedrive/id823766827?mt=12,72,ie
apps.apple.com/pl/app/gazeta-pl-live/id395372537,72,ie
apps.apple.com/ie/app/monkey-mart/id6480208265,72,ie
apps.apple.com/us/app/stickman-hook/id1435807944,72,ie
apps.apple.com/ie/app/kaizen-energy/id1577851721,72,ie
apps.apple.com/ie/app/gmail-email-by-google/id422689480,72,ie
apps.apple.com/ie/app/plusword-mini-crossword/id6468573245,72,ie
apps.apple.com/ie/app/watermelon-drop-merge-fruit/id6472981075,72,ie
apps.apple.com/ie/app/t-pro-dictate/id1144651235,72,ie
apps.apple.com/us/app/chime-mobile-banking/id836215269,71,ie
apps.apple.com/us/app/slingo-arcade-slots-bingo/id1140577358,71,ie
apps.apple.com/ie/app/the-lunch-bag/id1447384212,71,ie
apps.apple.com/in/app/flipkart-online-shopping-app/id742044692,71,ie
apps.apple.com/us/app/pubg-mobile/id1330123889,71,ie
apps.apple.com/ie/app/climote-remote-heating-control/id496885820,71,ie
apps.apple.com/us/app/csr-2-realistic-drag-racing/id887947640,71,ie
apps.apple.com/us/app/pedometer-step-counter/id1286965867,71,ie
apps.apple.com/us/app/score-hero/id847492141,71,ie
apps.apple.com/ie/app/boots-photo/id1513363686,71,ie
apps.apple.com/ie/app/tenda-duleek/id6748445461,70,ie
apps.apple.com/us/app/manga-reader-ㅤ/id1579203943,70,ie
apps.apple.com/us/app/talkie-lab-ai-playground/id6740326134,100,il
apps.apple.com/il/app/לימוד-תאוריה-נוהג-2025/id794631390,100,il
apps.apple.com/us/app/edits-an-instagram-app/id6738967378,100,il
apps.apple.com/sg/app/يلا-جول-yallagoal/id981656603,100,il
apps.apple.com/il/app/temple-run/id420009108?l=he,100,il
apps.apple.com/us/app/moovit-bus-transit-tracker/id498477945,100,il
apps.apple.com/us/app/גולר/id882878818,99,il
apps.apple.com/us/app/flixtor-movie-tv-show-series/id1637883791,99,il
apps.apple.com/il/app/קלוריה-מחשבון-קלוריות-ישראלי/id6474908067,99,il
apps.apple.com/us/app/car-parking-multiplayer/id1374868881,99,il
apps.apple.com/us/app/aol-mail-news-weather/id646100661,99,il
apps.apple.com/il/app/חדר-וחצי-2/id1436697014,98,il
apps.apple.com/us/app/akinator/id933135994,98,il
apps.apple.com/il/app/fm-radio-mytuner-רדיו-ישראלי/id520502858?l=he,98,il
apps.apple.com/il/app/flightradar24-flight-tracker/id382233851?l=he,98,il
apps.apple.com/il/app/מזג-אוויר-ישראל-weather2day/id953859869?l=he,98,il
apps.apple.com/us/app/ad-blocker/id1514739120,98,il
apps.apple.com/il/app/livetop/id956216450?l=he,98,il
apps.apple.com/us/app/tripadvisor-plan-book-trips/id284876795,98,il
apps.apple.com/il/app/web-messenger-for-dual-chat/id1641375694?l=he,98,il
apps.apple.com/il/app/סרגל/id1017729457?l=he,97,il
apps.apple.com/us/app/pepper-mobile-banking/id1138799805,97,il
apps.apple.com/il/app/מילון-עברי/id402969693?l=he,97,il
apps.apple.com/sa/app/مدرستي/id1528970623,97,il
apps.apple.com/ru/app/tiktok-тикток/id835599320,97,il
apps.apple.com/il/app/ספירה-לאחור-מונה-ימים/id1589042250?l=he,97,il
apps.apple.com/il/app/גמביט-המלכה-שחמט/id1588301078?l=he,96,il
apps.apple.com/us/app/istuff/id6446091815,96,il
apps.apple.com/il/app/camscanner-אפליקציית-סורק-pdf/id388627783?l=he,96,il
apps.apple.com/il/app/find-my-car/id1000513647?l=iw,96,il
apps.apple.com/il/app/ויזה-נטען-דואר-פיננסים/id1626591040,96,il
apps.apple.com/il/app/קורא-טקסט-טקסט-לדיבור/id1632901543?l=he,96,il
apps.apple.com/il/app/camguru-photography-courses/id1528976296?l=he,96,il
apps.apple.com/us/app/whats-that/id1141288673,96,il
apps.apple.com/us/app/ω-scanner/id1104871235,96,il
apps.apple.com/us/app/piano/id1126477246,96,il
apps.apple.com/us/app/chwazi-finger-chooser/id689674978,96,il
apps.apple.com/om/app/الاسطورة-tv/id1598671053?l=ar,96,il
apps.apple.com/us/app/giphy-the-gif-search-engine/id974748812,95,il
apps.apple.com/us/app/w-bear/id1127795024,95,il
apps.apple.com/us/app/qrqr-qr-code-reader/id911719423,95,il
apps.apple.com/us/app/rav-kav-online-רב-קו-אונליין/id1468252492,95,il
apps.apple.com/ru/app/whatsapp-messenger/id310633997,95,il
apps.apple.com/il/app/travelaya/id1526944700,95,il
apps.apple.com/il/app/extra-members/id6474095684,95,il
apps.apple.com/us/app/garageband/id408709785,95,il
apps.apple.com/ae/app/subway-surfers/id512939461?l=ar,94,il
apps.apple.com/il/app/מחזור-חודשי-מחשבון-ביוץ/id1032267351?l=he,94,il
apps.apple.com/il/app/טריוויה-לילדים/id1011203269,94,il
apps.apple.com/il/app/azal-book-flight-ticket/id1451475994?l=he,94,il
apps.apple.com/us/app/bdo-online/id1551584630,94,il
apps.apple.com/us/app/tetris/id1491074310,94,il
apps.apple.com/il/app/google-calendar-get-organised/id909319292,94,il
apps.apple.com/il/app/sports-hub/id6468959189?l=he,94,il
apps.apple.com/il/app/video-lite/id1598997500?l=he,93,il
apps.apple.com/us/app/בנק-מרכנתיל-mercantile-bank/id362529828,93,il
apps.apple.com/us/app/kosher-near-me/id479840927,93,il
apps.apple.com/il/app/كل-العرب/id521989728,93,il
apps.apple.com/us/app/scribble-it-draw-guess/id6670752048,93,il
apps.apple.com/us/app/e-trade-invest-trade-save/id313259740,93,il
apps.apple.com/il/app/momo-מחולל-תמונות-ב-ai/id1658822260?l=he,93,il
apps.apple.com/il/app/google/id284815942?l=he,92,il
apps.apple.com/us/app/testflight/id899247664,92,il
apps.apple.com/tn/app/subway-surfers/id512939461?l=ar,92,il
apps.apple.com/us/app/brave-browser-search-engine/id1052879175,92,il
apps.apple.com/il/app/emoji/id506460513?l=he,92,il
apps.apple.com/us/app/calculator/id398129933,92,il
apps.apple.com/il/app/סרוגים/id954303028,92,il
apps.apple.com/il/app/tribu-משרד-החינוך/id1151356008?l=he,92,il
apps.apple.com/il/app/google-earth/id293622097?l=he,91,il
apps.apple.com/us/app/deepl-translate/id1552407475,91,il
apps.apple.com/us/app/wayback-machine/id1201888313,91,il
apps.apple.com/il/app/תמונה-ל-ממיר-pdf-קבצים/id1608350899?l=he,91,il
apps.apple.com/us/app/angry-birds-2/id880047117,91,il
apps.apple.com/us/app/מאמאמציאות/id1167165210,90,il
apps.apple.com/il/app/discord-talk-play-hang-out/id985746746?l=he,90,il
apps.apple.com/us/app/macos-big-sur/id1526878132?mt=12,90,il
apps.apple.com/gb/app/sephora-uk-make-up-beauty/id1080676345,90,il
apps.apple.com/us/app/espn-live-sports-scores/id317469184,90,il
apps.apple.com/il/app/king-shoes/id1579332183,90,il
apps.apple.com/il/app/ea-sports-fc-mobile-football/id1094930513?l=he,89,il
apps.apple.com/il/app/מסגרות-תמונות-ליום-הולדת-שמח/id1089849953?l=he,89,il
apps.apple.com/il/app/يافا-48/id600909250?l=he,89,il
apps.apple.com/tn/app/زخرفه-زخرفه-الكتابه/id6476085334,89,il
apps.apple.com/il/app/fox-news-us-world-headlines/id367623543?l=he,89,il
apps.apple.com/us/app/reverso-translate-and-learn/id919979642,89,il
apps.apple.com/il/app/ewa-english-לימוד-אנגלית/id1200778841?l=he,89,il
apps.apple.com/us/app/target/id297430070,88,il
apps.apple.com/il/app/איפה-בוס-תחבורה-ציבורית-בזמן/id473573879,88,il
apps.apple.com/us/app/מרכנתיל-עסקים/id444486794,88,il
apps.apple.com/il/app/קול-ברמה-kol-barama/id6450905129,88,il
apps.apple.com/us/app/microsoft-authenticator/id983156458,88,il
apps.apple.com/il/app/speedtest-by-ookla/id300704847?l=he,88,il
apps.apple.com/il/app/103fm-רדיו/id465654720,87,il
apps.apple.com/il/app/ramdor-testit/id1464890078,87,il
apps.apple.com/il/app/קאנטרי-העלייה/id6445895450,87,il
apps.apple.com/qa/app/free-fire-x-naruto-shippuden/id1300146617?l=ar,87,il
apps.apple.com/il/app/afterlight-עורך-תמונות/id1293122457?l=he,86,il
apps.apple.com/us/app/truth-social/id1586018825,86,il
apps.apple.com/il/app/nba-משחקים-וציונים-חיים/id484672289?l=he,86,il
apps.apple.com/ca/app/12-an-israeli-streaming-app/id386950813,86,il
apps.apple.com/il/app/schooly-סקולי/id923820393?l=he,86,il
apps.apple.com/il/app/ביחד-בשבילך/id1477058427?l=he,86,il
apps.apple.com/il/app/poalim-wonder-מבצעים-והטבות/id1558330089,86,il
apps.apple.com/il/app/בדוק/id6451134176?l=he,86,il
apps.apple.com/il/app/amazon-prime-video/id545519333?l=he,86,il
apps.apple.com/us/app/skype-for-business/id605841731,85,il
apps.apple.com/us/app/pubg-mobile/id1330123889,85,il
apps.apple.com/us/app/ארומה-אספרסו-בר/id1137554036,85,il
apps.apple.com/il/app/mela-recipe-manager/id1548466041?l=he,85,il
apps.apple.com/us/app/figma/id1152747299,84,il
apps.apple.com/il/app/numbuster-real-name-caller-id/id1280556610?l=he,84,il
apps.apple.com/il/app/carzone-new-used-cars/id351368501?l=he,84,il
apps.apple.com/sa/app/دردشة-ومكالمات-دولية-من-imo/id336435697?l=ar,84,il
apps.apple.com/us/app/el-al/id424006807,84,il
apps.apple.com/us/app/soundtrap-music-making-studio/id991031323,84,il
apps.apple.com/il/app/orbita-co-il-объявления/id1485416312?l=he,84,il
apps.apple.com/se/app/blocket-köp-sälj-begagnat/id323710525,84,il
apps.apple.com/il/app/my-score-plus-calorie-keto/id409395695?l=he,84,il
apps.apple.com/il/app/mon-petit-prono/id1378863579?l=he,84,il
apps.apple.com/il/app/coin-toss-coin-flip-app/id6444378640?l=he,84,il
apps.apple.com/ma/app/ea-sports-fc-mobile-football/id1094930513?l=ar,84,il
apps.apple.com/us/app/hikaku-sitatter/id6463791397,84,il
apps.apple.com/lk/app/mykfc/id1631285839,84,il
apps.apple.com/us/app/בוא-נעוף/id970349017,84,il
apps.apple.com/il/app/משחק-הזיכרון/id540679659?l=he,84,il
apps.apple.com/fi/app/פיצה-מן/id1608170995,83,il
apps.apple.com/us/app/arutz-7/id1325723027,83,il
apps.apple.com/il/app/restaurants-near-me/id995875345?l=he,83,il
apps.apple.com/us/app/flightaware-flight-tracker/id316793974,83,il
apps.apple.com/il/app/whatsweb-click-to-chat/id6479015034?l=he,83,il
apps.apple.com/il/app/פדגוגי-הורים/id1627552872?l=he,83,il
apps.apple.com/ca/app/פיצה-בלה-נשר/id1543843471,83,il
apps.apple.com/il/app/hoop-make-new-friends/id1442571346?l=he,82,il
apps.apple.com/il/app/camscanner-pdf-scanner-app/id388627783,82,il
apps.apple.com/il/app/לימוד-שפה-ערבית-בסיסית-מאפס/id1511933001?l=he,82,il
apps.apple.com/sg/app/terabox-1tb-cloud-ai-space/id1509453185,82,il
apps.apple.com/il/app/משחקי-אופנועים-2022-שטח/id1485883200?l=he,82,il
apps.apple.com/il/app/wastikcker-מדבקות-לווצאפ/id1611948539?l=he,82,il
apps.apple.com/us/app/crypto-bubbles/id1599892658,82,il
apps.apple.com/us/app/movies-box/id1475108459,82,il
apps.apple.com/us/app/territorial-io/id1581110913,82,il
apps.apple.com/il/app/oh-polly-clothing-fashion/id1446565964?l=he,82,il
apps.apple.com/us/app/amazon-alexa/id944011620,82,il
apps.apple.com/il/app/20-minutes-news-en-continu/id308834491?l=he,82,il
apps.apple.com/il/app/amigos/id1560331041?l=he,82,il
apps.apple.com/us/app/d-id-ai-video-generator/id6463755563,82,il
apps.apple.com/us/app/k-s-p/id1448353412,81,il
apps.apple.com/il/app/snapcalc-פותר-בעיות-במתמטיקה/id1267331464?l=he,81,il
apps.apple.com/ru/app/авиасейлс-авиабилеты-дешево/id498958864,81,il
apps.apple.com/il/app/zip-code/id920751129?l=iw,81,il
apps.apple.com/us/app/unsplash/id1290631746,81,il
apps.apple.com/il/app/olive-צאט-וידיאו-בשידור-חי/id1469507454?l=he,81,il
apps.apple.com/us/app/minecraft-dream-it-build-it/id479516143,81,il
apps.apple.com/us/app/iherb-vitamins-supplements/id636609212,81,il
apps.apple.com/il/app/on-time-israel/id1667254892,81,il
apps.apple.com/us/app/payoneer-business-payments/id663338402,81,il
apps.apple.com/us/app/notion-notes-tasks-ai/id1232780281,81,il
apps.apple.com/il/app/fear-and-greed-index-meter/id1638482661?l=he,80,il
apps.apple.com/il/app/זוזו-zuzu/id1661151281?l=he,80,il
apps.apple.com/us/app/פיס-פלוס-הטבות-למנויי-הפיס/id1543667514?l=ru,80,il
apps.apple.com/ae/app/efootball/id1117270703?l=ar,80,il
apps.apple.com/il/app/דואר-פיננסים-מאסטרקארד-נטען/id1441526458?l=he,80,il
apps.apple.com/il/app/amazon-kindle/id302584613?l=he,80,il
apps.apple.com/il/app/טלנירי/id616319268,80,il
apps.apple.com/il/app/redalert-alerts-in-israel/id937914925,80,il
apps.apple.com/us/app/iptv-smarters-player-expert/id1641944027,79,il
apps.apple.com/il/app/מד-מהירות-דיגיטלי/id1079304431?l=he,79,il
apps.apple.com/il/app/candy-crush-soda-saga/id850417475?l=he,79,il
apps.apple.com/us/app/spicy-chat-ai/id6449228704,79,il
apps.apple.com/us/app/gacha-life/id1440430680,79,il
apps.apple.com/mz/app/story-saver-for-instagram/id1596637447,79,il
apps.apple.com/il/app/word-finder-worlde-generator/id1605264121?l=he,79,il
apps.apple.com/il/app/מידרג-דירוג-בעלי-מקצוע/id1016279694,79,il
apps.apple.com/us/app/العاب-رياضيات-math-games/id1193006281?l=ar,79,il
apps.apple.com/us/app/מחסני-השוק-אונליין/id1154058295,78,il
apps.apple.com/sa/app/مترجم-انجليزي-عربي/id1532634290?l=ar,78,il
apps.apple.com/us/app/intune-company-portal/id719171358,78,il
apps.apple.com/us/app/live-football-tv-soccer-score/id6478971501,78,il
apps.apple.com/us/app/cookie-clickers/id703439482,78,il
apps.apple.com/ca/app/مترجم-قاموس-ترجمة-عربي-انجليزي/id1315540764,78,il
apps.apple.com/il/app/microsoft-excel/id586683407?l=he,78,il
apps.apple.com/il/app/ngl-q-a-אנונימי/id1596550932?l=he,77,il
apps.apple.com/il/app/תאוריה-החדשה/id573238039?l=he,77,il
apps.apple.com/us/app/tumblr-social-media-art/id305343404,77,il
apps.apple.com/il/app/copy-my-data-smart-transfer/id870099476?l=he,77,il
apps.apple.com/il/app/go-math-מתמטיקה-חשבון-חשיבה/id1533830942?l=he,77,il
apps.apple.com/il/app/reverse-image-search-ai-lens/id1003144513,77,il
apps.apple.com/il/app/arutz-7/id1325723027,77,il
apps.apple.com/us/app/cleanmymac/id1339170533?mt=12,77,il
apps.apple.com/il/app/طششني/id1546089842?l=he,77,il
apps.apple.com/in/app/manganelo-manga-rock-pro/id1540527984,77,il
apps.apple.com/us/app/american-express-israel/id387232405,77,il
apps.apple.com/us/app/stumble-guys/id1541153375,77,il
apps.apple.com/us/app/textnow-call-text-unlimited/id314716233,77,il
apps.apple.com/sa/app/إدارة-ملفاتي/id1457341524?l=ar,77,il
apps.apple.com/il/app/arbox/id1037717356,77,il
apps.apple.com/us/app/dice-dreams/id1484468651,77,il
apps.apple.com/us/app/dateland-רשת-אתרי-הכרויות/id1258134040,76,il
apps.apple.com/ru/app/google-фото/id962194608,76,il
apps.apple.com/th/app/mobile-legends-bang-bang/id1160056295,100,hu
apps.apple.com/hu/app/apple-store/id375380948,100,hu
apps.apple.com/in/app/stake-real-money-casino/id6503213684,100,hu
apps.apple.com/ca/app/teleport-ai-matchmaker/id1548799738,100,hu
apps.apple.com/us/app/sketchbook/id883738213,100,hu
apps.apple.com/us/app/temple-run/id420009108,99,hu
apps.apple.com/hu/app/ventusky-weather-live-radar/id1280984498,99,hu
apps.apple.com/us/app/waze-navigation-live-traffic/id323229106,99,hu
apps.apple.com/hu/app/diákhitel-direkt/id826362658,99,hu
apps.apple.com/us/app/matchington-mansion/id1216575026?l=vi,98,hu
apps.apple.com/it/app/google-traduttore/id414706506,98,hu
apps.apple.com/us/app/unsplash/id1290631746,98,hu
apps.apple.com/hu/app/szakoktatói-e-titán/id1533668967,98,hu
apps.apple.com/hu/app/ki-nevet-a-végén-társasjáték/id896271238?l=hu,98,hu
apps.apple.com/us/app/dropbox-cloud-storage-backup/id327630330,97,hu
apps.apple.com/id/app/g2g/id6443876260,97,hu
apps.apple.com/in/app/pinterest-video-downloader/id6739941784,97,hu
apps.apple.com/hu/app/xeropan-tanulj-nyelveket/id899256917?l=hu,96,hu
apps.apple.com/us/app/hole-io/id1389111413,96,hu
apps.apple.com/us/app/grok/id6670324846,96,hu
apps.apple.com/hu/app/rádió-1/id6502178377,96,hu
apps.apple.com/us/app/windows-app/id1295203466?mt=12,96,hu
apps.apple.com/hu/app/microsoft-to-do/id1212616790?l=hu,96,hu
apps.apple.com/hu/app/adobe-acrobat-reader-edit-pdf/id469337564?l=hu,96,hu
apps.apple.com/us/app/lufthansa/id299219152,95,hu
apps.apple.com/hu/app/screen-mirroring-miracast-tv/id1504045960?l=hu,95,hu
apps.apple.com/az/app/instadp-insta-profile-zoomer/id1639701877,95,hu
apps.apple.com/hu/app/microsoft-excel/id586683407?l=hu,95,hu
apps.apple.com/hu/app/ghost-detector-spirit-box/id1583251752?l=hu,95,hu
apps.apple.com/us/app/mega/id706857885,95,hu
apps.apple.com/hu/app/mobilkincstár/id747650886,95,hu
apps.apple.com/us/app/pk-xd-fun-friends-games/id1449842729,95,hu
apps.apple.com/hu/app/farming-simulator-23-netflix/id6450324896?l=hu,95,hu
apps.apple.com/us/app/smartthings/id1222822904,94,hu
apps.apple.com/hu/app/focus-online-nachrichten/id519052678?l=hu,94,hu
apps.apple.com/us/app/bubble-shooter-pop-blast/id604044220,94,hu
apps.apple.com/hu/app/időjárás/id1069513131?l=hu,94,hu
apps.apple.com/hu/app/farming-simulator-20/id1478611992?l=hu,93,hu
apps.apple.com/us/app/star-stable-online-horse-game/id1445695988,93,hu
apps.apple.com/ru/app/одноклассники-социальная-сеть/id398465290,93,hu
apps.apple.com/hu/app/tennis-tv-live-streaming/id1114471030?l=hu,93,hu
apps.apple.com/hu/app/pingo-by-findmykids/id1372841733?l=hu,93,hu
apps.apple.com/sk/app/pokec-sk-zoznamka-chat/id756904726,93,hu
apps.apple.com/hu/app/horgász-előrejelzés/id1494865951?l=hu,93,hu
apps.apple.com/us/app/randivonal-hu/id703473994,92,hu
apps.apple.com/hu/app/tarr-mobiltv/id916921166,92,hu
apps.apple.com/hu/app/pixwords-scenes/id1219658732?l=hu,92,hu
apps.apple.com/us/app/spin-the-wheel-random-picker/id1467343690,92,hu
apps.apple.com/hu/app/flo-menstruációs-naptár/id1038369065?l=hu,91,hu
apps.apple.com/gb/app/bet365-sports-betting/id519684662,91,hu
apps.apple.com/us/app/zoom-workplace/id546505307,91,hu
apps.apple.com/hu/app/zepp/id1127269366?l=hu,91,hu
apps.apple.com/hu/app/evangelium365/id458113855,91,hu
apps.apple.com/hu/app/mérés/id1383426740?l=hu,91,hu
apps.apple.com/hu/app/medicover-online/id1557230744,91,hu
apps.apple.com/ru/app/пошта-ukr-net/id1405521485?l=uk,91,hu
apps.apple.com/hu/app/2fa-totp-authenticator/id1219919851?l=hu,90,hu
apps.apple.com/hu/app/chatto-chatbot-ai-magyar/id6479810841?l=hu,90,hu
apps.apple.com/hu/app/táblázatok/id6467084333?l=hu,90,hu
apps.apple.com/hu/app/synlab/id1556232069,89,hu
apps.apple.com/us/app/grindr-gay-dating-chat/id319881193,89,hu
apps.apple.com/us/app/wikipedia/id324715238,89,hu
apps.apple.com/zw/app/angry-birds-seasons-hd/id398329664,88,hu
apps.apple.com/us/app/crunchyroll/id329913454,88,hu
apps.apple.com/ie/app/christmas-fm/id739121032,88,hu
apps.apple.com/hu/app/ynet/id424830861?l=hu,88,hu
apps.apple.com/hu/app/google-chat/id1163852619?l=hu,88,hu
apps.apple.com/us/app/coingecko-crypto-tracker/id1390323960,88,hu
apps.apple.com/hu/app/fordító-kép-szöveg-kamera/id1635105994?l=hu,88,hu
apps.apple.com/hu/app/webdoki/id951327817?l=hu,88,hu
apps.apple.com/us/app/spin-link-daily-cm-spins/id6443577675,88,hu
apps.apple.com/hu/app/imo-car-wash-hu/id1517435537,88,hu
apps.apple.com/hu/app/shazam-find-music-concerts/id284993459?l=hu&platform=mac,88,hu
apps.apple.com/hu/app/plugshare-e-töltőállomások/id421788217?l=hu,88,hu
apps.apple.com/cz/app/geogebra-classic/id687678494,88,hu
apps.apple.com/pl/app/tłumacz-itranslate/id288113403?l=pl,88,hu
apps.apple.com/us/app/picrew-oc-maker-pfp/id6477856733,87,hu
apps.apple.com/us/app/wordfeud/id428312806,87,hu
apps.apple.com/no/app/story-saver-story-viewer/id6476922736,87,hu
apps.apple.com/hu/app/la-gazzetta-dello-sport/id1113567924?l=hu,87,hu
apps.apple.com/us/app/weed-firm-2-back-to-college/id1030447361,87,hu
apps.apple.com/us/app/flixbus-flixtrain/id778437357,87,hu
apps.apple.com/hu/app/screen-mirroring-smart-view/id1527058004?l=hu,87,hu
apps.apple.com/us/app/wish-shop-and-save/id530621395,86,hu
apps.apple.com/sa/app/tubemate-music-global-ai/id6736857210,86,hu
apps.apple.com/us/app/stumble-guys/id1541153375,86,hu
apps.apple.com/hu/app/nlc/id575146197,86,hu
apps.apple.com/hu/app/google-docs/id842842640,86,hu
apps.apple.com/us/app/intune-company-portal/id719171358,85,hu
apps.apple.com/us/app/goodreads-book-reviews/id355833469,85,hu
apps.apple.com/hu/app/mobilvásárlás/id425141762,85,hu
apps.apple.com/hu/app/duo-mobile/id422663827?l=hu,85,hu
apps.apple.com/us/app/researchgate/id1208163937,85,hu
apps.apple.com/us/app/free-fire/id1300146617,84,hu
apps.apple.com/us/app/car-simulator-2/id1456091972,84,hu
apps.apple.com/us/app/familysearch-tree/id885982973,84,hu
apps.apple.com/us/app/médiaklikk/id1155584370,84,hu
apps.apple.com/hu/app/digi-online-audio/id1624866324?l=hu,84,hu
apps.apple.com/us/app/billingo-online-számlázó/id1549525464,84,hu
apps.apple.com/hu/app/joy-hungary/id1470696363,84,hu
apps.apple.com/hu/app/myconcorde/id1635300496,84,hu
apps.apple.com/us/app/shein-shopping-online/id878577184,84,hu
apps.apple.com/hu/app/ikea/id1452164827?l=hu,83,hu
apps.apple.com/hu/app/kreszteszt/id1175895003,83,hu
apps.apple.com/il/app/google-translate/id414706506?l=he,83,hu
apps.apple.com/hu/app/dine4fit-kalória-kalkulátor/id477039928?l=hu,83,hu
apps.apple.com/hu/app/horgász/id6497406008,83,hu
apps.apple.com/us/app/thingiverse-printables-3d-go/id6462052942,83,hu
apps.apple.com/hu/app/spotify-fedezz-fel-új-zenéket/id324684580?l=hu,83,hu
apps.apple.com/us/app/hide-online-prop-hunt/id1408624516,82,hu
apps.apple.com/hu/app/greengo/id1124380615?l=hu,82,hu
apps.apple.com/gb/app/easyjet-travel-app/id483568103,82,hu
apps.apple.com/us/app/celebs-celebrity-look-alike/id1488127870,82,hu
apps.apple.com/hu/app/sebességmérő/id1287467803?l=hu,82,hu
apps.apple.com/hu/app/vidio-sports-movies-series/id1048858798?l=hu,82,hu
apps.apple.com/hu/app/qr-kód-olvasó-vonalkód-olvasó/id1080558159?l=hu,82,hu
apps.apple.com/hu/app/adguard-adblock-privacy/id1047223162?l=hu,82,hu
apps.apple.com/hu/app/csengőhangok-zene-dalok-2025/id1544913773?l=hu,81,hu
apps.apple.com/us/app/google-dịch/id414706506?l=vi,81,hu
apps.apple.com/us/app/wheel-of-names-picker-wheel/id6445798822,81,hu
apps.apple.com/hu/app/vízcenter/id1332668526,81,hu
apps.apple.com/be/app/mygenerali/id1098178981,81,hu
apps.apple.com/hu/app/etele-plaza/id1583952449,81,hu
apps.apple.com/us/app/media-converter-video-to-mp3/id1294207675,81,hu
apps.apple.com/us/app/aroundme/id290051590,81,hu
apps.apple.com/hu/app/vicces-viccek/id1483429598?l=hu,81,hu
apps.apple.com/hu/app/viamichelin-gps-route-planner/id443142682?l=hu,81,hu
apps.apple.com/md/app/blablacar-carpooling-and-bus/id341329033,80,hu
apps.apple.com/us/app/ten-ten-your-friends-on-tap/id1481768339,80,hu
apps.apple.com/id/app/byteplus-videoone/id6451967995,80,hu
apps.apple.com/hu/app/hívásrögzítő-call-recorder-acr/id1373492013?l=hu,80,hu
apps.apple.com/mk/app/e-dnevnik/id6740536762,80,hu
apps.apple.com/us/app/tinkercad/id1469440830,79,hu
apps.apple.com/hu/app/op-gg/id605722237,79,hu
apps.apple.com/jm/app/liveball/id1580936245,79,hu
apps.apple.com/us/app/picsart-ai-photo-editor-video/id587366035,79,hu
apps.apple.com/us/app/filmr-pro-video-editor/id1171358257,79,hu
apps.apple.com/gb/app/slots-mad-slot-machine-games/id1479553836,79,hu
apps.apple.com/dk/app/b-t-seneste-nyheder/id426678015,79,hu
apps.apple.com/hu/app/night-sky/id475772902?l=hu,79,hu
apps.apple.com/us/app/icam365/id1444978112,79,hu
apps.apple.com/hu/app/google-chrome/id535886823?l=hu,79,hu
apps.apple.com/hu/app/wifi-nélküli-játékok-100/id6470471626?l=hu,78,hu
apps.apple.com/us/app/dream-league-soccer-2025/id1462911602,78,hu
apps.apple.com/hu/app/műsorújság/id371081694,77,hu
apps.apple.com/hu/app/vlc-media-player/id650377962?l=hu,77,hu
apps.apple.com/us/app/pi-network/id1445472541,77,hu
apps.apple.com/hu/app/sketchbook/id883738213?l=hu,77,hu
apps.apple.com/us/app/xbox/id736179781,77,hu
apps.apple.com/hu/app/microsoft-powerpoint/id586449534?l=hu,76,hu
apps.apple.com/hu/app/igo-navigation/id959927714?l=hu,76,hu
apps.apple.com/ie/app/vodafone-tv-app-ie/id6467105021,76,hu
apps.apple.com/hu/app/eeszt-mobiltoken/id1525352023?l=hu,76,hu
apps.apple.com/hu/app/bolt-request-a-ride/id675033630,76,hu
apps.apple.com/us/app/google-home/id680819774,75,hu
apps.apple.com/hu/app/fatálas-győr/id1499108457,75,hu
apps.apple.com/us/app/procreate/id425073498,75,hu
apps.apple.com/hu/app/sky-tonight-csillag-térkép-ar/id1570594940?l=hu,75,hu
apps.apple.com/us/app/toon-blast/id1176027022,75,hu
apps.apple.com/fr/app/justetf/id1595046405?l=en-GB,75,hu
apps.apple.com/hu/app/chordify-songs-chords-tuner/id1073624757?l=hu,75,hu
apps.apple.com/hu/app/mbh-bank-app/id1173353774?l=hu,74,hu
apps.apple.com/hu/app/answear-divat-webáruház/id1500890927?l=hu,73,hu
apps.apple.com/gr/app/μετάφραση-google/id414706506?l=el,73,hu
apps.apple.com/hu/app/rossmann/id1121545908?l=hu,72,hu
apps.apple.com/us/app/voice-changer-plus/id339440515,72,hu
apps.apple.com/gb/app/sport365-com-live-score-news/id6739201737,72,hu
apps.apple.com/hu/app/kakaotalk-messenger/id362057947?l=hu,72,hu
apps.apple.com/us/app/wechat/id836500024?mt=12,72,hu
apps.apple.com/th/app/google-แปลภาษา/id414706506?l=th,72,hu
apps.apple.com/hu/app/fotók/id1584215428?l=hu,72,hu
apps.apple.com/hu/app/visszaszámláló/id1141938747?l=hu,72,hu
apps.apple.com/hu/app/óra-számlap-watch-óralap-app/id1508319988?l=hu,72,hu
apps.apple.com/hu/app/qrafter-qr-kód-olvasó/id416098700?l=hu,71,hu
apps.apple.com/hu/app/i-magasságmérő/id905216286?l=hu,71,hu
apps.apple.com/hu/app/helyesírás-ellenőrzés/id6502580555?l=hu,71,hu
apps.apple.com/hu/app/roblox/id431946152?l=hu,70,hu
apps.apple.com/us/app/happy-color-by-numbers-game/id1407852246,70,hu
apps.apple.com/ru/app/дневник-ру/id1127180528,70,hu
apps.apple.com/us/app/video-star/id438596432,70,hu
apps.apple.com/us/app/magic-tiles-3-piano-game/id1443446174,70,hu
apps.apple.com/us/app/microsoft-powerpoint/id462062816?mt=12,70,hu
apps.apple.com/us/app/ticketmaster-buy-sell-tickets/id500003565,70,hu
apps.apple.com/us/app/brave-browser-search-engine/id1052879175,70,hu
apps.apple.com/hu/app/edits-instagram-alkalmazás/id6738967378?l=hu,70,hu
apps.apple.com/us/app/apple-tv/id1174078549,70,hu
apps.apple.com/hu/app/bergfex-túrázás-nyomkövetés/id912776148?l=hu,70,hu
apps.apple.com/cz/app/onlyface/id6467753501,70,hu
apps.apple.com/hu/app/justwatch-movies-tv-shows/id979227482?l=hu,70,hu
apps.apple.com/us/app/chai-social-ai-platform-chat/id1544750895,70,hu
apps.apple.com/us/app/zangi-private-messenger/id549493839,70,hu
apps.apple.com/us/app/sky-whale-a-game-shakers-app/id969247886,69,hu
apps.apple.com/us/app/moodle/id633359593,68,hu
apps.apple.com/hu/app/vágyaid/id1541674646?l=hu,68,hu
apps.apple.com/hu/app/sudoku-com-rejtvényjáték/id1193508329?l=hu,68,hu
apps.apple.com/us/app/triviador/id1520397866,68,hu
apps.apple.com/us/app/stardew-valley/id1406710800,68,hu
apps.apple.com/us/app/blackjack/id1472419762,68,hu
apps.apple.com/il/app/12-שידור-חי-ו-vod-של-ערוץ-12/id400905807,68,hu
apps.apple.com/hu/app/d-ügyfélkapu/id1560135301?l=hu,68,hu
apps.apple.com/fi/app/tamperelainen/id6477535005,100,fi
apps.apple.com/fi/app/taskuturva/id1221876565?l=fi,100,fi
apps.apple.com/fi/app/picturethis-kasvin-tunniste/id1252497129?l=fi,100,fi
apps.apple.com/fi/app/easypark-parking-made-easy/id449594317,100,fi
apps.apple.com/fi/app/hyönteisten-tunnistus/id6446084091?l=fi,100,fi
apps.apple.com/us/app/cricbuzz-live-cricket-scores/id360466413,100,fi
apps.apple.com/us/app/vlc-media-player/id650377962,99,fi
apps.apple.com/us/app/sofascore-live-sports-scores/id1176147574,99,fi
apps.apple.com/fi/app/miinaharava/id903092962?l=fi&mt=12,99,fi
apps.apple.com/us/app/bully-anniversary-edition/id1148321705,99,fi
apps.apple.com/fi/app/screen-mirroring-tv-miracast/id1525919300?l=fi,98,fi
apps.apple.com/us/app/youtube-studio/id888530356,98,fi
apps.apple.com/fi/app/op-mobiili/id767393591?l=fi,98,fi
apps.apple.com/us/app/pixlr-ai-photo-video-editor/id526783584,98,fi
apps.apple.com/fi/app/wolt-ruuat-ja-ostokset-kotiin/id943905271?l=fi,98,fi
apps.apple.com/us/app/vissel-kobe-official-app/id1085551322,98,fi
apps.apple.com/fi/app/mydates-tosi-rakkau/id1435307278?l=fi,97,fi
apps.apple.com/us/app/growtopia/id590495115,97,fi
apps.apple.com/us/app/alipay-simplify-your-life/id333206289,97,fi
apps.apple.com/fi/app/ääninauhuri-sanelin-nauhuri/id1100207943?l=fi,96,fi
apps.apple.com/us/app/grammarly-ai-writing-keyboard/id1158877342,96,fi
apps.apple.com/us/app/camscanner-pdf-scanner-app/id388627783,96,fi
apps.apple.com/us/app/bloons-td-6/id1118115766,95,fi
apps.apple.com/us/app/find-my/id1514844621,94,fi
apps.apple.com/us/app/ibis-paint-x/id450722833,94,fi
apps.apple.com/fi/app/cleanfox-mail-spam-cleaner/id1136298377?l=fi,94,fi
apps.apple.com/us/app/yandex-translate/id584291439,94,fi
apps.apple.com/us/app/gboard-the-google-keyboard/id1091700242,93,fi
apps.apple.com/fi/app/huhuareena/id6745051024,93,fi
apps.apple.com/fi/app/internetin-nopeustesti/id1623994109?l=fi,93,fi
apps.apple.com/fi/app/elu24/id1437489835?l=fi,93,fi
apps.apple.com/fi/app/telegram-messenger/id686449807?l=fi,93,fi
apps.apple.com/fi/app/taustakuvat-juuri-minulle/id749046891?l=fi,92,fi
apps.apple.com/us/app/notes/id1110145109,92,fi
apps.apple.com/lv/app/coomeet/id1459611740,92,fi
apps.apple.com/fi/app/dna-tv/id1462886581,92,fi
apps.apple.com/us/app/auto-click-auto-clicker-app/id1621671011,91,fi
apps.apple.com/us/app/hello-kitty-island-adventure/id1553505132,91,fi
apps.apple.com/fi/app/äänitys-avr/id892208399?l=fi,90,fi
apps.apple.com/fi/app/kääntäjä-kääntää-kaikki-kieli/id1497684557?l=fi,90,fi
apps.apple.com/us/app/manga-bat-daily-update/id6479396195,90,fi
apps.apple.com/us/app/wish-shop-and-save/id530621395,89,fi
apps.apple.com/fi/app/pyhäjokiseutu/id1621287200,89,fi
apps.apple.com/fi/app/foodora-ruokaa-ostoksia/id421369701?l=fi,89,fi
apps.apple.com/fi/app/aimo-park-charge/id1580733496,89,fi
apps.apple.com/us/app/bluesky-social/id6444370199,89,fi
apps.apple.com/fi/app/kartat/id915056765?l=fi,89,fi
apps.apple.com/us/app/голосовой-чат-рулетка-некто-ми/id1632758687,89,fi
apps.apple.com/fi/app/instagram/id389801252?l=fi,89,fi
apps.apple.com/br/app/google-tradutor/id414706506,89,fi
apps.apple.com/fi/app/messenger/id454638411?l=fi,89,fi
apps.apple.com/us/app/pokémon-go/id1094591345,88,fi
apps.apple.com/us/app/wise-global-money/id612261027,88,fi
apps.apple.com/us/app/indeed-job-search/id309735670,88,fi
apps.apple.com/fi/app/offerilla/id1125890901,88,fi
apps.apple.com/us/app/car-parking-multiplayer/id1374868881,88,fi
apps.apple.com/gb/app/equipe/id610007045,88,fi
apps.apple.com/fi/app/nordnet-osakkeet-ja-rahastot/id345038631?l=fi,88,fi
apps.apple.com/fi/app/väppi/id1367895016,88,fi
apps.apple.com/us/app/tic-tac-toe-2-player-game/id1606703142,88,fi
apps.apple.com/fi/app/tiekamerat/id1485143944,87,fi
apps.apple.com/fi/app/rewe-supermarkt/id714121079?l=fi,87,fi
apps.apple.com/fi/app/microsoft-outlook/id951937596?l=fi,87,fi
apps.apple.com/fi/app/sanaetsintä-sanapeli/id1602508478?l=fi,87,fi
apps.apple.com/fi/app/booztlet/id1496112780?l=fi,87,fi
apps.apple.com/fi/app/google-family-link/id1150085200?l=fi,87,fi
apps.apple.com/fi/app/patprimo-tienda-ropa-online/id1446437616?l=fi,87,fi
apps.apple.com/fi/app/spotify-musiikki-podcastit/id324684580?l=fi,86,fi
apps.apple.com/fi/app/walley/id1569382782?l=fi,86,fi
apps.apple.com/us/app/photomath/id919087726,86,fi
apps.apple.com/fi/app/hus-työterveys/id6737448015,86,fi
apps.apple.com/us/app/deepseek-ai-assistant/id6737597349,85,fi
apps.apple.com/jp/app/pixiv/id337248563,84,fi
apps.apple.com/fi/app/lukulumo/id1374922977,84,fi
apps.apple.com/us/app/brawl-stars/id1229016807,84,fi
apps.apple.com/us/app/songsterr-tabs-chords/id399211291,84,fi
apps.apple.com/us/app/calculator/id1069511488,84,fi
apps.apple.com/us/app/buildnow-gg-building-shooter/id1591792432,84,fi
apps.apple.com/us/app/temple-run/id420009108,83,fi
apps.apple.com/us/app/f1-tv/id1315007279,83,fi
apps.apple.com/fi/app/lehtiluukku/id370138231,83,fi
apps.apple.com/us/app/ticketmaster-buy-sell-tickets/id500003565,83,fi
apps.apple.com/fi/app/fennoa/id1607508137,83,fi
apps.apple.com/us/app/monument-valley/id728293409,83,fi
apps.apple.com/fi/app/muuttolintujen-kevät-rfjm/id1637041247?l=fi,82,fi
apps.apple.com/fi/app/likee-video-live-chat/id1251790681?l=fi,82,fi
apps.apple.com/us/app/granny/id1323957120,82,fi
apps.apple.com/us/app/tinkercad/id1469440830,81,fi
apps.apple.com/us/app/autoscout24-cars-for-sale/id311785642,81,fi
apps.apple.com/fi/app/solidsport/id1447255322,81,fi
apps.apple.com/fi/app/adobe-scan/id1199564834?l=fi,81,fi
apps.apple.com/us/app/clash-of-clans/id529479190,81,fi
apps.apple.com/us/app/yliopiston-apteekki/id1405660937,81,fi
apps.apple.com/us/app/disney/id1446075923,81,fi
apps.apple.com/fi/app/tise-buy-and-sell-secondhand/id948050708,81,fi
apps.apple.com/fi/app/il-paras-sää/id1250067476,80,fi
apps.apple.com/us/app/photo-lab-ai-portrait-editor/id441457218,80,fi
apps.apple.com/tr/app/google-çeviri/id414706506?l=tr,80,fi
apps.apple.com/us/app/words-of-wonders-crossword/id1369521645,80,fi
apps.apple.com/fi/app/jodel-hyperlocal-community/id789870026,79,fi
apps.apple.com/fi/app/qliro/id1165368803?l=fi,79,fi
apps.apple.com/fi/app/autoplius-lt/id546270230?l=fi,79,fi
apps.apple.com/fi/app/50plusmatch-fi/id1070152919?l=fi,79,fi
apps.apple.com/us/app/xe-send-money-currency/id315241195,79,fi
apps.apple.com/fi/app/kompassi-ja-gps/id900837187?l=fi,78,fi
apps.apple.com/fi/app/prosenttilaskuri-percent/id957134762?l=fi,78,fi
apps.apple.com/us/app/stockx-sneakers-and-apparel/id881599819,78,fi
apps.apple.com/us/app/fortnite/id6483539426,78,fi
apps.apple.com/fi/app/kaikkien-maailman-maiden-liput/id897716622?l=fi,77,fi
apps.apple.com/us/app/spin-link-daily-cm-spins/id6443577675,77,fi
apps.apple.com/us/app/sketchbook/id883738213,77,fi
apps.apple.com/us/app/slack/id618783545,77,fi
apps.apple.com/fi/app/uber-pyydä-kyyti-24-7/id368677368?l=fi,77,fi
apps.apple.com/fi/app/cap-autokoulu/id1455972919?l=fi,77,fi
apps.apple.com/us/app/topster-album-ranking/id6499380867,76,fi
apps.apple.com/us/app/wattpad-read-write-stories/id306310789,76,fi
apps.apple.com/us/app/ublock-origin-lite/id6745342698,76,fi
apps.apple.com/us/app/kooora/id859950269,76,fi
apps.apple.com/fi/app/geogebra-classic-6/id1182481622?mt=12,76,fi
apps.apple.com/us/app/socrative-student/id477618130,75,fi
apps.apple.com/fi/app/easyjet-travel-app/id483568103?l=fi,75,fi
apps.apple.com/fi/app/omakoira/id1371915806,74,fi
apps.apple.com/us/app/macdroid-manager-for-android/id1476545828,74,fi
apps.apple.com/us/app/steam-mobile/id495369748,73,fi
apps.apple.com/ru/app/яндекс-почта-email-и-облако/id441785419,73,fi
apps.apple.com/fi/app/spider-pasianssi-solitaire/id1021946968?l=fi,73,fi
apps.apple.com/pl/app/tyrvään-sanomat/id6746861102,72,fi
apps.apple.com/fi/app/tekniikka-talous/id577026651,72,fi
apps.apple.com/us/app/vesselfinder-lite/id918080862,72,fi
apps.apple.com/de/app/kleinanzeigen-jetzt-ohne-ebay/id382596778,72,fi
apps.apple.com/fi/app/puijon-pizzeria/id1591210882,72,fi
apps.apple.com/fi/app/varha/id6587565281,72,fi
apps.apple.com/ge/app/hacker-typer-fake-hacking/id1631182904,72,fi
apps.apple.com/fi/app/sudoku-com-pulmapeli/id1193508329?l=fi,71,fi
apps.apple.com/us/app/espn-live-sports-scores/id317469184,71,fi
apps.apple.com/fi/app/päivän-horoskooppi-tänään/id1118411689?l=fi,71,fi
apps.apple.com/au/app/lieksan-lehti/id6695740345,70,fi
apps.apple.com/gr/app/edenred/id1443589821,70,fi
apps.apple.com/fi/app/noppaa/id359677142?l=fi,70,fi
apps.apple.com/fi/app/athan-muslim-prayer-times-pro/id1640276605?l=fi,70,fi
apps.apple.com/fi/app/google-haku/id284815942?l=fi,70,fi
apps.apple.com/us/app/zangi-private-messenger/id549493839,70,fi
apps.apple.com/fi/app/photomath/id919087726?l=fi,70,fi
apps.apple.com/fi/app/hoop-uusia-ystäviä/id1442571346?l=fi,70,fi
apps.apple.com/fi/app/turun-sanomat-näköislehti/id447313756,69,fi
apps.apple.com/us/app/huawei-health/id1325481372,69,fi
apps.apple.com/us/app/whatthefont/id304304134,69,fi
apps.apple.com/us/app/purple-place-classic-games/id1461751938,69,fi
apps.apple.com/us/app/idealista/id465958311,68,fi
apps.apple.com/fi/app/tuntihinta/id824684537?l=fi,68,fi
apps.apple.com/us/app/animal-crossing-pocket-camp-c/id6547834967,68,fi
apps.apple.com/fi/app/vr-matkalla/id1410647394?l=fi,68,fi
apps.apple.com/fi/app/sienien-tunnistaminen-sienet/id1561107001?l=fi,68,fi
apps.apple.com/mt/app/flixtor-movie-tv-show-series/id1637883791,68,fi
apps.apple.com/us/app/adobe-acrobat-reader-edit-pdf/id469337564,67,fi
apps.apple.com/fi/app/gps-matkamittari/id954599576?l=fi,67,fi
apps.apple.com/fi/app/frank-app/id1117778769?l=fi,67,fi
apps.apple.com/us/app/fotmob-soccer-live-scores/id488575683,66,fi
apps.apple.com/us/app/tv-nu-streaming-tv-guide/id284963557,66,fi
apps.apple.com/us/app/pexels/id1434330413,66,fi
apps.apple.com/us/app/perplexity-ai-search-chat/id1668000334,66,fi
apps.apple.com/us/app/caasimada-online/id1249971653,66,fi
apps.apple.com/fi/app/nopeuskamerat/id1068298078?l=fi,66,fi
apps.apple.com/fi/app/kitaran-viritin-guitar-tuner/id1479575613?l=fi,66,fi
apps.apple.com/fi/app/moviestarplanet-2/id1464895545?l=fi,65,fi
apps.apple.com/fi/app/bookbites/id1574030173?l=fi,65,fi
apps.apple.com/us/app/omio-book-train-bus-flight/id885372509,65,fi
apps.apple.com/us/app/coin-master/id406889139,65,fi
apps.apple.com/fi/app/bandlab-music-maker-beats/id968585775?l=fi,64,fi
apps.apple.com/us/app/izurvive-dayz-maps/id585632597,64,fi
apps.apple.com/fi/app/linkki/id1149855459,64,fi
apps.apple.com/us/app/google-news/id459182288,64,fi
apps.apple.com/us/app/macos-sonoma/id6450717509,64,fi
apps.apple.com/fi/app/socrative-teacher/id477620120?l=fi,64,fi
apps.apple.com/fi/app/klarna-shop-now-pay-later/id1115120118?l=fi,64,fi
apps.apple.com/fi/app/pratsam-reader/id1010647327?l=fi,64,fi
apps.apple.com/us/app/romeo-gay-dating-chat/id404386888,64,fi
apps.apple.com/us/app/bitchute/id6744020503,64,fi
apps.apple.com/us/app/kik-messaging-chat-app/id357218860,64,fi
apps.apple.com/us/app/google-photos-backup-edit/id962194608,63,fi
apps.apple.com/fi/app/tankille-tankkaa-halvimmalla/id1114577529?l=fi,63,fi
apps.apple.com/us/app/love-island-the-game/id1522699215,63,fi
apps.apple.com/fi/app/garmin-connect/id583446403?l=fi,63,fi
apps.apple.com/fi/app/maastokartta-suomi/id727466441?l=fi,63,fi
apps.apple.com/fi/app/hilma-deittisovellus/id6737802034,63,fi
apps.apple.com/fi/app/f1-tv/id1315007279?l=fi,63,fi
apps.apple.com/us/app/مترجم-فنلندي/id6443436855?l=ar,62,fi
apps.apple.com/fi/app/eckerö-line/id1549196091?l=fi,62,fi
apps.apple.com/us/app/offline-games-no-wifi-games/id6448104157,62,fi
apps.apple.com/fi/app/bridge-base-online-bbo/id529258853?l=fi,62,fi
apps.apple.com/fi/app/google-chrome/id535886823?l=fi,62,fi
apps.apple.com/fi/app/myair-by-resmed-emea/id1485334159?l=fi,62,fi
apps.apple.com/it/app/google-traduttore/id414706506,62,fi
apps.apple.com/fi/app/easor-app/id1632408852?l=fi,62,fi
apps.apple.com/us/app/the-times-of-israel/id1006406749,62,fi
apps.apple.com/us/app/fl-studio-mobile/id432850619,62,fi
apps.apple.com/us/app/locket-widget/id1600525061,62,fi
apps.apple.com/ru/app/яндекс-браузер/id483693909,62,fi
apps.apple.com/us/app/medal-game-clipping/id1518008441,62,fi
apps.apple.com/fi/app/noutopizzeria-petonen/id1621278742,62,fi
apps.apple.com/us/app/burger-king-kuwait/id1524699211,100,kw
apps.apple.com/kw/app/passwords/id6473799789?l=ar,100,kw
apps.apple.com/kw/app/لقمة-العافية/id1557685351?l=ar,100,kw
apps.apple.com/us/app/snaptik-tik-video-saver/id1580627789,100,kw
apps.apple.com/in/app/nextgen-mparivahan/id1450914131,100,kw
apps.apple.com/us/app/مشاهدة-ستوري-انستا-حفظ-ستوري/id6502534992?l=ar,99,kw
apps.apple.com/kw/app/hadi-clinic/id1547762109,99,kw
apps.apple.com/id/app/bilibili-hd-anime-videos/id1548857482,99,kw
apps.apple.com/kw/app/smartcric-hd-live-cricket-tv/id6504743772,99,kw
apps.apple.com/us/app/futbin-fc-26-evolutions-more/id1080465358,99,kw
apps.apple.com/om/app/yahoo-mail/id577586159?l=ar,100,ly
apps.apple.com/dz/app/call-recorder-تسجيل-المكالمات/id1459794459?l=ar,100,ly
apps.apple.com/us/app/مصحف-قالون/id663778129,100,ly
apps.apple.com/us/app/اذكار-الصباح-والمساء-بدون-نت/id1135852751,99,ly
apps.apple.com/us/app/character-ai-chat-talk-text/id1671705818,99,ly
apps.apple.com/us/app/ebay-online-shopping-selling/id282614216,98,ly
apps.apple.com/ae/app/wallcraft-خلفيات-حية/id1348676585?l=ar,97,ly
apps.apple.com/tn/app/flightradar24-flight-tracker/id382233851?l=ar,97,ly
apps.apple.com/sa/app/marinetraffic-ship-tracking/id563910324?l=ar,96,ly
apps.apple.com/jo/app/ترجمه-ترجم-الآن/id1348028646?l=ar,96,ly
apps.apple.com/us/app/google-photos-backup-edit/id962194608,100,kh
apps.apple.com/kh/app/pleng/id993071519,100,kh
apps.apple.com/us/app/threads/id6446901002,100,kh
apps.apple.com/us/app/microsoft-edge-ai-browser/id1288723196,99,kh
apps.apple.com/cn/app/懂车帝-选买新车二手车/id1232131998,99,kh
apps.apple.com/us/app/anydesk-remote-desktop/id1176131273,99,kh
apps.apple.com/us/app/prime-cineplex/id1368417040,98,kh
apps.apple.com/id/app/halo-bca/id1527740494,98,kh
apps.apple.com/us/app/farming-simulator-20/id1478611992,98,kh
apps.apple.com/us/app/slotomania-slots-machine-game/id447553564,98,kh
apps.apple.com/fr/app/king-iptv-pro/id6444360760,100,ma
apps.apple.com/fr/app/enregistreur-vocal-dictaphon/id1332549224,100,ma
apps.apple.com/us/app/لعبة-اختبار-الهبل/id1196447197,100,ma
apps.apple.com/fr/app/smarters-player-lite/id1628995509,100,ma
apps.apple.com/us/app/car-parking-multiplayer-2/id6514315118,99,ma
apps.apple.com/ae/app/pinterest/id429047995?l=ar,99,ma
apps.apple.com/fr/app/wallapop-sell-buy/id692753615,99,ma
apps.apple.com/ae/app/شرطت-الاطفال-كيدز-بوليس-الجديد/id913148751,98,ma
apps.apple.com/ma/app/arabdict-dictionary/id715572933?l=fr,97,ma
apps.apple.com/eg/app/op-gg/id605722237?l=fr-FR,97,ma
apps.apple.com/fr/app/jeux-de-voiture-2024-courses/id1580304919,100,dz
apps.apple.com/fr/app/meta-business-suite/id514643583,100,dz
apps.apple.com/iq/app/buzzarab-زواج-وتعارف-ودردشة/id911410294?l=ar,100,dz
apps.apple.com/iq/app/yacine-tv-ياسين-تيفي/id6753794325?l=ar,100,dz
apps.apple.com/fr/app/google/id284815942,100,dz
apps.apple.com/kw/app/snake-io-لعبة-الثعبان-الممتعة/id1104692136?l=ar,100,dz
apps.apple.com/fr/app/brain-test-casse-têtes/id1486214495,100,dz
apps.apple.com/us/app/créer-cv-intelligent-cv-pdf/id6740196922?l=fr-FR,100,dz
apps.apple.com/us/app/pikaffects-by-pika/id6680155400,99,dz
apps.apple.com/sa/app/air-algérie/id1458273665?l=ar,99,dz
apps.apple.com/jo/app/b12-app/id1231823690,100,jo
apps.apple.com/jo/app/ikea-jordan/id1567389169,99,jo
apps.apple.com/us/app/zoom-workplace/id546505307,99,jo
apps.apple.com/tn/app/google-photos-backup-edit/id962194608?l=ar,99,jo
apps.apple.com/us/app/الليرة-اليوم/id1038805293,99,jo
apps.apple.com/jo/app/story-viewer-ig-saver-spybot/id6461724636?l=ar,99,jo
apps.apple.com/us/app/mename-plus/id1605759540,99,jo
apps.apple.com/us/app/safwa-islamic-bank/id1225362709,99,jo
apps.apple.com/us/app/gifco-funny-trending-gifs/id1025916830,99,jo
apps.apple.com/us/app/reverso-translate-and-learn/id919979642,98,jo
apps.apple.com/sa/app/بوصلة-القبلة-اتجاه-القبلة/id440224767?l=ar,100,om
apps.apple.com/us/app/wattpad-read-write-stories/id306310789,100,om
apps.apple.com/us/app/zoom-workplace/id546505307,99,om
apps.apple.com/us/app/opera-ai-browser-with-vpn/id1411869974,99,om
apps.apple.com/us/app/wordle/id1095569891,99,om
apps.apple.com/iq/app/toksave-تنزيل-فيديو-تيك-توك/id1593847125?l=ar,99,om
apps.apple.com/jo/app/كاشف-الارقام-معرفة-اسم-المتصل/id1522059253?l=ar,98,om
apps.apple.com/bh/app/soundcloud-موسيقى-و-اغاني/id336353151?l=ar,98,om
apps.apple.com/in/app/غرفة-و-نص-2/id1636183288,98,om
apps.apple.com/qa/app/oneic-bill-pay/id1229477652?l=ar,97,om
apps.apple.com/au/app/english-mongolian-best-dictionary-англи-монгол-толь/id919811026,100,mn
apps.apple.com/us/app/soundcloud-the-music-you-love/id336353151,99,mn
apps.apple.com/mn/app/trade-mn/id1303463253,99,mn
apps.apple.com/us/app/hiface-face-shape-finder/id1503991231,99,mn
apps.apple.com/ke/app/м-bank/id1455928972,99,mn
apps.apple.com/mn/app/100k-mn/id1478117423,98,mn
apps.apple.com/us/app/tinder-dating-app-date-chat/id547702041,98,mn
apps.apple.com/us/app/garageband/id408709785,98,mn
apps.apple.com/us/app/traffictest-v1-0/id1528561145,98,mn
apps.apple.com/ng/app/1xbet-sports-betting-nigeria/id1589393282,96,mn
apps.apple.com/us/app/نظام-مواعيد/id1555921204?l=ar,100,bh
apps.apple.com/sa/app/canva-تصميم-وصور-وفيديوهات/id897446215?l=ar,99,bh
apps.apple.com/us/app/poolbhr-برك-البحرين/id1551625409,99,bh
apps.apple.com/bh/app/blackboard/id950424861?l=ar,99,bh
apps.apple.com/us/app/reddit/id1064216828,99,bh
apps.apple.com/sa/app/gogoanime-9anime/id1508062085,98,bh
apps.apple.com/th/app/talabat-food-grocery-more/id451001072,98,bh
apps.apple.com/us/app/vlc-media-player/id650377962,96,bh
apps.apple.com/sa/app/دردشة-ومكالمات-دولية-من-imo/id336435697?l=ar,96,bh
apps.apple.com/us/app/ترجمة-فورية-لجميع-اللغات/id1409742651,96,bh
apps.apple.com/us/app/oxford-dictionary/id978674211,100,np
apps.apple.com/us/app/du-recorder-screen-recorder/id1295647284,100,np
apps.apple.com/np/app/vianet-nepal/id1292162597,100,np
apps.apple.com/us/app/mafia-city-war-of-underworld/id1235569398,100,np
apps.apple.com/us/app/mx-player-all-media-player/id1594318832,99,np
apps.apple.com/us/app/microsoft-excel/id462058435?mt=12,99,np
apps.apple.com/us/app/zedge-wallpapers-ringtones/id1086101495,99,np
apps.apple.com/us/app/ideogram-ai-image-generator/id6476790495,99,np
apps.apple.com/us/app/nepal-epassport/id1633941441,99,np
apps.apple.com/us/app/paypal-pay-send-save/id283646709,99,np
apps.apple.com/us/app/blockman-go/id1426189000,100,lb
apps.apple.com/us/app/yandex-browser/id483693909,99,lb
apps.apple.com/us/app/badoo-dating-meet-new-people/id351331194,99,lb
apps.apple.com/us/app/كتبي-kutubee/id1162825922,98,lb
apps.apple.com/us/app/microsoft-onedrive/id477537958,98,lb
apps.apple.com/us/app/imovie/id377298193,98,lb
apps.apple.com/us/app/yoho-group-voice-chat/id1509635224?l=ar,97,lb
apps.apple.com/in/app/stake-real-money-casino/id6503213684,97,lb
apps.apple.com/us/app/special-forces-group-2/id1158672336,97,lb
apps.apple.com/us/app/picsart-ai-photo-editor-video/id587366035,97,lb
apps.apple.com/sa/app/live-sports-hd-live-tv/id6443582574,100,bd
apps.apple.com/us/app/plane-finder-flight-tracker/id361273585,100,bd
apps.apple.com/us/app/car-driving-simulator-games/id1247758515,100,bd
apps.apple.com/us/app/spicer-sex-ideas-for-couples/id1335558932,99,bd
apps.apple.com/us/app/modern-combat-5/id656176278,99,bd
apps.apple.com/us/app/wephone-2nd-phone-wifi-calls/id1344878333,99,bd
apps.apple.com/cn/app/qq/id444934666,99,bd
apps.apple.com/sg/app/hotstar-movies-tv/id1535908877,99,bd
apps.apple.com/us/app/plants-vs-zombies/id893677096,98,bd
apps.apple.com/us/app/taka-chat-room-live-stream/id6465892507,98,bd
apps.apple.com/br/app/adobe-acrobat-reader-criar-pdf/id469337564,100,ao
apps.apple.com/fr/app/google-traduction/id414706506,100,ao
apps.apple.com/us/app/chatgpt/id6448311069,99,ao
apps.apple.com/br/app/jogos-para-2-3-e-4-jogadores/id1269516792,99,ao
apps.apple.com/us/app/yahoo-mail/id577586159,99,ao
apps.apple.com/us/app/inboxdollars-surveys-for-cash/id1221433007,97,ao
apps.apple.com/us/app/dr-driving/id639191551,96,ao
apps.apple.com/us/app/tradutor-ingles-portugues/id1532634290?l=pt-BR,95,ao
apps.apple.com/us/app/snapseed-photo-editor/id439438619,93,ao
apps.apple.com/br/app/shazam/id284993459,92,ao
apps.apple.com/fr/app/free-fire/id1300146617,99,mg
apps.apple.com/us/app/dramacool-kdrama-movie-show/id6471490577,98,mg
apps.apple.com/us/app/garageband/id408709785,98,mg
apps.apple.com/ci/app/mini-militia-classic/id1543976495,96,mg
apps.apple.com/us/app/maps-me-offline-maps-gps-nav/id510623322,96,mg
apps.apple.com/fr/app/imo-appels-vidéo/id336435697,95,mg
apps.apple.com/us/app/taobao-online-shopping-app/id387682726,95,mg
apps.apple.com/fr/app/skype-entreprise/id605841731,94,mg
apps.apple.com/us/app/spotify-music-and-podcasts/id324684580,94,mg
apps.apple.com/fr/app/stickman-party-4-player-games/id1467762267,92,mg
apps.apple.com/us/app/mini-militia-doodle-army-2/id405885221,100,af
apps.apple.com/us/app/youtube-kids/id936971630,99,af
apps.apple.com/us/app/live-cricket-tv-all-matches/id6504752460,98,af
apps.apple.com/us/app/call-recorder-for-iphone/id1503665233,96,af
apps.apple.com/gb/app/smartcric-hd-live-cricket-tv/id6504743772,95,af
apps.apple.com/pk/app/star-sports-live-ipl-2025/id6480310685,95,af
apps.apple.com/us/app/botim/id1263036818,95,af
apps.apple.com/us/app/microsoft-excel/id586683407,90,af
apps.apple.com/us/app/photo-lab-ai-portrait-editor/id441457218,90,af
apps.apple.com/us/app/imovie/id377298193,88,af
apps.apple.com/fr/app/fichiers/id1232058109,100,tn
apps.apple.com/my/app/tiktok-global-video-community/id1235601864,100,tn
apps.apple.com/us/app/wormate-io/id1135523852,100,tn
apps.apple.com/us/app/picsart-ai-photo-editor-video/id587366035,100,tn
apps.apple.com/tn/app/tayara-annonces-en-tunisie/id1238214138,100,tn
apps.apple.com/us/app/agoda-cheap-flights-hotels/id440676901,99,tn
apps.apple.com/us/app/microsoft-word/id586447913,99,tn
apps.apple.com/us/app/poe-fast-ai-chat/id1640745955,99,tn
apps.apple.com/ae/app/watania-1/id1210422675,99,tn
apps.apple.com/sa/app/files/id1232058109?l=ar,98,tn
apps.apple.com/us/app/spotify-music-and-podcasts/id324684580,100,mz
apps.apple.com/us/app/ea-sports-fc-mobile-soccer/id1094930513,99,mz
apps.apple.com/pt/app/conversor-de-moeda-oanda/id326884235,99,mz
apps.apple.com/us/app/toca-boca-world/id1208138685,98,mz
apps.apple.com/ru/app/2-3-4-player-games-pro/id6503641983?l=en-GB,98,mz
apps.apple.com/us/app/sofascore-live-sports-scores/id1176147574,96,mz
apps.apple.com/us/app/signal-private-messenger/id874139669,96,mz
apps.apple.com/my/app/tiktok-global-video-community/id1235601864,95,mz
apps.apple.com/us/app/secure-vpn-safer-vpn-proxy/id1548935168,95,mz
apps.apple.com/us/app/candy-crush-saga/id553834731,95,mz
apps.apple.com/az/app/mənim-bakcellim-business/id1442505800,100,az
apps.apple.com/us/app/special-forces-group-2/id1158672336,100,az
apps.apple.com/us/app/google-authenticator/id388497605,100,az
apps.apple.com/tr/app/sporx-spor-haber-canlı-skor/id649802640,99,az
apps.apple.com/fr/app/atv-canlı-tv-dizi-i-zle/id388647888,99,az
apps.apple.com/am/app/azerbaijani-english-translate/id6535668856,99,az
apps.apple.com/us/app/wikipedia/id324715238,99,az
apps.apple.com/us/app/facetime/id1110145091,98,az
apps.apple.com/tr/app/misli-i-ddaa-canlı-bahis/id531126816,98,az
apps.apple.com/us/app/accuweather-weather-forecast/id300048137,97,az
apps.apple.com/es/app/la-biblia-reina-valera-español/id1132540381,100,pa
apps.apple.com/us/app/fox-news-us-world-headlines/id367623543,99,pa
apps.apple.com/us/app/microsoft-outlook/id985367838,99,pa
apps.apple.com/pa/app/dailymotion-app-de-video/id336978041,99,pa
apps.apple.com/us/app/microsoft-word/id586447913,98,pa
apps.apple.com/bo/app/pluto-tv-películas-y-series/id751712884,98,pa
apps.apple.com/ar/app/tubemate-music-global-ai/id6736857210,98,pa
apps.apple.com/es/app/subway-surfers/id512939461,97,pa
apps.apple.com/es/app/gboard-el-teclado-de-google/id1091700242,97,pa
apps.apple.com/es/app/my-avatar-world-games-for-kids/id1635318586,96,pa
apps.apple.com/ng/app/aboki-forex-currency-converter/id1144186124,100,ng
apps.apple.com/us/app/sketchbook/id883738213,100,ng
apps.apple.com/us/app/good-news-bible-holy-version/id1481104265,100,ng
apps.apple.com/us/app/gomoney-the-digital-bank/id1491085974,100,ng
apps.apple.com/ng/app/uber-request-a-ride/id368677368,100,ng
apps.apple.com/jm/app/sound-me/id1624941759,99,ng
apps.apple.com/no/app/futbol24-soccer-livescore-app/id338764030,99,ng
apps.apple.com/us/app/wordle/id1095569891,99,ng
apps.apple.com/us/app/waze-navigation-live-traffic/id323229106,99,ng
apps.apple.com/us/app/countdown/id1403367428,99,ng
apps.apple.com/fr/app/tinder-appli-de-rencontre/id547702041,100,cm
apps.apple.com/us/app/grand-theft-auto-iii/id479662730,99,cm
apps.apple.com/cm/app/turfoo-résultats-turf-et-prono/id794513439,99,cm
apps.apple.com/af/app/vidmate/id1640960419,97,cm
apps.apple.com/cm/app/qui-parier-pronostic-sportif/id1090355988,97,cm
apps.apple.com/fr/app/netflix/id363590051,97,cm
apps.apple.com/us/app/netflix/id363590051,97,cm
apps.apple.com/us/app/manic-emu-game-emulator/id6743335790,95,cm
apps.apple.com/us/app/youtube-music/id1017492454,95,cm
apps.apple.com/fr/app/france-24-info-et-actualités/id364379394,95,cm
apps.apple.com/sa/app/تطبيق-كورة-بث-المباريات-لايف/id6478971501?l=ar,99,sn
apps.apple.com/fr/app/play-music/id538821232,99,sn
apps.apple.com/ca/app/world-war-heroes-jeu-de-guerre/id1281535229?l=fr-CA,97,sn
apps.apple.com/ci/app/dictionnaire-le-petit-robert/id458626631,97,sn
apps.apple.com/sn/app/qasidasapp/id1495819050?l=fr-FR,97,sn
apps.apple.com/sn/app/wido/id1495159005,97,sn
apps.apple.com/sn/app/yango-lite-appli-de-taxi/id1592341023?l=fr-FR,96,sn
apps.apple.com/sn/app/shein-achat-en-ligne/id878577184?l=fr-FR,96,sn
apps.apple.com/fr/app/traducteur-anglais-français/id323683333,96,sn
apps.apple.com/sn/app/durus-2-0/id1492909962,94,sn
apps.apple.com/pa/app/bumpy-app-de-citas-mundial/id1455336523,100,do
apps.apple.com/ve/app/crunchyroll/id329913454,99,do
apps.apple.com/us/app/yahoo-finance-stocks-news/id328412701,99,do
apps.apple.com/es/app/shazam/id284993459,99,do
apps.apple.com/us/app/windy-app-wind-tides-radar/id997079492,99,do
apps.apple.com/co/app/tuboleta-pass/id1658358409,99,do
apps.apple.com/us/app/anydesk-remote-desktop/id1176131273,99,do
apps.apple.com/es/app/imovie/id377298193,98,do
apps.apple.com/es/app/juststream/id1474804779?mt=12,98,do
apps.apple.com/do/app/bigo-live-live-chat-meet/id1077137248,98,do
apps.apple.com/us/app/car-parking-multiplayer-2/id6514315118,100,cy
apps.apple.com/bm/app/hellenic-bank-eurobank/id1027704531,98,cy
apps.apple.com/lv/app/coomeet/id1459611740,97,cy
apps.apple.com/pa/app/asbank-mobil/id1241655583?l=zh,97,cy
apps.apple.com/us/app/duckduckgo-browser-w-duck-ai/id663592361,97,cy
apps.apple.com/tr/app/kibhas/id6451919144,96,cy
apps.apple.com/lb/app/ο-φιλελεύθερος-phileleftheros/id586176050,96,cy
apps.apple.com/cy/app/air-quality-cyprus/id1452326144,95,cy
apps.apple.com/jo/app/lebanonfiles/id681443972,95,cy
apps.apple.com/us/app/facetime/id1110145091,94,cy
apps.apple.com/zw/app/english-to-shona-dictionary/id1095221147,100,zw
apps.apple.com/us/app/tinder-dating-app-date-chat/id547702041,99,zw
apps.apple.com/mu/app/first-capital-bank-app/id1475623436,98,zw
apps.apple.com/bw/app/papa-cambridge-caie-more/id1672242852,97,zw
apps.apple.com/zw/app/pizza-inn-zimbabwe/id6463521341,96,zw
apps.apple.com/us/app/wechat/id414478124,96,zw
apps.apple.com/eg/app/spy-phone-phone-tracker/id917089298,96,zw
apps.apple.com/us/app/ecobank-mobile-app/id1017658759,95,zw
apps.apple.com/us/app/car-simulator-2/id1456091972,95,zw
apps.apple.com/us/app/metatrader-5/id413251709,93,zw
apps.apple.com/fr/app/photomath/id919087726,100,cd
apps.apple.com/fr/app/bingo-gagnez-de-largent-réel/id1530537170,99,cd
apps.apple.com/cm/app/betwinner-cm/id1612955305,99,cd
apps.apple.com/us/app/dream-league-soccer-2025/id1462911602,99,cd
apps.apple.com/us/app/photo-lab-ai-portrait-editor/id441457218,97,cd
apps.apple.com/fr/app/genybet-paris-hippiques-sport/id586209720,97,cd
apps.apple.com/us/app/free-fire/id1300146617,95,cd
apps.apple.com/us/app/dream-league-soccer-2025/id1462911602?l=fr-FR,95,cd
apps.apple.com/fr/app/videoshow-éditeur-de-vidéo/id930380089,93,cd
apps.apple.com/us/app/google/id284815942,92,cd
apps.apple.com/us/app/dont-touch-my-phone-antitheft/id6566179234,100,lk
apps.apple.com/us/app/skype-for-business/id605841731,100,lk
apps.apple.com/us/app/starmaker-sing-karaoke-songs/id342138881,99,lk
apps.apple.com/us/app/tinkercad/id1469440830,99,lk
apps.apple.com/in/app/mx-player/id1429703801,99,lk
apps.apple.com/us/app/xe-send-money-currency/id315241195,99,lk
apps.apple.com/us/app/twitch-live-streaming/id460177396,99,lk
apps.apple.com/us/app/ideogram-ai-image-generator/id6476790495,97,lk
apps.apple.com/in/app/us-tractor-farming-game-2024/id6472602267,96,lk
apps.apple.com/us/app/umax-become-hot/id6471026798,96,lk
apps.apple.com/us/app/killer-bean-unleashed/id526963873,100,zm
apps.apple.com/us/app/8-ball-pool/id543186831,93,zm
apps.apple.com/us/app/canva-ai-photo-video-editor/id897446215,92,zm
apps.apple.com/gb/app/bbc-sport-news-live-scores/id377388936,92,zm
apps.apple.com/ca/app/whatsapp-messenger/id310633997,91,zm
apps.apple.com/us/app/sda-hymnal-with-music/id6504305110,91,zm
apps.apple.com/ng/app/ayoba/id1495024536,91,zm
apps.apple.com/us/app/paypal-pay-send-save/id283646709,88,zm
apps.apple.com/gh/app/christ-in-song-multi-language/id1067718185,87,zm
apps.apple.com/us/app/good-news-bible-gnb/id1463977408,86,zm
apps.apple.com/us/app/sofascore-live-sports-scores/id1176147574,99,bw
apps.apple.com/bw/app/bank-gaborone/id1503000772,96,bw
apps.apple.com/za/app/takealot-mobile-shopping-app/id606927881,96,bw
apps.apple.com/us/app/inshot-video-editor/id997362197,95,bw
apps.apple.com/us/app/2-player-games-offline-games/id1465731199,94,bw
apps.apple.com/us/app/spotify-music-and-podcasts/id324684580,93,bw
apps.apple.com/us/app/monkeycool-make-new-friends/id1636638847,90,bw
apps.apple.com/us/app/microsoft-word/id586447913,88,bw
apps.apple.com/bw/app/showmax/id6451148933,87,bw
apps.apple.com/bw/app/wuc-app/id1610452438,82,bw
apps.apple.com/am/app/aeb-mobile-your-digital-bank/id1518392966,99,am
apps.apple.com/us/app/my-talking-tom-2/id1337578317,98,am
apps.apple.com/gr/app/h-m/id834465911?l=el,97,am
apps.apple.com/ru/app/tiktok-тикток/id835599320,97,am
apps.apple.com/gb/app/h-m/id834465911,97,am
apps.apple.com/ru/app/free-fire/id1300146617,96,am
apps.apple.com/us/app/2-player-games-offline-games/id1465731199,96,am
apps.apple.com/am/app/fnet-smarthome/id1611511221,96,am
apps.apple.com/us/app/clash-royale/id1053012308,96,am
apps.apple.com/us/app/kahoot-play-create-quizzes/id1131203560,95,am
apps.apple.com/us/app/canva-ai-photo-video-editor/id897446215,99,cv
apps.apple.com/mz/app/bai-particular/id6472233886,94,cv
apps.apple.com/id/app/topflix-tv/id6443924497,90,cv
apps.apple.com/br/app/messenger/id454638411,78,cv
apps.apple.com/fr/app/google-traduction/id414706506,78,cv
apps.apple.com/br/app/real-racing-3-jogo-de-carro/id556164350,76,cv
apps.apple.com/br/app/gmail-o-e-mail-do-google/id422689480,68,cv
apps.apple.com/ro/app/callapp-caller-id-block/id6736975927,65,cv
apps.apple.com/us/app/kahoot-play-create-quizzes/id1131203560,65,cv
apps.apple.com/gb/app/bet365-sports-betting/id519684662,64,cv
apps.apple.com/us/app/portalistudentor-al/id6748683278,99,al
apps.apple.com/it/app/tuttomercatoweb-com/id356283855,99,al
apps.apple.com/us/app/revista-class/id6444835075,99,al
apps.apple.com/us/app/gjirafamall/id6504552763,99,al
apps.apple.com/al/app/oshee/id6504529165,98,al
apps.apple.com/us/app/researchgate/id1208163937,95,al
apps.apple.com/us/app/words-of-wonders-crossword/id1369521645,95,al
apps.apple.com/us/app/snake-io-fun-online-snake/id1104692136,94,al
apps.apple.com/us/app/clock/id1584215688,93,al
apps.apple.com/us/app/solitaire/id359917414,93,al
apps.apple.com/us/app/audiomack-creator-upload-music/id1544519256,100,gh
apps.apple.com/us/app/zangi-private-messenger/id549493839,100,gh
apps.apple.com/us/app/macos-catalina/id1466841314?mt=12,99,gh
apps.apple.com/us/app/linkedin-network-job-finder/id288429040,98,gh
apps.apple.com/us/app/photos/id1584215428,98,gh
apps.apple.com/us/app/shazam-find-music-concerts/id284993459,98,gh
apps.apple.com/us/app/clock/id1584215688,97,gh
apps.apple.com/us/app/edits-an-instagram-app/id6738967378,97,gh
apps.apple.com/us/app/voice-memos/id1069512134,97,gh
apps.apple.com/gh/app/compughana-ltd/id1570212927,96,gh
apps.apple.com/ru/app/крокодил-онлайн-угадай-слово/id1022433409,100,kz
apps.apple.com/ru/app/восстановление-фото-и-видео/id1554630554,100,kz
apps.apple.com/ru/app/kwork/id1456387980,100,kz
apps.apple.com/ru/app/длинные-нарды-ad/id828377094,100,kz
apps.apple.com/us/app/snapchat/id447188370,99,kz
apps.apple.com/ru/app/мой-футбол-рпл/id672246704?l=en-GB,99,kz
apps.apple.com/lr/app/egov-mobile/id1476128386,99,kz
apps.apple.com/us/app/incredibox/id1093131935,99,kz
apps.apple.com/ru/app/кейс-симулятор-на-standoff-2/id1641113449,99,kz
apps.apple.com/ru/app/kazkey-казахская-клавиатура/id1320863689,98,kz
apps.apple.com/us/app/soundcloud-the-music-you-love/id336353151,100,ge
apps.apple.com/us/app/liberty-mobile/id1455225055,100,ge
apps.apple.com/us/app/photo-booth/id1208226939,100,ge
apps.apple.com/us/app/maps-me-offline-maps-gps-nav/id510623322,100,ge
apps.apple.com/us/app/car-driving-simulator-games/id1247758515,100,ge
apps.apple.com/us/app/faceapp-perfect-face-editor/id1180884341,99,ge
apps.apple.com/us/app/resident-evil-4/id6462360082,99,ge
apps.apple.com/us/app/offline-games-no-wifi-games/id6448104157,98,ge
apps.apple.com/ge/app/mystat/id1404383586,98,ge
apps.apple.com/ge/app/fitpass-sport-and-recreation/id1444181297,98,ge
apps.apple.com/es/app/wattpad/id306310789,100,ve
apps.apple.com/ro/app/tiktok-videos-music-live/id835599320,100,ve
apps.apple.com/us/app/picrew-oc-maker-pfp/id6477856733,99,ve
apps.apple.com/ar/app/thundernet-tv-go/id6450786323,99,ve
apps.apple.com/es/app/tumblr-cultura-arte-y-caos/id305343404,99,ve
apps.apple.com/ve/app/biopagobdv/id1457619248,99,ve
apps.apple.com/es/app/viki-películas-y-tv-de-asia/id445553058,98,ve
apps.apple.com/ve/app/conexión-digital/id1531481877,97,ve
apps.apple.com/ve/app/plex-streaming-de-tv-y-pelis/id383457673,97,ve
apps.apple.com/us/app/remini-ai-photo-enhancer/id1470373330,96,ve
apps.apple.com/us/app/postermywall-design-promote/id6469032454,99,jm
apps.apple.com/us/app/8-ball-pool/id543186831,99,jm
apps.apple.com/in/app/pinterest-video-downloader/id6739941784,98,jm
apps.apple.com/us/app/garageband/id408709785,98,jm
apps.apple.com/us/app/youtube-studio/id888530356,97,jm
apps.apple.com/us/app/likee-video-live-chat/id1251790681,97,jm
apps.apple.com/us/app/tinder-dating-app-date-chat/id547702041,97,jm
apps.apple.com/us/app/gunship-battle-3d-action/id901832505,95,jm
apps.apple.com/us/app/real-boxing-ko-fight-club/id534473264,93,jm
apps.apple.com/fi/app/manganelo-manga-rock-pro/id1540527984,93,jm
apps.apple.com/us/app/truck-simulator-ultimate/id1553900372,100,tt
apps.apple.com/us/app/clash-of-clans/id529479190,100,tt
apps.apple.com/us/app/quillbot-ai-writing-keyboard/id6463116243,96,tt
apps.apple.com/us/app/cheapoair-cheap-flight-deals/id436858222,93,tt
apps.apple.com/us/app/zoom-earth-weather-forecast/id1531561063,92,tt
apps.apple.com/us/app/calendar/id1108185179,92,tt
apps.apple.com/us/app/microsoft-powerpoint/id586449534,91,tt
apps.apple.com/us/app/all-fours-trini-card-game/id973250183,90,tt
apps.apple.com/cz/app/fragrancex-com/id6471501243,90,tt
apps.apple.com/us/app/schoology/id411766326,90,tt
apps.apple.com/us/app/yahoo-mail/id577586159,99,bn
apps.apple.com/ng/app/lotto-4d-results-live-4d-toto/id1502014515,96,bn
apps.apple.com/us/app/uc-browser/id1048518592,94,bn
apps.apple.com/ph/app/mobile-legends-bang-bang/id1160056295,92,bn
apps.apple.com/us/app/microsoft-outlook/id951937596,91,bn
apps.apple.com/my/app/mobilejawi/id946970830,91,bn
apps.apple.com/us/app/google-chrome/id535886823,85,bn
apps.apple.com/bn/app/the-coffee-bean-brunei-rewards/id1506480778,81,bn
apps.apple.com/us/app/katamari-damacy-rolling-live/id6449352814,79,bn
apps.apple.com/ng/app/manganelo-manga-rock-pro/id1540527984,76,bn
apps.apple.com/us/app/tuttosport-com/id415611948,99,mt
apps.apple.com/us/app/linkedin-network-job-finder/id288429040,98,mt
apps.apple.com/us/app/kahoot-play-create-quizzes/id1131203560,98,mt
apps.apple.com/us/app/coin-master/id406889139,95,mt
apps.apple.com/us/app/grindr-gay-dating-chat/id319881193,94,mt
apps.apple.com/us/app/facetime/id1110145091,93,mt
apps.apple.com/us/app/microsoft-powerpoint/id586449534,92,mt
apps.apple.com/mt/app/malta-driving-theory-test/id1666743506,92,mt
apps.apple.com/us/app/toilet-finder/id311896604,90,mt
apps.apple.com/us/app/amazon-shopping/id297606951,89,mt
apps.apple.com/pa/app/banca-móvil-bpdc/id1127658009,100,cr
apps.apple.com/cl/app/moovit-transporte-público/id498477945,99,cr
apps.apple.com/es/app/photomath/id919087726,99,cr
apps.apple.com/cr/app/teletica-com/id626327855,99,cr
apps.apple.com/us/app/xbox/id736179781,99,cr
apps.apple.com/cr/app/bomberos-cr/id592573709,98,cr
apps.apple.com/ve/app/free-fire-8-aniversario/id1300146617,98,cr
apps.apple.com/cr/app/lafise-bancanet/id1416677928,97,cr
apps.apple.com/us/app/web-video-cast-browser-to-tv/id1400866497,97,cr
apps.apple.com/us/app/free-fire-max/id1480516829,97,cr
apps.apple.com/us/app/google-earth/id293622097,99,lu
apps.apple.com/ch/app/google-übersetzer/id414706506,99,lu
apps.apple.com/us/app/flashscore-live-scores-news/id766443283,99,lu
apps.apple.com/lu/app/fupa/id942371609,99,lu
apps.apple.com/us/app/shein-shopping-online/id878577184,99,lu
apps.apple.com/us/app/reddit/id1064216828,99,lu
apps.apple.com/lu/app/meetic-rencontre-et-amour/id416973595?l=de-DE,93,lu
apps.apple.com/us/app/ebay-online-shopping-selling/id282614216,92,lu
apps.apple.com/us/app/kahoot-play-create-quizzes/id1131203560,90,lu
apps.apple.com/lu/app/luxtrust-mobile/id990222560?l=de-DE,87,lu
apps.apple.com/us/app/manga-bat-daily-update/id6479396195,100,gy
apps.apple.com/us/app/movies-box-tv-show/id1564334567,96,gy
apps.apple.com/us/app/car-parking-multiplayer-2/id6514315118,95,gy
apps.apple.com/us/app/google-chrome/id535886823,94,gy
apps.apple.com/bb/app/totalsportek-live-football/id6478613783,93,gy
apps.apple.com/us/app/stickman-party-4-player-games/id1467762267,91,gy
apps.apple.com/us/app/monkeycool-make-new-friends/id1636638847,90,gy
apps.apple.com/us/app/fashion-nova-trendy-shopping/id1367363988,90,gy
apps.apple.com/us/app/8-ball-pool/id543186831,89,gy
apps.apple.com/tr/app/app-lock-applock/id6451248050,89,gy
apps.apple.com/us/app/soundcloud-the-music-you-love/id336353151,100,ht
apps.apple.com/fr/app/shein-achat-en-ligne/id878577184,100,ht
apps.apple.com/us/app/illinois-lottery-official-app/id649442066,99,ht
apps.apple.com/us/app/besoccer-soccer-live-scores/id550928207,97,ht
apps.apple.com/us/app/sogebank/id1496299008,97,ht
apps.apple.com/ci/app/haitian-creole-bible/id1273024991,95,ht
apps.apple.com/us/app/tubidy-music-videos-songs/id6470038274,95,ht
apps.apple.com/ca/app/case-tracker-for-uscis-nvc/id921827126?l=fr-CA,95,ht
apps.apple.com/fr/app/netflix/id363590051,93,ht
apps.apple.com/sn/app/phoenix-browser-fast-safe/id1661097058?l=fr-FR,93,ht
apps.apple.com/sa/app/gogoanime-9anime/id1508062085,96,na
apps.apple.com/us/app/netflix/id363590051,96,na
apps.apple.com/us/app/calculator/id1069511488,92,na
apps.apple.com/in/app/ludo-king/id993090598,91,na
apps.apple.com/us/app/camera/id1584216193,87,na
apps.apple.com/us/app/truecaller-premium-caller-id/id448142450,87,na
apps.apple.com/us/app/spotify-music-and-podcasts/id324684580,87,na
apps.apple.com/us/app/aliexpress-shopping-app/id436672029,85,na
apps.apple.com/us/app/goojara-movies-tv-browser/id6751885426,82,na
apps.apple.com/us/app/9anime/id1561532117,82,na
apps.apple.com/us/app/8-ball-pool/id543186831,100,md
apps.apple.com/us/app/airbnb/id401626263,100,md
apps.apple.com/ro/app/stirile-protv/id1118382921,99,md
apps.apple.com/us/app/перевод-с-турецкого/id1643811577?l=ru,99,md
apps.apple.com/us/app/microsoft-teams/id1113153706,99,md
apps.apple.com/us/app/ibis-paint-x/id450722833,98,md
apps.apple.com/ru/app/локатор/id1514844621,98,md
apps.apple.com/us/app/shareit-transfer-share-files/id725215120,98,md
apps.apple.com/ua/app/prom-магазин-мультимаркет/id1120682274?l=ru,97,md
apps.apple.com/us/app/trendyol-online-shopping/id524362642,97,md
apps.apple.com/fr/app/google-traduction/id414706506,100,et
apps.apple.com/us/app/kinemaster-old/id1223932558,100,et
apps.apple.com/us/app/microsoft-powerpoint/id586449534,100,et
apps.apple.com/us/app/canva-ai-photo-video-editor/id897446215,99,et
apps.apple.com/us/app/streamlabs-live-streaming-app/id1294578643,98,et
apps.apple.com/us/app/google-meet/id1096918571,97,et
apps.apple.com/us/app/dailymotion-video-app/id336978041,97,et
apps.apple.com/us/app/digital-invea/id1525710459,96,et
apps.apple.com/us/app/raya/id957215308,96,et
apps.apple.com/us/app/microsoft-bing-search/id345323231,96,et
apps.apple.com/us/app/booking-com-hotels-travel/id367003839,100,mu
apps.apple.com/us/app/bus-simulator-ultimate/id1461749632,98,mu
apps.apple.com/us/app/ilovepdf-pdf-editor-scan/id1207332399,97,mu
apps.apple.com/uy/app/live-football-tv-hd-streaming/id6478971501,96,mu
apps.apple.com/fr/app/pronote/id1138223804,96,mu
apps.apple.com/us/app/google-meet/id1096918571,96,mu
apps.apple.com/sa/app/smarters-iptv-pro-player/id6738712575,95,mu
apps.apple.com/id/app/pinterest-videos-downloader/id6744339066,95,mu
apps.apple.com/mu/app/dominos-pizza-mauritius/id1609304973,95,mu
apps.apple.com/us/app/icsee/id1130153523,93,mu
apps.apple.com/us/app/google-docs/id842842640,96,bz
apps.apple.com/bb/app/totalsportek-live-football/id6478613783,91,bz
apps.apple.com/us/app/8-ball-pool/id543186831,83,bz
apps.apple.com/bo/app/free-fire/id1300146617,81,bz
apps.apple.com/us/app/messages/id1146560473,80,bz
apps.apple.com/us/app/dailymotion-video-app/id336978041,79,bz
apps.apple.com/us/app/grindr-gay-dating-chat/id319881193,79,bz
apps.apple.com/us/app/dream-league-soccer-2025/id1462911602,78,bz
apps.apple.com/us/app/messenger/id454638411,77,bz
apps.apple.com/us/app/ebay-online-shopping-selling/id282614216,71,bz
apps.apple.com/es/app/tele-latino-iptv-player-hd/id1638734563,100,hn
apps.apple.com/us/app/flightradar24-flight-tracker/id382233851,100,hn
apps.apple.com/sv/app/televisión-de-fútbol-en-vivo/id6443953067,99,hn
apps.apple.com/bo/app/8-ball-pool/id543186831,97,hn
apps.apple.com/es/app/starmaker-cantar-karaoke/id342138881,97,hn
apps.apple.com/uy/app/animeyt/id6450591397,96,hn
apps.apple.com/mx/app/simulador-de-camiones-usa/id1178960991,96,hn
apps.apple.com/ar/app/pluto-tv-películas-y-series/id751712884,95,hn
apps.apple.com/hn/app/estudiantes-zamorano/id1618313674,95,hn
apps.apple.com/es/app/facemoji-keyboard-fonts-emoji/id1103138272,95,hn
apps.apple.com/us/app/linkedin-network-job-finder/id288429040,100,ec
apps.apple.com/ec/app/banecuador-móvil/id6448645561,100,ec
apps.apple.com/ec/app/madout-2-juegos-de-carreras/id1214765807,100,ec
apps.apple.com/es/app/online-soccer-manager-osm/id400201466,100,ec
apps.apple.com/ec/app/academicloud/id1468050706,99,ec
apps.apple.com/us/app/tumblr-social-media-art/id305343404,99,ec
apps.apple.com/es/app/sorteo-amigo-secreto/id6443708524,99,ec
apps.apple.com/ec/app/cacspmec-móvil/id1640607855,99,ec
apps.apple.com/ec/app/situ/id1258803900,99,ec
apps.apple.com/pe/app/luzia-tu-asistente-virtual-ia/id6472703434,97,ec
apps.apple.com/es/app/minecraft/id479516143,98,ni
apps.apple.com/ni/app/portas-delivery/id1540000884,98,ni
apps.apple.com/es/app/picsart-ai-editor-de-fotos-ia/id587366035,97,ni
apps.apple.com/us/app/ngl-ask-me-anything/id1596550932,96,ni
apps.apple.com/bo/app/instasave-instagram-saver/id6450992318,96,ni
apps.apple.com/es/app/podómetro-contador-de-pasos/id1027151285,96,ni
apps.apple.com/pa/app/collage-de-fotos-incollage/id1446828002,95,ni
apps.apple.com/es/app/clash-of-clans/id529479190,95,ni
apps.apple.com/hn/app/grand-truck-simulator-2/id1510951882,93,ni
apps.apple.com/us/app/youcam-perfect-beauty-camera/id768469908,92,ni
apps.apple.com/us/app/roblox/id431946152,98,bs
apps.apple.com/us/app/cinema-hd-movies-tv-shows/id1483040140,97,bs
apps.apple.com/us/app/the-home-depot/id342527639,88,bs
apps.apple.com/us/app/google-docs/id842842640,87,bs
apps.apple.com/fr/app/google-traduction/id414706506,85,bs
apps.apple.com/bs/app/topup-btc/id1503341699,84,bs
apps.apple.com/us/app/amazon-shopping/id297606951,81,bs
apps.apple.com/us/app/microsoft-outlook/id951937596,81,bs
apps.apple.com/us/app/flightradar24-flight-tracker/id382233851,80,bs
apps.apple.com/us/app/messenger/id454638411,79,bs
apps.apple.com/py/app/mercosur-cambios-sa/id1500209896,99,py
apps.apple.com/py/app/fondos-de-pantalla-en-vivo/id1069361548,99,py
apps.apple.com/py/app/bancard-pago-móvil/id690198215,98,py
apps.apple.com/es/app/dazn-deportes-en-directo/id1129523589,97,py
apps.apple.com/py/app/playhub/id1534676838,95,py
apps.apple.com/uy/app/kit/id6448731019,95,py
apps.apple.com/sv/app/collage-de-fotos-incollage/id1446828002,94,py
apps.apple.com/cl/app/hbo-max-ve-tv-y-películas/id1666653815,93,py
apps.apple.com/us/app/dou-evoluciones/id6502767080,93,py
apps.apple.com/us/app/sticker-ly-sticker-maker/id1458740001,92,py
apps.apple.com/us/app/9anime/id1561532117,100,lv
apps.apple.com/us/app/wetransfer-transfer-files/id1569379048,99,lv
apps.apple.com/lv/app/lmt-viedtelevīzija/id860600224,98,lv
apps.apple.com/us/app/minecraft-dream-it-build-it/id479516143,97,lv
apps.apple.com/in/app/redbus-bus-train-booking-app/id733712604,95,lv
apps.apple.com/ru/app/likee-платформа-коротких-видео/id1251790681,93,lv
apps.apple.com/us/app/geoguessr/id1049876497,92,lv
apps.apple.com/mn/app/beboo-знакомства-и-чат-онлайн/id1498589178,92,lv
apps.apple.com/lv/app/balta/id1475076952,92,lv
apps.apple.com/lv/app/lvm-geo-mobile/id1060578863,91,lv
apps.apple.com/us/app/angry-birds-2/id880047117,100,by
apps.apple.com/ru/app/фильмы-aikino-скачать-оффлайн/id486771418,99,by
apps.apple.com/ru/app/modern-ops-игры-стрелялки-pvp/id1415791453,99,by
apps.apple.com/cy/app/belagroprombank/id831489120,98,by
apps.apple.com/ru/app/moovit-транспорт/id498477945,97,by
apps.apple.com/ru/app/pari-ставки-на-спорт/id1634589900,96,by
apps.apple.com/ru/app/виджеты-настроить-виджеты/id1532728121,96,by
apps.apple.com/ua/app/stumble-guys/id1541153375?l=ru,96,by
apps.apple.com/us/app/lichess-online-chess/id968371784,96,by
apps.apple.com/ru/app/microsoft-outlook/id951937596,95,by
apps.apple.com/ro/app/tiktok-videos-music-live/id835599320,100,bo
apps.apple.com/us/app/sofascore-live-sports-scores/id1176147574,100,bo
apps.apple.com/es/app/bbn-radio/id368775130,100,bo
apps.apple.com/cr/app/nebulous-io/id1069691018,100,bo
apps.apple.com/mx/app/tubi-películas-y-tv/id886445756,100,bo
apps.apple.com/es/app/365scores-resultados-en-vivo/id571801488,99,bo
apps.apple.com/us/app/bombsquad/id416482767?mt=12,99,bo
apps.apple.com/es/app/into-the-dead-2/id1151220243,99,bo
apps.apple.com/cl/app/tuya-smart-life-smart-living/id1034649547,98,bo
apps.apple.com/us/app/flightradar24-flight-tracker/id382233851,98,bo
apps.apple.com/es/app/bloqueo-de-aplicaciones-apps/id6451248050,100,gt
apps.apple.com/us/app/wa-web-dual-chat-app/id6464555232,99,gt
apps.apple.com/gt/app/edoo/id1342759320,99,gt
apps.apple.com/gt/app/fast-speed-test/id1133348139,99,gt
apps.apple.com/us/app/windy-com/id1161387262,99,gt
apps.apple.com/us/app/yoga-vpn-blue-proxy-browser/id1577227510,99,gt
apps.apple.com/cl/app/sticker-maker-studio/id1443326857,98,gt
apps.apple.com/gt/app/carls-jr/id6467877264,98,gt
apps.apple.com/mx/app/thatquiz/id1183992776,97,gt
apps.apple.com/us/app/tagged-dating-chat-go-live/id358899126,97,gt
apps.apple.com/us/app/quizlet-more-than-flashcards/id546473125,100,hr
apps.apple.com/us/app/facetime/id1110145091,100,hr
apps.apple.com/hr/app/online-radio-box/id1101437391?l=hr,100,hr
apps.apple.com/me/app/voyo-hr/id6443844114,99,hr
apps.apple.com/us/app/liveuamap/id1003808504,99,hr
apps.apple.com/hr/app/hžpp/id6745001453,99,hr
apps.apple.com/hr/app/moj-bonbon/id1463160812,99,hr
apps.apple.com/us/app/adobe-acrobat-reader-edit-pdf/id469337564,97,hr
apps.apple.com/us/app/radio-garden-live/id1339670993,97,hr
apps.apple.com/us/app/tumblr-social-media-art/id305343404,96,hr
apps.apple.com/us/app/suno-ai-songs-music-maker/id6480136315,99,uy
apps.apple.com/ve/app/doramasflix-pocketcast/id6499103983,99,uy
apps.apple.com/uy/app/conversor-de-divisas-oanda/id326884235?l=es,99,uy
apps.apple.com/uy/app/midirectv/id1511725594,98,uy
apps.apple.com/us/app/soundcloud-the-music-you-love/id336353151,97,uy
apps.apple.com/us/app/microsoft-word/id586447913,97,uy
apps.apple.com/au/app/anyview-cast-screen-mirroring/id1613513864,97,uy
apps.apple.com/ar/app/roja-directa-tv/id981307972,96,uy
apps.apple.com/pe/app/plato-juegos-multijugador/id1054747306,96,uy
apps.apple.com/do/app/instacam-disposable-camera/id6483861126,95,uy
apps.apple.com/us/app/spider-solitaire-card-game/id395979574,100,ba
apps.apple.com/ba/app/xlive-bet/id1489617638?l=hr,100,ba
apps.apple.com/us/app/dramacool-kdrama-movie-show/id6471490577,100,ba
apps.apple.com/us/app/yandex-browser/id483693909,99,ba
apps.apple.com/us/app/2-player-games-offline-games/id1465731199,99,ba
apps.apple.com/us/app/tinder-dating-app-date-chat/id547702041,99,ba
apps.apple.com/us/app/geoguessr/id1049876497,98,ba
apps.apple.com/us/app/crveni-i-red-taxi/id1108802000,98,ba
apps.apple.com/us/app/m-go-bih/id940374073,98,ba
apps.apple.com/us/app/coomeet/id1459611740,97,ba
apps.apple.com/us/app/noona-book-anything/id1448498295,97,is
apps.apple.com/us/app/kahoot-play-create-quizzes/id1131203560,92,is
apps.apple.com/us/app/chatgpt/id6448311069,92,is
apps.apple.com/us/app/microsoft-powerpoint/id586449534,91,is
apps.apple.com/us/app/shein-shopping-online/id878577184,88,is
apps.apple.com/is/app/sýn-sjónvarp/id1027847515,83,is
apps.apple.com/pl/app/tłumacz-google/id414706506?l=pl,83,is
apps.apple.com/us/app/whatsapp-messenger/id310633997,83,is
apps.apple.com/us/app/linkedin-network-job-finder/id288429040,81,is
apps.apple.com/us/app/ebay-online-shopping-selling/id282614216,81,is
apps.apple.com/us/app/youtube-kids/id936971630,100,ee
apps.apple.com/us/app/wolt-delivery-food-and-more/id943905271,99,ee
apps.apple.com/us/app/wikipedia/id324715238,99,ee
apps.apple.com/us/app/microsoft-sharepoint/id1091505266,98,ee
apps.apple.com/us/app/imdb-movies-tv-shows/id342792525,98,ee
apps.apple.com/ru/app/яндекс-погода-карта-осадков/id1041008044,98,ee
apps.apple.com/us/app/momondo-flights-hotels-cars/id436736538,93,ee
apps.apple.com/us/app/manga-fire-top-manga-reader/id6612008731,93,ee
apps.apple.com/us/app/transgender-dating-translr/id1377472508,91,ee
apps.apple.com/gb/app/lidl-plus/id1238611143,90,ee
apps.apple.com/kz/app/naš-taxi-podgorica/id1606887581,100,me
apps.apple.com/us/app/klik-taxi/id1145321975,96,me
apps.apple.com/ru/app/google-переводчик/id414706506,92,me
apps.apple.com/us/app/google-chrome/id535886823,92,me
apps.apple.com/us/app/klix-ba/id502522220,89,me
apps.apple.com/us/app/aliexpress-shopping-app/id436672029,88,me
apps.apple.com/us/app/spotify-music-and-podcasts/id324684580,85,me
apps.apple.com/us/app/flixster-showtimes-tickets/id284235722,76,me
apps.apple.com/uy/app/asocijacije/id6741001477,76,me
apps.apple.com/us/app/microsoft-powerpoint/id586449534,75,me
apps.apple.com/us/app/autoscout24-cars-for-sale/id311785642,100,lt
apps.apple.com/lt/app/opiq-lietuva/id6459474633,99,lt
apps.apple.com/us/app/uniqlo-clothes-shopping/id1284609872,99,lt
apps.apple.com/us/app/duolingo-language-lessons/id570060128,99,lt
apps.apple.com/us/app/lichess-online-chess/id968371784,99,lt
apps.apple.com/ru/app/яндекс-почта-email-и-облако/id441785419,98,lt
apps.apple.com/us/app/adobe-acrobat-reader-edit-pdf/id469337564,97,lt
apps.apple.com/ru/app/op-gg/id605722237?l=en-GB,97,lt
apps.apple.com/lt/app/coomeet/id1459611740,97,lt
apps.apple.com/us/app/mobile-de-buy-sell-cars/id378563358,97,lt
apps.apple.com/us/app/meta-ads-manager/id964397083,100,rs
apps.apple.com/gb/app/kliktv/id1640003762,100,rs
apps.apple.com/us/app/wattpad-read-write-stories/id306310789,99,rs
apps.apple.com/us/app/perplexity-ai-search-chat/id1668000334,99,rs
apps.apple.com/us/app/surge-gay-dating-chat/id709551897,99,rs
apps.apple.com/us/app/researchgate/id1208163937,99,rs
apps.apple.com/hr/app/njuškalo/id492744958,99,rs
apps.apple.com/hr/app/prevedi/id1514844618?l=hr,99,rs
apps.apple.com/us/app/ventusky-weather-live-radar/id1280984498,97,rs
apps.apple.com/hr/app/city-taxi-nis/id6742413291,97,rs
apps.apple.com/be/app/wrapped-for-instagram-2023/id6473136540,99,bg
apps.apple.com/us/app/футбол-24/id399110674,99,bg
apps.apple.com/bg/app/kaufland-supermarket-offers/id1087780386,98,bg
apps.apple.com/bg/app/liveball/id1580936245,97,bg
apps.apple.com/tr/app/mynet-haber-son-dakika/id352826080,96,bg
apps.apple.com/us/app/zedge-ringtones-wallpapers/id1086101495,96,bg
apps.apple.com/us/app/deezer-music-player-podcast/id292738169,95,bg
apps.apple.com/us/app/болгарский-переводчик-и-другое/id6742396069?l=ru,95,bg
apps.apple.com/us/app/real-boxing-ko-fight-club/id534473264,95,bg
apps.apple.com/us/app/whats-web-app-вацап-веб/id6443897191?l=ru,95,bg
apps.apple.com/us/app/dnevnik-hr/id1586771185,99,si
apps.apple.com/us/app/sudoku-com-number-games/id1193508329,99,si
apps.apple.com/us/app/wikipedia/id324715238,99,si
apps.apple.com/us/app/garageband/id408709785,98,si
apps.apple.com/us/app/google-tradutor/id414706506?l=pt-BR,97,si
apps.apple.com/rs/app/google-prevoditelj/id414706506?l=hr,96,si
apps.apple.com/us/app/fox-news-us-world-headlines/id367623543,96,si
apps.apple.com/us/app/subway-surfers/id512939461,95,si
apps.apple.com/us/app/microsoft-edge-ai-browser/id1288723196,95,si
apps.apple.com/us/app/coin-master/id406889139,95,si
apps.apple.com/sk/app/audiolibrix-audioknihy/id815879703,100,sk
apps.apple.com/sk/app/benefit-plus/id772061221?l=sk,99,sk
apps.apple.com/us/app/tinkercad/id1469440830,99,sk
apps.apple.com/cz/app/heureka-sk-porovnávač-cien/id6465955488,99,sk
apps.apple.com/us/app/ticketmaster-buy-sell-tickets/id500003565,99,sk
apps.apple.com/us/app/shazam-find-music-concerts/id284993459,99,sk
apps.apple.com/sk/app/cynická-obluda/id1211157810,98,sk
apps.apple.com/sk/app/ycc365-plus/id1435567547?l=sk,98,sk
apps.apple.com/us/app/paper-io-2/id1423046460,97,sk
apps.apple.com/us/app/quizlet-more-than-flashcards/id546473125,97,sk
apps.apple.com/us/app/gmail-email-by-google/id422689480,746,us
apps.apple.com/us/app/facebook/id284882215,694,us
apps.apple.com/us/app/google-translate/id414706506,459,us
apps.apple.com/us/app/x/id333903271,88,us
apps.apple.com/us/app/calculator/id398129933,996,us
apps.apple.com/us/app/tiktok-videos-shop-live/id835599320,893,us
apps.apple.com/us/app/yahoo-mail/id577586159,940,us
apps.apple.com/us/app/indeed-job-search/id309735670,497,us
apps.apple.com/us/app/pinterest/id429047995,246,us
apps.apple.com/us/app/roblox/id431946152,893,us
apps.apple.com/us/app/google-docs/id842842640,377,us
apps.apple.com/us/app/instagram/id389801252,838,us
apps.apple.com/us/app/aol-mail-news-weather/id646100661,540,us
apps.apple.com/us/app/autotrader-shop-all-the-cars/id700740807,338,us
apps.apple.com/us/app/canvas-by-instructure/id480883488,305,us
apps.apple.com/us/app/spanish-translator/id321568349,127,us
apps.apple.com/us/app/shazam-find-music-concerts/id284993459,85,us
apps.apple.com/us/app/photos/id1584215428,952,us
apps.apple.com/us/app/dayforce/id456073226,223,us
apps.apple.com/us/app/capcut-video-editor/id1500855883,602,us
apps.apple.com/us/app/planet-fitness/id399857015,526,us
apps.apple.com/us/app/fraction-calculator-plus-1/id580778301,611,us
apps.apple.com/us/app/skyscanner-flights-hotels-cars/id415458524,516,us
apps.apple.com/us/app/microsoft-teams/id1113153706,783,us
apps.apple.com/us/app/yahoo-news-daily-news-for-you/id304158842,530,us
apps.apple.com/us/app/9anime/id1561532117,433,us
apps.apple.com/us/app/among-us/id1351168404,681,us
apps.apple.com/es/app/traductor-inglés-español/id321568349,191,us
apps.apple.com/us/app/mangago-ultimate-manga-app/id6553989464,347,us
apps.apple.com/us/app/klover-instant-cash-advance/id1471211372,892,us
apps.apple.com/us/app/google-gemini/id6477489729,699,us
apps.apple.com/us/app/music-downloader-mp3-player/id1447312762,205,us
apps.apple.com/us/app/polybuzz-chat-with-ai-friends/id6449190344,393,us
apps.apple.com/us/app/delta-game-emulator/id1048524688,240,us
apps.apple.com/us/app/mail/id1108187098,462,us
apps.apple.com/us/app/classdojo/id552602056,242,us
apps.apple.com/us/app/compass/id1067456176,175,us
apps.apple.com/br/app/google-tradutor/id414706506,393,br
apps.apple.com/br/app/google-maps/id585027354,431,br
apps.apple.com/us/app/instagram/id389801252,414,br
apps.apple.com/br/app/calculadora/id1069511488,534,br
apps.apple.com/us/app/chatgpt/id6448311069,150,br
apps.apple.com/br/app/facebook/id284882215,497,br
apps.apple.com/br/app/pinterest/id429047995,526,br
apps.apple.com/us/app/roblox/id431946152,353,br
apps.apple.com/br/app/tiktok-vídeos-músicas-live/id835599320,73,br
apps.apple.com/br/app/mercado-livre-compras-online/id463624852,424,br
apps.apple.com/br/app/story-saver-ver-story-anonimo/id6476922736,415,br
apps.apple.com/br/app/x/id333903271,171,br
apps.apple.com/br/app/meu-inss-central-de-serviços/id1243048358,583,br
apps.apple.com/br/app/baixar-vídeos-do-instagram/id6475359907,405,br
apps.apple.com/br/app/snaptik-baixar-vídeo-tiktok/id1580627789,775,br
apps.apple.com/us/app/gmail-email-by-google/id422689480,250,br
apps.apple.com/br/app/telegram-messenger/id686449807,107,br
apps.apple.com/br/app/carteira-de-trabalho-digital/id1295257499,363,br
apps.apple.com/br/app/baixar-musicas-ouvir-mp3/id1447312762,619,br
apps.apple.com/br/app/google-gemini/id6477489729,937,br
apps.apple.com/br/app/aliexpress-shopping-app/id436672029,810,br
apps.apple.com/br/app/google-drive-armazenamento/id507874739,430,br
apps.apple.com/br/app/kwai-ver-vídeos-bacanas/id1338605092,183,br
apps.apple.com/us/app/youtube/id544007664,827,br
apps.apple.com/br/app/microsoft-teams/id1113153706,583,br
apps.apple.com/br/app/gov-br/id1506827551,552,br
apps.apple.com/br/app/microsoft-word/id586447913,132,br
apps.apple.com/br/app/serasa-consulta-cpf-e-score/id1102452668,366,br
apps.apple.com/br/app/subway-surfers/id512939461,161,br
apps.apple.com/br/app/instagram/id389801252,207,br
apps.apple.com/br/app/netflix/id363590051,643,br
apps.apple.com/us/app/x/id333903271,740,br
apps.apple.com/br/app/loterias-caixa/id1436530324,576,br
apps.apple.com/br/app/stumble-guys/id1541153375,329,br
apps.apple.com/br/app/matific-math/id1440019986,51,br
apps.apple.com/br/app/netescola/id6448395878,116,br
apps.apple.com/br/app/centauro-loja-de-esportes/id1005641646,400,br
apps.apple.com/br/app/câmera/id1584216193,161,br
apps.apple.com/br/app/4shared-mobile/id444426162,86,br
apps.apple.com/br/app/buraco-jogatina-jogo-de-carta/id562305385,747,br
apps.apple.com/br/app/pluto-tv-tv-ao-vivo-e-filmes/id751712884,158,br
apps.apple.com/br/app/planilhas-google/id842849113,932,br
apps.apple.com/gb/app/betfair-sports-betting/id552024276,810,br
apps.apple.com/br/app/among-us/id1351168404,168,br
apps.apple.com/us/app/snaptube-reprodutor-de-música/id6736776578?l=pt-BR,243,br
apps.apple.com/us/app/google-meet/id1096918571,183,br
apps.apple.com/br/app/nubank-conta-cartão-e-mais/id814456780,723,br
apps.apple.com/br/app/pkxd-diversão-amigos-e-jogos/id1449842729,519,br
apps.apple.com/br/app/notas/id1110145109,65,br
apps.apple.com/br/app/traffic-rider/id951744068,834,br
apps.apple.com/br/app/grindr-conversa-gay/id319881193,380,br
apps.apple.com/br/app/waze-gps-e-trânsito-ao-vivo/id323229106,684,br
apps.apple.com/br/app/collect-browser-ai/id6639614956,288,br
apps.apple.com/br/app/free-fire/id1300146617,439,br
apps.apple.com/us/app/jusbrasil-consultar-processos/id1496020567,63,br
apps.apple.com/br/app/unicesumar-studeo-app/id1473121289,137,br
apps.apple.com/br/app/cmsp/id1504204115,264,br
apps.apple.com/br/app/baixar-stories-salvar-story/id1491660588,529,br
apps.apple.com/br/app/smarters-player-lite/id1628995509,564,br
apps.apple.com/br/app/google-agenda-organize-se/id909319292,98,br
apps.apple.com/br/app/microsoft-onedrive/id477537958,470,br
apps.apple.com/br/app/fotos/id1584215428,422,br
apps.apple.com/us/app/spotify-music-and-podcasts/id324684580,415,br
apps.apple.com/br/app/gta-san-andreas-netflix/id6450280702,399,br
apps.apple.com/br/app/jogo-de-moto-jogo-de-grau/id6479649436,308,br
apps.apple.com/br/app/2-player-games-the-challenge/id1465731199,72,br
apps.apple.com/br/app/8-ball-pool/id543186831,226,br
apps.apple.com/br/app/bingo-em-casa-sorteio/id6443778922,230,br
apps.apple.com/br/app/tv-brasil-tv-ao-vivo/id1580527983,539,br
apps.apple.com/us/app/caixa/id490813624,74,br
apps.apple.com/br/app/bússola/id1067456176,30,br
apps.apple.com/br/app/fgts/id1038441027,135,br
apps.apple.com/br/app/casas-bahia-comprar-online/id430647496,764,br
apps.apple.com/br/app/americanas-compras-online/id476307592,415,br
apps.apple.com/br/app/rastreio-de-encomendas/id1472309972,67,br
apps.apple.com/br/app/caixa/id490813624,116,br
apps.apple.com/br/app/wifi-map-wi-fi-grátis-perto/id548925969,77,br
apps.apple.com/us/app/facebook/id284882215,402,ca
apps.apple.com/us/app/chatgpt/id6448311069,365,ca
apps.apple.com/us/app/microsoft-outlook/id951937596,941,ca
apps.apple.com/us/app/google-translate/id414706506,794,ca
apps.apple.com/us/app/calculator/id398129933,789,ca
apps.apple.com/us/app/x/id333903271,495,ca
apps.apple.com/us/app/google-docs/id842842640,885,ca
apps.apple.com/us/app/google-maps/id585027354,480,ca
apps.apple.com/us/app/google-drive/id507874739,115,ca
apps.apple.com/ca/app/jackpot-city-casino-real-money/id1620306376,333,ca
apps.apple.com/us/app/instagram/id389801252,72,ca
apps.apple.com/us/app/microsoft-onedrive/id477537958,87,ca
apps.apple.com/us/app/wordle/id1095569891,109,ca
apps.apple.com/us/app/tiktok-videos-shop-live/id835599320,26,ca
apps.apple.com/us/app/pinterest/id429047995,41,ca
apps.apple.com/us/app/speedtest-by-ookla/id300704847,53,ca
apps.apple.com/us/app/yahoo-mail/id577586159,9,ca
apps.apple.com/us/app/gmail-email-by-google/id422689480,622,ca
apps.apple.com/us/app/google-classroom/id924620788,416,ca
apps.apple.com/ca/app/google-traduction/id414706506?l=fr-CA,556,ca
apps.apple.com/us/app/airbnb/id401626263,487,ca
apps.apple.com/us/app/reddit/id1064216828,296,ca
apps.apple.com/us/app/youtube/id544007664,699,ca
apps.apple.com/us/app/temu-shop-like-a-billionaire/id1641486558,153,ca
apps.apple.com/us/app/spotify-music-and-podcasts/id324684580,248,ca
apps.apple.com/us/app/canva-ai-photo-video-editor/id897446215,20,ca
apps.apple.com/us/app/dayforce/id456073226,536,ca
apps.apple.com/ca/app/the-weather-network/id473299958,262,ca
apps.apple.com/us/app/gogoanime-9anime/id1508062085,599,ca
apps.apple.com/ca/app/stake-real-money-casino/id6503213684,91,ca
apps.apple.com/us/app/netflix/id363590051,144,ca
apps.apple.com/us/app/microsoft-word/id586447913,270,ca
apps.apple.com/ca/app/rbc-mobile/id407597290,682,ca
apps.apple.com/us/app/google-news/id459182288,936,ca
apps.apple.com/ca/app/kijiji-buy-sell-find-deals/id318979520,147,ca
apps.apple.com/us/app/hdtoday/id1581472192,294,ca
apps.apple.com/us/app/onedrive/id823766827?mt=12,591,ca
apps.apple.com/us/app/facetime/id1110145091,193,ca
apps.apple.com/us/app/deepl-translate/id1552407475,224,ca
apps.apple.com/us/app/my-aurora-forecast-alerts/id1073082439,93,ca
apps.apple.com/us/app/uber-eats-food-groceries/id1058959277,363,ca
apps.apple.com/ca/app/google-earth/id293622097,266,ca
apps.apple.com/ca/app/h-m/id834465911,248,ca
apps.apple.com/us/app/roblox/id431946152,185,ca
apps.apple.com/ca/app/sephora-ca-makeup-skincare/id393328150,138,ca
apps.apple.com/us/app/flightaware-flight-tracker/id316793974,294,ca
apps.apple.com/us/app/prodigy-math-game/id950795722,113,ca
apps.apple.com/us/app/wetransfer-transfer-files/id1569379048,328,ca
apps.apple.com/ca/app/google-translate/id414706506,91,ca
apps.apple.com/us/app/google-meet/id1096918571,92,ca
apps.apple.com/us/app/google/id284815942,260,ca
apps.apple.com/ca/app/myrogers-shaw/id1217939030,30,ca
apps.apple.com/us/app/spider-solitaire-card-games/id487025819,74,ca
apps.apple.com/us/app/flightradar24-flight-tracker/id382233851,170,ca
apps.apple.com/us/app/textnow-call-text-unlimited/id314716233,332,ca
apps.apple.com/us/app/mail/id1108187098,264,ca
apps.apple.com/us/app/wordreference-dictionary/id515127233,73,ca
apps.apple.com/ca/app/playnow-bc-sportsbook/id1458048443,97,ca
apps.apple.com/ca/app/bclc-lotto/id1084431338,355,ca
apps.apple.com/us/app/microsoft-copilot/id6472538445,469,ca
apps.apple.com/us/app/qr-code-reader/id1200318119,159,ca
apps.apple.com/ca/app/urban-planet/id1458993416,357,ca
apps.apple.com/us/app/google-calendar-get-organized/id909319292,109,ca
apps.apple.com/fr/app/quick-hit-slots-casino-games/id945621521?l=en-GB,191,ca
apps.apple.com/us/app/marinetraffic-ship-tracking/id563910324,31,ca
apps.apple.com/ca/app/canada411/id930905645,51,ca
apps.apple.com/us/app/ilovepdf-pdf-editor-scan/id1207332399,185,ca
apps.apple.com/us/app/microsoft-word/id462054704?mt=12,89,ca
apps.apple.com/us/app/indeed-job-search/id309735670,247,ca
apps.apple.com/us/app/files/id1232058109,237,ca
apps.apple.com/ca/app/alerte-pluie/id397676100?l=fr-CA,152,ca
apps.apple.com/us/app/freecell-solitaire-card-game/id301987699,152,ca
apps.apple.com/us/app/shazam-find-music-concerts/id284993459,110,ca
apps.apple.com/us/app/contexto-word-guess/id6444560675,670,ca
apps.apple.com/us/app/plenty-of-fish-dating-app/id389638243,812,ca
apps.apple.com/us/app/flip-a-coin-app/id898035102,76,ca
apps.apple.com/us/app/myfitnesspal-calorie-counter/id341232718,116,ca
apps.apple.com/ca/app/food-basics/id1186302098,125,ca
apps.apple.com/us/app/ticketmaster-buy-sell-tickets/id500003565,2,ca
apps.apple.com/us/app/the-unarchiver/id425424353?mt=12,586,ca
apps.apple.com/ca/app/pizza-hut-canada/id1102570534,46,ca
apps.apple.com/gb/app/facebook/id284882215,459,uk
apps.apple.com/us/app/google-translate/id414706506,291,uk
apps.apple.com/us/app/translate/id1514844618,392,uk
apps.apple.com/gb/app/bet365-sports-betting/id519684662,342,uk
apps.apple.com/gb/app/rightmove-property-search/id323822803,742,uk
apps.apple.com/gb/app/sky-bet-sports-betting/id428237841,389,uk
apps.apple.com/us/app/microsoft-outlook/id951937596,557,uk
apps.apple.com/gb/app/tv-guide-plus-listing-freeview/id1025067563,451,uk
apps.apple.com/us/app/calculator/id1069511488,546,uk
apps.apple.com/us/app/chatgpt/id6448311069,83,uk
apps.apple.com/gb/app/trainline-train-bus-tickets/id334235181,355,uk
apps.apple.com/gb/app/google-translate/id414706506,562,uk
apps.apple.com/us/app/x/id333903271,137,uk
apps.apple.com/gb/app/bbc-iplayer/id416580485,825,uk
apps.apple.com/no/app/123movies/id6443967453,127,uk
apps.apple.com/us/app/yahoo-mail/id577586159,529,uk
apps.apple.com/gb/app/instagram/id389801252,122,uk
apps.apple.com/us/app/youtube/id544007664,321,uk
apps.apple.com/us/app/skyscanner-flights-hotels-cars/id415458524,220,uk
apps.apple.com/us/app/ebay-online-shopping-selling/id282614216,266,uk
apps.apple.com/gb/app/bbc-sport-news-live-scores/id377388936,72,uk
apps.apple.com/us/app/facebook/id284882215,527,uk
apps.apple.com/us/app/microsoft-teams/id1113153706,304,uk
apps.apple.com/us/app/microsoft-onedrive/id477537958,611,uk
apps.apple.com/us/app/gmail-email-by-google/id422689480,328,uk
apps.apple.com/us/app/aol-mail-news-weather/id646100661,466,uk
apps.apple.com/gb/app/google-maps/id585027354,332,uk
apps.apple.com/gb/app/ladbrokes-sports-betting-app/id395505438,45,uk
apps.apple.com/gb/app/zoopla-home-property-search-uk/id380932800,592,uk
apps.apple.com/np/app/totalsportek-live-football/id6478613783,201,uk
apps.apple.com/us/app/wordle/id1095569891,244,uk
apps.apple.com/us/app/pinterest/id429047995,86,uk
apps.apple.com/gb/app/just-eat-food-delivery/id566347057,470,uk
apps.apple.com/us/app/vinted-shop-sell-pre-loved/id632064380,560,uk
apps.apple.com/us/app/dailymotion-video-app/id336978041,103,uk
apps.apple.com/us/app/google-docs/id842842640,319,uk
apps.apple.com/gb/app/telegram-messenger/id686449807,149,uk
apps.apple.com/gb/app/priority-rewards-tickets/id443900190,77,uk
apps.apple.com/us/app/coin-master/id406889139,241,uk
apps.apple.com/us/app/messages/id1146560473,666,uk
apps.apple.com/us/app/geometry-dash/id625334537,168,uk
apps.apple.com/us/app/roja-directa-tv/id981307972,430,uk
apps.apple.com/us/app/find-my/id1514844621,609,uk
apps.apple.com/gb/app/tombola-bingo-bingo-games/id514374088,99,uk
apps.apple.com/gb/app/vinted-shop-sell-pre-loved/id632064380,190,uk
apps.apple.com/gb/app/lloyds-mobile-banking/id469964520,220,uk
apps.apple.com/us/app/snapchat/id447188370,294,uk
apps.apple.com/us/app/spider-solitaire-card-game/id395979574,54,uk
apps.apple.com/us/app/photos/id1584215428,26,uk
apps.apple.com/us/app/facetime/id1110145091,137,uk
apps.apple.com/gb/app/foxy-bingo-play-games-slingo/id634950874,320,uk
apps.apple.com/us/app/flighty-live-flight-tracker/id1358823008,100,uk
apps.apple.com/us/app/amazon-alexa/id944011620,87,uk
apps.apple.com/us/app/apple-podcasts/id525463029,111,uk
apps.apple.com/us/app/onedrive/id823766827?mt=12,45,uk
apps.apple.com/gb/app/topcashback-cashback-offers/id408175694,74,uk
apps.apple.com/gb/app/tube-map-london-underground/id320969612,193,uk
apps.apple.com/gb/app/gumtree-buy-sell/id487946174,51,uk
apps.apple.com/gb/app/torch/id384365348,147,uk
apps.apple.com/gb/app/my-o2-uk-offers-data-bills/id325533754,465,uk
apps.apple.com/us/app/8-ball-pool/id543186831,239,uk
apps.apple.com/gb/app/boylesports-sports-betting-app/id505521160,265,uk
apps.apple.com/us/app/temu-shop-like-a-billionaire/id1641486558,81,uk
apps.apple.com/gb/app/temu-shop-like-a-billionaire/id1641486558,73,uk
apps.apple.com/gb/app/sun-vegas-games-slots/id1466110054,363,uk
apps.apple.com/gb/app/hit-the-button-maths/id1001893116,45,uk
apps.apple.com/gb/app/irish-lottery-results/id419346731,123,uk
apps.apple.com/us/app/imdb-movies-tv-shows/id342792525,236,uk
apps.apple.com/gb/app/uswitch/id935325621,51,uk
apps.apple.com/us/app/messenger/id454638411,147,uk
apps.apple.com/gb/app/edulink-one/id1188809029,116,uk
apps.apple.com/pl/app/tłumacz/id1514844618?l=pl,217,uk
apps.apple.com/gb/app/the-crossword-anagram-solver/id490438494,96,uk
apps.apple.com/gb/app/play-cricket-live/id1266121457,278,uk
apps.apple.com/us/app/myflixer-movies-series-hub/id6470911189,459,uk
apps.apple.com/us/app/video-saver-video-downloader/id6470311178,204,uk
apps.apple.com/gb/app/sunbingo/id1670653128,90,uk
apps.apple.com/us/app/microsoft-powerpoint/id586449534,12,uk
apps.apple.com/gb/app/cex-tech-games-buy-sell/id1236672202,406,uk
apps.apple.com/us/app/bflix-movies-tv-shows/id1596735039,126,uk
apps.apple.com/de/app/google-übersetzer/id414706506,238,de
apps.apple.com/de/app/kleinanzeigen-jetzt-ohne-ebay/id382596778,612,de
apps.apple.com/de/app/ebay-kaufen-verkaufen/id282614216,155,de
apps.apple.com/de/app/instagram/id389801252,457,de
apps.apple.com/de/app/facebook/id284882215,703,de
apps.apple.com/de/app/google-maps/id585027354,380,de
apps.apple.com/de/app/zalando-mode-fashion-online/id585629514,657,de
apps.apple.com/us/app/chatgpt/id6448311069,378,de
apps.apple.com/us/app/youtube/id544007664,276,de
apps.apple.com/de/app/rechner/id1069511488,62,de
apps.apple.com/de/app/solitär/id359917414,68,de
apps.apple.com/de/app/tiktok-videos-shop-und-live/id835599320,350,de
apps.apple.com/de/app/booking-com-hotel-angebote/id367003839,310,de
apps.apple.com/de/app/gmail-e-mail-von-google/id422689480,191,de
apps.apple.com/de/app/t-online-nachrichten/id339777505,98,de
apps.apple.com/de/app/pinterest/id429047995,198,de
apps.apple.com/de/app/web-de-mail-cloud-news/id368948250,327,de
apps.apple.com/de/app/deepl-übersetzer/id1552407475,30,de
apps.apple.com/us/app/yahoo-mail/id577586159,134,de
apps.apple.com/de/app/gmx-mail-cloud-news/id417352269,136,de
apps.apple.com/de/app/bestsecret/id475731082,229,de
apps.apple.com/de/app/check24/id719610089,282,de
apps.apple.com/us/app/twitch-live-streaming/id460177396,197,de
apps.apple.com/de/app/indeed-jobs/id309735670,82,de
apps.apple.com/de/app/immoscout24-immobilien/id344176018,278,de
apps.apple.com/de/app/temu-shoppe-wie-milliardäre/id1641486558,430,de
apps.apple.com/ru/app/google-переводчик/id414706506,160,de
apps.apple.com/de/app/ard-mediathek/id981496660,79,de
apps.apple.com/de/app/romeo-gay-dating-chat/id404386888,255,de
apps.apple.com/de/app/zdf/id437025413,306,de
apps.apple.com/de/app/telegram-messenger/id686449807,68,de
apps.apple.com/us/app/reddit/id1064216828,69,de
apps.apple.com/de/app/immowelt-immobilien-suche/id354119842,438,de
apps.apple.com/de/app/x-ehemals-twitter/id333903271,143,de
apps.apple.com/de/app/jobcenter-app/id6736746435,193,de
apps.apple.com/de/app/joyn-deine-streaming-app/id826510222,107,de
apps.apple.com/us/app/facebook/id284882215,434,de
apps.apple.com/us/app/flightradar24-flight-tracker/id382233851,234,de
apps.apple.com/de/app/wetter-com-regenradar-wetter/id1020581825,50,de
apps.apple.com/de/app/holidaycheck-urlaub-reisen/id431838682,336,de
apps.apple.com/ug/app/mangakakalot-manga-reader/id1571466647,1,de
apps.apple.com/de/app/db-navigator/id343555245,245,de
apps.apple.com/de/app/whatsapp-messenger/id310633997,655,de
apps.apple.com/de/app/übersetzen/id1514844618,443,de
apps.apple.com/de/app/lieferando-de/id419724490,175,de
apps.apple.com/de/app/post-dhl/id329315203,58,de
apps.apple.com/de/app/währungsrechner-von-oanda/id326884235,42,de
apps.apple.com/de/app/weightwatchers-programm/id331308914,387,de
apps.apple.com/de/app/wunderino/id6449697192,626,de
apps.apple.com/de/app/easyjet-travel-app/id483568103,10,de
apps.apple.com/us/app/soundcloud-the-music-you-love/id336353151,499,de
apps.apple.com/de/app/sz-nachrichten/id338711072,39,de
apps.apple.com/de/app/google-fotos/id962194608,265,de
apps.apple.com/de/app/sketchbook/id883738213,4,de
apps.apple.com/de/app/mangago-ultimate-manga-app/id6553989464,154,de
apps.apple.com/de/app/kalender/id1108185179,6,de
apps.apple.com/pl/app/tłumacz-google/id414706506?l=pl,159,de
apps.apple.com/de/app/chatgpt/id6448311069,47,de
apps.apple.com/de/app/autoscout24-auto-kaufen/id311785642,76,de
apps.apple.com/de/app/spins-and-coins-reward-links/id1645536570,261,de
apps.apple.com/de/app/google-authenticator/id388497605,19,de
apps.apple.com/de/app/promiflash/id487698932,202,de
apps.apple.com/de/app/bunkr/id1576378377,756,de
apps.apple.com/de/app/klingeltöne-für-iphone/id380908399,805,de
apps.apple.com/de/app/hintergrundbilder-für-iphone/id1474134013,39,de
apps.apple.com/us/app/microsoft-outlook/id951937596,892,de
apps.apple.com/de/app/google-gemini/id6477489729,258,de
apps.apple.com/de/app/lanis-mobile/id6511247743?l=en-GB,96,de
apps.apple.com/de/app/snake-io-online-schlange/id1104692136,362,de
apps.apple.com/de/app/spider-solitaire-kartenspiel/id395979574,164,de
apps.apple.com/de/app/futbin-fc-26-evolutions-more/id1080465358,79,de
apps.apple.com/de/app/schulmanager-online/id1451616735,597,de
apps.apple.com/de/app/postbank/id6444706327,24,de
apps.apple.com/de/app/microsoft-bing-suche/id345323231,307,de
apps.apple.com/de/app/zifferblätter-watch-faces/id1637666251,213,de
apps.apple.com/tr/app/google-çeviri/id414706506?l=tr,186,de
apps.apple.com/de/app/apple-wallet/id1160481993,97,de
apps.apple.com/de/app/standoff-2/id1359706682,90,de
apps.apple.com/de/app/trivago-hotels-vergleichen/id376888389,402,de
apps.apple.com/de/app/h-m/id834465911,142,de
apps.apple.com/de/app/duolingo-sprachkurse/id570060128,475,de
apps.apple.com/de/app/music-downloader-mp3-player/id1447312762,61,de
apps.apple.com/de/app/notizen/id1110145109,1,de
apps.apple.com/us/app/discord-talk-play-hang-out/id985746746,196,de
apps.apple.com/pl/app/wp-poczta/id1164870575,488,de
apps.apple.com/de/app/crypto-news-kurs-nachrichten/id1267753692,177,de
apps.apple.com/de/app/tinder-dating-app-chat-date/id547702041,140,de
apps.apple.com/us/app/x/id333903271,401,de
apps.apple.com/de/app/tv-today-fernsehprogramm/id339991265,445,de
apps.apple.com/de/app/qr-code-scanner/id1200318119,883,de
apps.apple.com/de/app/wg-gesucht-wohnungen-wgs/id1084293678,36,de
apps.apple.com/de/app/knuddels-chat-community/id369409839,363,de
apps.apple.com/de/app/tetris/id1491074310,188,de
apps.apple.com/fr/app/google-traduction/id414706506,509,fr
apps.apple.com/fr/app/google-maps/id585027354,321,fr
apps.apple.com/fr/app/cdiscount/id398364165,968,fr
apps.apple.com/fr/app/gmail-la-messagerie-google/id422689480,502,fr
apps.apple.com/us/app/youtube/id544007664,324,fr
apps.apple.com/fr/app/x-anciennement-twitter/id333903271,52,fr
apps.apple.com/fr/app/booking-com-hôtels-voyage/id367003839,331,fr
apps.apple.com/us/app/chatgpt/id6448311069,91,fr
apps.apple.com/us/app/sfr-mail/id394373195,586,fr
apps.apple.com/us/app/instagram/id389801252,259,fr
apps.apple.com/fr/app/traducteur-anglais-français/id323683333,322,fr
apps.apple.com/fr/app/laposte-net-votre-boîte-mail/id1495629156,433,fr
apps.apple.com/fr/app/tiktok-ça-commence-avec-toi/id835599320,748,fr
apps.apple.com/fr/app/sncf-connect-trains-trajets/id343889987,287,fr
apps.apple.com/us/app/yahoo-mail/id577586159,517,fr
apps.apple.com/fr/app/leboncoin/id484115113,269,fr
apps.apple.com/fr/app/deepl-traducteur/id1552407475,36,fr
apps.apple.com/us/app/kahoot-play-create-quizzes/id1131203560,653,fr
apps.apple.com/fr/app/lycée-connecté/id1603401865?l=en-GB,168,fr
apps.apple.com/fr/app/pronote/id1138223804,132,fr
apps.apple.com/fr/app/airbnb/id401626263,720,fr
apps.apple.com/fr/app/skyscanner-vols-et-hotel/id415458524,178,fr
apps.apple.com/fr/app/traduire/id1514844618,229,fr
apps.apple.com/fr/app/compte-ameli/id620447173,143,fr
apps.apple.com/fr/app/sutom-puzzle-de-mots/id1606876219,838,fr
apps.apple.com/fr/app/wetransfer-transfer-files/id1569379048,719,fr
apps.apple.com/fr/app/roblox/id431946152,98,fr
apps.apple.com/fr/app/reverso-traducteur-correcteur/id919979642,282,fr
apps.apple.com/fr/app/canal/id694580816,64,fr
apps.apple.com/fr/app/temu-achats-et-mode-en-ligne/id1641486558,674,fr
apps.apple.com/fr/app/doctolib-gérez-votre-santé/id925339063,478,fr
apps.apple.com/fr/app/match-en-direct-live-score/id370406465,106,fr
apps.apple.com/fr/app/sfr-mail/id394373195,532,fr
apps.apple.com/fr/app/infomaniak-swisstransfer/id6737686335,167,fr
apps.apple.com/fr/app/digiposte-stockage-sécurisé/id1147667378,2,fr
apps.apple.com/fr/app/google-chrome/id535886823,325,fr
apps.apple.com/fr/app/meetic-rencontre-et-amour/id416973595,166,fr
apps.apple.com/fr/app/fdj-officiel-jeux-résultats/id1222993561,197,fr
apps.apple.com/fr/app/microsoft-word/id586447913,235,fr
apps.apple.com/fr/app/mon-ecoledirecte/id1296851886,182,fr
apps.apple.com/fr/app/whatsapp-messenger/id310633997,491,fr
apps.apple.com/fr/app/iptv-smarters-pro-player/id6738712575,45,fr
apps.apple.com/fr/app/instagram/id389801252,523,fr
apps.apple.com/td/app/google-traduction/id414706506?l=fr-FR,99,fr
apps.apple.com/fr/app/notes/id1110145109,123,fr
apps.apple.com/fr/app/monlycee-net/id6504802327,460,fr
apps.apple.com/fr/app/messenger/id454638411,184,fr
apps.apple.com/fr/app/video-master-pour-youtube/id1500098621,135,fr
apps.apple.com/fr/app/smarters-player-lite/id1628995509,313,fr
apps.apple.com/fr/app/pronosoft/id578959132,217,fr
apps.apple.com/fr/app/cleanmymac/id1339170533?mt=12,535,fr
apps.apple.com/fr/app/wattpad/id306310789,196,fr
apps.apple.com/fr/app/microsoft-word/id462054704?mt=12,319,fr
apps.apple.com/fr/app/scribens-correcteur/id1588220741,138,fr
apps.apple.com/us/app/microsoft-outlook/id951937596,99,fr
apps.apple.com/fr/app/mahjong-club-jeu-solitaire/id1565374299,839,fr
apps.apple.com/fr/app/brawl-stars/id1229016807,216,fr
apps.apple.com/fr/app/google-agenda-organisez-vous/id909319292,638,fr
apps.apple.com/fr/app/pcn/id1526672567?l=en-GB,52,fr
apps.apple.com/us/app/indeed-job-search/id309735670,549,fr
apps.apple.com/fr/app/mots-fléchés-pro-mots-croisés/id6502603211,233,fr
apps.apple.com/fr/app/tinder-appli-de-rencontre/id547702041,669,fr
apps.apple.com/fr/app/leduc-de-normandie/id1577366447,204,fr
apps.apple.com/fr/app/safari/id1146562112,55,fr
apps.apple.com/fr/app/fichiers/id1232058109,64,fr
apps.apple.com/fr/app/m-monoprix/id480953369,57,fr
apps.apple.com/fr/app/edocperso/id987390513,62,fr
apps.apple.com/fr/app/la-poste-colis-courrier/id431602927,604,fr
apps.apple.com/fr/app/île-de-france-mobilités/id484527651,23,fr
apps.apple.com/fr/app/rar-extractor-unarchiver/id646295438,180,fr
apps.apple.com/fr/app/france-tv-direct-et-replay-tv/id428835098,21,fr
apps.apple.com/us/app/facebook/id284882215,3,fr
apps.apple.com/fr/app/grindr-chat-gay/id319881193,79,fr
apps.apple.com/fr/app/lidentité-numérique-la-poste/id1434857287,404,fr
apps.apple.com/fr/app/shazam-identifier-la-musique/id284993459,130,fr
apps.apple.com/fr/app/mes-comptes-lcl/id420923807,950,fr
apps.apple.com/fr/app/turfomania-turf-et-pronostic/id653405003,182,fr
apps.apple.com/fr/app/geny-courses/id359373320,16,fr
apps.apple.com/fr/app/solitaire/id359917414,371,fr
apps.apple.com/ml/app/cemantix-le-jeu-orginal/id1636455908?l=fr-FR,52,fr
apps.apple.com/fr/app/trainline-voyage-train-et-bus/id334235181,180,fr
apps.apple.com/fr/app/foot-mercato-transferts/id537919329,251,fr
apps.apple.com/us/app/canva-ai-photo-video-editor/id897446215,59,fr
apps.apple.com/fr/app/compresser-le-fichier-pdf/id1474336522,187,fr
apps.apple.com/fr/app/romeo-chat-et-rencontres-gay/id404386888,230,fr
apps.apple.com/fr/app/happn-appli-de-rencontre/id489185828,10,fr
apps.apple.com/fr/app/planity/id1434056190,197,fr
apps.apple.com/us/app/manga-reader-mangakakalot/id1572942393,287,fr
apps.apple.com/fr/app/rugbyrama-midi-olympique/id963173474,472,fr
apps.apple.com/us/app/flightradar24-flight-tracker/id382233851,162,fr
apps.apple.com/us/app/google-maps/id585027354,4,fr
apps.apple.com/us/app/wordle/id1095569891,346,au
apps.apple.com/au/app/google-translate/id414706506,204,au
apps.apple.com/us/app/facebook/id284882215,480,au
apps.apple.com/us/app/youtube/id544007664,183,au
apps.apple.com/us/app/chatgpt/id6448311069,91,au
apps.apple.com/us/app/calculator/id398129933,44,au
apps.apple.com/au/app/google-maps/id585027354,827,au
apps.apple.com/au/app/canva-design-photo-editor/id897446215,155,au
apps.apple.com/au/app/skyscanner-flight-hotel-app/id415458524,841,au
apps.apple.com/us/app/microsoft-onedrive/id477537958,385,au
apps.apple.com/us/app/gmail-email-by-google/id422689480,196,au
apps.apple.com/au/app/mygov/id938033081,46,au
apps.apple.com/au/app/seek-jobs-search-employment/id520400855,361,au
apps.apple.com/au/app/instagram/id389801252,341,au
apps.apple.com/us/app/mygov/id938033081,275,au
apps.apple.com/us/app/x/id333903271,550,au
apps.apple.com/au/app/australia-post/id380897313,434,au
apps.apple.com/au/app/locanto-classifieds-app/id6745866222,402,au
apps.apple.com/us/app/solitaire/id359917414,35,au
apps.apple.com/au/app/bom-weather/id1100096880,101,au
apps.apple.com/au/app/qld-rego-check/id919723338,555,au
apps.apple.com/au/app/airbnb/id401626263,13,au
apps.apple.com/us/app/tiktok-videos-shop-live/id835599320,502,au
apps.apple.com/us/app/pinterest/id429047995,77,au
apps.apple.com/au/app/lightning-link-casino-pokies/id1243005112,221,au
apps.apple.com/us/app/microsoft-teams/id1113153706,213,au
apps.apple.com/us/app/google-docs/id842842640,34,au
apps.apple.com/au/app/the-lott/id465032804,47,au
apps.apple.com/us/app/kahoot-play-create-quizzes/id1131203560,519,au
apps.apple.com/au/app/coles/id529118855,200,au
apps.apple.com/au/app/carsales-buy-sell-cars/id389044209,14,au
apps.apple.com/au/app/google-sheets/id842849113,40,au
apps.apple.com/us/app/australian-immi-app/id6502375310,265,au
apps.apple.com/au/app/uber-eats-food-delivery/id1058959277,291,au
apps.apple.com/us/app/microsoft-outlook/id951937596,698,au
apps.apple.com/us/app/whatsapp-messenger/id310633997,73,au
apps.apple.com/au/app/gumtree-find-local-ads-jobs/id336693856,81,au
apps.apple.com/us/app/spider-solitaire-card-game/id395979574,436,au
apps.apple.com/us/app/expedia-hotels-flights-cars/id427916203,209,au
apps.apple.com/au/app/shein-shopping-online/id878577184,19,au
apps.apple.com/au/app/kindle/id302584613,904,au
apps.apple.com/us/app/mywatchlist-movies-tv-shows/id1546497384,102,au
apps.apple.com/au/app/linkt/id1166823295,212,au
apps.apple.com/us/app/snapchat/id447188370,961,au
apps.apple.com/us/app/flighty-live-flight-tracker/id1358823008,36,au
apps.apple.com/us/app/messages/id1146560473,82,au
apps.apple.com/us/app/redhotpie-dating-chat-app/id405146852,77,au
apps.apple.com/au/app/mathletics-students/id1369836502,78,au
apps.apple.com/us/app/quillbot-ai-writing-keyboard/id6463116243,350,au
apps.apple.com/us/app/infinite-craft-by-neal/id6499235533,15,au
apps.apple.com/us/app/google-sheets/id842849113,59,au
apps.apple.com/us/app/block-blast/id1617391485,381,au
apps.apple.com/au/app/bws/id1463355630,304,au
apps.apple.com/au/app/ticketek-au/id454379421,518,au
apps.apple.com/au/app/windy-com-weather-radar/id1161387262,479,au
apps.apple.com/au/app/dailymotion-your-video-app/id336978041,601,au
apps.apple.com/us/app/truth-social/id1586018825,182,au
apps.apple.com/au/app/tinder-dating-app-date-chat/id547702041,118,au
apps.apple.com/us/app/hdtoday/id1581472192,83,au
apps.apple.com/us/app/myflixer-movies-series-hub/id6470911189,84,au
apps.apple.com/us/app/geometry-dash/id625334537,110,au
apps.apple.com/us/app/run/id907239855,36,au
apps.apple.com/au/app/the-know-it-all-anagram-solver/id308034245,676,au
apps.apple.com/au/app/nab-mobile-banking/id373434223,409,au
apps.apple.com/us/app/quizlet-more-than-flashcards/id546473125,53,au
apps.apple.com/us/app/bitlife-life-simulator/id1374403536,342,au
apps.apple.com/us/app/lightning-link-casino-slots/id1243005112,337,au
apps.apple.com/us/app/slither-io/id1091944550,77,au
apps.apple.com/au/app/ladbrokes-i-sports-betting-app/id710375963,343,au
apps.apple.com/us/app/grindr-gay-dating-chat/id319881193,87,au
apps.apple.com/us/app/myfitnesspal-calorie-counter/id341232718,283,au
apps.apple.com/us/app/calendar/id1108185179,564,au
apps.apple.com/au/app/public-transport-victoria-app/id318696180,432,au
apps.apple.com/us/app/classroom/id1085319084,46,au
apps.apple.com/us/app/roblox/id431946152,438,au
apps.apple.com/us/app/microsoft-outlook/id985367838?mt=12,391,au
apps.apple.com/us/app/find-my/id1514844621,145,au
apps.apple.com/au/app/the-random-number-generator/id611762447,878,au
apps.apple.com/au/app/4-pics-1-word/id595558452,280,au
apps.apple.com/us/app/notion-notes-tasks-ai/id1232780281,140,au
apps.apple.com/us/app/amazon-kindle/id302584613,214,au
apps.apple.com/us/app/files/id1232058109,120,au
apps.apple.com/us/app/tradingview-track-all-markets/id1205990992,491,au
apps.apple.com/es/app/google-maps/id585027354,189,es
apps.apple.com/us/app/facebook/id284882215,830,es
apps.apple.com/es/app/as-noticias-deportivas/id311797767,252,es
apps.apple.com/es/app/calculadora/id398129933,171,es
apps.apple.com/es/app/traductor-de-google/id414706506,259,es
apps.apple.com/es/app/gmail-el-correo-de-google/id422689480,438,es
apps.apple.com/us/app/instagram/id389801252,619,es
apps.apple.com/us/app/chatgpt/id6448311069,710,es
apps.apple.com/es/app/google-classroom/id924620788,601,es
apps.apple.com/us/app/microsoft-outlook/id951937596,234,es
apps.apple.com/es/app/x/id333903271,196,es
apps.apple.com/us/app/kahoot-play-create-quizzes/id1131203560,266,es
apps.apple.com/es/app/traductor-de-deepl/id1552407475,142,es
apps.apple.com/es/app/google-drive-almacenamiento/id507874739,98,es
apps.apple.com/es/app/booking-com-ofertas-de-viaje/id367003839,517,es
apps.apple.com/es/app/pelisflix/id6477715738,580,es
apps.apple.com/es/app/wallapop-vende-y-compra/id692753615,327,es
apps.apple.com/es/app/roja-directa-tv/id981307972,73,es
apps.apple.com/es/app/tiktok-mucho-más-que-videos/id835599320,486,es
apps.apple.com/es/app/milanuncios-segunda-mano/id967185651,61,es
apps.apple.com/es/app/mediaset-infinity-españa/id561055939,104,es
apps.apple.com/us/app/youtube/id544007664,171,es
apps.apple.com/es/app/google-chrome/id535886823,297,es
apps.apple.com/es/app/loterías-y-apuestas-del-estado/id536094772,199,es
apps.apple.com/es/app/whatsapp-messenger/id310633997,176,es
apps.apple.com/us/app/pinterest/id429047995,188,es
apps.apple.com/es/app/bet365-apuestas-deportivas/id519684662,280,es
apps.apple.com/es/app/microsoft-teams/id1113153706,33,es
apps.apple.com/es/app/documentos-de-google/id842842640,660,es
apps.apple.com/us/app/yahoo-mail/id577586159,769,es
apps.apple.com/es/app/badoo-chat-ligar-citas/id351331194,134,es
apps.apple.com/es/app/trainline-billetes-de-tren/id334235181,83,es
apps.apple.com/es/app/telegram-messenger/id686449807,822,es
apps.apple.com/es/app/edreams-vuelos-y-hoteles/id551367321,85,es
apps.apple.com/es/app/instagram/id389801252,89,es
apps.apple.com/es/app/gva-web-familia-2-0/id1450808647,70,es
apps.apple.com/us/app/google-translate/id414706506,580,es
apps.apple.com/es/app/yacine-iptv-ياسين-ايبي-تيفي/id6502989326,25,es
apps.apple.com/us/app/wetransfer-transfer-files/id1569379048,109,es
apps.apple.com/es/app/alsa-compra-billetes-de-bus/id444511709,73,es
apps.apple.com/es/app/youtube-music/id1017492454,11,es
apps.apple.com/es/app/rtve-play/id481097328,397,es
apps.apple.com/es/app/microsoft-word/id586447913,226,es
apps.apple.com/es/app/facilauto/id1435247762,43,es
apps.apple.com/es/app/mapas/id915056765,124,es
apps.apple.com/ni/app/kick-live-streaming/id6446202561,4,es
apps.apple.com/us/app/kooora/id859950269,185,es
apps.apple.com/es/app/chollometro-chollos-ofertas/id1312754670,285,es
apps.apple.com/es/app/sudoku/id366247306,480,es
apps.apple.com/es/app/capcut-editor-de-vídeo/id1500855883,180,es
apps.apple.com/es/app/brújula/id1067456176,472,es
apps.apple.com/us/app/discord-talk-play-hang-out/id985746746,240,es
apps.apple.com/es/app/2048/id840919914,53,es
apps.apple.com/us/app/gmail-email-by-google/id422689480,128,es
apps.apple.com/es/app/cita-previa-sms/id1127834774,552,es
apps.apple.com/es/app/la-meva-salut/id1358288989,22,es
apps.apple.com/es/app/el-confidencial-noticias/id324458663,23,es
apps.apple.com/es/app/meteogalicia/id895754916,50,es
apps.apple.com/es/app/hacoo-discovering-inspiring/id1399907836,211,es
apps.apple.com/es/app/pokerstars-poker-y-casino/id533787554,1,es
apps.apple.com/es/app/kirolbet-apuestas-deportivas/id961644971,161,es
apps.apple.com/es/app/candy-crush-saga/id553834731,162,es
apps.apple.com/es/app/trivago-compara-hoteles/id376888389,60,es
apps.apple.com/es/app/cecotec/id1507980294,35,es
apps.apple.com/us/app/google-classroom/id924620788,65,es
apps.apple.com/es/app/omio-reserva-tren-bus-vuelo/id885372509,102,es
apps.apple.com/es/app/comuniate/id1455536792,120,es
apps.apple.com/es/app/ibercaja/id515972019,240,es
apps.apple.com/us/app/youtube-kids/id936971630,487,es
apps.apple.com/ar/app/roja-directa-tv/id981307972,178,es
apps.apple.com/es/app/the-unarchiver/id425424353?mt=12,45,es
apps.apple.com/es/app/deepseek-asistente-de-ia/id6737597349,186,es
apps.apple.com/es/app/bwin-apuestas-deportivas/id803817777,50,es
apps.apple.com/es/app/microsoft-onedrive/id477537958,67,es
apps.apple.com/es/app/tarjeta-el-corte-inglés/id1450279444,202,es
apps.apple.com/ar/app/op-gg/id605722237,199,es
apps.apple.com/es/app/traductor-inglés-español/id321568349,10,es
apps.apple.com/es/app/lasexta-noticias-en-directo/id1450804049,157,es
apps.apple.com/es/app/seterra-geografía-completa/id1093460065,25,es
apps.apple.com/es/app/blinklearning/id510350543,85,es
apps.apple.com/es/app/notas-de-voz/id1069512134,57,es
apps.apple.com/us/app/myinstants-soundboard-buttons/id1046474775,678,es
apps.apple.com/es/app/el-debate-diario-online/id6443988815,143,es
apps.apple.com/es/app/veepee-outlet-shopping/id906681058,69,es
apps.apple.com/es/app/firefox-private-safe-browser/id989804926,537,es
apps.apple.com/es/app/easyjet-travel-app/id483568103,50,es
apps.apple.com/es/app/among-us/id1351168404,126,es
apps.apple.com/es/app/geogebra-calculadora-gráfica/id1146717204,47,es
apps.apple.com/us/app/perplexity-ai-search-chat/id1668000334,206,es
apps.apple.com/us/app/indeed-job-search/id309735670,504,es
apps.apple.com/es/app/netflix/id363590051,849,es
apps.apple.com/es/app/brawl-stars/id1229016807,132,es
apps.apple.com/es/app/tradingview-siga-los-mercados/id1205990992,96,es
apps.apple.com/it/app/google-traduttore/id414706506,975,it
apps.apple.com/ch/app/google-traduttore/id414706506?l=it,655,it
apps.apple.com/it/app/libero-mail/id945341788,357,it
apps.apple.com/it/app/facebook/id284882215,208,it
apps.apple.com/us/app/youtube/id544007664,217,it
apps.apple.com/it/app/betflag-poker/id1077689380,216,it
apps.apple.com/it/app/subito-it-vendi-di-tutto/id450775137,197,it
apps.apple.com/us/app/chatgpt/id6448311069,185,it
apps.apple.com/it/app/goldbet-scommesse-sportive/id1103180588,184,it
apps.apple.com/it/app/traduttore-inglese-italiano/id346634352,69,it
apps.apple.com/it/app/google-maps/id585027354,347,it
apps.apple.com/it/app/skyscanner-voli-hotel-viaggi/id415458524,158,it
apps.apple.com/it/app/bet365-scommesse-sportive/id519684662,692,it
apps.apple.com/it/app/eurobet-scommesse-sportive/id500139665,578,it
apps.apple.com/it/app/booking-com-offerte-di-viaggio/id367003839,111,it
apps.apple.com/us/app/instagram/id389801252,357,it
apps.apple.com/it/app/vinted-acquista-e-vendi/id632064380,240,it
apps.apple.com/it/app/canva-design-ai-foto-video/id897446215,86,it
apps.apple.com/it/app/manga-world-anime-stream/id6474067208,357,it
apps.apple.com/it/app/microsoft-outlook/id951937596,91,it
apps.apple.com/it/app/tiscali-mail/id1088264929,486,it
apps.apple.com/it/app/calcolatrice/id1069511488,445,it
apps.apple.com/us/app/yahoo-mail/id577586159,391,it
apps.apple.com/it/app/10elotto-10-e-lotto-5-minuti/id1344348488,22,it
apps.apple.com/it/app/autoscout24-auto-usate-e-nuove/id311785642,512,it
apps.apple.com/it/app/virgilio-mail-email-app/id1403763101,285,it
apps.apple.com/it/app/meteo-by-ilmeteo-it/id338851554,119,it
apps.apple.com/it/app/sisal-scommesse-sportive/id525415975,440,it
apps.apple.com/it/app/goldbet-casinò/id1237128065,979,it
apps.apple.com/it/app/roja-directa-tv/id981307972,563,it
apps.apple.com/it/app/raiplay/id501323740,67,it
apps.apple.com/it/app/traduci/id1514844618,129,it
apps.apple.com/it/app/whatsapp-messenger/id310633997,98,it
apps.apple.com/it/app/gmail-lemail-di-google/id422689480,266,it
apps.apple.com/it/app/reverso-context-traduttore/id919979642,214,it
apps.apple.com/it/app/superenalotto-verifica-vincite/id531145983,28,it
apps.apple.com/it/app/idealista/id465958311,255,it
apps.apple.com/it/app/tuttojuve-com/id336475436,596,it
apps.apple.com/it/app/solitario-1-gioco-classico/id1073936461,420,it
apps.apple.com/it/app/888-casino-slots-e-blackjack/id846549672,335,it
apps.apple.com/it/app/fatture-in-cloud/id1442088141,184,it
apps.apple.com/it/app/google-classroom/id924620788,118,it
apps.apple.com/it/app/mappe/id915056765,127,it
apps.apple.com/it/app/zalando-moda-e-acquisti-online/id585629514,439,it
apps.apple.com/it/app/insta-story-viewer/id1623337044,121,it
apps.apple.com/it/app/badoo-incontra-gente-nuova/id351331194,309,it
apps.apple.com/it/app/apple-store/id375380948,76,it
apps.apple.com/it/app/volagratis/id381325799,8,it
apps.apple.com/it/app/quiz-patente-ufficiale-2026/id635361447,15,it
apps.apple.com/it/app/poste-italiane/id781421802,226,it
apps.apple.com/it/app/msn/id945416273,93,it
apps.apple.com/us/app/chatpic-ai-photo-editor/id6743470423,229,it
apps.apple.com/it/app/scopa-gioco-di-carte/id827784354,115,it
apps.apple.com/it/app/bbet/id1487612033,157,it
apps.apple.com/it/app/sfondi-per-iphone-sfondo-temi/id1474134013,207,it
apps.apple.com/it/app/mytim/id378783815,103,it
apps.apple.com/it/app/diretta-risultati-live-news/id766443283,57,it
apps.apple.com/it/app/solitario/id479280326,202,it
apps.apple.com/it/app/scopa-online-gioco-di-carte/id1461777990,989,it
apps.apple.com/it/app/io/id1501681835,54,it
apps.apple.com/it/app/microsoft-onedrive/id477537958,840,it
apps.apple.com/it/app/ciao-amigos/id6736514235,300,it
apps.apple.com/us/app/google-meet/id1096918571,950,it
apps.apple.com/it/app/microsoft-excel/id586683407,229,it
apps.apple.com/it/app/bwin-scommesse-sportive-online/id489147414,173,it
apps.apple.com/it/app/wizz-air-acquistare-voli/id583348801,173,it
apps.apple.com/it/app/relaxbanking-mobile/id941226990,56,it
apps.apple.com/it/app/safari/id1146562112,69,it
apps.apple.com/it/app/tinder-app-di-dating/id547702041,299,it
apps.apple.com/it/app/block-blast/id1617391485,21,it
apps.apple.com/it/app/enel-energia/id767368903,164,it
apps.apple.com/it/app/legalmail/id1343800116,200,it
apps.apple.com/it/app/leghe-fantacalcio-serie-a/id977629806,146,it
apps.apple.com/it/app/music-downloader-mp3-player/id1447312762,5,it
apps.apple.com/it/app/trainline-trova-il-tuo-treno/id334235181,68,it
apps.apple.com/it/app/storie-anonime-spybot/id6461724636,97,it
apps.apple.com/it/app/fineco-home-banking-e-trading/id405225581,65,it
apps.apple.com/it/app/targa-scan/id1382604445,68,it
apps.apple.com/it/app/trenitalia/id331050847,23,it
apps.apple.com/it/app/youtube-music/id1017492454,134,it
apps.apple.com/it/app/picuki-guarda-storia-per-insta/id1486077827,241,it
apps.apple.com/it/app/mediaset-infinity-italia/id412625083,41,it
apps.apple.com/it/app/meteo-radar-previsioni/id545993260,139,it
apps.apple.com/it/app/azar-chat-video-e-trova-amici/id972558973,112,it
apps.apple.com/it/app/milan-news/id352646527,164,it
apps.apple.com/it/app/sportmediaset/id374001466,48,it
apps.apple.com/it/app/paypal/id283646709,74,it
apps.apple.com/it/app/burraco-italiano-la-sfida/id1019117289,170,it
apps.apple.com/it/app/file/id1232058109,233,it
apps.apple.com/it/app/manga-reader-mangakakalot/id1572942393,226,it
apps.apple.com/it/app/calciomercato-com/id512488006,43,it
apps.apple.com/it/app/portale-paziente-atlasmedica/id1519734647,15,it
apps.apple.com/it/app/quadranti-watch-faces-i-sfondi/id1637666251,118,it
apps.apple.com/us/app/instagram/id389801252,135,in
apps.apple.com/us/app/gmail-email-by-google/id422689480,590,in
apps.apple.com/us/app/facebook/id284882215,772,in
apps.apple.com/in/app/story-saver-for-instagram/id1596637447,113,in
apps.apple.com/us/app/whatsapp-messenger/id310633997,332,in
apps.apple.com/in/app/jiocinema-shows-movies-more/id1067316596,732,in
apps.apple.com/us/app/capcut-video-editor/id1500855883,655,in
apps.apple.com/us/app/whatsapp-business/id1386412985,142,in
apps.apple.com/in/app/ott-watch-for-pikashow/id1631673071,40,in
apps.apple.com/us/app/google-chrome/id535886823,8,in
apps.apple.com/us/app/katamari-damacy-rolling-live/id6449352814,38,in
apps.apple.com/in/app/battlegrounds-mobile-india/id1526436837,58,in
apps.apple.com/us/app/x/id333903271,20,in
apps.apple.com/us/app/ludo-king/id993090598,825,in
apps.apple.com/us/app/calculator/id398129933,125,in
apps.apple.com/us/app/vn-video-editor/id1343581380,128,in
apps.apple.com/us/app/pubg-mobile/id1330123889,164,in
apps.apple.com/us/app/youtube/id544007664,391,in
apps.apple.com/us/app/pinterest/id429047995,4,in
apps.apple.com/us/app/free-fire-x-naruto-shippuden/id1300146617,756,in
apps.apple.com/in/app/wynk-music-songs-podcasts/id845083955,2,in
apps.apple.com/in/app/ludo-king/id993090598,83,in
apps.apple.com/us/app/cricbuzz-live-cricket-scores/id360466413,120,in
apps.apple.com/us/app/snapchat/id447188370,155,in
apps.apple.com/us/app/free-fire/id1300146617,45,in
apps.apple.com/us/app/meesho-online-shopping/id1457958492,54,in
apps.apple.com/in/app/bajaj-finserv-loans-upi-fd/id505454145,316,in
apps.apple.com/us/app/myjio-for-everything-jio/id1074964262,14,in
apps.apple.com/sg/app/terabox-1tb-cloud-ai-space/id1509453185,176,in
apps.apple.com/in/app/hdfc-bank-mobilebanking/id515891771,184,in
apps.apple.com/us/app/google-translate/id414706506,62,in
apps.apple.com/us/app/yono-sbi-banking-and-lifestyle/id1231393474,23,in
apps.apple.com/us/app/inshot-video-editor/id997362197,846,in
apps.apple.com/in/app/airtel-thanks-recharge-bank/id543184334,40,in
apps.apple.com/us/app/bus-games-coach-simulator-3d/id1638325898,160,in
apps.apple.com/us/app/spotify-music-and-podcasts/id324684580,48,in
apps.apple.com/us/app/canva-ai-photo-video-editor/id897446215,636,in
apps.apple.com/in/app/ixigo-trains-ticket-booking/id1148984317,178,in
apps.apple.com/us/app/tradingview-track-all-markets/id1205990992,1,in
apps.apple.com/in/app/sharekaro-file-share-manage/id6479930825,33,in
apps.apple.com/us/app/yahoo-mail/id577586159,36,in
apps.apple.com/us/app/offline-games-no-wifi-games/id6448104157,139,in
apps.apple.com/us/app/microsoft-teams/id1113153706,96,in
apps.apple.com/in/app/rapido-bike-taxi-auto-cabs/id1198464606,26,in
apps.apple.com/us/app/bike-race-free-style-games/id510461758,149,in
apps.apple.com/in/app/followers-track-for-instagram/id1463947171,262,in
apps.apple.com/tn/app/mangakakalot-manga-reader/id1571466647,19,in
apps.apple.com/hu/app/insta-save-video-for-instagram/id6475359907,176,in
apps.apple.com/us/app/uc-browser/id1048518592,77,in
apps.apple.com/us/app/ringtones-maker-the-ring-app/id1358107315,44,in
apps.apple.com/in/app/english-to-hindi/id983621893,592,in
apps.apple.com/in/app/bajaj-finserv-markets-loan-app/id1482914241,98,in
apps.apple.com/ng/app/vidmate/id1640960419,176,in
apps.apple.com/us/app/starmaker-sing-karaoke-songs/id342138881,48,in
apps.apple.com/us/app/gallery-photo-vault/id1450715436,5,in
apps.apple.com/us/app/qr-code-barcode-scanner/id1048473097,19,in
apps.apple.com/us/app/gogoanime-9anime/id1508062085,425,in
apps.apple.com/in/app/document-scanner-by-lufick/id1560570003,187,in
apps.apple.com/in/app/banglarbhumi-wb-land-records/id6479699491,244,in
apps.apple.com/in/app/jiotv-live-tv-catch-up/id1060965205,116,in
apps.apple.com/in/app/delhi-metro-route-map-and-fare/id1499192783,95,in
apps.apple.com/us/app/extreme-car-driving-simulator/id959498315,104,in
apps.apple.com/us/app/zarchiver-unzip-unrar-7z/id6504976055,342,in
apps.apple.com/sa/app/movierulz/id6477715738,88,in
apps.apple.com/in/app/myntra-fashion-shopping-app/id907394059,23,in
apps.apple.com/us/app/tic-tac-toe/id289278457,34,in
apps.apple.com/us/app/bus-simulator-evo/id959865119,241,in
apps.apple.com/us/app/death-clock-ai-health/id6499554412,2,in
apps.apple.com/us/app/photo-lab-portrait-generator/id441457218,83,in
apps.apple.com/in/app/olx-buy-sell-near-you/id913492792,126,in
apps.apple.com/us/app/granny-chapter-two/id1479175321,246,in
apps.apple.com/us/app/linkedin-network-job-finder/id288429040,266,in
apps.apple.com/in/app/mydtdc-book-send-track/id1472182140,168,in
apps.apple.com/us/app/taptap/id1621229787,321,in
apps.apple.com/us/app/google-classroom/id924620788,201,in
apps.apple.com/us/app/call-recorder-for-iphone/id1503665233,16,in
apps.apple.com/in/app/moj-video-live-short-videos/id1523457550,459,in
apps.apple.com/in/app/public/id1451495152,23,in
apps.apple.com/us/app/uber-driver-drive-deliver/id1131342792,145,in
apps.apple.com/ru/app/вконтакте-общение-в-соцсети/id564177498,226,ru
apps.apple.com/ru/app/google-переводчик/id414706506,263,ru
apps.apple.com/ru/app/одноклассники-социальная-сеть/id398465290,352,ru
apps.apple.com/ru/app/госуслуги/id1367959794,101,ru
apps.apple.com/ru/app/дневник-ру/id1127180528,724,ru
apps.apple.com/ru/app/ozon-товары-одежда-билеты/id407804998,142,ru
apps.apple.com/ru/app/английский-переводчик-офлайн/id992809772,578,ru
apps.apple.com/ru/app/яндекс-почта-email-и-облако/id441785419,342,ru
apps.apple.com/ru/app/говори-и-переводи-переводчик/id804641004,89,ru
apps.apple.com/us/app/flashscore-результаты-матчей/id766443283?l=ru,233,ru
apps.apple.com/ru/app/aliexpress-интернет-магазин/id1516453498,220,ru
apps.apple.com/ru/app/яндекс-браузер/id483693909,915,ru
apps.apple.com/ru/app/школьный-портал/id1167943595,114,ru
apps.apple.com/ru/app/ватсап-веб-вацап-веб/id6444021754,100,ru
apps.apple.com/ru/app/фото-переводчик/id1465903782,101,ru
apps.apple.com/ru/app/яндекс-карты-и-навигатор/id313877526,8,ru
apps.apple.com/ru/app/instagram/id389801252,21,ru
apps.apple.com/ru/app/tiktok-тикток/id835599320,66,ru
apps.apple.com/ru/app/youtube/id544007664,170,ru
apps.apple.com/ru/app/дром-авто/id1043371985,67,ru
apps.apple.com/ru/app/speedtest-by-ookla/id300704847,666,ru
apps.apple.com/ru/app/читы-на-стандофф-2-гид/id6740334686,264,ru
apps.apple.com/ru/app/авиасейлс-авиабилеты-дешево/id498958864,459,ru
apps.apple.com/ru/app/telegram-messenger/id686449807,413,ru
apps.apple.com/ru/app/whatsapp-messenger/id310633997,440,ru
apps.apple.com/ru/app/google-drive-хранилище/id507874739,133,ru
apps.apple.com/us/app/голосовой-чат-рулетка-некто-ми/id1632758687,896,ru
apps.apple.com/ru/app/tabor-знакомства/id1476730183,901,ru
apps.apple.com/ru/app/google-карты/id585027354,113,ru
apps.apple.com/ru/app/яндекс-метро-москва-с-мцд/id392589075,44,ru
apps.apple.com/ru/app/авиабилеты-дешево-на-туту-ру/id1077853625,182,ru
apps.apple.com/ru/app/roblox/id431946152,921,ru
apps.apple.com/ru/app/циан-недвижимость-квартиры/id911804296,42,ru
apps.apple.com/uz/app/1xbet-sports-betting/id844035425?l=ru,162,ru
apps.apple.com/ru/app/журнал-дневник-ру/id1441761001,332,ru
apps.apple.com/ru/app/базы-гибдд-проверка-авто/id1502905010,226,ru
apps.apple.com/ua/app/гдз-мой-решебник/id1276194049,344,ru
apps.apple.com/ru/app/обои-на-айфон-и-темы-на-iphone/id1474134013,774,ru
apps.apple.com/us/app/фикбук/id6739503607,637,ru
apps.apple.com/ru/app/google-фото/id962194608,859,ru
apps.apple.com/ru/app/safari/id1146562112,431,ru
apps.apple.com/ru/app/яндекс-с-алисой/id1050704155,21,ru
apps.apple.com/ru/app/чат-вдвоём/id1004604488,18,ru
apps.apple.com/ru/app/екапуста-займы-на-карту/id1607841300,10,ru
apps.apple.com/ru/app/vk-музыка-книги-и-подкасты/id1054372220,200,ru
apps.apple.com/us/app/анонимный-чат-nekto-me-общение/id1437639914,106,ru
apps.apple.com/ru/app/qr-code-сканер-qr-кода/id1200318119,116,ru
apps.apple.com/ru/app/invitro-медицинские-анализы/id1538601072,151,ru
apps.apple.com/ru/app/детский-магазин-детский-мир/id1444328363,152,ru
apps.apple.com/ru/app/обои-на-айфон-и-живые-темы/id994411234,97,ru
apps.apple.com/ru/app/яндекс-go-такси-еда-доставка/id472650686,41,ru
apps.apple.com/us/app/pinterest/id429047995,37,ru
apps.apple.com/ru/app/auto-ru-продажа-покупка-авто/id507760450,197,ru
apps.apple.com/ru/app/робот-займер-займы-онлайн/id1388812308,67,ru
apps.apple.com/ru/app/школьный-портал-мо/id1667770467,52,ru
apps.apple.com/ua/app/компас/id1067456176?l=ru,492,ru
apps.apple.com/ru/app/дзен-новости-статьи-видео/id1343242452,88,ru
apps.apple.com/ru/app/faceit-challenge-your-game/id1105879914,12,ru
apps.apple.com/ru/app/пятёрочка-доставка-продуктов/id1622633822,93,ru
apps.apple.com/ru/app/shareit-делитесь-файлами/id725215120,2,ru
apps.apple.com/ru/app/google-таблицы/id842849113,32,ru
apps.apple.com/ru/app/аптека-столички/id1384860237,78,ru
apps.apple.com/ru/app/likee-платформа-коротких-видео/id1251790681,62,ru
apps.apple.com/ru/app/объявления-фарпост-дешевле/id972532371,31,ru
apps.apple.com/ru/app/facebook/id284882215,489,ru
apps.apple.com/ru/app/whatsapp-business/id1386412985,255,ru
apps.apple.com/ru/app/яндекс-еда-доставка-еды/id1078986931,211,ru
apps.apple.com/ru/app/radio-record-dance-music/id396869519,149,ru
apps.apple.com/ru/app/maxim-заказ-такси-доставка/id579985456,116,ru
apps.apple.com/ru/app/call-of-mini-zombies-free/id446327825,129,ru
apps.apple.com/ru/app/знакомства-mail-ru/id736560238,66,ru
apps.apple.com/ru/app/дождь/id955281863,102,ru
apps.apple.com/ru/app/gacha-life/id1440430680,111,ru
apps.apple.com/us/app/kink-people-бдсм-знакомства/id1554727507?l=ru,47,ru
apps.apple.com/us/app/badoo-знакомства-чат-друзья/id351331194?l=ru,227,ru
apps.apple.com/ru/app/мособлеирц-онлайн/id1457566026,360,ru
apps.apple.com/ru/app/почта/id1108187098,329,ru
apps.apple.com/ru/app/цум-интернет-магазин-одежды/id1089560311,138,ru
apps.apple.com/ru/app/geometry-dash/id625334537,106,ru
apps.apple.com/ru/app/airbnb/id401626263,19,ru
apps.apple.com/ru/app/росштрафы-штрафы-гибдд-и-пдд/id778457854,537,ru
apps.apple.com/ru/app/restore-техника-и-электроника/id1474384585,304,ru
apps.apple.com/ru/app/элжур-дневник/id910733989,267,ru
apps.apple.com/ru/app/яндекс-музыка-книги-подкасты/id520797969,179,ru
apps.apple.com/ru/app/конвертер-валют-плюс-1/id1317641473,764,ru
apps.apple.com/ru/app/моды-для-minecraft-pe-mcpe/id1576063760,112,ru
apps.apple.com/ru/app/госуслуги-москвы/id566254786,271,ru
apps.apple.com/ru/app/золотое-яблоко-онлайн-покупки/id1154436683,78,ru
apps.apple.com/ru/app/pubg-mobile/id1330123889,234,ru
apps.apple.com/ru/app/лига-ставок-ставки-на-спорт/id1065803457,28,ru
apps.apple.com/us/app/калькулятор-дробей-плюс-1/id580778301?l=ru,321,ru
apps.apple.com/ru/app/winline/id1259203065,55,ru
apps.apple.com/ua/app/циферблаты-для-iwatch-часов/id1566000501?l=ru,80,ru
apps.apple.com/ru/app/екапуста-займы-на-карту/id1607841300?l=en-GB,883,ru
apps.apple.com/ru/app/among-us/id1351168404,115,ru
apps.apple.com/nl/app/google-translate/id414706506,647,nl
apps.apple.com/nl/app/google-maps/id585027354,229,nl
apps.apple.com/nl/app/facebook/id284882215,503,nl
apps.apple.com/nl/app/marktplaats-koop-en-verkoop/id373963365,75,nl
apps.apple.com/nl/app/rekenmachine/id1069511488,613,nl
apps.apple.com/us/app/youtube/id544007664,238,nl
apps.apple.com/us/app/chatgpt/id6448311069,113,nl
apps.apple.com/nl/app/nos-teletekst/id289246732,161,nl
apps.apple.com/nl/app/instagram/id389801252,35,nl
apps.apple.com/nl/app/toto-winkel/id1494891277,376,nl
apps.apple.com/nl/app/safari/id1146562112,78,nl
apps.apple.com/nl/app/gaspedaal-nl-autovergelijker/id1206862492,106,nl
apps.apple.com/us/app/pinterest/id429047995,52,nl
apps.apple.com/bw/app/123movies/id6443967453,608,nl
apps.apple.com/nl/app/autoscout24-auto-kopen/id311785642,311,nl
apps.apple.com/nl/app/postcode-loterij/id6743859258,54,nl
apps.apple.com/nl/app/bol/id904894760,164,nl
apps.apple.com/nl/app/patience-kaartspel/id574978380,35,nl
apps.apple.com/nl/app/thuisbezorgd-nl/id329472759,141,nl
apps.apple.com/nl/app/betcity/id6447310552?l=en-GB,117,nl
apps.apple.com/nl/app/wetransfer-send-files/id1114922065?mt=12,134,nl
apps.apple.com/us/app/marinetraffic-ship-tracking/id563910324,154,nl
apps.apple.com/nl/app/flightradar24-flight-tracker/id382233851,192,nl
apps.apple.com/nl/app/ticketswap-buy-sell-tickets/id932337449,143,nl
apps.apple.com/nl/app/block-blast/id1617391485,915,nl
apps.apple.com/nl/app/brawl-stars/id1229016807,96,nl
apps.apple.com/nl/app/buienalarm-weer-regenradar/id598509141,213,nl
apps.apple.com/nl/app/vertaler-go-vertalen-met-ai/id1570134612,147,nl
apps.apple.com/nl/app/puzzelwoordenboek-nederlands/id6445899654,340,nl
apps.apple.com/us/app/skyscanner-flights-hotels-cars/id415458524,297,nl
apps.apple.com/nl/app/whatsapp-messenger/id310633997,3,nl
apps.apple.com/nl/app/somtoday-leerling-ouder/id1166205927,494,nl
apps.apple.com/nl/app/youtube/id544007664,103,nl
apps.apple.com/us/app/gmail-email-by-google/id422689480,284,nl
apps.apple.com/nl/app/portaal-voor-talent/id1577092148,14,nl
apps.apple.com/nl/app/dropbox-drive-opslag-en-cloud/id327630330,126,nl
apps.apple.com/nl/app/x/id333903271,92,nl
apps.apple.com/nl/app/telegram-messenger/id686449807,53,nl
apps.apple.com/nl/app/vertaal/id1514844618,36,nl
apps.apple.com/nl/app/wordfeud-helper-vind-woorden/id473289675,526,nl
apps.apple.com/nl/app/signal-messenger/id874139669,99,nl
apps.apple.com/us/app/instagram/id389801252,73,nl
apps.apple.com/nl/app/tiktok/id835599320,201,nl
apps.apple.com/us/app/yahoo-mail/id577586159,89,nl
apps.apple.com/nl/app/subway-surfers/id512939461,44,nl
apps.apple.com/us/app/microsoft-outlook/id951937596,340,nl
apps.apple.com/nl/app/ing-nederland/id474495017,16,nl
apps.apple.com/us/app/whatthefont/id304304134,46,nl
apps.apple.com/ug/app/mangakakalot-manga-reader/id1571466647,162,nl
apps.apple.com/us/app/roblox/id431946152,60,nl
apps.apple.com/nl/app/macos-big-sur/id1526878132?mt=12,162,nl
apps.apple.com/us/app/hdtoday/id1581472192,118,nl
apps.apple.com/nl/app/microsoft-teams/id1113153706,101,nl
apps.apple.com/us/app/snapchat/id447188370,104,nl
apps.apple.com/ly/app/ترجمة-google/id414706506?l=ar,79,nl
apps.apple.com/us/app/9anime/id1561532117,57,nl
apps.apple.com/nl/app/9292-reisplanner-ov-e-ticket/id556557690,885,nl
apps.apple.com/us/app/roja-directa-tv/id981307972,91,nl
apps.apple.com/nl/app/toertje-routeplanner/id805568685,55,nl
apps.apple.com/nl/app/garageband/id408709785,315,nl
apps.apple.com/nl/app/microsoft-powerpoint/id586449534,48,nl
apps.apple.com/us/app/vi-voetbal-international/id371698999,61,nl
apps.apple.com/nl/app/woonnet-haaglanden/id6738955296,628,nl
apps.apple.com/nl/app/welk-cijfer-moet-ik-halen/id1595129986,37,nl
apps.apple.com/us/app/wordle/id1095569891,48,nl
apps.apple.com/nl/app/microsoft-word/id586447913,241,nl
apps.apple.com/nl/app/quizlet-leren-met-kaarten/id546473125,144,nl
apps.apple.com/nl/app/google-drive-online-bestands/id507874739,122,nl
apps.apple.com/us/app/flightradar24-flight-tracker/id382233851,18,nl
apps.apple.com/us/app/soundcloud-the-music-you-love/id336353151,79,nl
apps.apple.com/nl/app/lexa-dating-app-meet-local/id500122729,55,nl
apps.apple.com/de/app/kleinanzeigen-jetzt-ohne-ebay/id382596778,86,nl
apps.apple.com/nl/app/chatgtp-nederlands-ai-chatbot/id6461725473,277,nl
apps.apple.com/nl/app/knmi-weer/id1225568094,39,nl
apps.apple.com/nl/app/google-fotos/id962194608,23,nl
apps.apple.com/nl/app/google-home/id680819774,447,nl
apps.apple.com/nl/app/bitvavo-crypto-kopen-traden/id1483903423,75,nl
apps.apple.com/mt/app/flixtor-movie-tv-show-series/id1637883791,9,nl
apps.apple.com/nl/app/vakantieveilingen-dagje-uit/id389598075,87,nl
apps.apple.com/nl/app/toto-casino-slots-live-games/id1590328855,42,nl
apps.apple.com/us/app/google-docs/id842842640,191,nl
apps.apple.com/nl/app/mijn-loondossier/id585587829,95,nl
apps.apple.com/nl/app/macos-monterey/id1576738294?mt=12,65,nl
apps.apple.com/us/app/myinstants-soundboard-buttons/id1046474775,135,nl
apps.apple.com/nl/app/passwords/id6473799789,125,nl
apps.apple.com/nl/app/npo-start/id323998316,46,nl
apps.apple.com/nl/app/google-classroom/id924620788,430,nl
apps.apple.com/nl/app/werknemerloket/id502502995,144,nl
apps.apple.com/nl/app/netflix/id363590051,34,nl
apps.apple.com/nl/app/clock/id1584215688,133,nl
apps.apple.com/nl/app/h-m/id834465911,535,nl
apps.apple.com/nl/app/video-downloader-from-youtube/id6743542653,3,nl
apps.apple.com/nl/app/numbers/id361304891,133,nl
apps.apple.com/gb/app/bet365-sports-betting/id519684662,357,nl
apps.apple.com/jp/app/youtube/id544007664,436,jp
apps.apple.com/jp/app/google-翻訳/id414706506,572,jp
apps.apple.com/jp/app/google-マップ/id585027354,361,jp
apps.apple.com/jp/app/乗換案内/id299490481,234,jp
apps.apple.com/jp/app/yahoo-japan/id299147843,67,jp
apps.apple.com/jp/app/mgs-動画プレイヤー/id6505086130,169,jp
apps.apple.com/jp/app/gmail-google-のメール/id422689480,139,jp
apps.apple.com/jp/app/paypay-ペイペイ/id1435783608,67,jp
apps.apple.com/jp/app/x/id333903271,144,jp
apps.apple.com/jp/app/楽天市場-お買い物で楽天ポイントが貯まる便利な通販アプリ/id419267350,120,jp
apps.apple.com/jp/app/amazon-ショッピングアプリ/id374254473,124,jp
apps.apple.com/jp/app/tiktok-lite/id6447160980,420,jp
apps.apple.com/jp/app/ガールズちゃんねる/id658785238,163,jp
apps.apple.com/jp/app/ルーレット-迷った時のルーレットアプリ-るーれっと/id1573133915,117,jp
apps.apple.com/jp/app/スイカゲーム-aladdin-x/id6469114836,58,jp
apps.apple.com/jp/app/出会い-ワクワク-わくわく-マッチングアプリ/id750823886,40,jp
apps.apple.com/jp/app/翻訳/id1514844618,731,jp
apps.apple.com/jp/app/line/id443904275,300,jp
apps.apple.com/jp/app/出会い-ハッピー-マッチングアプリ-出会い系/id521055533,162,jp
apps.apple.com/jp/app/pixiv/id337248563,322,jp
apps.apple.com/jp/app/yahoo-リアルタイム検索/id552858779,235,jp
apps.apple.com/jp/app/safari/id1146562112,415,jp
apps.apple.com/jp/app/えきねっとチケットレスアプリ-新幹線-特急の予約/id1484923959,257,jp
apps.apple.com/jp/app/テトリス-tetris/id1491074310,178,jp
apps.apple.com/jp/app/計算機/id1069511488,387,jp
apps.apple.com/jp/app/楽天トラベル-ホテル予約や航空券-宿泊の予約できる旅行アプリ/id300815151,152,jp
apps.apple.com/jp/app/スネーククラッシュ-snake-clash/id6449243946,493,jp
apps.apple.com/jp/app/google-カレンダー/id909319292,77,jp
apps.apple.com/jp/app/麻雀格闘倶楽部sp-麻雀の初心者におすすめ-麻雀ゲーム/id640023408,122,jp
apps.apple.com/jp/app/モンスターストライク/id658511662,37,jp
apps.apple.com/jp/app/instagram/id389801252,293,jp
apps.apple.com/jp/app/ameba-アメーバ/id349442137,55,jp
apps.apple.com/jp/app/facebook/id284882215,41,jp
apps.apple.com/jp/app/じゃらん/id366264405,298,jp
apps.apple.com/jp/app/ファイル/id1232058109,111,jp
apps.apple.com/jp/app/カクヨムviewer-web小説もライトノベルも読み放題/id1081762516,927,jp
apps.apple.com/jp/app/go-タクシーが呼べるアプリ/id1254341709,670,jp
apps.apple.com/jp/app/suica/id1156875272,175,jp
apps.apple.com/jp/app/yahoo-乗換案内/id291676451,82,jp
apps.apple.com/jp/app/deepl翻訳/id1552407475,48,jp
apps.apple.com/jp/app/パズル-ドラゴンズ/id493470467,301,jp
apps.apple.com/jp/app/yahoo-オークション/id356968629,161,jp
apps.apple.com/jp/app/ボイスメモ/id1069512134,103,jp
apps.apple.com/jp/app/モザイク-ぼかし-モザイク加工アプリ/id964220645,241,jp
apps.apple.com/jp/app/zozotown-ファッション通販/id404529222,2,jp
apps.apple.com/jp/app/コンパス/id1067456176,30,jp
apps.apple.com/jp/app/めちゃコミック/id1407165119,349,jp
apps.apple.com/jp/app/ピッコマ/id1091496983,162,jp
apps.apple.com/jp/app/google-authenticator/id388497605,443,jp
apps.apple.com/jp/app/計測/id1383426740,107,jp
apps.apple.com/jp/app/pinterest-おしゃれな画像や写真を検索/id429047995,226,jp
apps.apple.com/jp/app/ギガファイル便/id1483705289,64,jp
apps.apple.com/jp/app/signal-プライベートメッセンジャー/id874139669,108,jp
apps.apple.com/jp/app/microsoft-teams/id1113153706,395,jp
apps.apple.com/jp/app/yahoo-メール/id669931877,197,jp
apps.apple.com/jp/app/whoo-ふー/id6444837964,138,jp
apps.apple.com/jp/app/ソリティア/id359917414,13,jp
apps.apple.com/jp/app/ショートカット/id1462947752,422,jp
apps.apple.com/jp/app/イオンウォレット/id1100564842,153,jp
apps.apple.com/jp/app/yahoo-ファイナンス/id843247815,93,jp
apps.apple.com/jp/app/背景透明化/id926035241,606,jp
apps.apple.com/jp/app/証明写真作成アプリ/id1483868574,603,jp
apps.apple.com/jp/app/tiktok-ティックトック/id1235601864,125,jp
apps.apple.com/jp/app/ドラゴンボールz-ドッカンバトル/id951627670,47,jp
apps.apple.com/jp/app/one-piece-バウンティラッシュ-アクションゲーム/id1322310031,225,jp
apps.apple.com/jp/app/将棋アプリ-将皇/id525195399,12,jp
apps.apple.com/jp/app/カラオケ-ジャンカラ/id536163552,225,jp
apps.apple.com/jp/app/daisoアプリ/id6466987025,98,jp
apps.apple.com/jp/app/シンプルカレンダー-スケジュール帳カレンダー-かれんだー/id1422994973,186,jp
apps.apple.com/jp/app/バーガーキング-burger-king/id1456118550,103,jp
apps.apple.com/jp/app/yahoo-ショッピング/id446016180,351,jp
apps.apple.com/jp/app/パチスロ-かぐや様は告らせたい/id6747757142,10,jp
apps.apple.com/jp/app/佐川急便公式アプリ/id556798723,300,jp
apps.apple.com/jp/app/漢字検索/id973780102,173,jp
apps.apple.com/jp/app/timetree-タイムツリー-カレンダーや予定表の共有/id952578473,133,jp
apps.apple.com/jp/app/電話/id1146562108,408,jp
apps.apple.com/jp/app/google-アプリ/id284815942,349,jp
apps.apple.com/jp/app/uber-ウーバー-タクシーが呼べるタクシー配車アプリ/id368677368,91,jp
apps.apple.com/jp/app/jra公式-競馬-馬券の購入や競馬予想できる競馬アプリ/id6450705058,47,jp
apps.apple.com/jp/app/shazam-曲名検索/id284993459,159,jp
apps.apple.com/jp/app/カドコミ-kadokawaの漫画アプリ/id6447310431,287,jp
apps.apple.com/jp/app/うちわ文字作成-アプリ-ファンサください/id6443780213,110,jp
apps.apple.com/jp/app/facescore-顔のバランスを点数で採点-顔診断アプリ/id1535773011,17,jp
apps.apple.com/jp/app/netkeiba-ネットケイバ/id464562684,352,jp
apps.apple.com/jp/app/漢字間違い探し/id527006563,43,jp
apps.apple.com/jp/app/ミリオン-ショートドラマ見放題人気ドラマアプリmillion/id6723876042,85,jp
apps.apple.com/jp/app/マルハンアプリ/id1242738326,46,jp
apps.apple.com/jp/app/apple-store/id375380948,372,jp
apps.apple.com/jp/app/ヨドバシ/id549050663,74,jp
apps.apple.com/jp/app/line公式アカウント/id1450599059,349,jp
apps.apple.com/jp/app/ナンプレ-数字パズルゲーム/id1193508329,195,jp
apps.apple.com/jp/app/minecraft-クラフト-建築-サバイバル/id479516143,217,jp
apps.apple.com/jp/app/餃子の王将公式アプリ/id1350345771,51,jp
apps.apple.com/jp/app/google-chrome-ウェブブラウザ/id535886823,29,jp
apps.apple.com/jp/app/電話帳ナビ-迷惑電話やメールを自動判定-迷惑電話ブロック/id1024396744,5,jp
apps.apple.com/jp/app/apple-ヘルスケア/id1242545199,157,jp
apps.apple.com/tr/app/google-çeviri/id414706506?l=tr,965,tr
apps.apple.com/us/app/instagram/id389801252,189,tr
apps.apple.com/tr/app/e-devlet/id976505454,44,tr
apps.apple.com/us/app/ezan-vakti-namaz-vakitleri-pro/id1372054007,550,tr
apps.apple.com/tr/app/e-nabız/id980446169?l=tr,147,tr
apps.apple.com/tr/app/mynet-haber-son-dakika/id352826080,230,tr
apps.apple.com/us/app/facebook/id284882215,211,tr
apps.apple.com/us/app/x/id333903271,65,tr
apps.apple.com/us/app/google-translate/id414706506,167,tr
apps.apple.com/tr/app/hesap-makinesi/id1069511488?l=tr,171,tr
apps.apple.com/tr/app/mackolik-canlı-sonuçlar/id398157427?l=tr,119,tr
apps.apple.com/tr/app/konuş-çevir-çeviri/id804641004?l=tr,119,tr
apps.apple.com/tr/app/insta-video-indir-instagram/id6475359907?l=tr,387,tr
apps.apple.com/tr/app/nesine-i-ddaa/id534981561,47,tr
apps.apple.com/tr/app/harem-döviz-altın/id592278970?l=tr,757,tr
apps.apple.com/cy/app/hornet-gay-sosyal-ağı/id462678375?l=tr,15,tr
apps.apple.com/tr/app/tjk-mobil/id735255624,78,tr
apps.apple.com/tr/app/instagram/id389801252?l=tr,471,tr
apps.apple.com/tr/app/iddaa-com/id1477847073,108,tr
apps.apple.com/tr/app/postegro-lili-profilleri-gör/id1623087758?l=tr,644,tr
apps.apple.com/tr/app/tiktok/id835599320?l=tr,529,tr
apps.apple.com/tr/app/savetik-save-tik-videos/id1617528169?l=tr,648,tr
apps.apple.com/tr/app/harita/id915056765?l=tr,356,tr
apps.apple.com/tr/app/meb-e-okul-vbs/id839482639,107,tr
apps.apple.com/us/app/tdk-türkçe-sözlük/id1489913749,513,tr
apps.apple.com/tr/app/haber7-com/id435885984?l=tr,3,tr
apps.apple.com/tr/app/facebook/id284882215?l=tr,15,tr
apps.apple.com/tr/app/tjk-mobil/id735255624?l=tr,356,tr
apps.apple.com/tr/app/hepsiburada-online-shopping/id481035064,145,tr
apps.apple.com/us/app/gmail-email-by-google/id422689480,86,tr
apps.apple.com/us/app/whatsapp-messenger/id310633997,183,tr
apps.apple.com/tr/app/mhrs/id1539508996?l=tr,74,tr
apps.apple.com/ng/app/rasathane/id1591613322,204,tr
apps.apple.com/us/app/google-maps/id585027354,145,tr
apps.apple.com/tr/app/trendyol-online-alışveriş/id524362642?l=tr,83,tr
apps.apple.com/tr/app/temu-shop-like-a-billionaire/id1641486558,131,tr
apps.apple.com/us/app/microsoft-outlook/id951937596,89,tr
apps.apple.com/tr/app/youtube-için-video-master/id1500098621?l=tr,276,tr
apps.apple.com/us/app/ösym-aday-i-şlemleri-sistemi/id1451805015,106,tr
apps.apple.com/tr/app/whatsapp-messenger/id310633997?l=tr,50,tr
apps.apple.com/us/app/youtube/id544007664,120,tr
apps.apple.com/us/app/yandex-browser/id483693909,40,tr
apps.apple.com/us/app/vpn-super-unlimited-proxy/id1370293473,90,tr
apps.apple.com/tr/app/kıble-yönü-bul-qibla-finder/id824927276?l=tr,105,tr
apps.apple.com/tr/app/2-3-4-kişilik-oyunlar/id1269516792?l=tr,12,tr
apps.apple.com/tr/app/myt-müzik-mp3-müzik-çalar/id6476774142?l=tr,337,tr
apps.apple.com/us/app/dolap-i-kinci-el-alışveriş/id1127881507,53,tr
apps.apple.com/cy/app/instagram/id389801252?l=tr,34,tr
apps.apple.com/tr/app/bilyoner-i-ddaa-canlı-bahis/id323678768,209,tr
apps.apple.com/be/app/internet-haber/id366791984,10,tr
apps.apple.com/tr/app/klavye-yazı-tipleri-fonts/id1636254820?l=tr,292,tr
apps.apple.com/tr/app/google-haritalar/id585027354?l=tr,88,tr
apps.apple.com/tr/app/youtube/id544007664?l=tr,63,tr
apps.apple.com/tr/app/motor-oyunları-sürüş-yarış/id1585393433?l=tr,62,tr
apps.apple.com/tr/app/twsave-twitter-video-indirme/id6449713393?l=tr,10,tr
apps.apple.com/us/app/coinmarketcap-crypto-tracker/id1282107098,37,tr
apps.apple.com/tr/app/101-yüzbir-okey-plus/id649260774?l=tr,26,tr
apps.apple.com/tr/app/araba-oyunları-2024-yarış/id1580304919?l=tr,34,tr
apps.apple.com/tr/app/azar-video-chat-keşfet/id972558973?l=tr,339,tr
apps.apple.com/us/app/solitaire/id359917414,228,tr
apps.apple.com/tr/app/tuttur-iddaa-canlı-bahis/id600535436,30,tr
apps.apple.com/us/app/wattpad-read-write-stories/id306310789,94,tr
apps.apple.com/tr/app/kelimelik/id563803371,76,tr
apps.apple.com/tr/app/siberalem-flört-sohbet-date/id649741474?l=tr,50,tr
apps.apple.com/cy/app/pubg-mobile/id1330123889?l=tr,27,tr
apps.apple.com/us/app/i-zko/id6455887708,36,tr
apps.apple.com/tr/app/ubis/id428917899,307,tr
apps.apple.com/cy/app/spotify-müzik-dinle-ve-indir/id324684580?l=tr,97,tr
apps.apple.com/tr/app/turkcell/id335162906?l=tr,80,tr
apps.apple.com/tr/app/müzik-i-ndirici-ve-oynatıcı/id1447312762?l=tr,20,tr
apps.apple.com/tr/app/zborsa-ziraat-yatırım-borsa/id995050960,183,tr
apps.apple.com/tr/app/ekşi/id6476873272?l=tr,10,tr
apps.apple.com/tr/app/microsoft-word/id586447913?l=tr,19,tr
apps.apple.com/tr/app/cepte-şok/id1234494259?l=tr,19,tr
apps.apple.com/us/app/e-nabız/id980446169,5,tr
apps.apple.com/us/app/messenger/id1480068668?mt=12,85,tr
apps.apple.com/tr/app/dream-league-soccer-2025/id1462911602?l=tr,388,tr
apps.apple.com/us/app/wetransfer-transfer-files/id1569379048,112,tr
apps.apple.com/tr/app/yeniçağ/id1353237467,39,tr
apps.apple.com/tr/app/oley-i-ddaa/id775686649,307,tr
apps.apple.com/us/app/المترجم-السريع-عربي-تركي-صوتي/id1398470585,83,tr
apps.apple.com/tr/app/kwai-trend-video-platformu/id1338605092?l=tr,22,tr
apps.apple.com/tr/app/words-of-wonders-kelime-oyunu/id1369521645?l=tr,120,tr
apps.apple.com/tr/app/candy-crush-saga/id553834731?l=tr,28,tr
apps.apple.com/tr/app/fbsave-facebook-video-indirme/id6480044764?l=tr,41,tr
apps.apple.com/tr/app/qrafter-qr-kod-okuyucu/id416098700?l=tr,37,tr
apps.apple.com/tr/app/race-master-3d-araba-yarışı/id1579072162?l=tr,24,tr
apps.apple.com/tr/app/remini-ai-foto-geliştirme/id1470373330?l=tr,4,tr
apps.apple.com/sa/app/ترجمة-google/id414706506?l=ar,100,tr
apps.apple.com/tr/app/google-gemini/id6477489729?l=tr,17,tr
apps.apple.com/tr/app/kafa-topu-2-futbol-oyunu/id1193933380?l=tr,416,tr
apps.apple.com/tr/app/milli-piyango-şans-oyunları/id1519028218,110,tr
apps.apple.com/tr/app/flightradar24-flight-tracker/id382233851?l=tr,23,tr
apps.apple.com/tr/app/modamızbir/id1555032436?l=tr,64,tr
apps.apple.com/tr/app/apple-destek/id1130498044?l=tr,277,tr
apps.apple.com/tr/app/instasave-indirici-instagram/id6450992318?l=tr,11,tr
apps.apple.com/tr/app/coomeet/id1459611740?l=tr,24,tr
apps.apple.com/tr/app/canlı-görüntülü-sohbet-hiyak/id1550874398?l=tr,136,tr
apps.apple.com/us/app/deepl-translate/id1552407475,12,tr
apps.apple.com/es/app/traductor-de-google/id414706506,560,mx
apps.apple.com/es/app/gmail-el-correo-de-google/id422689480,309,mx
apps.apple.com/us/app/microsoft-outlook/id951937596,452,mx
apps.apple.com/es/app/whatsapp-messenger/id310633997,263,mx
apps.apple.com/us/app/facebook/id284882215,201,mx
apps.apple.com/us/app/instagram/id389801252,176,mx
apps.apple.com/bo/app/free-fire-x-naruto-shippuden/id1300146617,176,mx
apps.apple.com/es/app/messenger/id454638411,149,mx
apps.apple.com/es/app/calculadora/id398129933,54,mx
apps.apple.com/es/app/descargar-videos-de-facebook/id6480044764,215,mx
apps.apple.com/mx/app/google-maps/id585027354,21,mx
apps.apple.com/es/app/google-maps/id585027354,227,mx
apps.apple.com/es/app/among-us/id1351168404,155,mx
apps.apple.com/es/app/google-chrome/id535886823,468,mx
apps.apple.com/us/app/pinterest/id429047995,61,mx
apps.apple.com/mx/app/didi-viajes-comida-y-pagos/id1362398401,574,mx
apps.apple.com/do/app/descargar-musica-sin-internet/id1447312762,362,mx
apps.apple.com/es/app/microsoft-teams/id1113153706,31,mx
apps.apple.com/es/app/telegram-messenger/id686449807,183,mx
apps.apple.com/us/app/chatgpt/id6448311069,40,mx
apps.apple.com/es/app/microsoft-word/id586447913,2,mx
apps.apple.com/es/app/traducir/id1514844618,106,mx
apps.apple.com/es/app/x/id333903271,7,mx
apps.apple.com/us/app/x/id333903271,52,mx
apps.apple.com/us/app/tubidy-music-videos-songs/id6470038274,21,mx
apps.apple.com/es/app/tiktok-mucho-más-que-videos/id835599320,301,mx
apps.apple.com/es/app/juegos-sin-internet-sin-wifi/id6448104157,262,mx
apps.apple.com/us/app/youtube/id544007664,45,mx
apps.apple.com/mx/app/farmacias-guadalajara/id6498315262,27,mx
apps.apple.com/es/app/google-drive-almacenamiento/id507874739,18,mx
apps.apple.com/us/app/kahoot-play-create-quizzes/id1131203560,8,mx
apps.apple.com/es/app/facebook/id284882215,696,mx
apps.apple.com/es/app/sticker-ly-sticker-maker/id1458740001,70,mx
apps.apple.com/mx/app/trebel-music-download-songs/id912390687,21,mx
apps.apple.com/es/app/zoom-workplace/id546505307,1,mx
apps.apple.com/es/app/wattpad/id306310789,69,mx
apps.apple.com/mx/app/pemex-asiste/id1423323050,23,mx
apps.apple.com/es/app/youtube-music/id1017492454,4,mx
apps.apple.com/mx/app/uber-driver-conduce-y-gana/id1131342792,43,mx
apps.apple.com/es/app/pou/id575154654,16,mx
apps.apple.com/us/app/roblox/id431946152,14,mx
apps.apple.com/mx/app/magic-tv/id6477572522,52,mx
apps.apple.com/es/app/roja-directa-tv/id981307972?see-all=customers-also-bought-apps&platform=iphone,263,mx
apps.apple.com/es/app/clash-royale/id1053012308,269,mx
apps.apple.com/mx/app/miuv/id1177676315,48,mx
apps.apple.com/mx/app/mapas/id915056765,1,mx
apps.apple.com/us/app/character-ai-chat-talk-text/id1671705818,12,mx
apps.apple.com/ni/app/fotos/id1584215428,5,mx
apps.apple.com/es/app/granny/id1323957120,44,mx
apps.apple.com/us/app/emoji-kitchen/id6443861559,9,mx
apps.apple.com/mx/app/car-parking-multiplayer-2/id6514315118,124,mx
apps.apple.com/es/app/duolingo-aprende-idiomas/id570060128,19,mx
apps.apple.com/cr/app/emoji-kitchen-emoji-mix/id6473251028,117,mx
apps.apple.com/us/app/indeed-job-search/id309735670,243,mx
apps.apple.com/mx/app/craftsman-craft/id6740293571,38,mx
apps.apple.com/mx/app/bodega-aurrera-en-línea/id1435107890,40,mx
apps.apple.com/mx/app/cfe-contigo/id1354232135,77,mx
apps.apple.com/mx/app/megacable-app/id1466002118,107,mx
apps.apple.com/mx/app/baraja-de-loteria-mexicana/id1247071705,125,mx
apps.apple.com/us/app/microsoft-outlook/id985367838,9,mx
apps.apple.com/mx/app/fitpro/id1455617149,26,mx
apps.apple.com/es/app/plants-vs-zombies/id893677096,6,mx
apps.apple.com/mx/app/price-shoes-móvil/id1384632667,114,mx
apps.apple.com/mx/app/telmex/id1135440722,159,mx
apps.apple.com/mx/app/simulador-de-camiones-usa/id1178960991,25,mx
apps.apple.com/es/app/sniper-3d-juegos-de-pistolas/id930574573,6,mx
apps.apple.com/mx/app/imss-digital/id975273006,23,mx
apps.apple.com/ar/app/quitar-fondo-de-las-fotos/id1624827830,1,mx
apps.apple.com/es/app/instagram/id389801252,52,mx
apps.apple.com/es/app/dmss/id1493268178,165,mx
apps.apple.com/pe/app/tmo-manga/id6480482674,111,mx
apps.apple.com/es/app/traductor-inglés-español/id321568349,198,mx
apps.apple.com/hn/app/cloud-music-descargar-musica/id1477544926,227,mx
apps.apple.com/es/app/pocket-cine-pro/id1617084831,190,mx
apps.apple.com/mx/app/8-ball-pool/id543186831,6,mx
apps.apple.com/do/app/story-save-instagram-saver/id1622984256,39,mx
apps.apple.com/pa/app/capcut-editor-de-videos/id1500855883,18,mx
apps.apple.com/us/app/gmail-email-by-google/id422689480,19,mx
apps.apple.com/es/app/minecraft/id479516143,24,mx
apps.apple.com/gb/app/calculadora-de-alicia/id6480299349,32,mx
apps.apple.com/es/app/navegador-opera-y-vpn-privada/id1411869974,1,mx
apps.apple.com/es/app/google-classroom/id924620788,136,mx
apps.apple.com/mx/app/movies-plus/id1576669962,2,mx
apps.apple.com/ve/app/crunchyroll/id329913454,16,mx
apps.apple.com/mx/app/documentos-de-google/id842842640,80,mx
apps.apple.com/hn/app/zarchiver/id6504976055,1,mx
apps.apple.com/mx/app/picuki-guardar-story-ver-video/id1486077827,81,mx
apps.apple.com/es/app/fonts-art-tipos-de-letra/id1480383173,168,mx
apps.apple.com/es/app/my-avatar-world-games-for-kids/id1635318586,59,mx
apps.apple.com/mx/app/mercado-pago-cuenta-digital/id925436649,48,mx
apps.apple.com/us/app/google-docs/id842842640,30,mx
apps.apple.com/es/app/mods-para-minecraft-pe-mcpe/id1576063760,13,mx
apps.apple.com/mx/app/izzi-go/id1119492168,6,mx
apps.apple.com/mx/app/v380-pro/id1388988209,777,mx
apps.apple.com/mx/app/tv-méxico-señal-abierta/id1128552213,61,mx
apps.apple.com/us/app/max-stream-hbo-tv-movies/id1666653815,36,mx
apps.apple.com/mx/app/bancoppel/id1293933664,87,mx
apps.apple.com/ve/app/pelispedia-movie-tv-shows/id6448991151,22,mx
apps.apple.com/mx/app/banorte-móvil/id374817863,33,mx
apps.apple.com/us/app/google-translate/id414706506,72,id
apps.apple.com/us/app/duckduckgo-browser-search-ai/id663592361,130,id
apps.apple.com/us/app/gmail-email-by-google/id422689480,58,id
apps.apple.com/id/app/wa-web-whats-web/id6444021754?l=id,112,id
apps.apple.com/id/app/google-terjemahan/id414706506?l=id,396,id
apps.apple.com/us/app/google-translate/id414706506,411,ph
apps.apple.com/us/app/facebook/id284882215,539,ph
apps.apple.com/us/app/gmail-email-by-google/id422689480,711,ph
apps.apple.com/us/app/roblox/id431946152,20,ph
apps.apple.com/pl/app/tłumacz/id1514844618?l=pl,21,pl
apps.apple.com/pl/app/facebook/id284882215?l=pl,263,pl
apps.apple.com/pl/app/wp-poczta/id1164870575,318,pl
apps.apple.com/pl/app/mapy-google/id585027354?l=pl,38,pl
apps.apple.com/pl/app/tłumacz-google/id414706506?l=pl,476,pl
apps.apple.com/us/app/youtube/id544007664,36,pl
apps.apple.com/pl/app/librus/id1122457592,58,pl
apps.apple.com/pl/app/olx-pl-houses-work-job/id531717763,167,pl
apps.apple.com/pl/app/librus/id1122457592?l=pl,275,pl
apps.apple.com/us/app/google-maps/id585027354,98,pl
apps.apple.com/pl/app/poczta-o2/id1033546634,70,pl
apps.apple.com/pl/app/ipko-biznes/id1207213387?l=pl,141,pl
apps.apple.com/pl/app/total-casino-gry-online-slots/id1442807948?l=pl,1,pl
apps.apple.com/us/app/kahoot-play-create-quizzes/id1131203560,117,pl
apps.apple.com/pl/app/kalkulator/id1069511488?l=pl,132,pl
apps.apple.com/pl/app/gmail-poczta-od-google/id422689480?l=pl,16,pl
apps.apple.com/pl/app/onet-poczta/id1498078842,140,pl
apps.apple.com/us/app/instagram/id389801252,31,pl
apps.apple.com/pl/app/tłumacz-itranslate/id288113403?l=pl,260,pl
apps.apple.com/pl/app/nowa-poczta-interia/id1141842988?l=pl,3,pl
apps.apple.com/us/app/wp-poczta/id1164870575,44,pl
apps.apple.com/pl/app/fortuna-zakłady-bukmacherskie/id806115544,865,pl
apps.apple.com/pl/app/showup-augmented-reality/id1565972916?l=pl,2,pl
apps.apple.com/pl/app/flashscore-wyniki-na-żywo/id766443283?l=pl,8,pl
apps.apple.com/pl/app/nowa-poczta-interia/id1141842988,178,pl
apps.apple.com/kw/app/sympatia-randki-flirt-czat/id1407778354,62,pl
apps.apple.com/pl/app/betclic-zakłady-bukmacherskie/id1457069221,2,pl
apps.apple.com/us/app/pinterest/id429047995,20,pl
apps.apple.com/pl/app/badoo-randki-i-czat/id351331194?l=pl,36,pl
apps.apple.com/us/app/x/id333903271,170,pl
apps.apple.com/pl/app/sts-zakłady-bukmacherskie/id904595321,93,pl
apps.apple.com/pl/app/jbzd/id1572542952,116,pl
apps.apple.com/pl/app/booking-com-hotele-podróże/id367003839?l=pl,33,pl
apps.apple.com/us/app/tiktok-videos-shop-live/id835599320,62,pl
apps.apple.com/pl/app/dysk-google/id507874739?l=pl,150,pl
apps.apple.com/pl/app/vinted-handel-z-drugiej-ręki/id632064380?l=pl,36,pl
apps.apple.com/us/app/fellow-pl/id1341993950,34,pl
apps.apple.com/us/app/roblox/id431946152,9,pl
apps.apple.com/pl/app/lotto-graj-online/id1443567888?l=pl,15,pl
apps.apple.com/pl/app/strim/id1361563966?l=pl,6,pl
apps.apple.com/pl/app/otodom-serwis-nieruchomości/id6475396946,144,pl
apps.apple.com/pl/app/rossmann-pl/id791525539,21,pl
apps.apple.com/pl/app/microsoft-teams/id1113153706?l=pl,142,pl
apps.apple.com/us/app/google-translate/id414706506,2,pl
apps.apple.com/pl/app/jakdojade-rozkłady-i-bilety/id506795511?l=pl,216,pl
apps.apple.com/us/app/wordle/id1095569891,7,pl
apps.apple.com/pl/app/tłumacz-deepl/id1552407475?l=pl,51,pl
apps.apple.com/pl/app/slownik-polsko-angielski/id1472854122?l=pl,59,pl
apps.apple.com/pl/app/messenger/id454638411?l=pl,141,pl
apps.apple.com/pl/app/koleo/id1256462727?l=pl,70,pl
apps.apple.com/pl/app/kiedyprzyjedzie/id1488753108,16,pl
apps.apple.com/us/app/geoguessr/id1049876497,9,pl
apps.apple.com/pl/app/sprzedajemy-pl/id1433907916?l=pl,134,pl
apps.apple.com/pl/app/grindr-gay-dating-chat/id319881193?l=pl,18,pl
apps.apple.com/pl/app/lidl-plus/id1238611143?l=pl,37,pl
apps.apple.com/us/app/marinetraffic-ship-tracking/id563910324,21,pl
apps.apple.com/pl/app/saper/id1101590054?l=pl,11,pl
apps.apple.com/pl/app/vox-fm-radio-internetowe/id1088756765?l=pl,106,pl
apps.apple.com/pl/app/meteoblue-weather-maps/id994459137?l=pl,11,pl
apps.apple.com/pl/app/słownik-angielskiego-diki/id448207507?l=pl,222,pl
apps.apple.com/pl/app/notino-perfumy-i-kosmetyki/id1261812151?l=pl,5,pl
apps.apple.com/pl/app/iko/id597657968?l=pl,55,pl
apps.apple.com/pl/app/superbet-zakłady-bukmacherskie/id1484074364,12,pl
apps.apple.com/pl/app/pyszne-pl/id1039818673?l=pl,41,pl
apps.apple.com/us/app/onet-poczta/id1498078842,3,pl
apps.apple.com/us/app/wayground/id1160249042,2,pl
apps.apple.com/pl/app/allegro-lokalnie/id910511602?l=pl,82,pl
apps.apple.com/ug/app/mangakakalot-manga-reader/id1571466647,7,pl
apps.apple.com/us/app/gmail-email-by-google/id422689480,44,pl
apps.apple.com/pl/app/quizlet-fiszki-do-nauki/id546473125?l=pl,22,pl
apps.apple.com/pl/app/kwejk-pl/id581237874,125,pl
apps.apple.com/pl/app/tapety-wallpapers-na-iphone/id1474134013?l=pl,137,pl
apps.apple.com/pl/app/lokalizator/id1514844621?l=pl,13,pl
apps.apple.com/pl/app/portal-pacjenta-lux-med/id552592684?l=pl,111,pl
apps.apple.com/pl/app/pepper-okazje-i-kupony/id923455061?l=pl,80,pl
apps.apple.com/pl/app/blablacar-samochody-i-autobusy/id341329033?l=pl,25,pl
apps.apple.com/pl/app/aliexpress-shopping-app/id436672029?l=pl,17,pl
apps.apple.com/us/app/stats-fm-for-spotify-music-app/id1526912392,58,pl
apps.apple.com/pl/app/story-viewer-saver-by-picuki/id1486077827?l=pl,182,pl
apps.apple.com/pl/app/literalnie/id1628784123?l=pl,253,pl
apps.apple.com/us/app/mangago-ultimate-manga-app/id6553989464,19,pl
apps.apple.com/us/app/fanfiction-ao3-unofficial/id6479576634,60,pl
apps.apple.com/pl/app/youtube/id544007664?l=pl,95,pl
apps.apple.com/pl/app/bubble-shooter-pop-bubbles/id604044220?l=pl,187,pl
apps.apple.com/pl/app/seterra-geography-full/id1093460065?l=pl,101,pl
apps.apple.com/us/app/yahoo-mail/id577586159,17,pl
apps.apple.com/pl/app/booksy-dla-klientów/id723961236?l=pl,48,pl
apps.apple.com/in/app/mybenefit/id1601176160,270,pl
apps.apple.com/pl/app/mbank-pl-twój-bank-i-finanse/id454987093?l=pl,59,pl
apps.apple.com/jo/app/yr-no/id490989206,185,pl
apps.apple.com/pl/app/google-chrome/id535886823?l=pl,15,pl
apps.apple.com/pl/app/sympatia-randki-flirt-czat/id1407778354,132,pl
apps.apple.com/ru/app/google-переводчик/id414706506,45,pl
apps.apple.com/pl/app/microsoft-onedrive/id477537958?l=pl,80,pl
apps.apple.com/pl/app/wykop/id365459650,4,pl
apps.apple.com/pl/app/whatsapp-messenger/id310633997?l=pl,249,pl
apps.apple.com/us/app/youtube-music/id1017492454,2,pl
apps.apple.com/pl/app/toca-boca-world/id1208138685?l=pl,116,pl
apps.apple.com/pl/app/mój-tauron/id1414805668,2,pl
apps.apple.com/pl/app/shazam-music-discovery/id284993459?l=pl,80,pl
apps.apple.com/us/app/google-dịch/id414706506?l=vi,121,vn
apps.apple.com/vn/app/facebook/id284882215?l=vi,392,vn
apps.apple.com/us/app/facebook/id284882215,116,vn
apps.apple.com/vn/app/zalo/id579523206?l=vi,157,vn
apps.apple.com/vn/app/snaptik-tải-video-tiktok/id1580627789?l=vi,825,vn
apps.apple.com/vn/app/tiktok/id1235601864?l=vi,231,vn
apps.apple.com/us/app/gmail-email-by-google/id422689480,128,vn
apps.apple.com/vn/app/nettruyen-pro/id6449767584,452,vn
apps.apple.com/vn/app/roblox-vn/id6474715805,45,vn
apps.apple.com/vn/app/google-chrome/id535886823?l=vi,37,vn
apps.apple.com/us/app/google-maps/id585027354,136,vn
apps.apple.com/vn/app/vnedu-teacher/id916676535,238,vn
apps.apple.com/vn/app/free-fire/id1300146617?l=vi,270,vn
apps.apple.com/vn/app/messenger/id454638411?l=vi,98,vn
apps.apple.com/vn/app/google-maps/id585027354?l=vi,108,vn
apps.apple.com/vn/app/youtube/id544007664,30,vn
apps.apple.com/vn/app/x/id333903271?l=vi,10,vn
apps.apple.com/vn/app/free-fire-x-naruto-shippuden/id1300146617?l=vi,37,vn
apps.apple.com/vn/app/trò-chơi-2-3-4-người-chơi/id1269516792?l=vi,160,vn
apps.apple.com/vn/app/tìm/id1514844621?l=vi,8,vn
apps.apple.com/vn/app/zing-mp3-đỉnh-cao-âm-nhạc/id992357547?l=vi,141,vn
apps.apple.com/us/app/icá/id1568659894,23,vn
apps.apple.com/vn/app/shopee-mua-sắm-online/id959841449,75,vn
apps.apple.com/us/app/youtube/id544007664,40,vn
apps.apple.com/vn/app/báo-vnexpress-tin-tức-mới-24h/id488630446?l=vi,18,vn
apps.apple.com/vn/app/google-dịch/id414706506?l=vi,105,vn
apps.apple.com/vn/app/minecraft-education/id1196524622?l=vi,194,vn
apps.apple.com/vn/app/báo-dân-trí-dantri-com-vn/id1455334618?l=vi,187,vn
apps.apple.com/vn/app/1-1-1-1-faster-internet/id1423538627?l=vi,136,vn
apps.apple.com/vn/app/go/id1444544611,300,vn
apps.apple.com/vn/app/google-drive-bộ-nhớ-tệp/id507874739?l=vi,1,vn
apps.apple.com/vn/app/la-bàn/id1067456176?l=vi,45,vn
apps.apple.com/vn/app/evowars-io/id1364764925?l=vi,44,vn
apps.apple.com/us/app/co-tuong-co-up-online-ziga/id1415712748,949,vn
apps.apple.com/vn/app/locket-widget/id1600525061?l=vi,125,vn
apps.apple.com/us/app/google-translate/id414706506,133,vn
apps.apple.com/vn/app/ghi-chú/id1110145109?l=vi,73,vn
apps.apple.com/cz/app/báo-mới-đọc-báo-tin-mới-24h/id651979466,30,vn
apps.apple.com/vn/app/zalo/id579523206,119,vn
apps.apple.com/us/app/x/id333903271,87,vn
apps.apple.com/vn/app/lịch-vạn-niên-2026-lịch-việt/id585253443,27,vn
apps.apple.com/vn/app/fishing-casino-câu-cá-arcade/id1447078784?l=vi,117,vn
apps.apple.com/vn/app/telegram-messenger/id686449807?l=vi,119,vn
apps.apple.com/us/app/soundcloud-the-music-you-love/id336353151,49,vn
apps.apple.com/us/app/chợ-tốt-chuyên-mua-bán-online/id790034666,110,vn
apps.apple.com/vn/app/mb-bank/id1205807363,182,vn
apps.apple.com/vn/app/lịch-vạn-niên-2025-lịch-việt/id585253443,64,vn
apps.apple.com/vn/app/đo/id1383426740?l=vi,66,vn
apps.apple.com/vn/app/coin-master/id406889139?l=vi,135,vn
apps.apple.com/vn/app/zing-mp3-đỉnh-cao-âm-nhạc/id992357547,239,vn
apps.apple.com/vn/app/lời-giải-hay-loigiaihay-com/id1209891610,25,vn
apps.apple.com/us/app/google-photos/id962194608?l=vi,87,vn
apps.apple.com/vn/app/trò-chơi-ô-tô-2024-đua-xe/id1580304919?l=vi,14,vn
apps.apple.com/us/app/vietjack-học-online-1/id1490262941,107,vn
apps.apple.com/vn/app/tiktok-shop-seller-center/id1591003012,52,vn
apps.apple.com/us/app/livescore-live-sports-scores/id356928178,86,vn
apps.apple.com/vn/app/báo-thức-hẹn-giờ/id1067755201?l=vi,193,vn
apps.apple.com/vn/app/grand-theft-auto-v-the-manual/id699032795?l=vi,72,vn
apps.apple.com/vn/app/google-trang-tính/id842849113?l=vi,1,vn
apps.apple.com/vn/app/my-viettel-tích-điểm-đổi-quà/id1014838705,2,vn
apps.apple.com/vn/app/agribank-plus/id935944952,32,vn
apps.apple.com/us/app/dream-league-soccer-2025/id1462911602?l=vi,68,vn
apps.apple.com/us/app/garageband/id408709785,114,vn
apps.apple.com/vn/app/picsart-ai-chỉnh-sửa-ảnh/id587366035?l=vi,8,vn
apps.apple.com/vn/app/tom-biết-nói-của-tôi/id657500465?l=vi,26,vn
apps.apple.com/vn/app/microsoft-excel/id586683407?l=vi,30,vn
apps.apple.com/vn/app/granny/id1323957120?l=vi,89,vn
apps.apple.com/us/app/7m-workout-hiit-cardio/id806995720?l=vi,24,vn
apps.apple.com/vn/app/google-classroom/id924620788?l=vi,24,vn
apps.apple.com/us/app/mathpro-trình-giải-toán-ai/id6504745459?l=vi,36,vn
apps.apple.com/vn/app/litmatch-make-new-friends/id1498889847?l=vi,37,vn
apps.apple.com/vn/app/tra-cứu-phạt-nguội-toàn-quốc/id1576666629,96,vn
apps.apple.com/us/app/clash-of-clans/id529479190,32,vn
apps.apple.com/vn/app/xanh-sm-book-ev-rides/id6446425595,2,vn
apps.apple.com/vn/app/zoom-workplace/id546505307,33,vn
apps.apple.com/vn/app/ulike-define-trendy-selfie/id1398796436?l=vi,6,vn
apps.apple.com/vn/app/yoosee/id981863450,150,vn
apps.apple.com/us/app/mê-đọc-truyện-chữ/id1614779639,21,vn
apps.apple.com/vn/app/truyenyy-pro/id6449768081?l=vi,20,vn
apps.apple.com/vn/app/chợ-tốt-chuyên-mua-bán-online/id790034666?l=vi,10,vn
apps.apple.com/us/app/toca-boca-world/id1208138685,136,vn
apps.apple.com/vn/app/viettel-money/id1344204781,11,vn
apps.apple.com/vn/app/youtube/id544007664?l=vi,270,vn
apps.apple.com/vn/app/roulette-quay-bánh-xe/id1573133915?l=vi,51,vn
apps.apple.com/vn/app/microsoft-word/id586447913?l=vi,186,vn
apps.apple.com/vn/app/webtoon-manga-comics-manhwa/id894546091?l=vi,102,vn
apps.apple.com/vn/app/sstruyen-official/id1565703785,7,vn
apps.apple.com/vn/app/topcv-tìm-việc-làm-phù-hợp/id1455928592,58,vn
apps.apple.com/us/app/k12online/id1526783336,188,vn
apps.apple.com/vn/app/fonts-art-phông-chữ-kí-tự/id1480383173?l=vi,19,vn
apps.apple.com/us/app/dự-đoán-xổ-số-ai/id6475878794?l=vi,19,vn
apps.apple.com/vn/app/wattpad/id306310789?l=vi,47,vn
apps.apple.com/us/app/tiến-lên-tien-len/id1501682736,23,vn
apps.apple.com/vn/app/microsoft-powerpoint/id586449534?l=vi,51,vn
apps.apple.com/us/app/snapedit-chỉnh-sửa-ảnh-đẹp-ai/id1611282499?l=vi,92,vn
apps.apple.com/us/app/google-tài-liệu/id842842640?l=vi,106,vn
apps.apple.com/vn/app/máy-tính/id1069511488?l=vi,7,vn
apps.apple.com/us/app/88go-đặt-xe-sân-bay-xe-du-lịch/id1437262041,25,vn
apps.apple.com/vn/app/google-photos/id962194608?l=vi,114,vn
apps.apple.com/th/app/google-แปลภาษา/id414706506?l=th,441,th
apps.apple.com/th/app/google-maps/id585027354?l=th,150,th
apps.apple.com/us/app/gmail-email-by-google/id422689480,244,th
apps.apple.com/th/app/แปลภาษาอ-งกฤษเป-นไทย/id1532634290?l=th,52,th
apps.apple.com/us/app/instagram/id389801252,172,th
apps.apple.com/tw/app/翻譯/id1514844618,65,tw
apps.apple.com/tw/app/facebook/id284882215,351,tw
apps.apple.com/tw/app/火車時刻表-台鐵時刻表/id1321854468,73,tw
apps.apple.com/tw/app/google-翻譯/id414706506,89,tw
apps.apple.com/us/app/gmail-email-by-google/id422689480,121,tw
apps.apple.com/co/app/betplay/id1468565715,176,co
apps.apple.com/us/app/microsoft-outlook/id951937596,455,co
apps.apple.com/es/app/traductor-de-google/id414706506,203,co
apps.apple.com/es/app/facebook/id284882215,110,co
apps.apple.com/us/app/instagram/id389801252,3,co
apps.apple.com/nl/app/google-translate/id414706506,839,be
apps.apple.com/us/app/youtube/id544007664,125,be
apps.apple.com/nl/app/facebook/id284882215,340,be
apps.apple.com/nl/app/google-maps/id585027354,557,be
apps.apple.com/fr/app/google-traduction/id414706506,44,be
apps.apple.com/us/app/google-maps/id585027354,414,be
apps.apple.com/us/app/microsoft-outlook/id951937596,55,be
apps.apple.com/us/app/chatgpt/id6448311069,115,be
apps.apple.com/be/app/2dehands/id567722021,106,be
apps.apple.com/nl/app/google/id284815942,55,be
apps.apple.com/us/app/instagram/id389801252,13,be
apps.apple.com/us/app/gmail-email-by-google/id422689480,138,be
apps.apple.com/be/app/napoleon-games-casino/id1632869192,257,be
apps.apple.com/us/app/facebook/id284882215,64,be
apps.apple.com/us/app/sncb-nmbs-timetable-tickets/id1504870215,117,be
apps.apple.com/sr/app/farmaline-online-apotheek/id1104967519?l=nl,9,be
apps.apple.com/be/app/vrt-max/id1337574835,132,be
apps.apple.com/be/app/unibet-wedden-sport-betting/id463335337?l=nl,50,be
apps.apple.com/nl/app/rekenmachine/id1069511488,255,be
apps.apple.com/be/app/nmbs-trein-info-tickets/id1504870215?l=nl,77,be
apps.apple.com/nl/app/blijf-op-orde-met-yahoo-mail/id577586159,88,be
apps.apple.com/nl/app/whatsapp-messenger/id310633997,9,be
apps.apple.com/us/app/pinterest/id429047995,46,be
apps.apple.com/be/app/sporza/id878339906,24,be
apps.apple.com/be/app/easy-banking-app/id516502006?l=nl,7,be
apps.apple.com/us/app/tiktok-videos-shop-live/id835599320,118,be
apps.apple.com/be/app/2ememain/id567722021?l=fr-FR,28,be
apps.apple.com/be/app/proximus-mail/id1263122077?l=nl,22,be
apps.apple.com/us/app/x/id333903271,55,be
apps.apple.com/us/app/roblox/id431946152,224,be
apps.apple.com/us/app/hdtoday/id1581472192,39,be
apps.apple.com/nl/app/safari/id1146562112,45,be
apps.apple.com/us/app/microsoft-outlook/id985367838,33,be
apps.apple.com/us/app/deepl-translate/id1552407475,17,be
apps.apple.com/us/app/twitch-live-streaming/id460177396,1,be
apps.apple.com/be/app/tec/id1438618535,26,be
apps.apple.com/us/app/spotify-music-and-podcasts/id324684580,26,be
apps.apple.com/be/app/microsoft-sharepoint/id1091505266?l=nl,5,be
apps.apple.com/be/app/vrt-nws/id952769219,14,be
apps.apple.com/nl/app/sudinfo-info-en-continu/id941655518,23,be
apps.apple.com/us/app/wetransfer-transfer-files/id1569379048,116,be
apps.apple.com/be/app/kmi-het-weer-in-belgië/id393832976?l=nl,44,be
apps.apple.com/fi/app/myflixer-movies-series-hub/id6470911189,208,be
apps.apple.com/be/app/de-lijn/id456910787,32,be
apps.apple.com/be/app/rtbf-auvio-direct-et-replay/id1249992761?l=nl,32,be
apps.apple.com/be/app/amazon-be/id335187483?l=fr-FR,18,be
apps.apple.com/be/app/ebay-koop-verkoop-marketplace/id282614216?l=nl,172,be
apps.apple.com/nl/app/google-chrome/id535886823,6,be
apps.apple.com/be/app/marktplaats-buy-and-sell/id373963365,103,be
apps.apple.com/nl/app/spreek-en-vertaal-vertaler/id804641004,78,be
apps.apple.com/nl/app/eurosport-live-nieuws/id324021126,73,be
apps.apple.com/us/app/ticketmaster-buy-sell-tickets/id500003565,17,be
apps.apple.com/be/app/veepee-outlet-shopping/id429410916?l=nl,32,be
apps.apple.com/be/app/doccle/id970053203?l=nl,34,be
apps.apple.com/nl/app/qr-code-scanner/id1200318119,54,be
apps.apple.com/be/app/beobank-mobile/id1008666594?l=nl,21,be
apps.apple.com/be/app/takeaway-com-belgië/id333214143?l=nl,19,be
apps.apple.com/nl/app/apple-wallet/id1160481993,10,be
apps.apple.com/be/app/myedenred-belgium/id1294194004?l=nl,1,be
apps.apple.com/us/app/whatsapp-messenger/id310633997,30,be
apps.apple.com/be/app/nieuwsblad-nieuws/id539988296,35,be
apps.apple.com/be/app/beursduivel/id6447062099,19,be
apps.apple.com/be/app/loterie-nationale/id460914232,6,be
apps.apple.com/be/app/kmi-irm-weather-for-belgium/id393832976,50,be
apps.apple.com/nl/app/subway-surfers/id512939461,1,be
apps.apple.com/us/app/yahoo-finance-stocks-news/id328412701,25,be
apps.apple.com/ug/app/mangakakalot-manga-reader/id1571466647,5,be
apps.apple.com/nl/app/apple-store/id375380948,30,be
apps.apple.com/us/app/wordle/id1095569891,17,be
apps.apple.com/be/app/studio-brussel/id388159251,33,be
apps.apple.com/be/app/ladbrokes-sports-betting/id1507132756,3,be
apps.apple.com/nl/app/ticketswap-buy-sell-tickets/id932337449,4,be
apps.apple.com/us/app/dailymotion-video-app/id336978041,8,be
apps.apple.com/us/app/netflix/id363590051,3,be
apps.apple.com/be/app/bestsecret/id475731082?l=nl,9,be
apps.apple.com/be/app/telenet-tv/id1360986914,7,be
apps.apple.com/pl/app/tłumacz-google/id414706506?l=pl,1,be
apps.apple.com/nl/app/garageband/id408709785,40,be
apps.apple.com/nl/app/liveball/id1580936245,52,be
apps.apple.com/nl/app/scribens-correcteur/id1588220741,21,be
apps.apple.com/nl/app/bol/id904894760,6,be
apps.apple.com/nl/app/kaarten/id915056765,3,be
apps.apple.com/be/app/scooore/id6443872225,16,be
apps.apple.com/be/app/cemantix-le-jeu-orginal/id1636455908?l=fr-FR,6,be
apps.apple.com/us/app/indeed-job-search/id309735670,9,be
apps.apple.com/be/app/myvoo/id1195075509?l=nl,51,be
apps.apple.com/nl/app/agenda/id1108185179,42,be
apps.apple.com/be/app/burgerprofiel/id1616653156,5,be
apps.apple.com/us/app/form-for-google-forms/id1544827472,1,be
apps.apple.com/be/app/cozo/id1108875254,1,be
apps.apple.com/lv/app/flixtor-movie-tv-show-series/id1637883791,310,be
apps.apple.com/us/app/google-docs/id842842640,85,be
apps.apple.com/sa/app/gogoanime-9anime/id1508062085,79,be
apps.apple.com/us/app/ilovepdf-pdf-editor-scan/id1207332399,7,be
apps.apple.com/nl/app/clock/id1584215688,26,be
apps.apple.com/be/app/sutom-puzzle-de-mots/id1606876219?l=nl,51,be
apps.apple.com/nl/app/apple-podcasts/id525463029,19,be
apps.apple.com/be/app/seterra-geography-full/id1093460065?l=nl,127,be
apps.apple.com/us/app/hihi2-مباريات-اليوم/id6751865416,8,be
apps.apple.com/nl/app/romeo-gay-dating-chat/id404386888,6,be
apps.apple.com/be/app/bwin-casino-online-gokspel/id1159280338?l=nl,12,be
apps.apple.com/nl/app/instagram/id389801252,1,be
apps.apple.com/us/app/9anime/id1561532117,3,be
apps.apple.com/be/app/footnews-be/id1321860153,19,be
apps.apple.com/be/app/telegram-messenger/id686449807?l=nl,43,be
apps.apple.com/be/app/meetic-relationship-and-love/id416973595,14,be
apps.apple.com/us/app/futbin-fc-26-evolutions-more/id1080465358,32,be
apps.apple.com/nl/app/rummikub/id1015322991,13,be
apps.apple.com/nl/app/video-downloader-from-youtube/id6743542653,47,be
apps.apple.com/us/app/kick-live-streaming/id6446202561,37,be
apps.apple.com/us/app/juststream/id1474804779,39,be
apps.apple.com/us/app/chatpic-ai-photo-editor/id6743470423,22,be
apps.apple.com/us/app/youtube-kids/id936971630,141,be
apps.apple.com/us/app/google-calendar-get-organized/id909319292,2,be
apps.apple.com/nl/app/flightradar24-flight-tracker/id382233851,40,be
apps.apple.com/nl/app/facetime/id1110145091,5,be
apps.apple.com/us/app/reverso-translate-and-learn/id919979642,20,be
apps.apple.com/be/app/napoleon-sports-betting/id1046810152?l=nl,49,be
apps.apple.com/be/app/betfirst-sportweddenschappen/id875284172?l=nl,38,be
apps.apple.com/us/app/google-meet/id1096918571,13,be
apps.apple.com/be/app/fusionsolar/id1529080383?l=nl,17,be
apps.apple.com/be/app/mym-for-creators/id6444659785,11,be
apps.apple.com/be/app/joe-live-radio/id459490620,15,be
apps.apple.com/ru/app/перекладач-translate-now/id1348028646?l=uk,18,be
apps.apple.com/sr/app/dramacool-kdrama-movie-show/id6471490577,28,be
apps.apple.com/nl/app/freecell-solitaire/id301987699,46,be
apps.apple.com/tr/app/google-çeviri/id414706506?l=tr,2,be
apps.apple.com/be/app/mijn-helan/id1045894151?l=nl,3,be
apps.apple.com/ec/app/whats-web-watsapp-web/id6444021754,58,ar
apps.apple.com/gt/app/magis-tv-películas/id6743984431,224,ar
apps.apple.com/us/app/instagram/id389801252,71,ar
apps.apple.com/es/app/traductor-de-google/id414706506,32,ar
apps.apple.com/es/app/gmail-el-correo-de-google/id422689480,21,ar
apps.apple.com/es/app/google-classroom/id924620788,31,ar
apps.apple.com/es/app/x/id333903271,101,ar
apps.apple.com/us/app/microsoft-outlook/id951937596,104,ar
apps.apple.com/bo/app/calculadora/id1069511488,26,ar
apps.apple.com/pe/app/tmo-manga/id6480482674,22,ar
apps.apple.com/ar/app/bet365-apuestas-deportivas/id1600278975,46,ar
apps.apple.com/ni/app/juegos-sin-internet-offline/id6470471626,24,ar
apps.apple.com/es/app/google-maps/id585027354,3,ar
apps.apple.com/es/app/whatsapp-messenger/id310633997,50,ar
apps.apple.com/us/app/roblox/id431946152,9,ar
apps.apple.com/us/app/pinterest/id429047995,50,ar
apps.apple.com/es/app/google-drive-almacenamiento/id507874739,48,ar
apps.apple.com/es/app/mi-anses/id1587022312,77,ar
apps.apple.com/es/app/among-us/id1351168404,69,ar
apps.apple.com/do/app/descargar-musica-sin-internet/id1447312762,13,ar
apps.apple.com/ar/app/google-traductor/id414706506,15,ar
apps.apple.com/us/app/chatgpt/id6448311069,70,ar
apps.apple.com/ar/app/betsson-apuestas-deportivas/id6502189510,17,ar
apps.apple.com/py/app/ometv-video-chat-alternativa/id1252974010,57,ar
apps.apple.com/es/app/character-ai-chat-talk-text/id1671705818,5,ar
apps.apple.com/es/app/microsoft-word/id586447913,7,ar
apps.apple.com/ar/app/tu-bondi-cba/id1644625643,293,ar
apps.apple.com/do/app/bbva-argentina/id748231035,117,ar
apps.apple.com/pe/app/plato-juegos-multijugador/id1054747306,38,ar
apps.apple.com/es/app/booking-com-ofertas-de-viaje/id367003839,197,ar
apps.apple.com/es/app/messenger/id454638411,13,ar
apps.apple.com/us/app/kahoot-play-create-quizzes/id1131203560,181,ar
apps.apple.com/es/app/telegram-messenger/id686449807,16,ar
apps.apple.com/es/app/tiktok-mucho-más-que-videos/id835599320,13,ar
apps.apple.com/ar/app/mercado-pago-cuenta-digital/id925436649,13,ar
apps.apple.com/ar/app/celebfy-celebrity-selfie-ai/id6747994208,80,ar
apps.apple.com/ar/app/gpsbahia/id6569257253,2,ar
apps.apple.com/us/app/x/id333903271,52,ar
apps.apple.com/do/app/stake-real-money-casino/id6503213684,728,ar
apps.apple.com/ar/app/tinder-chat-citas-y-amigos/id547702041,8,ar
apps.apple.com/es/app/brawl-stars/id1229016807,25,ar
apps.apple.com/ar/app/app-banco-entre-ríos/id1524029359,2,ar
apps.apple.com/us/app/smn-tiempo-y-pronóstico/id6443508769,17,ar
apps.apple.com/ar/app/zonacitas/id1496389986,9,ar
apps.apple.com/es/app/microsoft-onedrive/id477537958,31,ar
apps.apple.com/ar/app/galicia-el-banco-en-tu-celu/id774860115,77,ar
apps.apple.com/es/app/descargar-videos-de-facebook/id6480044764,4,ar
apps.apple.com/es/app/documentos-de-google/id842842640,5,ar
apps.apple.com/pa/app/despegar-vuelos-y-hoteles/id511479725,1,ar
apps.apple.com/es/app/google-home/id680819774,63,ar
apps.apple.com/es/app/jkanime/id6480482674,7,ar
apps.apple.com/bo/app/icbc-mobile-banking-argentina/id994922054,4,ar
apps.apple.com/us/app/locanto-classifieds-app/id6745866222,37,ar
apps.apple.com/ar/app/naranja-x-billetera-virtual/id1452691757,6,ar
apps.apple.com/ar/app/sticker-ly-sticker-maker/id1458740001,29,ar
apps.apple.com/es/app/archivos/id1232058109,22,ar
apps.apple.com/ve/app/pelispedia-movie-tv-shows/id6448991151,1,ar
apps.apple.com/ar/app/bpn-home-banking-personas/id6471999064,70,ar
apps.apple.com/ar/app/tv-argentina-televisión-de-argentina/id980332488,14,ar
apps.apple.com/ar/app/cuándo-llega-mgp/id1333597775,48,ar
apps.apple.com/es/app/my-avatar-world-games-for-kids/id1635318586,102,ar
apps.apple.com/gt/app/macro/id1173611617,64,ar
apps.apple.com/ar/app/fidu/id1029996564,17,ar
apps.apple.com/ar/app/sanatorios-de-la-trinidad/id1594380676,1,ar
apps.apple.com/ar/app/patagonia-móvil/id1178757002,67,ar
apps.apple.com/ar/app/app-pago-fácil/id6443566167,23,ar
apps.apple.com/es/app/tradingview-siga-los-mercados/id1205990992,60,ar
apps.apple.com/ar/app/linterna/id380248105,85,ar
apps.apple.com/us/app/google-classroom/id924620788,4,ar
apps.apple.com/es/app/notas/id1110145109,17,ar
apps.apple.com/ar/app/bbva-argentina/id748231035,8,ar
apps.apple.com/ar/app/ciudadano-digital-cordoba/id1480538340,29,ar
apps.apple.com/ar/app/saldo-colectivos-córdoba/id1582080771,13,ar
apps.apple.com/ar/app/xhendra/id1559287910,94,ar
apps.apple.com/ar/app/chat-argentina/id1061756304,8,ar
apps.apple.com/es/app/zoom-workplace/id546505307,16,ar
apps.apple.com/ug/app/mangakakalot-manga-reader/id1571466647,31,ar
apps.apple.com/ar/app/epe-oficina-virtual/id1480230780,32,ar
apps.apple.com/ar/app/banca-móvil-banco-hipotecario/id469262970,35,ar
apps.apple.com/ar/app/afa-tickets/id6449185498,48,ar
apps.apple.com/ar/app/mendotran-cuando-subo/id1554868168,35,ar
apps.apple.com/ar/app/bna/id1523383806,39,ar
apps.apple.com/ar/app/on-axion/id1628387527,37,ar
apps.apple.com/ar/app/compras-paraguai/id1480044369,4,ar
apps.apple.com/es/app/juegos-sin-internet-sin-wifi/id6448104157,47,ar
apps.apple.com/ar/app/dgo/id1349939060,20,ar
apps.apple.com/ar/app/cuenta-dni-comercios/id1579969604,50,ar
apps.apple.com/cr/app/emoji-kitchen-emoji-mix/id6473251028,42,ar
apps.apple.com/es/app/samsung-smart-switch-mobile/id1571429529,10,ar
apps.apple.com/py/app/credicoop-móvil-empresas/id1069433005,3,ar
apps.apple.com/us/app/marinetraffic-ship-tracking/id563910324,88,ar
apps.apple.com/ar/app/grido/id1488321965,27,ar
apps.apple.com/br/app/google-tradutor/id414706506,28,ar
apps.apple.com/ar/app/mi-personal-flow/id373559386,4,ar
apps.apple.com/us/app/wetransfer-transfer-files/id1569379048,24,ar
apps.apple.com/ar/app/app-banco-san-juan/id1548946910,9,ar
apps.apple.com/do/app/free-fire-max/id1480516829,4,ar
apps.apple.com/cl/app/picuki-guardar-story-ver-video/id1486077827,4,ar
apps.apple.com/uy/app/azar-video-chat-descubre/id972558973?l=es-MX,52,ar
apps.apple.com/ar/app/prettyup-video-body-editor/id1544211932,14,ar
apps.apple.com/se/app/google-översätt/id414706506,299,se
apps.apple.com/se/app/google-maps/id585027354,130,se
apps.apple.com/us/app/gmail-email-by-google/id422689480,22,se
apps.apple.com/se/app/blocket-köp-sälj-begagnat/id323710525,635,se
apps.apple.com/se/app/atg/id1434660322,22,se
apps.apple.com/us/app/google-maps/id585027354,34,se
apps.apple.com/us/app/google-translate/id414706506,22,se
apps.apple.com/se/app/hitta-se/id284963764,72,se
apps.apple.com/se/app/tradera-köp-sälj-begagnat/id427984084,21,se
apps.apple.com/us/app/facebook/id284882215,102,se
apps.apple.com/se/app/seterra-geografi-fullversion/id1093460065,6,se
apps.apple.com/se/app/harpan-patiens/id1454538656,78,se
apps.apple.com/se/app/instagram/id389801252,195,se
apps.apple.com/se/app/kalkylator/id1069511488,14,se
apps.apple.com/us/app/x/id333903271,36,se
apps.apple.com/se/app/ratsit-se/id369156119,41,se
apps.apple.com/se/app/klart-väder/id352024322,16,se
apps.apple.com/se/app/svenska-spel-tur/id1109311106,82,se
apps.apple.com/us/app/google/id284815942,166,se
apps.apple.com/us/app/youtube/id544007664,19,se
apps.apple.com/se/app/skolschema-enkelt-smidigt/id1417535264,36,se
apps.apple.com/se/app/yr/id490989206,139,se
apps.apple.com/us/app/chatgpt/id6448311069,18,se
apps.apple.com/se/app/eniro-sök-upptäck-dela/id284967245,2,se
apps.apple.com/se/app/my-lightning-tracker/id1175031987,207,se
apps.apple.com/no/app/123movies/id6443967453,56,se
apps.apple.com/se/app/bredbandskollen/id296380480,37,se
apps.apple.com/us/app/comviq/id469353162,23,se
apps.apple.com/se/app/expressen-nyheter/id720666319,20,se
apps.apple.com/se/app/booli/id438677714,4,se
apps.apple.com/us/app/marinetraffic-ship-tracking/id563910324,10,se
apps.apple.com/us/app/sengram-sentence-diagramming/id512943810,6,se
apps.apple.com/se/app/wordfeud/id428312806,166,se
apps.apple.com/se/app/car-info-sök-biluppgifter/id1459083219,17,se
apps.apple.com/us/app/flightradar24-flight-tracker/id382233851,22,se
apps.apple.com/se/app/biluppgifter/id977693421,2,se
apps.apple.com/se/app/sl-reseplanerare-och-biljetter/id918418291,6,se
apps.apple.com/se/app/tv4-play/id413776071,3,se
apps.apple.com/se/app/leovegas-online-casino/id834294342,2,se
apps.apple.com/se/app/tv-nu-streaming-tv-tablå/id284963557,40,se
apps.apple.com/se/app/kivra/id588705123,41,se
apps.apple.com/se/app/safari/id1146562112,24,se
apps.apple.com/se/app/bingolotto/id577416892,4,se
apps.apple.com/se/app/sj-biljetter-och-trafikinfo/id442994825,14,se
apps.apple.com/se/app/bet365-sports-betting-casino/id519684662,8,se
apps.apple.com/se/app/myflixer-movies-series-hub/id6470911189,7,se
apps.apple.com/by/app/yr-no/id490989206,50,se
apps.apple.com/se/app/badoo-träffa-nya-personer/id351331194,4,se
apps.apple.com/us/app/microsoft-outlook/id951937596,9,se
apps.apple.com/se/app/skolmaten/id416550379,8,se
apps.apple.com/se/app/bästa-las-vegas-patiens-klondike-eller-solitaire-2014/id791513050,3,se
apps.apple.com/us/app/airbnb/id401626263,217,se
apps.apple.com/us/app/google-chrome/id535886823,49,se
apps.apple.com/se/app/circle-k/id1106837687,5,se
apps.apple.com/se/app/tala-översätt-översättning/id804641004,20,se
apps.apple.com/us/app/google-drive/id507874739,59,se
apps.apple.com/se/app/paf-casino-sports-bet/id6450206790,39,se
apps.apple.com/se/app/boozt/id943438893,19,se
apps.apple.com/se/app/sportbladet/id429681201,6,se
apps.apple.com/se/app/skånetrafiken/id1180539331,6,se
apps.apple.com/se/app/handelsbanken-se-privat/id378393286,1,se
apps.apple.com/pl/app/tłumacz-google/id414706506?l=pl,4,se
apps.apple.com/us/app/temu-shop-like-a-billionaire/id1641486558,17,se
apps.apple.com/se/app/auctionet/id762437955,28,se
apps.apple.com/us/app/booking-com-hotels-travel/id367003839,77,se
apps.apple.com/ua/app/tvmatchen-nu-sport-på-tv/id375597357,5,se
apps.apple.com/se/app/ordel/id1614693887,5,se
apps.apple.com/se/app/sengram-sentence-diagramming/id512943810,6,se
apps.apple.com/se/app/microsoft-powerpoint/id586449534,67,se
apps.apple.com/se/app/kungen/id597928938,8,se
apps.apple.com/by/app/قصة-عشق-arabseed-ايجي-بست/id6501995129,16,se
apps.apple.com/us/app/soundcloud-the-music-you-love/id336353151,62,se
apps.apple.com/th/app/mobile-legends-bang-bang/id1160056295,5,se
apps.apple.com/se/app/swedbank-privat/id344161302,14,se
apps.apple.com/se/app/facebook/id284882215,3,se
apps.apple.com/se/app/hinge-dejting-app-chat-date/id595287172,47,se
apps.apple.com/se/app/röstmemon/id1069512134,18,se
apps.apple.com/se/app/resurs-bank/id1530346386,7,se
apps.apple.com/us/app/google-earth/id293622097,41,se
apps.apple.com/se/app/casinostugan-online-casino/id1636471940,1,se
apps.apple.com/se/app/pressbyrån/id375767061,4,se
apps.apple.com/us/app/hdtoday/id1581472192,48,se
apps.apple.com/hr/app/google-prevoditelj/id414706506?l=hr,15,se
apps.apple.com/se/app/messenger/id454638411,972,se
apps.apple.com/se/app/korsordshjälp/id668459828,971,se
apps.apple.com/se/app/whatsapp-messenger/id310633997,969,se
apps.apple.com/se/app/engelsk-svensk-ordbok/id475211454,957,se
apps.apple.com/se/app/slobodna-bosna/id1174111186,957,se
apps.apple.com/eg/app/lexin/id882570460,953,se
apps.apple.com/se/app/schoolsoft-elev/id6447290050,952,se
apps.apple.com/se/app/fass-vård/id1638892108,943,se
apps.apple.com/us/app/discord-talk-play-hang-out/id985746746,906,se
apps.apple.com/us/app/cnn-live-breaking-news/id331786748,893,se
apps.apple.com/us/app/vk-social-network-messenger/id564177498,892,se
apps.apple.com/se/app/corren/id960615003,892,se
apps.apple.com/se/app/mötesplatsen/id415864108,889,se
apps.apple.com/us/app/quizlet-more-than-flashcards/id546473125,883,se
apps.apple.com/us/app/sudoku-com-number-games/id1193508329,877,se
apps.apple.com/se/app/valutaomvandlare-valutakurser/id1457309557,875,se
apps.apple.com/se/app/microsoft-outlook/id951937596,873,se
apps.apple.com/us/app/imdb-movies-tv-shows/id342792525,865,se
apps.apple.com/se/app/telia-play-se-tv-streaming/id575521559,861,se
apps.apple.com/se/app/skolplattformen-stockholm/id1461111355,844,se
apps.apple.com/ug/app/mangakakalot-manga-reader/id1571466647,844,se
apps.apple.com/us/app/momondo-flights-hotels-cars/id436736538,841,se
apps.apple.com/se/app/svt-barn/id848345240,839,se
apps.apple.com/se/app/bolibompa/id985978277,836,se
apps.apple.com/se/app/microsoft-onedrive/id477537958,825,se
apps.apple.com/se/app/dramacool-kdrama-movie-show/id6471490577,824,se
apps.apple.com/us/app/linkedin-network-job-finder/id288429040,822,se
apps.apple.com/se/app/skruvat/id6752342072,815,se
apps.apple.com/se/app/google-chrome/id535886823,813,se
apps.apple.com/se/app/tinder-matcha-chat-dejta/id547702041,810,se
apps.apple.com/se/app/bluesky-social/id6444370199,802,se
apps.apple.com/us/app/indeed-job-search/id309735670,800,se
apps.apple.com/us/app/ticketmaster-buy-sell-tickets/id500003565,798,se
apps.apple.com/se/app/imovie/id377298193,798,se
apps.apple.com/us/app/google-translate/id414706506,563,hk
apps.apple.com/us/app/gmail-email-by-google/id422689480,133,hk
apps.apple.com/us/app/google-maps/id585027354,152,hk
apps.apple.com/tw/app/足球比分-比分直播-足球比分直播/id463401049,59,hk
apps.apple.com/us/app/youtube/id544007664,139,hk
apps.apple.com/us/app/poe-fast-ai-chat/id1640745955,145,hk
apps.apple.com/us/app/x/id333903271,64,hk
apps.apple.com/tw/app/google-翻譯/id414706506,56,hk
apps.apple.com/us/app/facebook/id284882215,25,hk
apps.apple.com/us/app/whatsapp-business/id1386412985,22,hk
apps.apple.com/hk/app/hkjc-投注三合一/id432462569,18,hk
apps.apple.com/us/app/instagram/id389801252,14,hk
apps.apple.com/hk/app/aastocks-m-mobile/id368726182,24,hk
apps.apple.com/cn/app/微博/id350962117,16,hk
apps.apple.com/tw/app/快看漫画-高清正版漫画流畅看/id906936224,92,hk
apps.apple.com/us/app/taobao-online-shopping-app/id387682726,52,hk
apps.apple.com/hk/app/lihkg-討論區/id1178373396,154,hk
apps.apple.com/tw/app/instagram/id389801252,78,hk
apps.apple.com/us/app/百度-ai智能搜索/id382201985,26,hk
apps.apple.com/cn/app/微信/id414478124,42,hk
apps.apple.com/hk/app/365scores-即時比分及新聞/id571801488,17,hk
apps.apple.com/hk/app/kimi/id6474233312,121,hk
apps.apple.com/mo/app/gimy/id1611981081,50,hk
apps.apple.com/us/app/google-classroom/id924620788,82,hk
apps.apple.com/hk/app/抖音-douyin/id1142110895,10,hk
apps.apple.com/tw/app/klook-全球旅遊-住宿-玩樂體驗預訂平台/id961850126,11,hk
apps.apple.com/tw/app/小紅書-你的生活指南/id741292507,24,hk
apps.apple.com/tw/app/telegram-messenger/id686449807,10,hk
apps.apple.com/us/app/chatgpt/id6448311069,109,hk
apps.apple.com/us/app/canva-ai-photo-video-editor/id897446215,54,hk
apps.apple.com/hk/app/旋轉拍賣-carousell/id548607187,6,hk
apps.apple.com/hk/app/bochk-中銀香港/id1534534188,2,hk
apps.apple.com/us/app/wechat/id414478124,181,hk
apps.apple.com/cn/app/gmail-google-打造的电子邮件服务/id422689480,1,hk
apps.apple.com/us/app/tiktok-videos-shop-live/id835599320,34,hk
apps.apple.com/tw/app/pixiv/id337248563,20,hk
apps.apple.com/us/app/pinterest/id429047995,2,hk
apps.apple.com/tw/app/tiktok-有趣的人都在這裡/id1235601864,2,hk
apps.apple.com/hk/app/東網money18/id347759875,6,hk
apps.apple.com/us/app/microsoft-teams/id1113153706,52,hk
apps.apple.com/hk/app/cityline-ticketing/id496488073,84,hk
apps.apple.com/hk/app/腾讯元宝-deepseek-智能ai助手/id6480446430,61,hk
apps.apple.com/us/app/telegram-messenger/id686449807,30,hk
apps.apple.com/us/app/樱花动漫-动漫大全/id6744669583,8,hk
apps.apple.com/tw/app/youtube/id544007664,38,hk
apps.apple.com/us/app/netflix/id363590051,3,hk
apps.apple.com/us/app/google-drive/id507874739,8,hk
apps.apple.com/us/app/雷速体育-足球篮球体育迷必备/id1093423753,3,hk
apps.apple.com/hk/app/開心鬥一番-麻雀-啤牌任你玩/id1263330630,4,hk
apps.apple.com/hk/app/計算機/id1069511488,44,hk
apps.apple.com/tw/app/美圖秀秀-ai-修圖美顏-影片剪輯/id416048305,28,hk
apps.apple.com/us/app/deepseek-ai-assistant/id6737597349,6,hk
apps.apple.com/hk/app/指南針/id1067456176,8,hk
apps.apple.com/us/app/ilovepdf-pdf-editor-scan/id1207332399,3,hk
apps.apple.com/hk/app/大航假期/id904196877,71,hk
apps.apple.com/hk/app/電話/id1146562108,33,hk
apps.apple.com/us/app/medal-game-clipping/id1518008441,13,hk
apps.apple.com/cn/app/google-chrome/id535886823,59,hk
apps.apple.com/us/app/microsoft-word/id586447913,19,hk
apps.apple.com/hk/app/grok-ai-助理/id6670324846,18,hk
apps.apple.com/us/app/steam-mobile/id495369748,10,hk
apps.apple.com/hk/app/高德地圖-導航巴士地鐵出行-高德打車/id461703208,21,hk
apps.apple.com/hk/app/沐沐悦读-耽美bl漫画神器/id1575857276,33,hk
apps.apple.com/hk/app/mcdonalds/id1217507712?l=en-GB,55,hk
apps.apple.com/us/app/spotify-music-and-podcasts/id324684580,5,hk
apps.apple.com/hk/app/東網-東方日報/id349812998,22,hk
apps.apple.com/us/app/microsoft-powerpoint/id586449534,9,hk
apps.apple.com/cn/app/网易云音乐/id944848654,27,hk
apps.apple.com/hk/app/etnet-財經-生活-經濟通/id366919933,55,hk
apps.apple.com/cn/app/万年历-日历天气黄历农历查询工具/id419805549,26,hk
apps.apple.com/hk/app/尋找/id1514844621,67,hk
apps.apple.com/hk/app/price-com-hk-香港格價網/id455201798,2,hk
apps.apple.com/hk/app/ha-go/id1469340861,11,hk
apps.apple.com/hk/app/dramacool-kdrama-movie-show/id6471490577?l=en-GB,39,hk
apps.apple.com/hk/app/fly-taxi-的士-hk-taxi-call-app/id787091892?l=en-GB,53,hk
apps.apple.com/cn/app/google-日历/id909319292,1,hk
apps.apple.com/cn/app/百度网盘/id547166701,55,hk
apps.apple.com/tw/app/企鹅体育-看nba赛事视频直播/id1098102973,39,hk
apps.apple.com/tw/app/xo-前-rooit-匿名聊天交友軟體/id1505684382,6,hk
apps.apple.com/hk/app/香港壽司郎/id1467855418,79,hk
apps.apple.com/tw/app/facebook/id284882215,999,hk
apps.apple.com/hk/app/google-地圖/id585027354,994,hk
apps.apple.com/us/app/apple-wallet/id1160481993,993,hk
apps.apple.com/hk/app/香港01-新聞資訊及生活服務/id1084662006,993,hk
apps.apple.com/hk/app/深圳地鐵通/id505814579,985,hk
apps.apple.com/hk/app/8591寶物交易網/id1049160937,984,hk
apps.apple.com/cn/app/七猫小说-看小说电子书的阅读神器/id1387717110,983,hk
apps.apple.com/tw/app/kkday-全球旅遊體驗/id1248267356,976,hk
apps.apple.com/us/app/microsoft-excel/id586683407,975,hk
apps.apple.com/hk/app/海港飲食集團/id1250109928,971,hk
apps.apple.com/us/app/roblox/id431946152,968,hk
apps.apple.com/us/app/deepl-translate/id1552407475,967,hk
apps.apple.com/hk/app/soul-chat-match-party/id1472322409,966,hk
apps.apple.com/tw/app/淘宝-万能的淘宝/id387682726,952,hk
apps.apple.com/us/app/microsoft-edge-ai-browser/id1288723196,949,hk
apps.apple.com/us/app/wordle/id1095569891,949,hk
apps.apple.com/tw/app/日語翻譯官-中文翻译日文拍照翻译软件/id1387389046,943,hk
apps.apple.com/tw/app/知乎/id432274380,943,hk
apps.apple.com/hk/app/forza-football-足球賽即時比分/id500138120,937,hk
apps.apple.com/us/app/windy-com/id1161387262,934,hk
apps.apple.com/tw/app/花瓣-发现创意-收集灵感/id494813494,922,hk
apps.apple.com/hk/app/頭條揭頁版/id379192563,905,hk
apps.apple.com/cn/app/高德地图-高德打车-导航公交地铁出行/id461703208,905,hk
apps.apple.com/tw/app/漫畫人極速版-看漫畫大全平臺/id1093094653,900,hk
apps.apple.com/hk/app/hong-kong-movie-香港電影/id303206353,900,hk
apps.apple.com/tw/app/菜鸟-快递物流轻松查寄取/id951610982,893,hk
apps.apple.com/cn/app/计算器/id1069511488,891,hk
apps.apple.com/us/app/agoda-cheap-flights-hotels/id440676901,882,hk
apps.apple.com/us/app/messenger/id454638411,879,hk
apps.apple.com/th/app/google-แปลภาษา/id414706506?l=th,875,hk
apps.apple.com/tw/app/mo-ptt/id804745434,869,hk
apps.apple.com/hk/app/isquare/id1405757930,868,hk
apps.apple.com/us/app/漫画大全-漫画人爱看的海量韩漫漫画/id6504468004,865,hk
apps.apple.com/kw/app/直播吧-足球篮球电竞/id1228058501,851,hk
apps.apple.com/hk/app/易通行/id1639482521,847,hk
apps.apple.com/cn/app/闲鱼-神奇的闲鱼/id510909506,844,hk
apps.apple.com/hk/app/大家樂/id1436965382,843,hk
apps.apple.com/hk/app/今日頭條/id1583147576,840,hk
apps.apple.com/hk/app/備忘錄/id1110145109,839,hk
apps.apple.com/jp/app/yahoo-japan/id299147843,822,hk
apps.apple.com/sn/app/قصة-عشق-arabseed-ايجي-بست/id6501995129,3,sa
apps.apple.com/sa/app/ترجمة-google/id414706506?l=ar,99,sa
apps.apple.com/sa/app/مدرستي/id1528970623,94,sa
apps.apple.com/sa/app/half-million-هاف-مليون/id1559864940?l=ar,102,sa
apps.apple.com/sa/app/x/id333903271?l=ar,67,sa
apps.apple.com/us/app/tiktok-videos-shop-live/id835599320,519,pk
apps.apple.com/us/app/facebook/id284882215,34,pk
apps.apple.com/pk/app/supervpn-fast-vpn-client/id6673905322,235,pk
apps.apple.com/us/app/whatsapp-messenger/id310633997,34,pk
apps.apple.com/us/app/gmail-email-by-google/id422689480,97,pk
apps.apple.com/us/app/google-translate/id414706506,157,ae
apps.apple.com/us/app/gmail-email-by-google/id422689480,122,ae
apps.apple.com/us/app/cricbuzz-live-cricket-scores/id360466413,200,ae
apps.apple.com/ly/app/ترجمة-google/id414706506?l=ar,208,ae
apps.apple.com/us/app/whatsapp-messenger/id310633997,121,ae
apps.apple.com/us/app/gmail-email-by-google/id422689480,149,nz
apps.apple.com/us/app/facebook/id284882215,532,nz
apps.apple.com/us/app/google-translate/id414706506,146,nz
apps.apple.com/nz/app/mylotto/id842963152,134,nz
apps.apple.com/us/app/youtube/id544007664,87,nz
apps.apple.com/bh/app/ترجمة-google/id414706506?l=ar,125,eg
apps.apple.com/us/app/google-translate/id414706506,25,eg
apps.apple.com/qa/app/ترجمة-google/id414706506?l=ar,470,eg
apps.apple.com/sa/app/facebook/id284882215?l=ar,151,eg
apps.apple.com/sa/app/ترجمة-google/id414706506?l=ar,55,eg
apps.apple.com/dk/app/google-oversæt/id414706506?l=da,372,dk
apps.apple.com/dk/app/e-boks-dk/id482926022,141,dk
apps.apple.com/dk/app/google-maps/id585027354?l=da,423,dk
apps.apple.com/us/app/facebook/id284882215,94,dk
apps.apple.com/us/app/google-translate/id414706506,99,dk
apps.apple.com/dk/app/dba-den-blå-avis/id448605988,96,dk
apps.apple.com/us/app/youtube/id544007664,100,dk
apps.apple.com/dk/app/kort/id915056765?l=da,10,dk
apps.apple.com/dk/app/7-kabale-1-klassisk-kortspil/id1073936461?l=da,200,dk
apps.apple.com/dk/app/boligsiden/id385702418,30,dk
apps.apple.com/dk/app/tv-2-nyheder/id459099763,112,dk
apps.apple.com/dk/app/b-t-seneste-nyheder/id426678015,15,dk
apps.apple.com/us/app/google/id284815942,44,dk
apps.apple.com/dk/app/google-drev/id507874739?l=da,27,dk
apps.apple.com/dk/app/ønskeskyen/id973421404,65,dk
apps.apple.com/us/app/gmail-email-by-google/id422689480,71,dk
apps.apple.com/us/app/microsoft-outlook/id951937596,54,dk
apps.apple.com/dk/app/tvtid-dansk-tv-guide/id485261551,56,dk
apps.apple.com/dk/app/rejseplanen/id317007942,8,dk
apps.apple.com/dk/app/tv-2-play-denmark/id515236434,81,dk
apps.apple.com/dk/app/drtv/id877604999,7,dk
apps.apple.com/us/app/trustpilot-reviews-ratings/id1608392803,18,dk
apps.apple.com/dk/app/aula/id1330998651,3,dk
apps.apple.com/jo/app/yr-no/id490989206,56,dk
apps.apple.com/dk/app/coronapas/id1562290161,3,dk
apps.apple.com/dk/app/bet365-sports-betting-casino/id519684662?l=da,16,dk
apps.apple.com/dk/app/momondo-fly-hotel-billeje/id436736538?l=da,38,dk
apps.apple.com/dk/app/krak-search-discover/id322079342,76,dk
apps.apple.com/dk/app/dr-nyheder/id398346158,55,dk
apps.apple.com/us/app/instagram/id389801252,33,dk
apps.apple.com/us/app/roblox/id431946152,32,dk
apps.apple.com/us/app/pinterest/id429047995,7,dk
apps.apple.com/dk/app/dsb/id1438634111,14,dk
apps.apple.com/us/app/kahoot-play-create-quizzes/id1131203560,8,dk
apps.apple.com/us/app/google-docs/id842842640,6,dk
apps.apple.com/us/app/chatgpt/id6448311069,1,dk
apps.apple.com/dk/app/find/id1514844621?l=da,11,dk
apps.apple.com/dk/app/spilnu-dk/id6448310230,5,dk
apps.apple.com/us/app/spotify-music-and-podcasts/id324684580,33,dk
apps.apple.com/dk/app/viggo/id1492269582,5,dk
apps.apple.com/dk/app/shein-shopping-online/id878577184?l=da,10,dk
apps.apple.com/dk/app/børsen/id422587851,379,dk
apps.apple.com/dk/app/lommeregner/id398129933?l=da,31,dk
apps.apple.com/dk/app/noter/id1110145109?l=da,26,dk
apps.apple.com/dk/app/slope-run-game/id1472706327?l=da,97,dk
apps.apple.com/dk/app/golfbox-app/id606152821,7,dk
apps.apple.com/us/app/mit-yousee/id554629661,27,dk
apps.apple.com/dk/app/mr-green-casino/id1664477628,90,dk
apps.apple.com/dk/app/guloggratis/id599906021,22,dk
apps.apple.com/dk/app/id766443283?l=da&platform=ipad,35,dk
apps.apple.com/dk/app/grammatip/id1645293399?l=da,2,dk
apps.apple.com/us/app/infinite-craft-by-neal/id6499235533,4,dk
apps.apple.com/us/app/pengeby/id1550913803?l=ar,32,dk
apps.apple.com/dk/app/tvsporten-dk-sport-i-tv/id708305276,58,dk
apps.apple.com/us/app/h-m/id834465911,11,dk
apps.apple.com/dk/app/homescapes/id1195621598?l=da,7,dk
apps.apple.com/us/app/discord-talk-play-hang-out/id985746746,1,dk
apps.apple.com/dk/app/min-læge/id1445003295,2,dk
apps.apple.com/dk/app/microsoft-onedrive/id477537958?l=da,34,dk
apps.apple.com/dk/app/norlys-play/id882490098,110,dk
apps.apple.com/bw/app/123movies/id6443967453,9,dk
apps.apple.com/ug/app/mangakakalot-manga-reader/id1571466647,55,dk
apps.apple.com/dk/app/dansk-engelsk-ordbog/id1332672434?l=da,11,dk
apps.apple.com/dk/app/myfitnesspal-kalorietæller/id341232718?l=da,51,dk
apps.apple.com/dk/app/midtjyllands-avis/id430540155,30,dk
apps.apple.com/us/app/flightradar24-flight-tracker/id382233851,15,dk
apps.apple.com/lv/app/mielelogic-app/id1508101113,10,dk
apps.apple.com/us/app/snapchat/id447188370,104,dk
apps.apple.com/dk/app/mobilepay/id624499138,13,dk
apps.apple.com/us/app/minsp/id1357104360,8,dk
apps.apple.com/dk/app/maria-casino/id583360654?l=da,31,dk
apps.apple.com/dk/app/lotto-køb-spil-se-vindertal/id1072679737,13,dk
apps.apple.com/dk/app/nordnet-stocks-funds/id345038631,35,dk
apps.apple.com/us/app/dr-lyd/id433155921,43,dk
apps.apple.com/dk/app/messenger/id454638411?l=da,14,dk
apps.apple.com/us/app/google-chat/id1163852619,9,dk
apps.apple.com/dk/app/solve-wordfeud-cheat/id1535275249,2,dk
apps.apple.com/dk/app/netto-scan-go/id1216226806,13,dk
apps.apple.com/dk/app/pro-medicin-dk/id470236846,17,dk
apps.apple.com/dk/app/boliga/id324901598,11,dk
apps.apple.com/gb/app/fyens-stiftstidende/id6444675014,11,dk
apps.apple.com/dk/app/wolt-levering-mad-og-mere/id943905271?l=da,64,dk
apps.apple.com/dk/app/ida-og-emil-trin-0/id969476531,37,dk
apps.apple.com/dk/app/unibet-live-sports-betting/id463335337?l=da,62,dk
apps.apple.com/dk/app/vesselfinder-lite/id918080862?l=da,2,dk
apps.apple.com/us/app/whatsapp-messenger/id310633997,128,dk
apps.apple.com/dk/app/f1-tv/id1315007279?l=da,90,dk
apps.apple.com/us/app/google-earth/id293622097,6,dk
apps.apple.com/dk/app/speedometer/id1114655078?l=da,10,dk
apps.apple.com/dk/app/postnord-track-your-parcels/id396871673,26,dk
apps.apple.com/us/app/messenger/id454638411,21,dk
apps.apple.com/dk/app/royal-match/id1482155847?l=da,45,dk
apps.apple.com/dk/app/bet25-casino/id996068683,4,dk
apps.apple.com/us/app/google-classroom/id924620788,43,dk
apps.apple.com/us/app/booking-com-hotels-travel/id367003839,5,dk
apps.apple.com/dk/app/mit-telmore/id915471094,12,dk
apps.apple.com/dk/app/nordvestnyt/id1076564570,11,dk
apps.apple.com/us/app/steam-mobile/id495369748,4,dk
apps.apple.com/us/app/yahoo-finance-stocks-news/id328412701,40,dk
apps.apple.com/us/app/fyns-amts-avis/id6444256303,5,dk
apps.apple.com/dk/app/instagram/id389801252,16,dk
apps.apple.com/dk/app/microsoft-sharepoint/id1091505266?l=da,21,dk
apps.apple.com/us/app/telegram-messenger/id686449807,13,dk
apps.apple.com/dk/app/bestsecret/id475731082?l=da,18,dk
apps.apple.com/dk/app/facebook/id284882215?l=da,3,dk
apps.apple.com/dk/app/aktiekurser-aktie-alarmer/id1245243443?l=da,1,dk
apps.apple.com/us/app/deepl-translate/id1552407475,1,dk
apps.apple.com/dk/app/kryds-og-tværs-fra-krydsord-dk/id688120018?l=da,14,dk
apps.apple.com/dk/app/betano-betting-casino/id1105421899?l=da,36,dk
apps.apple.com/dk/app/1576378377?see-all=reviews&platform=iphone,23,dk
apps.apple.com/dk/app/virk/id1661302149?l=da,2,dk
apps.apple.com/dk/app/geogebra-classic-6/id1182481622,11,dk
apps.apple.com/dk/app/tv-midtvest/id921998573,58,dk
apps.apple.com/dk/app/minsundhed/id1453504446,11,dk
apps.apple.com/us/app/9anime/id1561532117,7,dk
apps.apple.com/dk/app/toca-boca-world/id1208138685?l=da,47,dk
apps.apple.com/dk/app/odin-alarm-brand-redning/id6448398273,168,dk
apps.apple.com/dk/app/euroinvestor/id1481460825,10,dk
apps.apple.com/dk/app/pip-dk/id6478203574,6,dk
apps.apple.com/us/app/google-calendar-get-organized/id909319292,20,dk
apps.apple.com/us/app/google-maps/id585027354,27,dk
apps.apple.com/dk/app/paint-s/id736473980?l=da&mt=12,24,dk
apps.apple.com/dk/app/saxoinvestor/id1437794926,5,dk
apps.apple.com/us/app/wetransfer-transfer-files/id1569379048,15,dk
apps.apple.com/dk/app/google-chrome/id535886823?l=da,4,dk
apps.apple.com/gb/app/lidl-plus/id1238611143,2,dk
apps.apple.com/dk/app/molslinjen/id665224819,6,dk
apps.apple.com/dk/app/valutaomregner-valuta/id646925682?l=da,3,dk
apps.apple.com/us/app/google-tradutor/id414706506?l=pt-BR,14,dk
apps.apple.com/us/app/hdtoday/id1581472192,38,dk
apps.apple.com/us/app/horsens-folkeblad/id1671783017,15,dk
apps.apple.com/dk/app/bilkatogo/id1287906560,50,dk
apps.apple.com/us/app/subway-surfers/id512939461,5,dk
apps.apple.com/dk/app/lidl-plus/id1238611143?l=da,21,dk
apps.apple.com/lt/app/circle-k/id1106837687,21,dk
apps.apple.com/us/app/youtube-music/id1017492454,7,dk
apps.apple.com/th/app/mobile-legends-bang-bang/id1160056295,17,dk
apps.apple.com/dk/app/filmstriben/id1099142620,17,dk
apps.apple.com/dk/app/imovie/id377298193?l=da,20,dk
apps.apple.com/dk/app/apple-wallet/id1160481993?l=da,7,dk
apps.apple.com/dk/app/den-første-læsning-trin-1/id855098320,19,dk
apps.apple.com/dk/app/trivago-sammenlign-hoteller/id376888389?l=da,8,dk
apps.apple.com/dk/app/minetilbud-tilbudsaviser/id412905815,16,dk
apps.apple.com/us/app/google-slides/id879478102,5,dk
apps.apple.com/dk/app/danish-to-english-translate/id1192628352,31,dk
apps.apple.com/us/app/geometry-dash-lite/id698255242,9,dk
apps.apple.com/us/app/google-translate/id414706506,934,my
apps.apple.com/us/app/results-4d-live-4d-history/id1501940373,147,my
apps.apple.com/us/app/gmail-email-by-google/id422689480,339,my
apps.apple.com/my/app/tiktok-global-video-community/id1235601864,233,my
apps.apple.com/us/app/facebook/id284882215,132,my
apps.apple.com/ch/app/google-übersetzer/id414706506,211,ch
apps.apple.com/ch/app/20-minuten-nachrichten/id285688859,41,ch
apps.apple.com/ch/app/20-minutes-actu-info/id287111163,40,ch
apps.apple.com/de/app/gmail-e-mail-von-google/id422689480,147,ch
apps.apple.com/de/app/google-maps/id585027354,81,ch
apps.apple.com/us/app/google-translate/id414706506,3,ch
apps.apple.com/us/app/google-maps/id585027354,16,ch
apps.apple.com/ch/app/lounge-by-zalando-outlet/id1004381470,52,ch
apps.apple.com/us/app/facebook/id284882215,25,ch
apps.apple.com/ch/app/comparis-immobilien-schweiz/id328172261,13,ch
apps.apple.com/ch/app/x/id333903271,30,ch
apps.apple.com/us/app/instagram/id389801252,166,ch
apps.apple.com/de/app/google-drive-dateispeicher/id507874739,31,ch
apps.apple.com/ch/app/blick-nachrichten-sport/id375173494,36,ch
apps.apple.com/ch/app/tutti-ch-second-hand-verkaufen/id541858017,87,ch
apps.apple.com/ch/app/bestsecret/id475731082,16,ch
apps.apple.com/ch/app/google-traduttore/id414706506?l=it,1,ch
apps.apple.com/ch/app/search-ch/id348689959,20,ch
apps.apple.com/ch/app/clubcorner-ch/id1242931248,6,ch
apps.apple.com/ch/app/securesign-by-credit-suisse/id1052738536,20,ch
apps.apple.com/fr/app/google-traduction/id414706506,52,ch
apps.apple.com/ch/app/rechner/id398129933,3,ch
apps.apple.com/us/app/microsoft-outlook/id951937596,16,ch
apps.apple.com/ch/app/srf-meteo-wetter-schweiz/id887941884,19,ch
apps.apple.com/ch/app/übersetzer-sprich-übersetze/id804641004,14,ch
apps.apple.com/ch/app/sporttip-swisslos/id1334169585,15,ch
apps.apple.com/ch/app/gmx-mail-cloud-news/id417352269,37,ch
apps.apple.com/ch/app/übersetzen/id1514844618,1,ch
apps.apple.com/ch/app/meteoswiss/id589772015,13,ch
apps.apple.com/ch/app/blue-news-e-mail/id958972113,140,ch
apps.apple.com/ch/app/le-matin-mobile/id307368454,46,ch
apps.apple.com/ch/app/la-gazzetta-dello-sport/id1113567924,12,ch
apps.apple.com/ch/app/skyscanner-flüge-hotels-reisen/id415458524?see-all=reviews&platform=undefined,10,ch
apps.apple.com/de/app/romeo-gay-dating-chat/id404386888,9,ch
apps.apple.com/ch/app/immoscout24-schweiz/id404181805,21,ch
apps.apple.com/de/app/microsoft-teams/id1113153706,1,ch
apps.apple.com/ch/app/safari/id1146562112,5,ch
apps.apple.com/ch/app/booking-com-hotel-angebote/id367003839,30,ch
apps.apple.com/ch/app/homegate-immobilien-schweiz/id326131004,2,ch
apps.apple.com/ch/app/tiomobile/id360087000?l=it,48,ch
apps.apple.com/ch/app/local-ch/id300110733,108,ch
apps.apple.com/de/app/immoscout24-immobilien/id344176018,22,ch
apps.apple.com/ch/app/yahoo-mail-alles-im-blick/id577586159,29,ch
apps.apple.com/ch/app/google/id284815942,69,ch
apps.apple.com/ch/app/galaxus-dein-online-shop/id1175349817,28,ch
apps.apple.com/ch/app/anibis-ch-kaufen-verkaufen/id444680675,31,ch
apps.apple.com/ch/app/rts-info-toute-lactualité/id587776847,12,ch
apps.apple.com/de/app/pinterest/id429047995,4,ch
apps.apple.com/ch/app/interdiscount/id1309468667,1,ch
apps.apple.com/us/app/chatgpt/id6448311069,6,ch
apps.apple.com/ch/app/smart-iptv/id1504283126,11,ch
apps.apple.com/ch/app/corriere-della-sera-online/id326634016,23,ch
apps.apple.com/ch/app/my-sunrise/id466738063,49,ch
apps.apple.com/ch/app/google-earth/id293622097,49,ch
apps.apple.com/ch/app/landi-wetter/id363411690,5,ch
apps.apple.com/us/app/flightradar24-flight-tracker/id382233851,20,ch
apps.apple.com/ch/app/zkb-mobile-banking/id428937855,40,ch
apps.apple.com/de/app/bet365-sportwetten/id519684662,2,ch
apps.apple.com/ch/app/kompass/id1067456176,5,ch
apps.apple.com/ch/app/credit-suisse-csx/id436777914,9,ch
apps.apple.com/ch/app/ebookers-hotel-flug/id483394780,23,ch
apps.apple.com/us/app/deepl-translate/id1552407475,6,ch
apps.apple.com/ch/app/whatsapp-messenger/id310633997,60,ch
apps.apple.com/ch/app/solitär-das-1-kartenspiel/id1073936461,2,ch
apps.apple.com/us/app/yandex-browser/id483693909,16,ch
apps.apple.com/ch/app/just-eat-ch/id648936338,63,ch
apps.apple.com/de/app/mp3-converter-audio-extractor/id1305099161,21,ch
apps.apple.com/ch/app/1093460065?see-all=reviews&platform=iphone,17,ch
apps.apple.com/ch/app/newhome-immobilien-app/id385901165,2,ch
apps.apple.com/us/app/microsoft-outlook/id985367838,3,ch
apps.apple.com/ch/app/wörterbuch-englisch-deutsch/id475211454,2,ch
apps.apple.com/ch/app/imovie/id377298193,18,ch
apps.apple.com/ch/app/apple-health/id1242545199,24,ch
apps.apple.com/es/app/roja-directa-tv/id981307972,10,ch
apps.apple.com/ch/app/google-maps/id585027354,3,ch
apps.apple.com/ch/app/le-nouvelliste-vs/id477451814,36,ch
apps.apple.com/us/app/rtsports/id1148755180,4,ch
apps.apple.com/rs/app/google-prevoditelj/id414706506?l=hr,46,ch
apps.apple.com/ch/app/voyage-privé-hotels-und-reisen/id397336553,36,ch
apps.apple.com/us/app/twitch-live-streaming/id460177396,3,ch
apps.apple.com/ch/app/raiffeisen-e-banking/id371762633?l=fr-FR,12,ch
apps.apple.com/us/app/x/id333903271,67,ch
apps.apple.com/ch/app/teleboy-tv/id381514428,3,ch
apps.apple.com/us/app/coinmarketcap-crypto-tracker/id1282107098,6,ch
apps.apple.com/ch/app/notizen/id1110145109,2,ch
apps.apple.com/de/app/leo-wörterbuch/id396838427,10,ch
apps.apple.com/at/app/scribens-correcteur/id1588220741,13,ch
apps.apple.com/ch/app/geoguessr/id1049876497,1,ch
apps.apple.com/ch/app/microsoft-sharepoint/id1091505266,6,ch
apps.apple.com/de/app/kleinanzeigen-jetzt-ohne-ebay/id382596778,2,ch
apps.apple.com/ch/app/music-downloader-for-mp3/id1536066147,90,ch
apps.apple.com/ch/app/mangakakalot-manga-reader/id1571466647,23,ch
apps.apple.com/ch/app/ex-libris/id404158262,78,ch
apps.apple.com/ch/app/tuttosport-com/id415611948?l=fr-FR,57,ch
apps.apple.com/ch/app/watson-news/id794323989,31,ch
apps.apple.com/ch/app/myaxa-ch/id382425736,2,ch
apps.apple.com/ca/app/infomaniak-swisstransfer/id6737686335,1,ch
apps.apple.com/de/app/voyage-privé-hotels-und-reisen/id397336553,1,ch
apps.apple.com/ch/app/microsoft-solitaire-collection/id1103438575,9,ch
apps.apple.com/ch/app/kalender/id1108185179,40,ch
apps.apple.com/ch/app/denner-aktionen-und-weinshop/id534175822,8,ch
apps.apple.com/ch/app/ticinonews/id434813814?l=de-DE,21,ch
apps.apple.com/us/app/canva-ai-photo-video-editor/id897446215,24,ch
apps.apple.com/ch/app/cembra-app/id1592458781,6,ch
apps.apple.com/ch/app/green-screen-by-do-ink/id730091131,11,ch
apps.apple.com/ch/app/photomath/id919087726,4,ch
apps.apple.com/us/app/microsoft-teams/id1113153706,8,ch
apps.apple.com/lu/app/vinted-secondhand-marktplatz/id632064380?l=de-DE,1,ch
apps.apple.com/us/app/snake-io-fun-online-snake/id1104692136,3,ch
apps.apple.com/ch/app/klix-ba/id502522220,7,ch
apps.apple.com/ch/app/myaxa-neo-ch/id1668128527,6,ch
apps.apple.com/us/app/perplexity-ai-search-chat/id1668000334,27,ch
apps.apple.com/ch/app/snaptik-tiktok-downloader/id6504185366,4,ch
apps.apple.com/us/app/reddit/id1064216828,5,ch
apps.apple.com/ch/app/smartcric-hd-live-cricket-tv/id6504743772?l=en-GB,5,ch
apps.apple.com/us/app/whatsapp-messenger/id310633997,7,ch
apps.apple.com/ch/app/klingeltöne-für-iphone/id380908399,10,ch
apps.apple.com/us/app/gmail-email-by-google/id422689480,1,ch
apps.apple.com/it/app/google-traduttore/id414706506,2,ch
apps.apple.com/ch/app/google-chrome/id535886823,7,ch
apps.apple.com/de/app/futbin-fc-26-evolutions-more/id1080465358,91,ch
apps.apple.com/ch/app/jutarnji-list/id1031150218,32,ch
apps.apple.com/ch/app/pandabuy/id1625048921,22,ch
apps.apple.com/ch/app/24-heures-le-journal/id440658713,9,ch
apps.apple.com/ch/app/englisch-deutsch-übersetzer/id1361791137,19,ch
apps.apple.com/de/app/bestsecret/id475731082,38,at
apps.apple.com/us/app/facebook/id284882215,63,at
apps.apple.com/at/app/google-maps/id585027354,261,at
apps.apple.com/at/app/win2day-lotto-casino-wetten/id1061617483,352,at
apps.apple.com/de/app/google-übersetzer/id414706506,74,at
apps.apple.com/za/app/hollywoodbets-sport-casino/id6741758037,354,za
apps.apple.com/us/app/whatsapp-messenger/id310633997,36,za
apps.apple.com/za/app/goojara-movies-tv-browser/id6751885426,136,za
apps.apple.com/us/app/facebook/id284882215,110,za
apps.apple.com/za/app/uk49s-results/id1641885091,142,za
apps.apple.com/kr/app/네이버-naver/id393499958,82,kr
apps.apple.com/kr/app/말하기-및-번역-번역기/id804641004,38,kr
apps.apple.com/kr/app/다음-daum/id365494029,467,kr
apps.apple.com/kr/app/google-maps/id585027354,4,kr
apps.apple.com/kr/app/카카오톡-kakaotalk/id362057947,43,kr
apps.apple.com/us/app/google-translate/id414706506,475,no
apps.apple.com/us/app/gmail-email-by-google/id422689480,194,no
apps.apple.com/us/app/google-maps/id585027354,46,no
apps.apple.com/us/app/facebook/id284882215,29,no
apps.apple.com/no/app/norsk-tipping/id418533267,50,no
apps.apple.com/jo/app/yr-no/id490989206,98,no
apps.apple.com/no/app/dagbladet-nyheter/id402524081,43,no
apps.apple.com/us/app/youtube/id544007664,97,no
apps.apple.com/no/app/rikstoto/id1641061426,11,no
apps.apple.com/no/app/safari/id1146562112,79,no
apps.apple.com/us/app/marinetraffic-ship-tracking/id563910324,37,no
apps.apple.com/us/app/microsoft-outlook/id951937596,59,no
apps.apple.com/no/app/helsenorge/id1108860468,38,no
apps.apple.com/no/app/google-translate/id414706506,22,no
apps.apple.com/us/app/google/id284815942,114,no
apps.apple.com/no/app/vg-pent-no/id445267990,1,no
apps.apple.com/us/app/startsiden/id435032741,52,no
apps.apple.com/no/app/rema-1000/id1184277401,105,no
apps.apple.com/us/app/instagram/id389801252,55,no
apps.apple.com/us/app/chatgpt/id6448311069,6,no
apps.apple.com/no/app/digipost/id441997544,28,no
apps.apple.com/us/app/youtube-music/id1017492454,6,no
apps.apple.com/us/app/tiktok-videos-shop-live/id835599320,31,no
apps.apple.com/no/app/minfotball/id515897035,18,no
apps.apple.com/us/app/kahoot-play-create-quizzes/id1131203560,18,no
apps.apple.com/us/app/microsoft-teams/id1113153706,18,no
apps.apple.com/no/app/tv-2-play/id675096718,39,no
apps.apple.com/us/app/spotify-music-and-podcasts/id324684580,14,no
apps.apple.com/us/app/flightradar24-flight-tracker/id382233851,28,no
apps.apple.com/pl/app/tłumacz-google/id414706506?l=pl,8,no
apps.apple.com/lc/app/totalsportek-live-football/id6478613783,18,no
apps.apple.com/no/app/nrk-radio/id401928833,69,no
apps.apple.com/no/app/visma-flyt-ressursstyring/id1534551854,16,no
apps.apple.com/us/app/wordle/id1095569891,139,no
apps.apple.com/us/app/microsoft-outlook/id985367838,4,no
apps.apple.com/us/app/pinterest/id429047995,53,no
apps.apple.com/gb/app/google-translate/id414706506,8,no
apps.apple.com/us/app/google-docs/id842842640,8,no
apps.apple.com/no/app/widerøe/id1263044641,4,no
apps.apple.com/no/app/find-my-iphone/id376101648,14,no
apps.apple.com/us/app/google-classroom/id924620788,14,no
apps.apple.com/us/app/ticketmaster-buy-sell-tickets/id500003565,28,no
apps.apple.com/be/app/vgtv/id6717599497,4,no
apps.apple.com/no/app/e24-nyheter-om-økonomi/id400428988,24,no
apps.apple.com/no/app/vg-tvguide-streaming-tv/id324005908,22,no
apps.apple.com/us/app/messenger/id454638411,104,no
apps.apple.com/no/app/patientsky/id1031577563,29,no
apps.apple.com/us/app/microsoft-sharepoint/id1091505266,26,no
apps.apple.com/us/app/mail/id1108187098,9,no
apps.apple.com/no/app/compass/id1067456176,26,no
apps.apple.com/us/app/ebay-online-shopping-selling/id282614216,92,no
apps.apple.com/us/app/roblox/id431946152,23,no
apps.apple.com/us/app/x/id333903271,6,no
apps.apple.com/us/app/yahoo-mail/id577586159,63,no
apps.apple.com/us/app/snake-io-fun-online-snake/id1104692136,10,no
apps.apple.com/no/app/canva-design-foto-og-video/id897446215?l=nb,90,no
apps.apple.com/us/app/airbnb/id401626263,11,no
apps.apple.com/us/app/google-tradutor/id414706506?l=pt-BR,6,no
apps.apple.com/us/app/reddit/id1064216828,2,no
apps.apple.com/no/app/norgeskart/id727189627,50,no
apps.apple.com/no/app/postnord-norge/id1534563432,19,no
apps.apple.com/us/app/skyscanner-flights-hotels-cars/id415458524,61,no
apps.apple.com/us/app/whatsapp-messenger/id310633997,49,no
apps.apple.com/no/app/pizzabakeren-norge/id1391005472,10,no
apps.apple.com/no/app/vy/id439655098,105,no
apps.apple.com/us/app/google-chrome/id535886823,14,no
apps.apple.com/us/app/finansavisen/id434568179,76,no
apps.apple.com/no/app/ruter/id993620197,183,no
apps.apple.com/no/app/min-håndball/id1035602060,635,no
apps.apple.com/no/app/vg/id381071021,615,no
apps.apple.com/no/app/morgenlevering/id1372072096,614,no
apps.apple.com/us/app/hdtoday/id1581472192,605,no
apps.apple.com/us/app/9anime/id1561532117,595,no
apps.apple.com/us/app/quizlet-more-than-flashcards/id546473125,586,no
apps.apple.com/no/app/ut-no/id510575024,580,no
apps.apple.com/no/app/nrk-tv/id385114898,579,no
apps.apple.com/us/app/lightningmaps/id6463732506,567,no
apps.apple.com/no/app/vigilo/id1377565596,560,no
apps.apple.com/us/app/toca-boca-world/id1208138685,549,no
apps.apple.com/no/app/visma-employee/id919085610,548,no
apps.apple.com/us/app/twitch-live-streaming/id460177396,546,no
apps.apple.com/us/app/spin-the-wheel-random-picker/id1467343690,533,no
apps.apple.com/us/app/cnn-live-breaking-news/id331786748,528,no
apps.apple.com/us/app/discord-talk-play-hang-out/id985746746,525,no
apps.apple.com/no/app/lister24/id1570102785,522,no
apps.apple.com/us/app/microsoft-powerpoint/id586449534,513,no
apps.apple.com/no/app/tv-2-sport/id337062011,503,no
apps.apple.com/no/app/aftenposten/id1295605520,500,no
apps.apple.com/us/app/geometry-dash-lite/id698255242,495,no
apps.apple.com/no/app/unibok/id966171664,492,no
apps.apple.com/us/app/happy-color-by-numbers-game/id1407852246,487,no
apps.apple.com/no/app/planta-plant-garden-care/id1410126781,487,no
apps.apple.com/us/app/kurir/id572918944,487,no
apps.apple.com/us/app/among-us/id1351168404,485,no
apps.apple.com/no/app/gjensidige/id374040427,481,no
apps.apple.com/us/app/microsoft-onedrive/id477537958,481,no
apps.apple.com/us/app/politiloggen/id6504481490,473,no
apps.apple.com/no/app/finn-no/id526541908,472,no
apps.apple.com/us/app/kik-messaging-chat-app/id357218860,472,no
apps.apple.com/us/app/manganato-manga-nato-comics/id1637451629,468,no
apps.apple.com/no/app/bonabo/id1155476211,464,no
apps.apple.com/us/app/facetime/id1110145091,461,no
apps.apple.com/no/app/dnb-mobile-bank/id390631214,447,no
apps.apple.com/lt/app/poczta-o2/id1033546634,444,no
apps.apple.com/us/app/temu-shop-like-a-billionaire/id1641486558,442,no
apps.apple.com/no/app/kidplan/id1421027635,441,no
apps.apple.com/th/app/google-แปลภาษา/id414706506?l=th,439,no
apps.apple.com/us/app/google-drive/id507874739,424,no
apps.apple.com/us/app/fotmob-soccer-live-scores/id488575683,423,no
apps.apple.com/no/app/politiloggen/id6504481490,422,no
apps.apple.com/sr/app/dramacool-kdrama-movie-show/id6471490577,418,no
apps.apple.com/no/app/bookis/id1299680557,415,no
apps.apple.com/us/app/apple-wallet/id1160481993,412,no
apps.apple.com/no/app/bank-norwegian/id1194438643,409,no
apps.apple.com/sa/app/gogoanime-9anime/id1508062085,407,no
apps.apple.com/it/app/google-traduttore/id414706506,407,no
apps.apple.com/us/app/flashscore-live-scores-news/id766443283,405,no
apps.apple.com/us/app/microsoft-authenticator/id983156458,404,no
apps.apple.com/us/app/macos-ventura/id1638787999?mt=12,396,no
apps.apple.com/us/app/hallingdølen/id1384712244,396,no
apps.apple.com/no/app/teoritentamen-no/id1289659940,394,no
apps.apple.com/no/app/ice/id1318207677,390,no
apps.apple.com/no/app/norwegian-english-translate/id6569257191,390,no
apps.apple.com/no/app/golfbox-no/id606158136,386,no
apps.apple.com/no/app/wordfeud/id428312806,385,no
apps.apple.com/pl/app/wp-poczta/id1164870575,384,no
apps.apple.com/us/app/microsoft-word/id586447913,379,no
apps.apple.com/pl/app/tłumacz-norweski/id6443441125?l=pl,379,no
apps.apple.com/us/app/monkeycool-make-new-friends/id1636638847,378,no
apps.apple.com/no/app/vg-sport/id1294661796,377,no
apps.apple.com/us/app/telegram-messenger/id686449807,377,no
apps.apple.com/no/app/tegnordbok/id938078101,377,no
apps.apple.com/us/app/bunkr/id1576378377,371,no
apps.apple.com/us/app/imovie/id377298193,367,no
apps.apple.com/us/app/kooora/id859950269,367,no
apps.apple.com/ru/app/google-переводчик/id414706506,366,no
apps.apple.com/us/app/bitlife-life-simulator/id1374403536,364,no
apps.apple.com/us/app/deepl-translate/id1552407475,363,no
apps.apple.com/no/app/reiseklar/id1581464096,360,no
apps.apple.com/no/app/story-saver-story-viewer/id6476922736,359,no
apps.apple.com/no/app/yr-no/id490989206,357,no
apps.apple.com/no/app/handelsbanken-no-privat/id1250365916,352,no
apps.apple.com/us/app/coinmarketcap-crypto-tracker/id1282107098,342,no
apps.apple.com/us/app/clash-of-clans/id529479190,341,no
apps.apple.com/no/app/avisa-hordaland/id1383697935,340,no
apps.apple.com/us/app/katamari-damacy-rolling-live/id6449352814,339,no
apps.apple.com/us/app/fox-news-us-world-headlines/id367623543,333,no
apps.apple.com/us/app/duckduckgo-browser-w-duck-ai/id663592361,333,no
apps.apple.com/us/app/yandex-browser/id483693909,332,no
apps.apple.com/dk/app/koronapass/id1627030192,324,no
apps.apple.com/no/app/posten/id370370047,322,no
apps.apple.com/us/app/spin-link-daily-cm-spins/id6443577675,321,no
apps.apple.com/us/app/windy-com/id1161387262,321,no
apps.apple.com/lv/app/flixtor-movie-tv-show-series/id1637883791,318,no
apps.apple.com/no/app/ønskeskyen/id973421404,315,no
apps.apple.com/no/app/studentkalender-app/id906343170,314,no
apps.apple.com/us/app/uber-request-a-ride/id368677368,314,no
apps.apple.com/no/app/blood-pressure-monitor-smartbp/id519076558,313,no
apps.apple.com/us/app/form-for-google-forms/id1544827472,313,no
apps.apple.com/no/app/nå/id1308964941,310,no
apps.apple.com/us/app/slither-io/id1091944550,308,no
apps.apple.com/us/app/sudoku-com-number-games/id1193508329,307,no
apps.apple.com/us/app/hinge-dating-app-match-date/id595287172,305,no
apps.apple.com/no/app/my-lightning-tracker-alerts/id1175031987,304,no
apps.apple.com/no/app/circle-k/id1106837687?l=nb,302,no
apps.apple.com/gb/app/unibet-live-sports-betting/id463335337,300,no
apps.apple.com/no/app/sol-nyheter/id567951633,295,no
apps.apple.com/ru/app/google-карты/id585027354,291,no
apps.apple.com/ec/app/whats-web-watsapp-web/id6444021754,46,cl
apps.apple.com/us/app/instagram/id389801252,37,cl
apps.apple.com/us/app/pinterest/id429047995,104,cl
apps.apple.com/ar/app/free-fire/id1300146617,41,cl
apps.apple.com/us/app/microsoft-outlook/id951937596,49,cl
apps.apple.com/us/app/gmail-email-by-google/id422689480,109,sg
apps.apple.com/us/app/google-translate/id414706506,228,sg
apps.apple.com/sg/app/singapore-pools/id1359614310,193,sg
apps.apple.com/us/app/results-4d-live-4d-history/id1501940373,70,sg
apps.apple.com/us/app/facebook/id284882215,162,sg
apps.apple.com/us/app/microsoft-onedrive/id477537958,71,sg
apps.apple.com/us/app/chatgpt/id6448311069,120,sg
apps.apple.com/us/app/google-maps/id585027354,115,sg
apps.apple.com/us/app/instagram/id389801252,75,sg
apps.apple.com/us/app/whatsapp-messenger/id310633997,15,sg
apps.apple.com/us/app/x/id333903271,2,sg
apps.apple.com/sg/app/sg-live-4d/id346704856,72,sg
apps.apple.com/us/app/google-drive/id507874739,23,sg
apps.apple.com/sg/app/google-translate/id414706506,189,sg
apps.apple.com/us/app/telegram-messenger/id686449807,5,sg
apps.apple.com/us/app/google-chrome/id535886823,136,sg
apps.apple.com/us/app/microsoft-teams/id1113153706,38,sg
apps.apple.com/us/app/tiktok-videos-shop-live/id835599320,47,sg
apps.apple.com/us/app/dramacool-kdrama-movie-show/id6471490577,3,sg
apps.apple.com/us/app/canva-ai-photo-video-editor/id897446215,25,sg
apps.apple.com/sg/app/totalsportek-live-football/id6478613783,15,sg
apps.apple.com/ug/app/mangakakalot-manga-reader/id1571466647,21,sg
apps.apple.com/us/app/google-docs/id842842640,37,sg
apps.apple.com/th/app/google-แปลภาษา/id414706506?l=th,16,sg
apps.apple.com/us/app/duckduckgo-browser-w-duck-ai/id663592361,27,sg
apps.apple.com/us/app/skyscanner-flights-hotels-cars/id415458524,64,sg
apps.apple.com/sg/app/checkpoint-sg-traffic-camera/id1102786826,45,sg
apps.apple.com/sg/app/bbdc/id1382558683,20,sg
apps.apple.com/sg/app/koobits-parent/id1482084398,9,sg
apps.apple.com/sg/app/mcdonalds/id1217507712,36,sg
apps.apple.com/us/app/youtube/id544007664,34,sg
apps.apple.com/us/app/google/id284815942,18,sg
apps.apple.com/us/app/google-classroom/id924620788,74,sg
apps.apple.com/us/app/yahoo-mail/id577586159,4,sg
apps.apple.com/us/app/pinterest/id429047995,1,sg
apps.apple.com/sg/app/propertyguru-singapore/id482524585,5,sg
apps.apple.com/hk/app/gothere-sg/id348131804?l=en-GB,48,sg
apps.apple.com/us/app/yandex-browser/id483693909,13,sg
apps.apple.com/sg/app/carousell-snap-sell-chat-buy/id548607187,51,sg
apps.apple.com/fr/app/jobup-ch-job-search/id456238167?l=en-GB,90,sg
apps.apple.com/sg/app/google-maps/id585027354,33,sg
apps.apple.com/us/app/microsoft-outlook/id951937596,8,sg
apps.apple.com/jp/app/google-翻訳/id414706506,60,sg
apps.apple.com/us/app/ilovepdf-pdf-editor-scan/id1207332399,1,sg
apps.apple.com/tw/app/google-翻譯/id414706506,7,sg
apps.apple.com/us/app/spotify-music-and-podcasts/id324684580,17,sg
apps.apple.com/sg/app/google-翻译/id414706506?l=zh-Hans-CN,51,sg
apps.apple.com/sg/app/bilibili-hd-anime-videos/id1548857482,2,sg
apps.apple.com/vn/app/google-dịch/id414706506?l=vi,48,sg
apps.apple.com/sg/app/edmwer/id1538393327,53,sg
apps.apple.com/us/app/livescore-live-sports-scores/id356928178,3,sg
apps.apple.com/sg/app/singabus-bus-timing-mrt/id1044984870,30,sg
apps.apple.com/sg/app/radio-singapore-sg-online-fm/id1065469686,94,sg
apps.apple.com/us/app/flip-a-coin-app/id898035102,15,sg
apps.apple.com/us/app/roblox/id431946152,1,sg
apps.apple.com/us/app/google-photos-backup-edit/id962194608,11,sg
apps.apple.com/sg/app/shopee-11-11-big-savings/id959840394,3,sg
apps.apple.com/sg/app/beat-the-jam/id1204898821,1,sg
apps.apple.com/sg/app/gomovies/id1502378525,2,sg
apps.apple.com/us/app/alipay-simplify-your-life/id333206289,7,sg
apps.apple.com/np/app/totalsportek-live-football/id6478613783,5,sg
apps.apple.com/us/app/apple-wallet/id1160481993,13,sg
apps.apple.com/us/app/mr-coconut-singapore/id1613683934,44,sg
apps.apple.com/sg/app/spin-the-wheel-random-picker/id1467343690,12,sg
apps.apple.com/ec/app/樱花动漫-动漫大全/id6744669583,15,sg
apps.apple.com/us/app/reddit/id1064216828,25,sg
apps.apple.com/us/app/flixster-showtimes-tickets/id284235722,84,sg
apps.apple.com/sg/app/healthhub-sg/id1034200875,5,sg
apps.apple.com/us/app/desmos-graphing-calculator/id653517540,84,sg
apps.apple.com/th/app/mobile-legends-bang-bang/id1160056295,1,sg
apps.apple.com/us/app/english-to-tamil-translator/id1193038987,3,sg
apps.apple.com/us/app/taobao-online-shopping-app/id387682726,2,sg
apps.apple.com/sg/app/dbs-ideal-mobile/id445770685,29,sg
apps.apple.com/sg/app/singapore-sweep-results/id631157947,31,sg
apps.apple.com/us/app/subway-korea/id325924444,8,sg
apps.apple.com/sg/app/sg-traffic-cameras-updates/id1478770899,3,sg
apps.apple.com/us/app/character-ai-chat-talk-text/id1671705818,8,sg
apps.apple.com/us/app/youtube-music/id1017492454,41,sg
apps.apple.com/us/app/hdtoday/id1581472192,6,sg
apps.apple.com/sg/app/mymagnum-4d-official-app/id763361098,21,sg
apps.apple.com/us/app/bflix-movies-tv-shows/id1596735039,2,sg
apps.apple.com/us/app/telegram/id747648890,247,sg
apps.apple.com/sg/app/foodpanda-food-groceries/id758103884,24,sg
apps.apple.com/cn/app/高德地图-高德打车-导航公交地铁出行/id461703208,74,sg
apps.apple.com/sg/app/time-calculator/id956859838,4,sg
apps.apple.com/us/app/deepl-translate/id1552407475,18,sg
apps.apple.com/sg/app/sg-buses-bus-arrival-times/id384353741,1,sg
apps.apple.com/us/app/4d2u-live/id6467018137,34,sg
apps.apple.com/cn/app/youtube/id544007664,16,sg
apps.apple.com/sg/app/gothere-sg/id348131804,18,sg
apps.apple.com/sg/app/grab-taxi-ride-food-delivery/id647268330,4,sg
apps.apple.com/us/app/sticker-ly-sticker-maker/id1458740001,15,sg
apps.apple.com/us/app/netflix/id363590051,14,sg
apps.apple.com/sg/app/nowgoal-live-football-scores/id641037627,84,sg
apps.apple.com/us/app/4d-king-live-4d-results/id807327547,33,sg
apps.apple.com/us/app/bunkr/id1576378377,14,sg
apps.apple.com/sg/app/aia-singapore/id1394337344,32,sg
apps.apple.com/us/app/qq邮箱/id473225145,27,sg
apps.apple.com/us/app/camera/id1584216193,94,sg
apps.apple.com/us/app/fanfiction-ao3-unofficial/id6479576634,12,sg
apps.apple.com/us/app/marinetraffic-ship-tracking/id563910324,8,sg
apps.apple.com/jp/app/yahoo-japan/id299147843,59,sg
apps.apple.com/us/app/grab-taxi-ride-food-delivery/id647268330,2,sg
apps.apple.com/sg/app/sg-weather/id434116443,9,sg
apps.apple.com/us/app/uniqlo-clothes-shopping/id1284609872,2,sg
apps.apple.com/sg/app/dbs-paylah/id878528688,20,sg
apps.apple.com/au/app/australianeta/id1527982364,1,sg
apps.apple.com/us/app/gif-keyboard/id917932200,2,sg
apps.apple.com/sg/app/parents-gateway/id1267198708,2,sg
apps.apple.com/us/app/dailymotion-video-app/id336978041,24,sg
apps.apple.com/us/app/perplexity-ai-search-chat/id1668000334,34,sg
apps.apple.com/sg/app/michat-chat-meet-new-people/id1436584861,10,sg
apps.apple.com/sg/app/asiaone/id1472977223,96,sg
apps.apple.com/us/app/quillbot-ai-writing-keyboard/id6463116243,1,sg
apps.apple.com/us/app/ticketmaster-buy-sell-tickets/id500003565,24,sg
apps.apple.com/sg/app/ts-date-dating-app/id1497729017,38,sg
apps.apple.com/il/app/reverse-image-search-ai-lens/id1003144513,12,sg
apps.apple.com/ng/app/manganelo-manga-rock-pro/id1540527984,8,sg
apps.apple.com/id/app/google-terjemahan/id414706506?l=id,1,sg
apps.apple.com/us/app/messages/id1146560473,5,sg
apps.apple.com/sg/app/onemap-sg/id1244720012,58,sg
apps.apple.com/us/app/amazon-kindle/id302584613,7,sg
apps.apple.com/sg/app/the-drift-boss/id1506761140,10,sg
apps.apple.com/cn/app/万年历-日历天气黄历农历查询工具/id419805549,4,sg
apps.apple.com/id/app/live-4d-results-toto-4d/id1502014644,3,sg
apps.apple.com/sg/app/nhg-elearn-lms/id1525651065,13,sg
apps.apple.com/us/app/files/id1232058109,50,sg
apps.apple.com/tw/app/知乎/id432274380,7,sg
apps.apple.com/sg/app/google-news/id459182288,8,sg
apps.apple.com/us/app/microsoft-outlook/id985367838,26,sg
apps.apple.com/sg/app/mudah-my-official-app/id1122343023,24,sg
apps.apple.com/in/app/imo-international-calls-chat/id336435697,11,sg
apps.apple.com/sg/app/lazada-all-shipping-on-us/id785385147,9,sg
apps.apple.com/us/app/manga-bat-daily-update/id6479396195,73,sg
apps.apple.com/cn/app/qq/id444934666,18,sg
apps.apple.com/sg/app/posb-digibank/id1068416633,32,sg
apps.apple.com/us/app/solitaire/id359917414,6,sg
apps.apple.com/us/app/widgetsmith/id1523682319,15,sg
apps.apple.com/sg/app/nus-nextbus/id542131822,1,sg
apps.apple.com/us/app/car-parking-multiplayer/id1374868881,6,sg
apps.apple.com/us/app/coin-master/id406889139,36,sg
apps.apple.com/pt/app/google-tradutor/id414706506,131,pt
apps.apple.com/us/app/gmail-email-by-google/id422689480,13,pt
apps.apple.com/pt/app/meteorologia/id1069513131,113,pt
apps.apple.com/us/app/facebook/id284882215,171,pt
apps.apple.com/us/app/youtube/id544007664,21,pt
apps.apple.com/ru/app/перекладач-translate-now/id1348028646?l=uk,17,ua
apps.apple.com/ua/app/itranslate-переводчик/id288113403?l=ru,13,ua
apps.apple.com/ua/app/мапа-тривог-віджет/id6470827310,39,ua
apps.apple.com/ua/app/повітряна-тривога/id1611955391,159,ua
apps.apple.com/ua/app/nz-ua-журнали-та-щоденники/id1593698728,434,ua
apps.apple.com/gr/app/μετάφραση-google/id414706506?l=el,135,gr
apps.apple.com/us/app/gmail-email-by-google/id422689480,140,gr
apps.apple.com/us/app/facebook/id284882215,25,gr
apps.apple.com/us/app/google-translate/id414706506,21,gr
apps.apple.com/gr/app/skroutz/id419094013?l=el,73,gr
apps.apple.com/us/app/google-translate/id414706506,568,ro
apps.apple.com/us/app/gmail-email-by-google/id422689480,157,ro
apps.apple.com/us/app/facebook/id284882215,154,ro
apps.apple.com/ro/app/google-traducere/id414706506?l=ro,158,ro
apps.apple.com/ro/app/vorbește-traducă-traducere/id804641004?l=ro,30,ro
apps.apple.com/us/app/google-translate/id414706506,526,qa
apps.apple.com/us/app/gmail-email-by-google/id422689480,115,qa
apps.apple.com/us/app/instagram/id389801252,176,qa
apps.apple.com/ly/app/ترجمة-google/id414706506?l=ar,3,qa
apps.apple.com/us/app/facebook/id284882215,125,qa
apps.apple.com/ec/app/whats-web-watsapp-web/id6444021754,41,pe
apps.apple.com/pe/app/apuesta-total/id6741536936,114,pe
apps.apple.com/us/app/instagram/id389801252,151,pe
apps.apple.com/es/app/facebook/id284882215,740,pe
apps.apple.com/us/app/youtube/id544007664,18,pe
apps.apple.com/cz/app/jízdní-řády-idos/id473503749,47,cz
apps.apple.com/us/app/facebook/id284882215,272,cz
apps.apple.com/cz/app/překladač-google/id414706506?l=cs,26,cz
apps.apple.com/us/app/youtube/id544007664,4,cz
apps.apple.com/cz/app/překladač-itranslate/id288113403?l=cs,36,cz
apps.apple.com/us/app/gmail-email-by-google/id422689480,85,ie
apps.apple.com/us/app/facebook/id284882215,352,ie
apps.apple.com/us/app/google-translate/id414706506,89,ie
apps.apple.com/ie/app/google-maps/id585027354,35,ie
apps.apple.com/ie/app/google-translate/id414706506,25,ie
apps.apple.com/us/app/google-maps/id585027354,7,ie
apps.apple.com/ie/app/daft-ie/id346547065,5,ie
apps.apple.com/ie/app/boylesports-sports-betting-app/id505521160,5,ie
apps.apple.com/us/app/microsoft-onedrive/id477537958,34,ie
apps.apple.com/us/app/youtube/id544007664,25,ie
apps.apple.com/us/app/calculator/id398129933,35,ie
apps.apple.com/us/app/instagram/id389801252,32,ie
apps.apple.com/ie/app/skyscanner-flights-hotels-cars/id415458524,50,ie
apps.apple.com/ie/app/bet365-sports-betting/id519684662,34,ie
apps.apple.com/np/app/totalsportek-live-football/id6478613783,1,ie
apps.apple.com/gb/app/ryanair/id504270602,182,ie
apps.apple.com/ie/app/paddy-power-sports-betting/id382030091,2,ie
apps.apple.com/us/app/yahoo-mail/id577586159,43,ie
apps.apple.com/us/app/x/id333903271,217,ie
apps.apple.com/bb/app/totalsportek-live-football/id6478613783,8,ie
apps.apple.com/us/app/microsoft-teams/id1113153706,15,ie
apps.apple.com/ie/app/irish-independent-news/id335158729,108,ie
apps.apple.com/us/app/ticketmaster-buy-sell-tickets/id500003565,19,ie
apps.apple.com/us/app/microsoft-outlook/id951937596,45,ie
apps.apple.com/ie/app/rté-news/id355836123,71,ie
apps.apple.com/us/app/booking-com-hotels-travel/id367003839,61,ie
apps.apple.com/ie/app/sunday-world-news/id1525191036,10,ie
apps.apple.com/us/app/pinterest/id429047995,4,ie
apps.apple.com/us/app/journal/id6447391597,75,ie
apps.apple.com/us/app/wordle/id1095569891,11,ie
apps.apple.com/ie/app/national-lottery-lottery-ie/id333559134,25,ie
apps.apple.com/us/app/flashscore-live-scores-news/id766443283,4,ie
apps.apple.com/bw/app/123movies/id6443967453,19,ie
apps.apple.com/us/app/chatgpt/id6448311069,4,ie
apps.apple.com/us/app/tiktok-videos-shop-live/id835599320,40,ie
apps.apple.com/ie/app/eir/id6482999932,16,ie
apps.apple.com/ie/app/rté-player/id484129073,9,ie
apps.apple.com/ie/app/virgin-media-play/id602597705,9,ie
apps.apple.com/us/app/livescore-live-sports-scores/id356928178,1,ie
apps.apple.com/us/app/solitaire/id359917414,23,ie
apps.apple.com/ie/app/shein-shopping-online/id878577184,19,ie
apps.apple.com/us/app/google-classroom/id924620788,18,ie
apps.apple.com/ie/app/rté-radio-player/id470493202,8,ie
apps.apple.com/gb/app/fabguys-official/id6741927960,9,ie
apps.apple.com/us/app/marinetraffic-ship-tracking/id563910324,57,ie
apps.apple.com/us/app/google-docs/id842842640,43,ie
apps.apple.com/us/app/google-drive/id507874739,51,ie
apps.apple.com/us/app/google-chrome/id535886823,48,ie
apps.apple.com/us/app/shein-shopping-online/id878577184,1,ie
apps.apple.com/fi/app/myflixer-movies-series-hub/id6470911189,33,ie
apps.apple.com/ie/app/cineworld-cinemas/id1181953841,15,ie
apps.apple.com/us/app/spotify-music-and-podcasts/id324684580,3,ie
apps.apple.com/ie/app/solitaire-bliss-collection/id1436441155,21,ie
apps.apple.com/ie/app/bestsecret/id475731082,22,ie
apps.apple.com/us/app/grindr-gay-dating-chat/id319881193,10,ie
apps.apple.com/us/app/bitlife-life-simulator/id1374403536,10,ie
apps.apple.com/ie/app/flyefit/id6444167205,35,ie
apps.apple.com/us/app/firestick-remote-control/id1492703474,38,ie
apps.apple.com/ie/app/whats-the-scór/id1457635498,1,ie
apps.apple.com/ie/app/aircoach/id6443706721,6,ie
apps.apple.com/ie/app/william-hill-sports-betting/id6470913794,1,ie
apps.apple.com/ie/app/accuweather-weather-forecast/id300048137,18,ie
apps.apple.com/ie/app/prepaypower/id1047835241,6,ie
apps.apple.com/ie/app/midwest-radio/id867613131,97,ie
apps.apple.com/ie/app/my3/id1477339641,999,ie
apps.apple.com/us/app/coinmarketcap-crypto-tracker/id1282107098,997,ie
apps.apple.com/ie/app/block-blast/id1617391485,995,ie
apps.apple.com/ie/app/betvictor-sports-bets-casino/id564194423,993,ie
apps.apple.com/ie/app/google-news/id459182288,957,ie
apps.apple.com/ug/app/mangakakalot-manga-reader/id1571466647,950,ie
apps.apple.com/ie/app/9anime/id1561532117,929,ie
apps.apple.com/ie/app/very-ireland-online-shopping/id6450012590,911,ie
apps.apple.com/us/app/amazon-chime/id1183436022,906,ie
apps.apple.com/us/app/amazon-alexa/id944011620,895,ie
apps.apple.com/ie/app/dublin-live/id1248402008,892,ie
apps.apple.com/ie/app/the-irish-times-news/id365544593,891,ie
apps.apple.com/ie/app/permanent-tsb/id588969201,891,ie
apps.apple.com/us/app/pandora-music-podcasts/id284035177,877,ie
apps.apple.com/ie/app/my-vodafone-ireland/id450785639,871,ie
apps.apple.com/us/app/geometry-dash/id625334537,868,ie
apps.apple.com/ie/app/breakingnews-ie/id432922098,852,ie
apps.apple.com/us/app/hdtoday/id1581472192,832,ie
apps.apple.com/ie/app/eventbrite/id487922291,828,ie
apps.apple.com/ie/app/vinted-shop-sell-pre-loved/id632064380,813,ie
apps.apple.com/gb/app/xcweather/id1093480930,813,ie
apps.apple.com/ie/app/my-sky/id880575127,812,ie
apps.apple.com/us/app/wp-poczta/id1164870575,810,ie
apps.apple.com/ie/app/tui-holiday-flights-travel/id643831079,800,ie
apps.apple.com/us/app/quillbot-ai-writing-keyboard/id6463116243,796,ie
apps.apple.com/gb/app/amazon-shopping/id335187483,772,ie
apps.apple.com/us/app/contexto-word-guess/id6444560675,769,ie
apps.apple.com/ie/app/dhgate-online-wholesale-stores/id905869418,765,ie
apps.apple.com/ie/app/dart-times/id336037850,746,ie
apps.apple.com/us/app/picrew-oc-maker-pfp/id6477856733,742,ie
apps.apple.com/us/app/google/id284815942,737,ie
apps.apple.com/ie/app/prettylittlething/id1138840268,734,ie
apps.apple.com/ie/app/sporting-life-news-results/id1345907668,731,ie
apps.apple.com/rs/app/google-prevoditelj/id414706506?l=hr,727,ie
apps.apple.com/us/app/flightradar24-flight-tracker/id382233851,725,ie
apps.apple.com/ie/app/aladdin-schools-connect/id1314919034,722,ie
apps.apple.com/lv/app/adverts-ie/id433407256,717,ie
apps.apple.com/us/app/snake-io-fun-online-snake/id1104692136,715,ie
apps.apple.com/ie/app/teanglann/id1152438808,714,ie
apps.apple.com/ie/app/my-aurora-forecast-alerts/id1073082439,711,ie
apps.apple.com/ie/app/loveholidays-hotels-flights/id1516803437,705,ie
apps.apple.com/us/app/tinder-dating-app-date-chat/id547702041,705,ie
apps.apple.com/ie/app/h-m/id834465911,703,ie
apps.apple.com/us/app/futbin-fc-26-evolutions-more/id1080465358,697,ie
apps.apple.com/us/app/mobdro-live-tv-iptv-hd-player/id1474851344,696,ie
apps.apple.com/us/app/compass/id1067456176,693,ie
apps.apple.com/ie/app/find-my-iphone/id376101648,681,ie
apps.apple.com/us/app/microsoft-authenticator/id983156458,675,ie
apps.apple.com/us/app/spin-the-wheel-random-picker/id1467343690,668,ie
apps.apple.com/ie/app/new-look-fashion-online/id466391488,668,ie
apps.apple.com/us/app/snapchat/id447188370,667,ie
apps.apple.com/us/app/google-news/id459182288,664,ie
apps.apple.com/us/app/gardenscapes/id1105855019,661,ie
apps.apple.com/us/app/amazon-kindle/id302584613,660,ie
apps.apple.com/ie/app/aib-mobile/id468042881,647,ie
apps.apple.com/ie/app/xe-money-transfer-currency/id315241195,641,ie
apps.apple.com/us/app/bridge-base-online-bbo/id529258853,638,ie
apps.apple.com/au/app/mygov/id938033081,635,ie
apps.apple.com/us/app/slither-io/id1091944550,617,ie
apps.apple.com/gb/app/smartcric-hd-live-cricket-tv/id6504743772,606,ie
apps.apple.com/ie/app/boylesports-bet-tracker/id1201236438,606,ie
apps.apple.com/sa/app/eircode-finder/id797577306,597,ie
apps.apple.com/us/app/santa-tracker-track-santa/id1059325444,595,ie
apps.apple.com/ie/app/betfair-sports-betting/id552024276,594,ie
apps.apple.com/ie/app/gillexplore/id623351192,593,ie
apps.apple.com/ie/app/dublin-coach-the-big-green-bus/id1532897171,592,ie
apps.apple.com/ie/app/centra/id460520272,582,ie
apps.apple.com/ie/app/myhome-ie/id368923847,579,ie
apps.apple.com/es/app/traductor-de-google/id414706506,571,ie
apps.apple.com/us/app/8-ball-pool/id543186831,571,ie
apps.apple.com/ie/app/seesaw/id930565184,569,ie
apps.apple.com/ie/app/ladbrokes-sports-betting-app/id395505438,569,ie
apps.apple.com/il/app/google-translate/id414706506?l=he,382,il
apps.apple.com/il/app/ynet/id424830861,209,il
apps.apple.com/il/app/12-שידור-חי-ו-vod-של-ערוץ-12/id400905807,78,il
apps.apple.com/il/app/aliexpress-shopping-app/id436672029?l=he,50,il
apps.apple.com/il/app/youtube/id544007664?l=he,49,il
apps.apple.com/il/app/אפליקציית-החדשות-של-ישראל-n12/id333211486,138,il
apps.apple.com/il/app/mako-app/id340173260,192,il
apps.apple.com/il/app/יד2-yad2/id406318295,6,il
apps.apple.com/il/app/rotter-net/id413221896,27,il
apps.apple.com/us/app/וואלה/id336751384,126,il
apps.apple.com/us/app/gmail-email-by-google/id422689480,18,il
apps.apple.com/il/app/facebook/id284882215?l=he,176,il
apps.apple.com/us/app/youtube/id544007664,92,il
apps.apple.com/us/app/facebook/id284882215,1,il
apps.apple.com/by/app/قصة-عشق-arabseed-ايجي-بست/id6501995129,78,il
apps.apple.com/il/app/כיכר-השבת/id949804489,20,il
apps.apple.com/il/app/חמ-ל-חדשות-מתפרצות-בזמן-אמת/id1209005985,47,il
apps.apple.com/il/app/instagram/id389801252?l=he,28,il
apps.apple.com/us/app/google-maps/id585027354,409,il
apps.apple.com/us/app/x/id333903271,7,il
apps.apple.com/il/app/משחקים-עבור-2-3-4-שחקנים/id1269516792?l=he,104,il
apps.apple.com/us/app/skyscanner-flights-hotels-cars/id415458524,107,il
apps.apple.com/us/app/chatgpt/id6448311069,24,il
apps.apple.com/il/app/booking-com-hotels-travel/id367003839?l=he,16,il
apps.apple.com/il/app/google-maps/id585027354?l=he,7,il
apps.apple.com/il/app/בהצדעה/id6444609458,53,il
apps.apple.com/sn/app/قصة-عشق-arabseed-ايجي-بست/id6501995129,25,il
apps.apple.com/il/app/gmail-email-by-google/id422689480?l=he,43,il
apps.apple.com/us/app/tiktok-videos-shop-live/id835599320,15,il
apps.apple.com/il/app/רכבת-ישראל-israel-railways/id482854019?l=he,9,il
apps.apple.com/il/app/בחדרי-חרדים/id6738907585,34,il
apps.apple.com/us/app/instagram/id389801252,24,il
apps.apple.com/il/app/one-co-il/id337064110,72,il
apps.apple.com/il/app/moviesjoy/id6477715738?l=he,12,il
apps.apple.com/il/app/משוב-תלמידים-והורים/id683777271,23,il
apps.apple.com/us/app/רופא-און-ליין-של-כללית/id1518569578,11,il
apps.apple.com/us/app/google-translate/id414706506,10,il
apps.apple.com/us/app/whatsapp-messenger/id310633997,17,il
apps.apple.com/il/app/zuzu-זוזו/id1661151281,3,il
apps.apple.com/il/app/canva-עריכת-סרטונים-ותמונות/id897446215?l=he,43,il
apps.apple.com/il/app/וואלה/id336751384,38,il
apps.apple.com/il/app/globes-גלובס/id432767502,9,il
apps.apple.com/il/app/whatsapp-messenger/id310633997?l=he,25,il
apps.apple.com/us/app/cal-כאל/id586226158,5,il
apps.apple.com/il/app/ישראל-היום/id537604690,58,il
apps.apple.com/il/app/מכם-גשם/id1378607291?l=he,52,il
apps.apple.com/il/app/מתרגם-תרגום-מאנגלית-לעברית/id1610275049?l=he,23,il
apps.apple.com/il/app/iherb-ויטמינים-ותוספי-תזונה/id636609212?l=he,2,il
apps.apple.com/il/app/pinterest/id429047995?l=he,34,il
apps.apple.com/il/app/וולט-משלוחי-אוכל-ועוד/id943905271?l=he,27,il
apps.apple.com/il/app/מחירון-רכב-לוי-יצחק-2-0/id1478184705,65,il
apps.apple.com/il/app/דברו-ותרגמו-תרגום/id804641004?l=he,16,il
apps.apple.com/il/app/רמי-לוי-באינטרנט/id921953148,25,il
apps.apple.com/il/app/winner-ווינר/id531351160,12,il
apps.apple.com/il/app/livegames-לייב-גיימס/id363497293,29,il
apps.apple.com/il/app/סוליטר-1-משחק-קלפים-קלאסי/id1073936461?l=he,18,il
apps.apple.com/il/app/באבלס/id604044220?l=he,4,il
apps.apple.com/il/app/shein-קניות-באינטרנט/id878577184?l=he,19,il
apps.apple.com/us/app/discord-talk-play-hang-out/id985746746,9,il
apps.apple.com/us/app/shein-shopping-online/id878577184,24,il
apps.apple.com/il/app/zara/id547951480?l=he,1,il
apps.apple.com/us/app/bet365-sportsbook-casino/id1465717844,7,il
apps.apple.com/tn/app/google-classroom/id924620788?l=ar,10,il
apps.apple.com/us/app/perplexity-ai-search-chat/id1668000334,32,il
apps.apple.com/us/app/wordle/id1095569891,1,il
apps.apple.com/il/app/kayak-טיסות-מלונות-ורכב/id305204535?l=he,2,il
apps.apple.com/il/app/רדיו-קול-חי/id1008081262,18,il
apps.apple.com/us/app/spotify-music-and-podcasts/id324684580,5,il
apps.apple.com/il/app/התשחץ-שלי/id1137440163,6,il
apps.apple.com/il/app/מתגייסים-mitgaisim/id6443939607,14,il
apps.apple.com/ae/app/يلا-مباريات-يلا-شوت-كوورة/id1251063872,37,il
apps.apple.com/il/app/לאומי/id337963192,7,il
apps.apple.com/il/app/panet-بانيت/id509303605?l=he,6,il
apps.apple.com/us/app/yahoo-finance-stocks-news/id328412701,46,il
apps.apple.com/us/app/tiktek/id1007492008,24,il
apps.apple.com/il/app/רב-קו-אונליין/id1468252492?l=he,37,il
apps.apple.com/us/app/netflix/id363590051,11,il
apps.apple.com/bw/app/123movies/id6443967453,89,il
apps.apple.com/tt/app/רובי-הבוט/id6502900785,65,il
apps.apple.com/il/app/365scores-תוצאות-בזמן-אמת/id571801488?l=he,13,il
apps.apple.com/np/app/totalsportek-live-football/id6478613783,17,il
apps.apple.com/il/app/myvisit-instant-appointment/id757791366,31,il
apps.apple.com/il/app/תיק-עובד/id6468950938,9,il
apps.apple.com/il/app/terminal-x/id1527275183,7,il
apps.apple.com/il/app/skyscanner-דילים-לנסיעות/id415458524?l=he,7,il
apps.apple.com/us/app/cnn-live-breaking-news/id331786748,5,il
apps.apple.com/il/app/כאן-חינוכית/id1326766092,17,il
apps.apple.com/il/app/roblox/id431946152?l=he,9,il
apps.apple.com/il/app/ynetnews/id6596741055?l=he,6,il
apps.apple.com/il/app/tnx/id6443753263,24,il
apps.apple.com/il/app/google-translate/id414706506,21,il
apps.apple.com/ru/app/одноклассники-социальная-сеть/id398465290,4,il
apps.apple.com/il/app/google-drive/id507874739?l=he,5,il
apps.apple.com/il/app/הבינלאומי/id1071401107,10,il
apps.apple.com/us/app/9anime/id1561532117,5,il
apps.apple.com/il/app/claude-by-anthropic/id6473753684?l=he,31,il
apps.apple.com/il/app/isracard-ישראכרט/id489783331,20,il
apps.apple.com/us/app/liveball/id1580936245?l=ru,2,il
apps.apple.com/us/app/temu-shop-like-a-billionaire/id1641486558,24,il
apps.apple.com/il/app/כללית-active/id1536945274?l=he,20,il
apps.apple.com/us/app/kahoot-play-create-quizzes/id1131203560,28,il
apps.apple.com/us/app/14-live/id6462863084,8,il
apps.apple.com/il/app/zoom-workplace/id546505307?l=he,11,il
apps.apple.com/il/app/kahoot-play-create-quizzes/id1131203560?l=he,21,il
apps.apple.com/ly/app/ترجمة-google/id414706506?l=ar,13,il
apps.apple.com/us/app/google-docs/id842842640,10,il
apps.apple.com/us/app/flightradar24-flight-tracker/id382233851,6,il
apps.apple.com/il/app/אוצר-החייל-הבנק-הבינלאומי/id1085068418,4,il
apps.apple.com/hu/app/google-fordító/id414706506?l=hu,294,hu
apps.apple.com/us/app/gmail-email-by-google/id422689480,104,hu
apps.apple.com/us/app/facebook/id284882215,126,hu
apps.apple.com/hu/app/google-térkép/id585027354?l=hu,3,hu
apps.apple.com/us/app/google-maps/id585027354,9,hu
apps.apple.com/hu/app/tippmix-radar-2-0/id6480585867,78,hu
apps.apple.com/es/app/vágyaid/id1541674646,70,hu
apps.apple.com/us/app/google-translate/id414706506,37,hu
apps.apple.com/hu/app/tippmixpro/id6449975437,30,hu
apps.apple.com/us/app/google-classroom/id924620788,14,hu
apps.apple.com/hu/app/pasziánsz-1-kártyajátékok/id1073936461?l=hu,4,hu
apps.apple.com/hu/app/jófogás/id1064914384,23,hu
apps.apple.com/us/app/instagram/id389801252,50,hu
apps.apple.com/us/app/google/id284815942,33,hu
apps.apple.com/us/app/pinterest/id429047995,98,hu
apps.apple.com/us/app/youtube/id544007664,43,hu
apps.apple.com/us/app/kahoot-play-create-quizzes/id1131203560,31,hu
apps.apple.com/hu/app/vinted-használtat-könnyedén/id632064380?l=hu,24,hu
apps.apple.com/hu/app/farmerama-mobile/id6449261101,15,hu
apps.apple.com/hu/app/zeneletöltő-és-lejátszó/id1447312762?l=hu,35,hu
apps.apple.com/hu/app/freemail/id1644347195,6,hu
apps.apple.com/hu/app/randivonal-hu/id703473994,27,hu
apps.apple.com/hu/app/badoo-randiapp-és-barátok/id351331194?l=hu,3,hu
apps.apple.com/hu/app/egészségablak/id1550970543,33,hu
apps.apple.com/us/app/roblox/id431946152,34,hu
apps.apple.com/hu/app/x/id333903271?l=hu,3,hu
apps.apple.com/hu/app/videó-szerkesztő-fotó/id1460222275?l=hu,9,hu
apps.apple.com/us/app/flightradar24-flight-tracker/id382233851,10,hu
apps.apple.com/hu/app/beszéljen-fordítson-fordító/id804641004?l=hu,117,hu
apps.apple.com/hu/app/angol-magyar-fordítás/id1636096661?l=hu,32,hu
apps.apple.com/us/app/microsoft-teams/id1113153706,1,hu
apps.apple.com/us/app/messenger/id454638411,12,hu
apps.apple.com/hu/app/messenger/id454638411?l=hu,12,hu
apps.apple.com/hu/app/alza/id582287621?l=hu,4,hu
apps.apple.com/hu/app/shein-vásárlás-online/id878577184?l=hu,3,hu
apps.apple.com/us/app/tiktok-videos-shop-live/id835599320,16,hu
apps.apple.com/us/app/deepl-translate/id1552407475,5,hu
apps.apple.com/us/app/otp-bank-hu/id1403268557,29,hu
apps.apple.com/hu/app/gaminator-casino-slots-games/id986383869?l=hu,41,hu
apps.apple.com/hu/app/fordító-angol-magyar-fordito/id1610275049?l=hu,1,hu
apps.apple.com/us/app/skyscanner-flights-hotels-cars/id415458524,59,hu
apps.apple.com/us/app/google-drive/id507874739,10,hu
apps.apple.com/us/app/x/id333903271,18,hu
apps.apple.com/hu/app/qr-kod-olvaso/id1510307885?l=hu,29,hu
apps.apple.com/hu/app/bestsecret/id475731082?l=hu,6,hu
apps.apple.com/hu/app/profession-hu-állások-azonnal/id1044978313?l=hu,6,hu
apps.apple.com/hu/app/my-online-rádió-magyar/id1457210365,4,hu
apps.apple.com/us/app/chatgpt/id6448311069,32,hu
apps.apple.com/hu/app/tv2-play/id1576694205,2,hu
apps.apple.com/hu/app/toca-boca-world/id1208138685?l=hu,10,hu
apps.apple.com/hu/app/aliexpress-shopping-app/id436672029?l=hu,990,hu
apps.apple.com/hu/app/one-alkalmazás/id1222555169?l=hu,953,hu
apps.apple.com/hu/app/rtl-magyarország/id561704622,950,hu
apps.apple.com/us/app/whatsapp-messenger/id310633997,933,hu
apps.apple.com/hu/app/george-magyarország/id1127715082?l=hu,909,hu
apps.apple.com/hu/app/ticketswap-buy-sell-tickets/id932337449?l=hu,907,hu
apps.apple.com/hu/app/fájlok/id1232058109?l=hu,906,hu
apps.apple.com/hu/app/ingatlan-com/id1319814184,905,hu
apps.apple.com/hu/app/shazam-find-music-concerts/id284993459?l=hu,901,hu
apps.apple.com/us/app/music-downloader-mp3-player/id1447312762,880,hu
apps.apple.com/hu/app/eredmenyek-sport-élőben/id766443283?l=hu,864,hu
apps.apple.com/us/app/perplexity-ai-search-chat/id1668000334,860,hu
apps.apple.com/ee/app/eeszt-covid-control/id1545742300,858,hu
apps.apple.com/us/app/coinmarketcap-crypto-tracker/id1282107098,858,hu
apps.apple.com/us/app/fanfiction-ao3-unofficial/id6479576634,847,hu
apps.apple.com/us/app/fortnite/id6483539426,846,hu
apps.apple.com/hu/app/telekom-tv-go/id1498611604,813,hu
apps.apple.com/ae/app/port-tv/id541579449,779,hu
apps.apple.com/hu/app/máv/id6739560957,772,hu
apps.apple.com/us/app/google-docs/id842842640,759,hu
apps.apple.com/hu/app/apple-wallet/id1160481993?l=hu,754,hu
apps.apple.com/hu/app/mobilfox-app/id6479883294?l=hu,753,hu
apps.apple.com/hu/app/elvenar-fantasy-kingdom/id1163240549,741,hu
apps.apple.com/hu/app/zooplus-online-kisállat-bolt/id582639260?l=hu,740,hu
apps.apple.com/hu/app/legjobb-csengőhangok-2025/id1457775640?l=hu,736,hu
apps.apple.com/us/app/youtube-kids/id936971630,733,hu
apps.apple.com/hu/app/hangrögzítő/id1440401331?l=hu,733,hu
apps.apple.com/us/app/soundcloud-the-music-you-love/id336353151,729,hu
apps.apple.com/hu/app/penny-magyarország/id1548691700,727,hu
apps.apple.com/us/app/mangago-ultimate-manga-app/id6553989464,727,hu
apps.apple.com/hu/app/facebook/id284882215,716,hu
apps.apple.com/hu/app/george-magyarország/id1127715082,713,hu
apps.apple.com/us/app/airbnb/id401626263,693,hu
apps.apple.com/hu/app/digitális-oltási-igazolvány/id6745007127,683,hu
apps.apple.com/hu/app/szókereső-magyar/id1093495862,671,hu
apps.apple.com/us/app/character-ai-chat-talk-text/id1671705818,664,hu
apps.apple.com/us/app/k-h-mobilbank/id653553830,659,hu
apps.apple.com/hu/app/waze-navigáció-és-élő-forgalom/id323229106?l=hu,658,hu
apps.apple.com/hu/app/yazio-kalóriaszámláló/id946099227?l=hu,656,hu
apps.apple.com/hu/app/big-farm-mobile-harvest/id1215668882?l=hu,654,hu
apps.apple.com/de/app/kleinanzeigen-jetzt-ohne-ebay/id382596778,651,hu
apps.apple.com/us/app/youtube-music/id1017492454,649,hu
apps.apple.com/us/app/icsekk/id527515550,643,hu
apps.apple.com/hu/app/ecipo-hu-divatos-cipők-online/id1255795344?l=hu,634,hu
apps.apple.com/hu/app/lime-ridegreen/id1199780189?l=hu,631,hu
apps.apple.com/us/app/among-us/id1351168404,631,hu
apps.apple.com/us/app/google-earth/id293622097,629,hu
apps.apple.com/hu/app/cronos-társkeresés-könnyedén/id1641324041,629,hu
apps.apple.com/us/app/brawl-stars/id1229016807,619,hu
apps.apple.com/us/app/apple-wallet/id1160481993,617,hu
apps.apple.com/us/app/bet365-sportsbook-casino/id1465717844,614,hu
apps.apple.com/us/app/autoscout24-cars-for-sale/id311785642,608,hu
apps.apple.com/hu/app/microsoft-authenticator/id983156458?l=hu,608,hu
apps.apple.com/hu/app/yettel-tv-hungary/id6443989485,605,hu
apps.apple.com/hu/app/időjárás-és-radar-megbízható/id545993260?l=hu,602,hu
apps.apple.com/hu/app/tesco-online-hu/id844568009,601,hu
apps.apple.com/hu/app/honfoglaló/id1520397866?l=hu,597,hu
apps.apple.com/hu/app/microsoft-copilot/id6472538445?l=hu,592,hu
apps.apple.com/hu/app/mydates-hosszantartó-szerelem/id1435307278?l=hu,592,hu
apps.apple.com/hu/app/samsung-smart-switch-mobile/id1571429529?l=hu,589,hu
apps.apple.com/hu/app/trendyol-divat-trendek/id524362642?l=hu,577,hu
apps.apple.com/hu/app/pizza-forte/id1497294061,565,hu
apps.apple.com/hu/app/képszerkesztő-perfect-image/id464660903?l=hu,545,hu
apps.apple.com/us/app/free-mp4-converter/id693443591,544,hu
apps.apple.com/us/app/2-player-games-offline-games/id1465731199,535,hu
apps.apple.com/hu/app/glamour-hungary/id1206929195,522,hu
apps.apple.com/us/app/spotify-music-and-podcasts/id324684580,521,hu
apps.apple.com/hu/app/offline-games-no-wifi-games/id6448104157?l=hu,519,hu
apps.apple.com/us/app/geometry-dash-lite/id698255242,517,hu
apps.apple.com/hu/app/photomath/id919087726?l=hu,516,hu
apps.apple.com/hu/app/kovács-autóalkatrész/id6473528983,516,hu
apps.apple.com/hu/app/emag-hu/id999395947,511,hu
apps.apple.com/hu/app/mvlsz/id1055722813,495,hu
apps.apple.com/hu/app/tecfood-mymenu/id1018841523?l=hu,495,hu
apps.apple.com/us/app/mcdonalds/id922103212,493,hu
apps.apple.com/hu/app/suno-ai-songs-music-maker/id6480136315,487,hu
apps.apple.com/hu/app/cityfood/id1672568836,484,hu
apps.apple.com/hu/app/speechify-szövegfelolvasó/id1209815023?l=hu,478,hu
apps.apple.com/us/app/telegram-messenger/id686449807,477,hu
apps.apple.com/us/app/9anime/id1561532117,475,hu
apps.apple.com/us/app/indeed-job-search/id309735670,475,hu
apps.apple.com/us/app/truth-social/id1586018825,471,hu
apps.apple.com/hu/app/mcdonalds/id1217507712?l=hu,470,hu
apps.apple.com/hu/app/popcat-click/id1585620645?l=hu,470,hu
apps.apple.com/hu/app/fotó-kollázs-kép-szerkesztő/id1472157401?l=hu,467,hu
apps.apple.com/us/app/futbin-fc-26-evolutions-more/id1080465358,465,hu
apps.apple.com/hu/app/iránytű/id1067456176?l=hu,460,hu
apps.apple.com/hu/app/kréta-szülőknek/id1478880456,454,hu
apps.apple.com/hu/app/words-of-wonders-szó-puzzle/id1369521645?l=hu,453,hu
apps.apple.com/us/app/scribble-it-draw-guess/id6670752048,440,hu
apps.apple.com/us/app/google-authenticator/id388497605,430,hu
apps.apple.com/hu/app/cib-bank/id1069396158?l=hu,419,hu
apps.apple.com/hu/app/google-authenticator/id388497605?l=hu,419,hu
apps.apple.com/hu/app/lokator-app-telefon-kereső/id1669041518?l=hu,419,hu
apps.apple.com/us/app/microsoft-bing-search/id345323231,415,hu
apps.apple.com/us/app/vissel-kobe-official-app/id1085551322,413,hu
apps.apple.com/us/app/anydesk-remote-desktop/id1176131273,412,hu
apps.apple.com/hu/app/üzenetek/id1146560473?l=hu,410,hu
apps.apple.com/hu/app/közlekedési-mobiljegy/id1340923156?l=hu,409,hu
apps.apple.com/hu/app/microsoft-teams/id1113153706?l=hu,408,hu
apps.apple.com/fi/app/puhu-käännä-kääntäjä/id804641004?l=fi,96,fi
apps.apple.com/fi/app/google-kääntäjä/id414706506?l=fi,270,fi
apps.apple.com/us/app/google-translate/id414706506,80,fi
apps.apple.com/us/app/facebook/id284882215,17,fi
apps.apple.com/us/app/google-maps/id585027354,15,fi
apps.apple.com/us/app/youtube/id544007664,34,fi
apps.apple.com/fi/app/tori-fi/id505943449,4,fi
apps.apple.com/us/app/gmail-email-by-google/id422689480,65,fi
apps.apple.com/fi/app/flashscore-livetulokset/id766443283?l=fi,15,fi
apps.apple.com/fi/app/telkku-tv-opas/id710386311,24,fi
apps.apple.com/us/app/kahoot-play-create-quizzes/id1131203560,14,fi
apps.apple.com/us/app/ebay-online-shopping-selling/id282614216,4,fi
apps.apple.com/dz/app/tori-fi/id505943449,4,fi
apps.apple.com/us/app/etuovi-com/id6446406065,88,fi
apps.apple.com/us/app/instagram/id389801252,9,fi
apps.apple.com/fi/app/is-ilta-sanomat/id368549037,50,fi
apps.apple.com/fi/app/unibet-live-vedonlyönti/id463335337?l=fi,1,fi
apps.apple.com/fi/app/expressen-nyheter/id720666319?l=fi,21,fi
apps.apple.com/us/app/x/id333903271,6,fi
apps.apple.com/us/app/uutiset-ampparit-com/id673931936,10,fi
apps.apple.com/fi/app/matkahuolto-paketit/id1585923810,7,fi
apps.apple.com/fi/app/nettimoto/id495629917,84,fi
apps.apple.com/fi/app/oikotie-myytävät-asunnot/id1339632411,33,fi
apps.apple.com/fi/app/paf-kasino-vedonlyönti/id6496201253,18,fi
apps.apple.com/fi/app/is-supersää/id657765123,2,fi
apps.apple.com/fi/app/fonecta-caller/id491692344?l=fi,1,fi
apps.apple.com/us/app/microsoft-outlook/id951937596,36,fi
apps.apple.com/us/app/marinetraffic-ship-tracking/id563910324,20,fi
apps.apple.com/fi/app/junat-kartalla/id1329375516,11,fi
apps.apple.com/fi/app/omaposti/id410789057,11,fi
apps.apple.com/us/app/flightradar24-flight-tracker/id382233851,56,fi
apps.apple.com/us/app/skyscanner-flights-hotels-cars/id415458524,10,fi
apps.apple.com/fi/app/velada-restaurantes-top/id1491070752?l=fi,3,fi
apps.apple.com/fi/app/omaelisa/id964447850,2,fi
apps.apple.com/us/app/google-classroom/id924620788,2,fi
apps.apple.com/fi/app/pasianssi-suomeksi/id1436441155?l=fi,1,fi
apps.apple.com/fi/app/brawl-stars/id1229016807?l=fi,10,fi
apps.apple.com/us/app/reddit/id1064216828,6,fi
apps.apple.com/fi/app/kik-messaging-chat-app/id357218860?l=fi,8,fi
apps.apple.com/fi/app/ticketmaster-osta-liput/id500003565?l=fi,60,fi
apps.apple.com/fi/app/e-kontakti/id1506240155,31,fi
apps.apple.com/us/app/pinterest/id429047995,3,fi
apps.apple.com/fi/app/google-maps/id585027354?l=fi,1,fi
apps.apple.com/fi/app/itranslate-kääntäjä/id288113403?l=fi,14,fi
apps.apple.com/us/app/tiktok-videos-shop-live/id835599320,3,fi
apps.apple.com/fi/app/k-ruoka/id1012903895,1,fi
apps.apple.com/fi/app/yle-areena/id542317657,22,fi
apps.apple.com/us/app/wordle/id1095569891,6,fi
apps.apple.com/fi/app/vinted-käytettyä-kaikille/id632064380?l=fi,31,fi
apps.apple.com/us/app/airbnb/id401626263,44,fi
apps.apple.com/ug/app/mangakakalot-manga-reader/id1571466647,9,fi
apps.apple.com/us/app/google-docs/id842842640,15,fi
apps.apple.com/us/app/google-drive/id507874739,35,fi
apps.apple.com/fi/app/aurinkomatkat/id1124060618,7,fi
apps.apple.com/fi/app/op-mobile/id767393591,4,fi
apps.apple.com/us/app/discord-talk-play-hang-out/id985746746,1,fi
apps.apple.com/us/app/booking-com-hotels-travel/id367003839,4,fi
apps.apple.com/fi/app/kouvolan-sanomat/id6477534843,10,fi
apps.apple.com/gb/app/bet365-sports-betting/id519684662,1,fi
apps.apple.com/fi/app/gmail-sähköposti-googlelta/id422689480?l=fi,20,fi
apps.apple.com/us/app/whatsapp-messenger/id310633997,30,fi
apps.apple.com/us/app/lightningmaps/id6463732506,7,fi
apps.apple.com/us/app/deepl-translate/id1552407475,37,fi
apps.apple.com/us/app/twitch-live-streaming/id460177396,4,fi
apps.apple.com/us/app/geogebra-classic-6/id1182481622,1,fi
apps.apple.com/fi/app/badoo-tapaa-uusia-ihmisiä/id351331194?l=fi,637,fi
apps.apple.com/fi/app/snake-97-retro-klassikko/id438052745?l=fi,628,fi
apps.apple.com/us/app/telegram-messenger/id686449807,625,fi
apps.apple.com/us/app/hdtoday/id1581472192,605,fi
apps.apple.com/fi/app/mangakakalot-manga-reader/id1571466647?l=fi,605,fi
apps.apple.com/us/app/cruisemapper/id1032294427,595,fi
apps.apple.com/us/app/flip-a-coin-app/id898035102,594,fi
apps.apple.com/fi/app/google-gemini/id6477489729?l=fi,592,fi
apps.apple.com/fi/app/bolt-pyydä-kyyti/id675033630?l=fi,586,fi
apps.apple.com/de/app/g2g/id6443876260?l=en-GB,577,fi
apps.apple.com/us/app/microsoft-word/id586447913,573,fi
apps.apple.com/se/app/blocket-köp-sälj-begagnat/id323710525,570,fi
apps.apple.com/us/app/among-us/id1351168404,562,fi
apps.apple.com/us/app/google/id284815942,558,fi
apps.apple.com/fi/app/valuuttamuunnin-kauppalehti/id1457309557?l=fi,552,fi
apps.apple.com/fi/app/talouselämä/id523564849,543,fi
apps.apple.com/fi/app/ifolor-kuvakirjat-valokuvat/id480599198?l=fi,542,fi
apps.apple.com/us/app/quizlet-more-than-flashcards/id546473125,533,fi
apps.apple.com/us/app/google-chrome/id535886823,532,fi
apps.apple.com/fi/app/kalenteri/id1108185179?l=fi,530,fi
apps.apple.com/fi/app/google-translate/id414706506,530,fi
apps.apple.com/fi/app/tinder/id547702041?l=fi,515,fi
apps.apple.com/us/app/google-earth/id293622097,512,fi
apps.apple.com/ru/app/mail-почта-облако-календарь/id511310430,501,fi
apps.apple.com/us/app/flixster-showtimes-tickets/id284235722,486,fi
apps.apple.com/fi/app/popcat-click/id1585620645?l=fi,480,fi
apps.apple.com/us/app/katamari-damacy-rolling-live/id6449352814,471,fi
apps.apple.com/fi/app/intune-yritysportaali/id719171358?l=fi,466,fi
apps.apple.com/fi/app/mascus/id1387805230?l=fi,463,fi
apps.apple.com/us/app/õhtuleht/id436999382,462,fi
apps.apple.com/fi/app/s-mobiili/id740514933?l=fi,444,fi
apps.apple.com/us/app/fanfiction-ao3-unofficial/id6479576634,444,fi
apps.apple.com/us/app/linkedin-network-job-finder/id288429040,429,fi
apps.apple.com/fi/app/resurs-bank/id1530346386?l=fi,420,fi
apps.apple.com/th/app/google-แปลภาษา/id414706506?l=th,420,fi
apps.apple.com/us/app/yandex-browser/id483693909,407,fi
apps.apple.com/us/app/hobbyhall-fi-verkkokauppa/id1605744015,407,fi
apps.apple.com/us/app/aliexpress-shopping-app/id436672029,407,fi
apps.apple.com/us/app/wikipedia/id324715238,407,fi
apps.apple.com/ru/app/вконтакте-общение-в-соцсети/id564177498,406,fi
apps.apple.com/fi/app/vantaan-sanomat/id6477534937,406,fi
apps.apple.com/us/app/contexto-word-guess/id6444560675,405,fi
apps.apple.com/ae/app/gogoanime-9anime/id1508062085,405,fi
apps.apple.com/us/app/speedtest-by-ookla/id300704847,397,fi
apps.apple.com/lv/app/flixtor-movie-tv-show-series/id1637883791,396,fi
apps.apple.com/us/app/liveball/id1580936245?l=ru,396,fi
apps.apple.com/fi/app/leijonat-tv/id1538185496,390,fi
apps.apple.com/us/app/snapchat/id447188370,389,fi
apps.apple.com/us/app/futbin-fc-26-evolutions-more/id1080465358,379,fi
apps.apple.com/us/app/manga-fire-top-manga-reader/id6612008731,377,fi
apps.apple.com/us/app/calendar/id1108185179,377,fi
apps.apple.com/fi/app/herätyskello-juuri-minulle/id749124884?l=fi,370,fi
apps.apple.com/us/app/justwatch-movies-tv-shows/id979227482,370,fi
apps.apple.com/us/app/telkku-tv-opas/id710386311,369,fi
apps.apple.com/us/app/mangago-ultimate-manga-app/id6553989464,367,fi
apps.apple.com/gr/app/betsson-online-casino-sports/id1631544847,363,fi
apps.apple.com/ru/app/дзен-новости-статьи-видео/id1343242452,362,fi
apps.apple.com/fi/app/sanelin/id1069512134?l=fi,360,fi
apps.apple.com/fi/app/mittanauha/id1383426740?l=fi,353,fi
apps.apple.com/us/app/shein-shopping-online/id878577184,353,fi
apps.apple.com/us/app/slither-io/id1091944550,341,fi
apps.apple.com/ru/app/google-переводчик/id414706506,337,fi
apps.apple.com/us/app/pixabay/id1178021455,335,fi
apps.apple.com/fi/app/hämeen-sanomat/id6477518982,335,fi
apps.apple.com/fi/app/hinge-dating-app-date-ja-meet/id595287172?l=fi,330,fi
apps.apple.com/fi/app/digitaalinen-nopeusmittari/id1079304431?l=fi,329,fi
apps.apple.com/us/app/accuweather-weather-forecast/id300048137,325,fi
apps.apple.com/us/app/snake-io-fun-online-snake/id1104692136,325,fi
apps.apple.com/us/app/9anime/id1561532117,324,fi
apps.apple.com/us/app/monkeycool-make-new-friends/id1636638847,324,fi
apps.apple.com/ao/app/dramacool-kdrama-movie-show/id6471490577,324,fi
apps.apple.com/us/app/snaptik-tik-videos-saver/id1580627789,324,fi
apps.apple.com/ca/app/my-lightning-tracker-alerts/id1175031987,314,fi
apps.apple.com/by/app/yr-no/id490989206,312,fi
apps.apple.com/us/app/my-aurora-forecast-alerts/id1073082439,312,fi
apps.apple.com/us/app/pluto-tv-stream-movies-shows/id751712884,303,fi
apps.apple.com/fi/app/satakunnan-kansa/id1037351215,301,fi
apps.apple.com/us/app/temu-shop-like-a-billionaire/id1641486558,301,fi
apps.apple.com/ru/app/яндекс-карты-и-навигатор/id313877526,298,fi
apps.apple.com/bh/app/ترجمة-google/id414706506?l=ar,297,fi
apps.apple.com/fi/app/tv-ohjelmat-televisio-ohjelmat-suomi-fi/id867230344,297,fi
apps.apple.com/us/app/canva-ai-photo-video-editor/id897446215,296,fi
apps.apple.com/us/app/macos-monterey/id1576738294?mt=12,293,fi
apps.apple.com/fi/app/muistiinpanot/id1110145109?l=fi,291,fi
apps.apple.com/us/app/google-meet/id1096918571,288,fi
apps.apple.com/us/app/yahoo-finance-stocks-news/id328412701,284,fi
apps.apple.com/fi/app/plantnet/id600547573?l=fi,280,fi
apps.apple.com/us/app/avatar-world/id1635318586,275,fi
apps.apple.com/us/app/google-calendar-get-organized/id909319292,275,fi
apps.apple.com/fi/app/askelmittari-α/id1027151285?l=fi,274,fi
apps.apple.com/us/app/flashscore-результаты-матчей/id766443283?l=ru,274,fi
apps.apple.com/fi/app/etuovi-com/id6446406065?l=fi,271,fi
apps.apple.com/fi/app/polar-flow/id717172678?l=fi,271,fi
apps.apple.com/fi/app/postnord/id396871673?l=fi,267,fi
apps.apple.com/us/app/geoguessr/id1049876497,265,fi
apps.apple.com/fi/app/truecaller-tiedä-kuka-soittaa/id448142450?l=fi,264,fi
apps.apple.com/us/app/fox-news-us-world-headlines/id367623543,264,fi
apps.apple.com/fi/app/hintaopas-listaa-vertaa-osta/id369151774?l=fi,261,fi
apps.apple.com/us/app/wolt-courier-partner/id1477299281,259,fi
apps.apple.com/us/app/2048/id840919914,252,fi
apps.apple.com/kw/app/cinescape-kncc/id443396586,51,kw
apps.apple.com/kw/app/ترجمة-google/id414706506?l=ar,315,kw
apps.apple.com/us/app/google-translate/id414706506,21,kw
apps.apple.com/kw/app/قصة-عشق-arabseed-ايجي-بست/id6501995129,72,kw
apps.apple.com/sa/app/x/id333903271?l=ar,38,kw
apps.apple.com/bh/app/ترجمة-google/id414706506?l=ar,44,ly
apps.apple.com/sa/app/facebook/id284882215?l=ar,83,ly
apps.apple.com/tn/app/pubg-mobile/id1330123889?l=ar,53,ly
apps.apple.com/qa/app/messenger/id454638411?l=ar,66,ly
apps.apple.com/om/app/whatsapp-messenger/id310633997?l=ar,55,ly
apps.apple.com/us/app/google-translate/id414706506,437,kh
apps.apple.com/us/app/facebook/id284882215,63,kh
apps.apple.com/us/app/instagram/id389801252,26,kh
apps.apple.com/us/app/gmail-email-by-google/id422689480,15,kh
apps.apple.com/us/app/free-fire/id1300146617,86,kh
apps.apple.com/ga/app/yacine-iptv-ياسين-ايبي-تيفي/id6502989326,116,ma
apps.apple.com/cm/app/egybest/id6443752216,100,ma
apps.apple.com/fr/app/google-traduction/id414706506,4,ma
apps.apple.com/sa/app/whatsapp-messenger/id310633997?l=ar,69,ma
apps.apple.com/by/app/قصة-عشق-arabseed-ايجي-بست/id6501995129,36,ma
apps.apple.com/fr/app/google-traduction/id414706506,101,dz
apps.apple.com/ga/app/yacine-iptv-ياسين-ايبي-تيفي/id6502989326,5,dz
apps.apple.com/cm/app/egybest/id6443752216,16,dz
apps.apple.com/us/app/instagram/id389801252,81,dz
apps.apple.com/om/app/قصة-عشق-arabseed-ايجي-بست/id6501995129,11,dz
apps.apple.com/us/app/google-translate/id414706506,110,jo
apps.apple.com/sa/app/instagram/id389801252?l=ar,104,jo
apps.apple.com/sa/app/ترجمة-google/id414706506?l=ar,48,jo
apps.apple.com/om/app/قصة-عشق-arabseed-ايجي-بست/id6501995129,57,jo
apps.apple.com/sa/app/facebook/id284882215?l=ar,10,jo
apps.apple.com/bh/app/ترجمة-google/id414706506?l=ar,32,om
apps.apple.com/om/app/قصة-عشق-arabseed-ايجي-بست/id6501995129,42,om
apps.apple.com/sa/app/instagram/id389801252?l=ar,35,om
apps.apple.com/om/app/الاسطورة-tv/id1598671053?l=ar,57,om
apps.apple.com/us/app/gmail-email-by-google/id422689480,181,om
apps.apple.com/us/app/google-translate/id414706506,195,mn
apps.apple.com/us/app/gmail-email-by-google/id422689480,156,mn
apps.apple.com/us/app/facebook/id284882215,104,mn
apps.apple.com/us/app/youtube/id544007664,4,mn
apps.apple.com/us/app/google-maps/id585027354,11,mn
apps.apple.com/bh/app/ترجمة-google/id414706506?l=ar,39,bh
apps.apple.com/us/app/google-translate/id414706506,2,bh
apps.apple.com/by/app/قصة-عشق-arabseed-ايجي-بست/id6501995129,26,bh
apps.apple.com/us/app/edunet-bh/id1137435867,56,bh
apps.apple.com/us/app/gmail-email-by-google/id422689480,56,bh
apps.apple.com/np/app/meroshare/id1622186607,20,np
apps.apple.com/us/app/facebook/id284882215,8,np
apps.apple.com/us/app/offline-games-no-wifi-games/id6448104157,53,np
apps.apple.com/in/app/imo-international-calls-chat/id336435697,87,np
apps.apple.com/us/app/instagram/id389801252,61,np
apps.apple.com/us/app/google-translate/id414706506,209,lb
apps.apple.com/us/app/gmail-email-by-google/id422689480,27,lb
apps.apple.com/sa/app/تيك-توك-tiktok/id835599320?l=ar,3,lb
apps.apple.com/by/app/قصة-عشق-arabseed-ايجي-بست/id6501995129,73,lb
apps.apple.com/qa/app/ترجمة-google/id414706506?l=ar,37,lb
apps.apple.com/us/app/tiktok-videos-shop-live/id835599320,121,bd
apps.apple.com/gb/app/imo-international-calls-chat/id336435697,266,bd
apps.apple.com/us/app/facebook/id284882215,306,bd
apps.apple.com/us/app/cricbuzz-live-cricket-scores/id360466413,80,bd
apps.apple.com/us/app/google-translate/id414706506,67,bd
apps.apple.com/br/app/google-tradutor/id414706506,111,ao
apps.apple.com/br/app/besoccer-resultados-futebol/id550928207,126,ao
apps.apple.com/us/app/whatsapp-messenger/id310633997,45,ao
apps.apple.com/us/app/google-translate/id414706506,97,ao
apps.apple.com/us/app/tubidy-fm-músicas-e-vídeos/id6470038274?l=pt-BR,36,ao
apps.apple.com/us/app/gmail-email-by-google/id422689480,66,mg
apps.apple.com/fr/app/google-traduction/id414706506,44,mg
apps.apple.com/us/app/youtube/id544007664,159,mg
apps.apple.com/mg/app/dictionnaire-malgache-français/id6451403248,175,mg
apps.apple.com/us/app/google-translate/id414706506,3,mg
apps.apple.com/us/app/google-translate/id414706506,330,af
apps.apple.com/us/app/whatsapp-messenger/id310633997,129,af
apps.apple.com/us/app/vpn-super-unlimited-proxy/id1370293473,58,af
apps.apple.com/us/app/facebook/id284882215,87,af
apps.apple.com/us/app/snapchat/id447188370,143,af
apps.apple.com/fr/app/google-traduction/id414706506,118,tn
apps.apple.com/us/app/gmail-email-by-google/id422689480,114,tn
apps.apple.com/us/app/facebook/id284882215,18,tn
apps.apple.com/ci/app/yacine-iptv-ياسين-ايبي-تيفي/id6502989326,48,tn
apps.apple.com/om/app/قصة-عشق-arabseed-ايجي-بست/id6501995129,14,tn
apps.apple.com/pt/app/placard/id1015430906,9,mz
apps.apple.com/us/app/whatsapp-messenger/id310633997,103,mz
apps.apple.com/us/app/google-translate/id414706506,127,mz
apps.apple.com/us/app/besoccer-resultados-de-futebol/id550928207?l=pt-BR,16,mz
apps.apple.com/us/app/whatsapp-business/id1386412985,126,mz
apps.apple.com/us/app/google-translate/id414706506,152,az
apps.apple.com/us/app/tiktok-videos-shop-live/id835599320,93,az
apps.apple.com/us/app/instagram/id389801252,38,az
apps.apple.com/az/app/misli-az/id1587160123,6,az
apps.apple.com/us/app/gmail-email-by-google/id422689480,3,az
apps.apple.com/us/app/instagram/id389801252,55,pa
apps.apple.com/pa/app/saldo-metro-bus-panamá/id1602100808,63,pa
apps.apple.com/es/app/traductor-de-google/id414706506,21,pa
apps.apple.com/es/app/whatsapp-messenger/id310633997,6,pa
apps.apple.com/es/app/roja-directa-tv/id981307972,3,pa
apps.apple.com/us/app/flashscore-live-scores-news/id766443283,14,ng
apps.apple.com/us/app/facebook/id284882215,78,ng
apps.apple.com/ng/app/sportybet-sports-betting/id1504038308,173,ng
apps.apple.com/us/app/telegram-messenger/id686449807,115,ng
apps.apple.com/us/app/whatsapp-messenger/id310633997,188,ng
apps.apple.com/us/app/whatsapp-messenger/id310633997,107,cm
apps.apple.com/cm/app/1xbet-paris-sportif-cameroun/id1589392981,18,cm
apps.apple.com/cm/app/tubidy-fm-musique-vidéos/id6470038274,27,cm
apps.apple.com/fr/app/whatsapp-business/id1386412985,134,cm
apps.apple.com/fr/app/besoccer-résultats-en-direct/id550928207,32,cm
apps.apple.com/fr/app/whatsapp-messenger/id310633997,102,sn
apps.apple.com/bj/app/1xbet-paris-sportif/id844035425?l=fr-FR,10,sn
apps.apple.com/ci/app/yalla-live-football/id6444292748,17,sn
apps.apple.com/sn/app/gb-whatsapp-dual-chat-space/id6444656297?l=fr-FR,1,sn
apps.apple.com/fr/app/xender-transfer-share-files/id898129576,5,sn
apps.apple.com/es/app/whatsapp-messenger/id310633997,218,do
apps.apple.com/us/app/loterías-dominicanas/id482920540,66,do
apps.apple.com/es/app/traductor-de-google/id414706506,41,do
apps.apple.com/do/app/pelota-invernal/id723302709,4,do
apps.apple.com/us/app/instagram/id389801252,39,do
apps.apple.com/us/app/google-translate/id414706506,215,cy
apps.apple.com/us/app/gmail-email-by-google/id422689480,20,cy
apps.apple.com/gr/app/μετάφραση-google/id414706506?l=el,25,cy
apps.apple.com/us/app/facebook/id284882215,73,cy
apps.apple.com/us/app/youtube/id544007664,5,cy
apps.apple.com/us/app/gmail-email-by-google/id422689480,78,zw
apps.apple.com/us/app/flashscore-live-scores-news/id766443283,174,zw
apps.apple.com/us/app/whatsapp-messenger/id310633997,115,zw
apps.apple.com/us/app/goojara-movies-tv-browser/id6751885426,11,zw
apps.apple.com/us/app/facebook/id284882215,27,zw
apps.apple.com/cm/app/tubidy-fm-musique-vidéos/id6470038274,30,cd
apps.apple.com/ci/app/forebet-football-predictions/id6443482854,64,cd
apps.apple.com/us/app/tubidy-fm-musique-vidéos/id6470038274?l=fr-FR,1,cd
apps.apple.com/fr/app/whatsapp-messenger/id310633997,44,cd
apps.apple.com/fr/app/live-mobile-v3/id1450533315,24,cd
apps.apple.com/us/app/google-translate/id414706506,428,lk
apps.apple.com/us/app/gmail-email-by-google/id422689480,144,lk
apps.apple.com/us/app/facebook/id284882215,100,lk
apps.apple.com/zw/app/english-to-sinhala-translation/id1603204339,52,lk
apps.apple.com/us/app/whatsapp-messenger/id310633997,82,lk
apps.apple.com/cm/app/betpawa-sports-betting/id6467380633,2,zm
apps.apple.com/us/app/tubidy-music-videos-songs/id6470038274,139,zm
apps.apple.com/us/app/whatsapp-messenger/id310633997,2,zm
apps.apple.com/us/app/facebook/id284882215,17,zm
apps.apple.com/au/app/sportsbet-online-betting-app/id418221992,61,zm
apps.apple.com/bw/app/betway-botswana/id6744402608,9,bw
apps.apple.com/bw/app/standard-bank-stanbic-bank/id528239110,60,bw
apps.apple.com/us/app/gmail-email-by-google/id422689480,103,bw
apps.apple.com/us/app/facebook/id284882215,2,bw
apps.apple.com/us/app/whatsapp-messenger/id310633997,13,bw
apps.apple.com/us/app/google-translate/id414706506,137,am
apps.apple.com/am/app/totogaming/id1564104447,71,am
apps.apple.com/us/app/facebook/id284882215,35,am
apps.apple.com/ru/app/list-am/id1219826928,10,am
apps.apple.com/us/app/gmail-email-by-google/id422689480,33,am
apps.apple.com/br/app/google-tradutor/id414706506,124,cv
apps.apple.com/us/app/gmail-email-by-google/id422689480,42,cv
apps.apple.com/us/app/bcadirecto-mobile/id1094234768,9,cv
apps.apple.com/us/app/facebook/id284882215,15,cv
apps.apple.com/us/app/bet365-sportsbook-casino/id1465717844,32,cv
apps.apple.com/us/app/marinetraffic-ship-tracking/id563910324,34,cv
apps.apple.com/us/app/instagram/id389801252,131,cv
apps.apple.com/cv/app/caixanet-mobile/id6744162086,33,cv
apps.apple.com/us/app/google-translate/id414706506,210,al
apps.apple.com/us/app/gmail-email-by-google/id422689480,25,al
apps.apple.com/us/app/bet365-sportsbook-casino/id1465717844,1,al
apps.apple.com/us/app/facebook/id284882215,40,al
apps.apple.com/us/app/smip/id1585936207,4,al
apps.apple.com/us/app/whatsapp-messenger/id310633997,143,gh
apps.apple.com/gh/app/sportybet-sports-betting/id1504038308,118,gh
apps.apple.com/us/app/facebook/id284882215,67,gh
apps.apple.com/ng/app/sportybet-sports-betting/id1504038308,38,gh
apps.apple.com/us/app/gmail-email-by-google/id422689480,11,gh
apps.apple.com/us/app/whatsapp-business/id1386412985,11,gh
apps.apple.com/us/app/instagram/id389801252,33,gh
apps.apple.com/us/app/tiktok-videos-shop-live/id835599320,33,gh
apps.apple.com/us/app/flashscore-live-scores-news/id766443283,2,gh
apps.apple.com/gh/app/soccabet-ghana/id1458627520,12,gh
apps.apple.com/us/app/fbsaver-facebook-video-saver/id6502911541,19,gh
apps.apple.com/us/app/subway-surfers/id512939461,31,gh
apps.apple.com/us/app/my-mtn-ghana/id1466214871,28,gh
apps.apple.com/us/app/google-translate/id414706506,9,gh
apps.apple.com/us/app/audiomack-play-music-offline/id921765888,79,gh
apps.apple.com/us/app/tubidy-music-videos-songs/id6470038274,5,gh
apps.apple.com/cm/app/betpawa-sports-betting/id6467380633,3,gh
apps.apple.com/ee/app/bolt-request-a-ride/id675033630,8,gh
apps.apple.com/us/app/ecobank-mobile-app/id1017658759,29,gh
apps.apple.com/us/app/jiji-ghana/id1037699771,4,gh
apps.apple.com/us/app/opera-ai-browser-with-vpn/id1411869974,1,gh
apps.apple.com/af/app/vidmate/id1640960419,52,gh
apps.apple.com/us/app/chatgpt/id6448311069,3,gh
apps.apple.com/gh/app/momo-app/id6532622230,4,gh
apps.apple.com/us/app/live-football-tv-soccer-score/id6478971501,5,gh
apps.apple.com/us/app/dream-league-soccer-2025/id1462911602,30,gh
apps.apple.com/us/app/status-saver-video-photo-save/id1528272582,9,gh
apps.apple.com/us/app/jumia-online-shopping/id925015459,22,gh
apps.apple.com/us/app/ppsspp-psp-emulator/id6496972903,56,gh
apps.apple.com/sz/app/phoenix-browser-fast-safe/id1661097058,35,gh
apps.apple.com/us/app/boomplay-music-live-stream/id1437251983,3,gh
apps.apple.com/us/app/x/id333903271,4,gh
apps.apple.com/us/app/yacine-player-tv-m3u-iptv/id6502989326,21,gh
apps.apple.com/us/app/pinterest/id429047995,5,gh
apps.apple.com/us/app/sofascore-live-sports-scores/id1176147574,960,gh
apps.apple.com/ug/app/momo-app/id6532622230,914,gh
apps.apple.com/us/app/gcb-mobile-app/id6444388582,909,gh
apps.apple.com/tr/app/app-lock-applock/id6451248050,892,gh
apps.apple.com/us/app/goojara-movies-tv-browser/id6751885426,891,gh
apps.apple.com/us/app/youtube/id544007664,891,gh
apps.apple.com/us/app/photo-lab-ai-trends-filters/id441457218,886,gh
apps.apple.com/us/app/movies-box-tv-show/id1564334567,879,gh
apps.apple.com/us/app/google-chrome/id535886823,869,gh
apps.apple.com/us/app/grand-theft-auto-san-andreas/id763692274,837,gh
apps.apple.com/us/app/forebet-football-predictions/id6443482854,812,gh
apps.apple.com/us/app/google-chat/id1163852619,812,gh
apps.apple.com/us/app/calculator/id1069511488,802,gh
apps.apple.com/us/app/hdtoday/id1581472192,752,gh
apps.apple.com/us/app/yango-taxi-food-delivery/id1437157286,740,gh
apps.apple.com/gh/app/fido-solutions/id6444769993,729,gh
apps.apple.com/us/app/snapchat/id447188370,709,gh
apps.apple.com/us/app/google/id284815942,705,gh
apps.apple.com/gh/app/twi-english-bible-pro/id1260345344,693,gh
apps.apple.com/us/app/bible/id282935706,669,gh
apps.apple.com/us/app/telegram-messenger/id686449807,630,gh
apps.apple.com/us/app/wire-tun/id6447320394,615,gh
apps.apple.com/us/app/messenger/id454638411,609,gh
apps.apple.com/us/app/livescore-live-sports-scores/id356928178,605,gh
apps.apple.com/us/app/vlc-media-player/id650377962,603,gh
apps.apple.com/us/app/mymtn/id977968085,591,gh
apps.apple.com/us/app/yahoo-mail/id577586159,580,gh
apps.apple.com/us/app/nowgoal-live-football-scores/id641037627,580,gh
apps.apple.com/us/app/offline-games-no-wifi-games/id6448104157,567,gh
apps.apple.com/gh/app/betway-sports-betting/id1361024170,563,gh
apps.apple.com/us/app/xender-transfer-share-files/id898129576,562,gh
apps.apple.com/ae/app/gogoanime-9anime/id1508062085,548,gh
apps.apple.com/us/app/canva-ai-photo-video-editor/id897446215,545,gh
apps.apple.com/us/app/inshot-video-editor/id997362197,526,gh
apps.apple.com/us/app/microsoft-outlook/id951937596,518,gh
apps.apple.com/us/app/facetime/id1110145091,517,gh
apps.apple.com/us/app/fotmob-soccer-live-scores/id488575683,516,gh
apps.apple.com/us/app/1688-b2b-market/id507097717,512,gh
apps.apple.com/gh/app/fido-my-account/id337632423,506,gh
apps.apple.com/us/app/radio-fm-music-news-sports/id951362406,500,gh
apps.apple.com/gh/app/myjoyonline/id1166191375,498,gh
apps.apple.com/us/app/gamepigeon/id1124197642,498,gh
apps.apple.com/gh/app/22-bet-sports-betting-ghana/id1537798938,495,gh
apps.apple.com/us/app/jiji-nigeria/id966165025,488,gh
apps.apple.com/us/app/urban-vpn/id1517016374,488,gh
apps.apple.com/us/app/quillbot-ai-writing-keyboard/id6463116243,485,gh
apps.apple.com/us/app/uber-request-a-ride/id368677368,482,gh
apps.apple.com/us/app/apple-store/id375380948,481,gh
apps.apple.com/us/app/skype-for-business/id605841731,479,gh
apps.apple.com/us/app/youtube-kids/id936971630,473,gh
apps.apple.com/us/app/netflix/id363590051,472,gh
apps.apple.com/us/app/microsoft-teams/id1113153706,441,gh
apps.apple.com/us/app/meet24-flirt-chat-singles/id513218458,438,gh
apps.apple.com/us/app/paypal-pay-send-save/id283646709,437,gh
apps.apple.com/us/app/adobe-acrobat-reader-edit-pdf/id469337564,429,gh
apps.apple.com/us/app/microsoft-bing-search/id345323231,427,gh
apps.apple.com/ng/app/vidmate/id1640960419,425,gh
apps.apple.com/gb/app/bet365-sports-betting/id519684662,422,gh
apps.apple.com/us/app/google-meet/id1096918571,415,gh
apps.apple.com/us/app/free-fire/id1300146617,413,gh
apps.apple.com/us/app/hola-vpn/id1553473179,412,gh
apps.apple.com/us/app/bolt-driver-drive-earn/id897442736,410,gh
apps.apple.com/us/app/alarm-clock-for-me-wake-up/id749124884,408,gh
apps.apple.com/us/app/yandex-browser/id483693909,406,gh
apps.apple.com/us/app/football-soccer-champion-2019/id1447865581,405,gh
apps.apple.com/us/app/score-match-pvp-soccer/id1145420529,402,gh
apps.apple.com/us/app/zarchiver-unzip-unrar-7z/id6504976055,387,gh
apps.apple.com/uz/app/1xbet-sports-betting/id844035425,385,gh
apps.apple.com/us/app/dstv-stream/id467168196,381,gh
apps.apple.com/us/app/voice-recorder-audio-recorder/id1100207943,373,gh
apps.apple.com/gh/app/africa-world-airlines/id6449674678,373,gh
apps.apple.com/us/app/tweeload-twitter-video-saver/id6446216271,369,gh
apps.apple.com/us/app/snaptik-tik-videos-saver/id1580627789,366,gh
apps.apple.com/us/app/puzzle-games-jigsaw-puzzles/id1510189987,363,gh
apps.apple.com/gh/app/cashnow-safe-loan-app/id1584115206,359,gh
apps.apple.com/us/app/jodel-hyperlocal-community/id789870026,345,gh
apps.apple.com/us/app/shadowrocket/id932747118,339,gh
apps.apple.com/us/app/google-classroom/id924620788,337,gh
apps.apple.com/ca/app/ghanapay-customer/id1619527051,335,gh
apps.apple.com/us/app/firefox-private-web-browser/id989804926,335,gh
apps.apple.com/us/app/mingle2-dating-meet-people/id1265035248,333,gh
apps.apple.com/us/app/uc-browser/id1048518592,332,gh
apps.apple.com/ng/app/good-evening-messages-quotes/id6502074006,330,gh
apps.apple.com/tz/app/2ctv/id1101316803,324,gh
apps.apple.com/sa/app/tubemate-music-global-ai/id6736857210,314,gh
apps.apple.com/in/app/anchor-smart-saver/id1399889704,312,gh
apps.apple.com/us/app/microsoft-word/id586447913,304,gh
apps.apple.com/us/app/bible-offline-kjv-holy-bible/id1472850697,301,gh
apps.apple.com/gh/app/dream-league-soccer-2025/id1462911602,295,gh
apps.apple.com/us/app/camscanner-pdf-scanner-app/id388627783,293,gh
apps.apple.com/be/app/methodist-hymn-book-mhb-can/id6477898449,292,gh
apps.apple.com/us/app/device-settings/id1610970382,291,gh
apps.apple.com/us/app/google-docs/id842842640,287,gh
apps.apple.com/us/app/grand-theft-auto-vice-city/id578448682,285,gh
apps.apple.com/gh/app/ghanapostgps/id1296627307,281,gh
apps.apple.com/us/app/call-recorder-for-iphone/id1503665233,278,gh
apps.apple.com/tr/app/afrointroductions-afro-dating/id1597869513,271,gh
apps.apple.com/us/app/textplus-text-message-call/id314487667,267,gh
apps.apple.com/us/app/zoom-workplace/id546505307,267,gh
apps.apple.com/us/app/candy-crush-saga/id553834731,262,gh
apps.apple.com/tr/app/2ctv/id1101316803,258,gh
apps.apple.com/ro/app/tiktok-videos-music-live/id835599320,255,gh
apps.apple.com/us/app/all-football-soccer-scores/id1171012600,249,gh
apps.apple.com/us/app/passport-photo-id-photo-app/id1294190634,247,gh
apps.apple.com/us/app/street-chaser/id1190360439,247,gh
apps.apple.com/gh/app/calbank-app/id1503346047,246,gh
apps.apple.com/us/app/messages/id1146560473,246,gh
apps.apple.com/gh/app/osis-sip/id1628589928,245,gh
apps.apple.com/gh/app/3news-ghana-news-live-tv/id1580008783,244,gh
apps.apple.com/gh/app/snapdrop-share-files-anywhere/id6673895800,243,gh
apps.apple.com/us/app/google-photos-backup-edit/id962194608,238,gh
apps.apple.com/us/app/form-for-google-forms/id1544827472,238,gh
apps.apple.com/za/app/betway-sports-betting/id1274057509,238,gh
apps.apple.com/us/app/mail/id1108187098,237,gh
apps.apple.com/us/app/alipay-simplify-your-life/id333206289,236,gh
apps.apple.com/us/app/meetme-meet-chat-go-live/id372648912,235,gh
apps.apple.com/gh/app/uber-request-a-ride/id368677368,234,gh
apps.apple.com/us/app/music-downloader-mp3-player/id1447312762,232,gh
apps.apple.com/us/app/pixellab-drip-text-on-photo/id1658958601,232,gh
apps.apple.com/us/app/vpn-hotspot-shield-proxy-vpn/id443369807,230,gh
apps.apple.com/ng/app/football-tv-live-streaming/id6443953067,227,gh
apps.apple.com/us/app/jw-library/id672417831,225,gh
apps.apple.com/us/app/garageband/id408709785,225,gh
apps.apple.com/us/app/tradingview-track-all-markets/id1205990992,219,gh
apps.apple.com/us/app/applock-photo-lock/id1509154892,219,gh
apps.apple.com/us/app/youtube-music/id1017492454,219,gh
apps.apple.com/us/app/x-for-telegram-messenger/id1621317550,217,gh
apps.apple.com/us/app/coinmarketcap-crypto-tracker/id1282107098,217,gh
apps.apple.com/us/app/car-games/id1478453789,216,gh
apps.apple.com/us/app/voloco-vocal-recording-studio/id1052970183,216,gh
apps.apple.com/us/app/car-driving-simulator-games/id1247758515,215,gh
apps.apple.com/us/app/apple-support/id1130498044,214,gh
apps.apple.com/ru/app/күнделік-мектеп/id1350749651,91,kz
apps.apple.com/kz/app/olimpbet-kz-ставки-на-спорт/id1496975315,67,kz
apps.apple.com/ru/app/mail-почта-облако-календарь/id511310430,35,kz
apps.apple.com/us/app/liveball/id1580936245?l=ru,35,kz
apps.apple.com/ru/app/яндекс-браузер/id483693909,11,kz
apps.apple.com/us/app/google-translate/id414706506,208,ge
apps.apple.com/us/app/imovie/id377298193,89,ge
apps.apple.com/us/app/facebook/id284882215,53,ge
apps.apple.com/us/app/gmail-email-by-google/id422689480,37,ge
apps.apple.com/ru/app/одноклассники-социальная-сеть/id398465290,57,ge
apps.apple.com/ve/app/bdvapp/id1629896484,209,ve
apps.apple.com/ve/app/sofascore-mis-marcadores/id1176147574,389,ve
apps.apple.com/ve/app/al-cambio-dólar-en-venezuela/id1564466076,26,ve
apps.apple.com/us/app/mercantil-banco/id1446903385,81,ve
apps.apple.com/ve/app/mercantil-banco/id1446903385,16,ve
apps.apple.com/us/app/supreme-ventures/id836015997,116,jm
apps.apple.com/us/app/gmail-email-by-google/id422689480,45,jm
apps.apple.com/us/app/instagram/id389801252,31,jm
apps.apple.com/us/app/youtube/id544007664,3,jm
apps.apple.com/us/app/tiktok-videos-shop-live/id835599320,10,jm
apps.apple.com/us/app/gmail-email-by-google/id422689480,40,tt
apps.apple.com/lb/app/nlcb/id944415314,68,tt
apps.apple.com/us/app/facebook/id284882215,5,tt
apps.apple.com/us/app/instagram/id389801252,51,tt
apps.apple.com/us/app/goojara-movies-tv-browser/id6751885426,34,tt
apps.apple.com/us/app/google-translate/id414706506,159,bn
apps.apple.com/us/app/results-4d-live-4d-history/id1501940373,26,bn
apps.apple.com/my/app/mymagnum-4d-official-app/id763361098,64,bn
apps.apple.com/us/app/gmail-email-by-google/id422689480,77,bn
apps.apple.com/us/app/facebook/id284882215,41,bn
apps.apple.com/us/app/tiktok-videos-shop-live/id835599320,1,bn
apps.apple.com/us/app/whatsapp-messenger/id310633997,8,bn
apps.apple.com/us/app/gmail-email-by-google/id422689480,41,mt
apps.apple.com/us/app/google-maps/id585027354,44,mt
apps.apple.com/us/app/facebook/id284882215,19,mt
apps.apple.com/us/app/google-translate/id414706506,857,mt
apps.apple.com/us/app/youtube/id544007664,854,mt
apps.apple.com/gb/app/maltapark/id1621888046,740,mt
apps.apple.com/us/app/instagram/id389801252,684,mt
apps.apple.com/us/app/loterías-dominicanas/id482920540,21,cr
apps.apple.com/es/app/whatsapp-messenger/id310633997,33,cr
apps.apple.com/us/app/youtube/id544007664,50,cr
apps.apple.com/es/app/traductor-de-google/id414706506,25,cr
apps.apple.com/us/app/facebook/id284882215,9,cr
apps.apple.com/us/app/google-maps/id585027354,43,lu
apps.apple.com/us/app/google-translate/id414706506,28,lu
apps.apple.com/lu/app/rtl-lu/id360077592?l=de-DE,3,lu
apps.apple.com/us/app/youtube/id544007664,33,lu
apps.apple.com/us/app/myguichet-lu/id1530008994?l=fr-FR,16,lu
apps.apple.com/us/app/goojara-movies-tv-browser/id6751885426,4,gy
apps.apple.com/us/app/facebook/id284882215,44,gy
apps.apple.com/us/app/gmail-email-by-google/id422689480,79,gy
apps.apple.com/us/app/whatsapp-messenger/id310633997,33,gy
apps.apple.com/us/app/instagram/id389801252,26,gy
apps.apple.com/us/app/tiktok-videos-shop-live/id835599320,110,gy
apps.apple.com/us/app/google-translate/id414706506,4,gy
apps.apple.com/us/app/free-fire/id1300146617,3,gy
apps.apple.com/us/app/hdtoday/id1581472192,49,gy
apps.apple.com/us/app/whatsapp-messenger/id310633997,124,ht
apps.apple.com/us/app/whatsapp-business/id1386412985,102,ht
apps.apple.com/fr/app/google-traduction/id414706506,18,ht
apps.apple.com/mg/app/besoccer-résultats-en-direct/id550928207?l=fr-FR,40,ht
apps.apple.com/us/app/xender-transfer-share-files/id898129576,16,ht
apps.apple.com/us/app/gmail-email-by-google/id422689480,55,na
apps.apple.com/us/app/instagram/id389801252,19,na
apps.apple.com/us/app/tubidy-music-videos-songs/id6470038274,41,na
apps.apple.com/us/app/facebook/id284882215,3,na
apps.apple.com/us/app/youtube/id544007664,108,na
apps.apple.com/us/app/whatsapp-messenger/id310633997,1,na
apps.apple.com/us/app/google-translate/id414706506,117,md
apps.apple.com/us/app/gmail-email-by-google/id422689480,83,md
apps.apple.com/ru/app/одноклассники-социальная-сеть/id398465290,38,md
apps.apple.com/us/app/youtube/id544007664,130,md
apps.apple.com/md/app/point-news/id1061525547,33,md
apps.apple.com/us/app/google-translate/id414706506,237,et
apps.apple.com/us/app/telegram-messenger/id686449807,196,et
apps.apple.com/us/app/facebook/id284882215,48,et
apps.apple.com/us/app/besoccer-soccer-live-score/id550928207,4,et
apps.apple.com/us/app/tiktok-videos-shop-live/id835599320,97,et
apps.apple.com/us/app/gmail-email-by-google/id422689480,37,mu
apps.apple.com/us/app/facebook/id284882215,4,mu
apps.apple.com/us/app/flashscore-live-scores-news/id766443283,26,mu
apps.apple.com/us/app/livescore-live-sports-scores/id356928178,33,mu
apps.apple.com/us/app/tiktok-videos-shop-live/id835599320,46,mu
apps.apple.com/us/app/instagram/id389801252,34,bz
apps.apple.com/us/app/goojara-movies-tv-browser/id6751885426,83,bz
apps.apple.com/us/app/facebook/id284882215,33,bz
apps.apple.com/bz/app/atlantic-bank-mobile-banking/id1608600308,46,bz
apps.apple.com/us/app/whatsapp-messenger/id310633997,91,bz
apps.apple.com/us/app/google-translate/id414706506,10,bz
apps.apple.com/us/app/pinterest/id429047995,2,bz
apps.apple.com/us/app/hdtoday/id1581472192,28,bz
apps.apple.com/us/app/google-maps/id585027354,12,bz
apps.apple.com/es/app/whatsapp-messenger/id310633997,219,hn
apps.apple.com/us/app/instagram/id389801252,79,hn
apps.apple.com/us/app/facebook/id284882215,42,hn
apps.apple.com/es/app/messenger/id454638411,12,hn
apps.apple.com/es/app/traductor-de-google/id414706506,3,hn
apps.apple.com/us/app/instagram/id389801252,27,ec
apps.apple.com/es/app/whatsapp-messenger/id310633997,52,ec
apps.apple.com/us/app/facebook/id284882215,4,ec
apps.apple.com/es/app/gmail-el-correo-de-google/id422689480,23,ec
apps.apple.com/pe/app/tmo-manga/id6480482674,17,ec
apps.apple.com/es/app/whatsapp-messenger/id310633997,178,sv
apps.apple.com/us/app/instagram/id389801252,76,sv
apps.apple.com/us/app/facebook/id284882215,9,sv
apps.apple.com/es/app/traductor-de-google/id414706506,5,sv
apps.apple.com/bo/app/calculadora/id1069511488,35,sv
apps.apple.com/es/app/whatsapp-messenger/id310633997,218,ni
apps.apple.com/us/app/facebook/id284882215,27,ni
apps.apple.com/us/app/instagram/id389801252,51,ni
apps.apple.com/es/app/messenger/id454638411,56,ni
apps.apple.com/us/app/google-translate/id414706506,1,ni
apps.apple.com/us/app/gmail-email-by-google/id422689480,42,bs
apps.apple.com/us/app/youtube/id544007664,42,bs
apps.apple.com/us/app/facebook/id284882215,92,bs
apps.apple.com/us/app/google-translate/id414706506,13,bs
apps.apple.com/us/app/tubidy-music-videos-songs/id6470038274,8,bs
apps.apple.com/us/app/pinterest/id429047995,11,bs
apps.apple.com/ca/app/cibc-mobile-banking/id351448953,35,bs
apps.apple.com/us/app/shein-shopping-online/id878577184,8,bs
apps.apple.com/us/app/walmart-shopping-savings/id338137227,24,bs
apps.apple.com/us/app/facebook/id284882215,61,py
apps.apple.com/us/app/instagram/id389801252,174,py
apps.apple.com/es/app/whatsapp-messenger/id310633997,30,py
apps.apple.com/pe/app/tmo-manga/id6480482674,35,py
apps.apple.com/es/app/traductor-de-google/id414706506,6,py
apps.apple.com/us/app/google-translate/id414706506,128,lv
apps.apple.com/us/app/gmail-email-by-google/id422689480,53,lv
apps.apple.com/us/app/facebook/id284882215,4,lv
apps.apple.com/lv/app/mykoob/id632665832,39,lv
apps.apple.com/us/app/sludinājumi-ss-com/id952681550,14,lv
apps.apple.com/ru/app/kufar-объявления-беларуси/id1149312972,8,by
apps.apple.com/ru/app/mail-почта-облако-календарь/id511310430,2,by
apps.apple.com/ru/app/liveball/id1580936245,26,by
apps.apple.com/tr/app/av-by-продажа-автомобилей/id1020154366,69,by
apps.apple.com/ru/app/вконтакте-общение-в-соцсети/id564177498,6,by
apps.apple.com/pe/app/tmo-manga/id6480482674,5,bo
apps.apple.com/us/app/facebook/id284882215,191,bo
apps.apple.com/es/app/whatsapp-messenger/id310633997,22,bo
apps.apple.com/es/app/tiktok-mucho-más-que-videos/id835599320,2,bo
apps.apple.com/us/app/instagram/id389801252,1,bo
apps.apple.com/es/app/whatsapp-messenger/id310633997,168,gt
apps.apple.com/us/app/facebook/id284882215,26,gt
apps.apple.com/us/app/instagram/id389801252,2,gt
apps.apple.com/us/app/banrural/id931952131,25,gt
apps.apple.com/pe/app/tmo-manga/id6480482674,12,gt
apps.apple.com/us/app/e-dnevnik/id1581087104,31,hr
apps.apple.com/hr/app/govori-prevedi-prevoditelj/id804641004?l=hr,27,hr
apps.apple.com/us/app/gmail-email-by-google/id422689480,39,hr
apps.apple.com/us/app/google-maps/id585027354,5,hr
apps.apple.com/us/app/facebook/id284882215,9,hr
apps.apple.com/uy/app/app-ebrou/id841015703,25,uy
apps.apple.com/us/app/instagram/id389801252,104,uy
apps.apple.com/uy/app/la-banca-mobile/id767593676,8,uy
apps.apple.com/uy/app/cómo-ir/id933271921,84,uy
apps.apple.com/uy/app/sgh-mobile/id1494742348,16,uy
apps.apple.com/us/app/google-translate/id414706506,129,ba
apps.apple.com/us/app/gmail-email-by-google/id422689480,54,ba
apps.apple.com/us/app/facebook/id284882215,71,ba
apps.apple.com/hr/app/premier-kladionica/id1382574337,12,ba
apps.apple.com/hr/app/google-prevoditelj/id414706506?l=hr,8,ba
apps.apple.com/us/app/google-translate/id414706506,123,is
apps.apple.com/us/app/facebook/id284882215,27,is
apps.apple.com/us/app/gmail-email-by-google/id422689480,22,is
apps.apple.com/us/app/google-maps/id585027354,13,is
apps.apple.com/is/app/lottó-getspá/id1444330457,5,is
apps.apple.com/is/app/já-is/id829550202,4,is
apps.apple.com/us/app/youtube/id544007664,16,is
apps.apple.com/us/app/gmail-email-by-google/id422689480,42,ee
apps.apple.com/us/app/google-translate/id414706506,36,ee
apps.apple.com/us/app/facebook/id284882215,18,ee
apps.apple.com/us/app/google-maps/id585027354,1,ee
apps.apple.com/ee/app/ekool/id890813955,7,ee
apps.apple.com/us/app/google-translate/id414706506,160,me
apps.apple.com/us/app/gmail-email-by-google/id422689480,9,me
apps.apple.com/us/app/autodiler/id844615689,23,me
apps.apple.com/us/app/bet365-sportsbook-casino/id1465717844,4,me
apps.apple.com/me/app/lobbet/id1533673588,20,me
apps.apple.com/us/app/gmail-email-by-google/id422689480,33,lt
apps.apple.com/us/app/facebook/id284882215,4,lt
apps.apple.com/lt/app/autoplius-lt/id546270230,27,lt
apps.apple.com/lt/app/tamo-išmaniems/id1014073211,38,lt
apps.apple.com/us/app/youtube/id544007664,41,lt
apps.apple.com/us/app/google-translate/id414706506,130,rs
apps.apple.com/us/app/gmail-email-by-google/id422689480,7,rs
apps.apple.com/us/app/kupujemprodajem/id1400660034,23,rs
apps.apple.com/us/app/facebook/id284882215,4,rs
apps.apple.com/us/app/youtube/id544007664,38,rs
apps.apple.com/bg/app/abv-mail/id1024988497,45,bg
apps.apple.com/us/app/gmail-email-by-google/id422689480,50,bg
apps.apple.com/us/app/facebook/id284882215,31,bg
apps.apple.com/us/app/google-translate/id414706506,2,bg
apps.apple.com/us/app/youtube/id544007664,34,bg
apps.apple.com/us/app/gmail-email-by-google/id422689480,34,si
apps.apple.com/us/app/facebook/id284882215,32,si
apps.apple.com/us/app/google-maps/id585027354,25,si
apps.apple.com/us/app/google-translate/id414706506,1,si
apps.apple.com/us/app/youtube/id544007664,18,si
