Selector,Traffic,Region
webcatalog.io/en/apps/webcam-toy,98,us
webcatalog.io/en/apps/adultfriendfinder,35,us
webcatalog.io/en/apps/wheel-of-names,304,us
webcatalog.io/en/apps/adam4adam,82,us
webcatalog.io/en/apps/sniffies,930,us
webcatalog.io/en/apps/squirt-org,738,us
webcatalog.io/en/apps/kleki,715,us
webcatalog.io/en/apps/scoopz,651,us
webcatalog.io/en/apps/monkeytype,633,us
webcatalog.io/en/apps/ometv,633,us
webcatalog.io/en/apps/scoresandodds,621,us
webcatalog.io/en/apps/vclock,600,us
webcatalog.io/en/apps/prizepicks,596,us
webcatalog.io/en/apps/yacine-tv,594,us
webcatalog.io/en/apps/ucharts,584,us
webcatalog.io/en/apps/wiktionary,578,us
webcatalog.io/en/apps/zalo,567,us
webcatalog.io/en/apps/flightaware,560,us
webcatalog.io/en/apps/stremium,521,us
webcatalog.io/en/apps/deeplol-gg,521,us
webcatalog.io/en/apps/text-free,517,us
webcatalog.io/en/apps/sbobet,503,us
webcatalog.io/apps/gofile,493,us
webcatalog.io/en/apps/u-gg,486,us
webcatalog.io/en/apps/textnow/mobile,483,us
webcatalog.io/en/apps/freefy,471,us
webcatalog.io/en/apps/tunebat,441,us
webcatalog.io/apps/cobalt-tools,416,us
webcatalog.io/en/apps/baidu-wangpan,411,us
webcatalog.io/en/apps/lolalytics,385,us
webcatalog.io/en/apps/google-play,373,us
webcatalog.io/en/apps/word-hippo,369,us
webcatalog.io/en/apps/athenanet,352,us
webcatalog.io/en/apps/time-buddy,349,us
webcatalog.io/en/apps/solvely,343,us
webcatalog.io/en/apps/cobalt-tools,338,us
webcatalog.io/en/apps/shein,327,us
webcatalog.io/apps/textme,325,us
webcatalog.io/en/apps/mathway,324,us
webcatalog.io/en/apps/photocall-tv,323,us
webcatalog.io/en/apps/kbh-games,321,us
webcatalog.io/apps/photocall-tv,319,us
webcatalog.io/en/apps/arcos-rosterapps,318,us
webcatalog.io/en/apps/mocospace,312,us
webcatalog.io/en/apps/fusion-web-clinic,312,us
webcatalog.io/en/apps/textnow,308,us
webcatalog.io/en/apps/mybib,303,us
webcatalog.io/en/apps/chatblink,302,us
webcatalog.io/en/apps/convertio,293,us
webcatalog.io/en/apps/weatherwise,285,us
webcatalog.io/en/apps/meroshare,282,us
webcatalog.io/en/apps/trading-terminal,281,us
webcatalog.io/en/apps/lunapic,274,us
webcatalog.io/en/apps/soccerway,268,us
webcatalog.io/en/apps/hitv,258,us
webcatalog.io/en/apps/flashscore,255,us
webcatalog.io/en/apps/bale,250,us
webcatalog.io/en/apps/dex-screener,248,us
webcatalog.io/en/apps/recovery-database-network,246,us
webcatalog.io/en/apps/plenty-of-fish,237,us
webcatalog.io/en/apps/monkey,235,us
webcatalog.io/en/apps/amino,234,us
webcatalog.io/en/apps/techbargains,233,us
webcatalog.io/zh-CN/apps/baidu-tieba,232,us
webcatalog.io/apps/taste-of-home,228,us
webcatalog.io/en/apps/hotstar,227,us
webcatalog.io/en/apps/moemate,223,us
webcatalog.io/en/apps/filehippo,223,us
webcatalog.io/en/apps/instagram,217,us
webcatalog.io/en/apps/youtube,213,us
webcatalog.io/en/apps/janitor-ai,210,us
webcatalog.io/en/apps/sharedrop,209,us
webcatalog.io/en/apps/tv-garden,204,us
webcatalog.io/en/apps/deltamath,204,us
webcatalog.io/apps/xda-developers,202,us
webcatalog.io/en/apps/pointclickcare,202,us
webcatalog.io/en/apps/mp3juice,202,us
webcatalog.io/en/apps/betplay,195,us
webcatalog.io/apps/vclock,194,us
webcatalog.io/apps/poly-ai,191,us
webcatalog.io/en/apps/onlinegdb,184,us
webcatalog.io/en/apps/catbox,181,us
webcatalog.io/en/apps/crushonai,180,us
webcatalog.io/en/apps/zangi,175,us
webcatalog.io/en/apps/azar,173,us
webcatalog.io/en/apps/facebook-marketplace,171,us
webcatalog.io/en/apps/seventh-avenue,171,us
webcatalog.io/en/apps/fieldease/mobile,170,us
webcatalog.io/en/apps/unlim,168,us
webcatalog.io/en/apps/fig,167,us
webcatalog.io/en/apps/live-coin-watch,165,us
webcatalog.io/en/apps/mail-tm,165,us
webcatalog.io/en/apps/eitaa,163,us
webcatalog.io/en/apps/similarsites,160,us
webcatalog.io/en/apps/gofile,159,us
webcatalog.io/en/apps/ppspy,156,us
webcatalog.io/en/apps/blue-letter-bible,153,us
webcatalog.io/en/apps/qq-docs,151,us
webcatalog.io/en/apps/goofish,151,us
webcatalog.io/en/apps/twitter-viewer-io,149,us
webcatalog.io/en/apps/mytim,149,us
webcatalog.io/en/apps/character-ai,148,us
webcatalog.io/en/apps/keybr,144,us
webcatalog.io/en/apps/skyvector,142,us
webcatalog.io/en/apps/gostream,141,us
webcatalog.io/apps/microsoft-planner,141,us
webcatalog.io/en/apps/tiktok,139,us
webcatalog.io/en/apps/everything-moe,139,us
webcatalog.io/en/apps/symbolab,137,us
webcatalog.io/en/apps/grok,136,us
webcatalog.io/en/apps/howlongtobeat,135,us
webcatalog.io/en/apps/namsogen,135,us
webcatalog.io/en/apps/brickeconomy,134,us
webcatalog.io/en/apps/bingsport,134,us
webcatalog.io/en/apps/lenta-ru,133,us
webcatalog.io/en/apps/lootlemon,133,us
webcatalog.io/en/apps/gauthmath,133,us
webcatalog.io/apps/classeviva,132,us
webcatalog.io/en/apps/iloveimg,127,us
webcatalog.io/en/apps/paper-id,127,us
webcatalog.io/en/apps/wepik,126,us
webcatalog.io/en/apps/vheer,126,us
webcatalog.io/en/apps/manga-plus,125,us
webcatalog.io/apps/zangi,124,us
webcatalog.io/en/apps/webnovel,124,us
webcatalog.io/en/apps/internationalcupid,123,us
webcatalog.io/en/apps/hacker-typer,121,us
webcatalog.io/en/apps/numlookup,119,us
webcatalog.io/en/apps/dirpy,118,us
webcatalog.io/en/apps/tiermaker,118,us
webcatalog.io/en/apps/playdede,117,us
webcatalog.io/en/apps/sofurry,117,us
webcatalog.io/en/apps/duckduckgo-ai-chat,116,us
webcatalog.io/en/apps/botify-ai,114,us
webcatalog.io/apps/wco-tv,114,us
webcatalog.io/en/apps/adultfriendfinder/alternatives,113,us
webcatalog.io/en/apps/meetme,113,us
webcatalog.io/apps/instagram,112,us
webcatalog.io/en/apps/loklok,112,us
webcatalog.io/en/apps/download-com,111,us
webcatalog.io/en/apps/qqmail,111,us
webcatalog.io/en/apps/oned,109,us
webcatalog.io/en/apps/smmry,109,us
webcatalog.io/en/apps/procentive,109,us
webcatalog.io/en/apps/blocket,109,us
webcatalog.io/en/apps/androidwaves,108,us
webcatalog.io/en/apps/163-mail,107,us
webcatalog.io/en/apps/canvas,106,us
webcatalog.io/en/apps/ninite-pro,105,us
webcatalog.io/ru/apps/monkeytype,105,us
webcatalog.io/en/apps/crunchyroll,104,us
webcatalog.io/en/apps/simply-plural,104,us
webcatalog.io/en/apps/microsoft-word,103,us
webcatalog.io/en/apps/rapidtables,103,us
webcatalog.io/apps/corrlinks,102,us
webcatalog.io/en/apps/photomosh,101,us
webcatalog.io/en/apps/textme,101,us
webcatalog.io/en/apps/valant,101,us
webcatalog.io/en/apps/my-spicy-vanilla,100,us
webcatalog.io/en/apps/streamsquid,100,us
webcatalog.io/en/apps/lipsync,99,us
webcatalog.io/en/apps/musicca,99,us
webcatalog.io/en/apps/deepseek,98,us
webcatalog.io/en/apps/physics-wallah,97,us
webcatalog.io/en/apps/practice-fusion,97,us
webcatalog.io/en/apps/hiringcafe,96,us
webcatalog.io/en/apps/myphonerobot,96,us
webcatalog.io/en/apps/hostinger-webmail,95,us
webcatalog.io/en/apps/bitview,95,us
webcatalog.io/en/apps/freaky-fancy-font,94,us
webcatalog.io/en/apps/turbolearn-ai,94,us
webcatalog.io/en/apps/pastelink-net,93,us
webcatalog.io/en/apps/processon,92,us
webcatalog.io/en/apps/whoer,92,us
webcatalog.io/zh-CN/apps/google-bard,92,us
webcatalog.io/apps/adultfriendfinder,91,us
webcatalog.io/en/apps/bigcharts,91,us
webcatalog.io/en/apps/nitter,91,us
webcatalog.io/en/apps/pixiv,90,us
webcatalog.io/en/apps/itimekeep,90,us
webcatalog.io/en/apps/calendarpedia,90,us
webcatalog.io/en/apps/webmii,89,us
webcatalog.io/vi/apps/zalo,89,us
webcatalog.io/en/apps/searchcord,89,us
webcatalog.io/en/apps/mywgu,88,us
webcatalog.io/en/apps/snapchat,88,us
webcatalog.io/en/apps/tinder,88,us
webcatalog.io/en/apps/newsela,87,us
webcatalog.io/en/apps/vk,87,us
webcatalog.io/apps/deeplol-gg,87,us
webcatalog.io/en/apps/boomplay,87,us
webcatalog.io/en/apps/paperanimator,87,us
webcatalog.io/en/apps/makercase,86,us
webcatalog.io/en/apps/gimy,86,us
webcatalog.io/en/apps/netmovies,85,us
webcatalog.io/en/apps/chime,85,us
webcatalog.io/en/apps/perplexity-ai,4,es
webcatalog.io/es/apps/janitor-ai,90,es
webcatalog.io/es/apps/ionos-webmail,15,es
webcatalog.io/es/apps/u-gg,79,es
webcatalog.io/es/apps/playdede,19,es
webcatalog.io/es/apps/yacine-tv,346,es
webcatalog.io/es/apps/softcatala-corrector,2,es
webcatalog.io/es/apps/tarjama-amt,19,es
webcatalog.io/es/apps/ilovepdf,10,es
webcatalog.io/en/apps/snapdrop,43,es
webcatalog.io/es/apps/movidy,37,es
webcatalog.io/es/apps/kiwiirc,24,es
webcatalog.io/es/apps/webcam-toy,9,es
webcatalog.io/es/apps/spicychat-ai,13,es
webcatalog.io/es/apps/machobb,13,es
webcatalog.io/es/apps/knowunity,32,es
webcatalog.io/es/apps/dinahosting-webmail,9,es
webcatalog.io/es/apps/sugargoo,43,es
webcatalog.io/es/apps/burlington-english,53,es
webcatalog.io/es/apps/annas-archive,46,es
webcatalog.io/en/apps/steamdb,41,es
webcatalog.io/es/apps/softcatala-traductor,24,es
webcatalog.io/es/apps/flashscore,16,es
webcatalog.io/es/apps/rlaxx,60,es
webcatalog.io/es/apps/slidesgo,4,es
webcatalog.io/es/apps/gmx/mobile,8,es
webcatalog.io/es/apps/getemoji,2,es
webcatalog.io/es/apps/deeplol-gg,113,es
webcatalog.io/es/apps/aternos,16,es
webcatalog.io/es/apps/kbh-games,8,es
webcatalog.io/es/apps/sharedrop,38,es
webcatalog.io/es/apps/bing-maps,11,es
webcatalog.io/es/apps/wattpad,11,es
webcatalog.io/es/apps/sky-go,2,es
webcatalog.io/es/apps/linguee,9,es
webcatalog.io/es/apps/sapo-mail,26,es
webcatalog.io/en/apps/mp3juice,1,es
webcatalog.io/es/apps/nick,27,es
webcatalog.io/en/apps/ezgif,4,es
webcatalog.io/es/apps/vaia,4,es
webcatalog.io/es/apps/suno-ai,34,es
webcatalog.io/es/apps/neal-fun,11,es
webcatalog.io/es/apps/hostinger-webmail,36,es
webcatalog.io/es/apps/vistaprint,4,es
webcatalog.io/es/apps/rome2rio,3,es
webcatalog.io/es/apps/dirpy,11,es
webcatalog.io/es/apps/steamdb,1,es
webcatalog.io/es/apps/poly-ai,1,es
webcatalog.io/es/apps/paperanimator,22,es
webcatalog.io/es/apps/tiermaker,3,es
webcatalog.io/es/apps/brawl-stats,29,es
webcatalog.io/es/apps/okru,7,es
webcatalog.io/es/apps/libero-mail,2,es
webcatalog.io/es/apps/the-verge,9,es
webcatalog.io/es/apps/subscene,1,es
webcatalog.io/es/apps/mail-ru/mobile,24,es
webcatalog.io/es/apps/ovhcloud-mail,17,es
webcatalog.io/es/apps/flightaware,6,es
webcatalog.io/es/apps/nitter,6,es
webcatalog.io/es/apps/gofile,2,es
webcatalog.io/es/apps/crushonai,10,es
webcatalog.io/es/apps/chub-ai/mobile,57,es
webcatalog.io/es/apps/skype,2,es
webcatalog.io/en/apps/webcam-toy,6,es
webcatalog.io/es/apps/tunebat,4,es
webcatalog.io/es/apps/yodayo/mobile,12,es
webcatalog.io/es/apps/twitter-viewer-io,20,es
webcatalog.io/es/apps/aol-mail,41,es
webcatalog.io/es/apps/photocall-tv,22,es
webcatalog.io/es/apps/bibguru,25,es
webcatalog.io/es/apps/noun-project,9,es
webcatalog.io/es/apps/mail-ru,7,es
webcatalog.io/es/apps/yaytext,15,es
webcatalog.io/es/apps/anki-pro,101,es
webcatalog.io/es/apps/blinklearning,11,es
webcatalog.io/es/apps/manhunt,3,es
webcatalog.io/es/apps/blocket,1,es
webcatalog.io/en/apps/cracked,3,es
webcatalog.io/es/apps/vudu/mobile,4,es
webcatalog.io/en/apps/noun-project,39,es
webcatalog.io/es/apps/x-minus,2,es
webcatalog.io/es/apps/spliit,40,es
webcatalog.io/es/apps/icloud-find-my-iphone/mobile,96,es
webcatalog.io/es/apps/whatthefont,3,es
webcatalog.io/es/apps/toomics,9,es
webcatalog.io/es/apps/archidekt,7,es
webcatalog.io/es/apps/gomeet-today,37,es
webcatalog.io/es/apps/planet-minecraft,2,es
webcatalog.io/es/apps/starbyface/mobile,13,es
webcatalog.io/es/apps/samsung-galaxy-store,39,es
webcatalog.io/es/apps/virustotal,8,es
webcatalog.io/es/apps/linkbox,4,es
webcatalog.io/es/apps/uhmegle,30,es
webcatalog.io/es/apps/adobe-podcast,4,es
webcatalog.io/apps/leroy-merlin-es,3,es
webcatalog.io/es/apps/piclumen,9,es
webcatalog.io/es/apps/hitv,24,es
webcatalog.io/es/apps/scribbr,11,es
webcatalog.io/en/apps/onlinegdb,54,es
webcatalog.io/es/apps/g2g,74,es
webcatalog.io/es/apps/shein,74,es
webcatalog.io/es/apps/icloud-mail,73,es
webcatalog.io/es/apps/ziggo-go/mobile,73,es
webcatalog.io/es/apps/itch-io,72,es
webcatalog.io/es/apps/chatrandom,72,es
webcatalog.io/es/apps/momondo,72,es
webcatalog.io/es/apps/webuntis/mobile,71,es
webcatalog.io/apps/photocall-tv,71,es
webcatalog.io/es/apps/kozikaza,71,es
webcatalog.io/es/apps/webnovel,70,es
webcatalog.io/es/apps/tim-mail,70,es
webcatalog.io/es/apps/nightbot,69,es
webcatalog.io/es/apps/apkmirror,69,es
webcatalog.io/es/apps/hostai,69,es
webcatalog.io/es/apps/vlr-gg,68,es
webcatalog.io/es/apps/webmii,68,es
webcatalog.io/en/apps/sms-activate,67,es
webcatalog.io/es/apps/charstar/mobile,67,es
webcatalog.io/es/apps/1v1-chat,67,es
webcatalog.io/en/apps/sharedrop,67,es
webcatalog.io/es/apps/symbolab/mobile,66,es
webcatalog.io/es/apps/alternativeto,65,es
webcatalog.io/es/apps/yt1s,65,es
webcatalog.io/es/apps/raphael-ai,65,es
webcatalog.io/es/apps/soccerstand,64,es
webcatalog.io/es/apps/zedge/mobile,63,es
webcatalog.io/es/apps/myclassroom,63,es
webcatalog.io/es/apps/imyfone,61,es
webcatalog.io/es/apps/grindr,61,es
webcatalog.io/es/apps/what-font-is,60,es
webcatalog.io/apps/libero-mail,60,es
webcatalog.io/es/apps/infinityfree,57,es
webcatalog.io/es/apps/bt-email,57,es
webcatalog.io/es/apps/streamgo,57,es
webcatalog.io/en/apps/duckduckgo-ai-chat/mobile,57,es
webcatalog.io/en/apps/ankiweb,56,es
webcatalog.io/apps/instascraper,56,es
webcatalog.io/es/apps/gleeden/mobile,55,es
webcatalog.io/es/apps/manhunt/mobile,55,es
webcatalog.io/en/apps/streamable,54,es
webcatalog.io/es/apps/pcpartpicker,54,es
webcatalog.io/es/apps/mcpedl-com,54,es
webcatalog.io/es/apps/flirt,53,es
webcatalog.io/es/apps/pixai,53,es
webcatalog.io/es/apps/liven/mobile,52,es
webcatalog.io/es/apps/aruba-it-webmail,52,es
webcatalog.io/en/apps/hostinger-webmail,52,es
webcatalog.io/es/apps/vesselfinder/mobile,52,es
webcatalog.io/es/apps/codepen,51,es
webcatalog.io/es/apps/e-conomic,51,es
webcatalog.io/es/apps/candy-ai,51,es
webcatalog.io/es/apps/lyricstraining,51,es
webcatalog.io/es/apps/protonmail,51,es
webcatalog.io/es/apps/bt-email/mobile,51,es
webcatalog.io/es/apps/filepizza,50,es
webcatalog.io/apps/annas-archive,50,es
webcatalog.io/es/apps/z-ai,50,es
webcatalog.io/fr/apps/france-tv,99,fr
webcatalog.io/fr/apps/annas-archive,45,fr
webcatalog.io/fr/apps/myinstants,25,fr
webcatalog.io/fr/apps/u-gg,30,fr
webcatalog.io/fr/apps/photocall-tv,8,fr
webcatalog.io/fr/apps/toomics/mobile,89,fr
webcatalog.io/fr/apps/op-gg,31,fr
webcatalog.io/fr/apps/ovhcloud-mail,2,fr
webcatalog.io/fr/apps/vinted-fr,107,fr
webcatalog.io/fr/apps/deeplol-gg,2,fr
webcatalog.io/fr/apps/microsoft-word,6,fr
webcatalog.io/fr/apps/playhop,57,fr
webcatalog.io/fr/apps/yacine-tv/mobile,21,fr
webcatalog.io/fr/apps/gmx,1,fr
webcatalog.io/fr/apps/zero-gpt,31,fr
webcatalog.io/fr/apps/vudu/mobile,18,fr
webcatalog.io/fr/apps/scribd,18,fr
webcatalog.io/fr/apps/monkeytype,64,fr
webcatalog.io/fr/apps/forex-factory,3,fr
webcatalog.io/fr/apps/janitor-ai,10,fr
webcatalog.io/fr/apps/mp3juice,5,fr
webcatalog.io/fr/apps/webcam-toy,15,fr
webcatalog.io/apps/soccerway,23,fr
webcatalog.io/fr/apps/dex-screener,61,fr
webcatalog.io/fr/apps/candy-ai,18,fr
webcatalog.io/fr/apps/sci-hub,16,fr
webcatalog.io/en/apps/tunebat,98,fr
webcatalog.io/fr/apps/vesselfinder,56,fr
webcatalog.io/fr/apps/icloud-mail,7,fr
webcatalog.io/fr/apps/yacine-tv,74,fr
webcatalog.io/fr/apps/bale,36,fr
webcatalog.io/fr/apps/google-passwords,35,fr
webcatalog.io/fr/apps/clubic,7,fr
webcatalog.io/fr/apps/planet-minecraft,5,fr
webcatalog.io/fr/apps/tim-mail,18,fr
webcatalog.io/fr/apps/justwatch,121,fr
webcatalog.io/fr/apps/adobe-fonts,104,fr
webcatalog.io/fr/apps/scribens-fr,35,fr
webcatalog.io/fr/apps/aol-mail,14,fr
webcatalog.io/fr/apps/pastebin,56,fr
webcatalog.io/fr/apps/hostinger-webmail,6,fr
webcatalog.io/fr/apps/streamable,14,fr
webcatalog.io/fr/apps/spicychat-ai/mobile,30,fr
webcatalog.io/fr/apps/yandex-video,57,fr
webcatalog.io/fr/apps/convertio,52,fr
webcatalog.io/fr/apps/ecole-directe-plus,1,fr
webcatalog.io/fr/apps/roundcube,26,fr
webcatalog.io/fr/apps/yt1s,15,fr
webcatalog.io/fr/apps/gmx-fr,5,fr
webcatalog.io/fr/apps/remakeit,3,fr
webcatalog.io/fr/apps/poly-ai,12,fr
webcatalog.io/en/apps/perchance-ai,26,fr
webcatalog.io/apps/u-gg,13,fr
webcatalog.io/fr/apps/yandex-images,7,fr
webcatalog.io/fr/apps/sapo-mail,2,fr
webcatalog.io/fr/apps/tunebat,30,fr
webcatalog.io/fr/apps/justetf,7,fr
webcatalog.io/fr/apps/slidesgo,12,fr
webcatalog.io/fr/apps/emojiterra,1,fr
webcatalog.io/fr/apps/gofile,20,fr
webcatalog.io/fr/apps/perchance-ai,2,fr
webcatalog.io/fr/apps/sejda,8,fr
webcatalog.io/fr/apps/gomeet-today,2,fr
webcatalog.io/fr/apps/webmii,38,fr
webcatalog.io/fr/apps/hitv,10,fr
webcatalog.io/en/apps/monkeytype,260,fr
webcatalog.io/fr/apps/crypto-bubbles,44,fr
webcatalog.io/fr/apps/pure/alternatives,2,fr
webcatalog.io/fr/apps/flightaware,27,fr
webcatalog.io/fr/apps/flightaware/mobile,150,fr
webcatalog.io/fr/apps/cleanup-pictures,45,fr
webcatalog.io/fr/apps/aternos,18,fr
webcatalog.io/fr/apps/ionos-webmail,21,fr
webcatalog.io/fr/apps/x-minus,24,fr
webcatalog.io/fr/apps/discohook,9,fr
webcatalog.io/fr/apps/alternativeto,63,fr
webcatalog.io/fr/apps/raphael-ai,1,fr
webcatalog.io/fr/apps/grindr,2,fr
webcatalog.io/fr/apps/worldometers,2,fr
webcatalog.io/fr/apps/tryocaml,8,fr
webcatalog.io/fr/apps/camgo,5,fr
webcatalog.io/fr/apps/bibmath-net,17,fr
webcatalog.io/fr/apps/neural-writer,19,fr
webcatalog.io/fr/apps/subscene,14,fr
webcatalog.io/fr/apps/pdf-drive,26,fr
webcatalog.io/fr/apps/spicychat-ai,5,fr
webcatalog.io/fr/apps/ankiweb,38,fr
webcatalog.io/fr/apps/gleeden/mobile,20,fr
webcatalog.io/fr/apps/pdf24,1,fr
webcatalog.io/fr/apps/yandex-mail,17,fr
webcatalog.io/fr/apps/dirpy,8,fr
webcatalog.io/fr/apps/cobalt-tools,5,fr
webcatalog.io/fr/apps/knowunity,4,fr
webcatalog.io/fr/apps/openpro,7,fr
webcatalog.io/en/apps/napkin-ai,9,fr
webcatalog.io/fr/apps/pairdrop,1,fr
webcatalog.io/fr/apps/snaptik/mobile,22,fr
webcatalog.io/apps/cracked,33,fr
webcatalog.io/fr/apps/mapy-cz,94,fr
webcatalog.io/fr/apps/backloggd,93,fr
webcatalog.io/en/apps/ezgif,93,fr
webcatalog.io/fr/apps/zedge/mobile,93,fr
webcatalog.io/fr/apps/stats-royale,93,fr
webcatalog.io/fr/apps/archidekt,92,fr
webcatalog.io/fr/apps/what-font-is,92,fr
webcatalog.io/fr/apps/riseup-mail,89,fr
webcatalog.io/fr/apps/cracked,88,fr
webcatalog.io/fr/apps/liven/mobile,87,fr
webcatalog.io/fr/apps/ezgif,87,fr
webcatalog.io/fr/apps/monkey,87,fr
webcatalog.io/fr/apps/gostream,86,fr
webcatalog.io/fr/apps/kiwiirc,86,fr
webcatalog.io/fr/apps/bigo-live/mobile,85,fr
webcatalog.io/fr/apps/distrowatch,85,fr
webcatalog.io/fr/apps/looti,83,fr
webcatalog.io/fr/apps/google-forms,82,fr
webcatalog.io/fr/apps/private-email,81,fr
webcatalog.io/fr/apps/poki,79,fr
webcatalog.io/zh-TW/apps/baidu-image,78,fr
webcatalog.io/fr/apps/oculus-casting,78,fr
webcatalog.io/fr/apps/whatthefont,77,fr
webcatalog.io/fr/apps/gauthmath,76,fr
webcatalog.io/fr/apps/seller-central,76,fr
webcatalog.io/fr/apps/quizizz/mobile,75,fr
webcatalog.io/fr/apps/opus-clip,75,fr
webcatalog.io/fr/apps/linkbox,73,fr
webcatalog.io/fr/apps/nos-tv,73,fr
webcatalog.io/fr/apps/libero-mail,73,fr
webcatalog.io/fr/apps/stats-fm,72,fr
webcatalog.io/fr/apps/radio-garden,71,fr
webcatalog.io/fr/apps/zalo,70,fr
webcatalog.io/fr/apps/eitaa,70,fr
webcatalog.io/fr/apps/apkmirror,70,fr
webcatalog.io/fr/apps/ziggo-go,69,fr
webcatalog.io/fr/apps/tv-garden,69,fr
webcatalog.io/fr/apps/yoti,69,fr
webcatalog.io/fr/apps/ukr-net,68,fr
webcatalog.io/fr/apps/croxyproxy,67,fr
webcatalog.io/fr/apps/namelix,67,fr
webcatalog.io/fr/apps/cyberchef,67,fr
webcatalog.io/fr/apps/icon-archive,66,fr
webcatalog.io/fr/apps/typingclub,66,fr
webcatalog.io/en/apps/coin360,65,fr
webcatalog.io/fr/apps/chatblink,65,fr
webcatalog.io/fr/apps/softcatala-corrector,64,fr
webcatalog.io/fr/apps/startpage,64,fr
webcatalog.io/fr/apps/social-blade,64,fr
webcatalog.io/fr/apps/brite,64,fr
webcatalog.io/fr/apps/shein,64,fr
webcatalog.io/fr/apps/gg-deals,63,fr
webcatalog.io/fr/apps/mundotoro,63,fr
webcatalog.io/fr/apps/pixivfanbox,63,fr
webcatalog.io/fr/apps/mixamo,62,fr
webcatalog.io/fr/apps/creative-fabrica,62,fr
webcatalog.io/fr/apps/scribbr,62,fr
webcatalog.io/fr/apps/grok,61,fr
webcatalog.io/fr/apps/sharedrop,61,fr
webcatalog.io/en/apps/loklok,61,fr
webcatalog.io/fr/apps/yaytext,61,fr
webcatalog.io/fr/apps/protonmail,61,fr
webcatalog.io/fr/apps/twitter-viewer-io,61,fr
webcatalog.io/en/apps/flight-club,60,fr
webcatalog.io/en/apps/onlinegdb,60,fr
webcatalog.io/fr/apps/chatrandom/mobile,59,fr
webcatalog.io/fr/apps/taptap,58,fr
webcatalog.io/fr/apps/icloud-find-my-iphone,58,fr
webcatalog.io/fr/apps/bluesky,58,fr
webcatalog.io/fr/apps/bandlab,58,fr
webcatalog.io/fr/apps/setlist-fm,57,fr
webcatalog.io/fr/apps/snapchat-video-downloader,56,fr
webcatalog.io/fr/apps/itslearning,55,fr
webcatalog.io/fr/apps/gmgn,55,fr
webcatalog.io/fr/apps/postermywall,55,fr
webcatalog.io/en/apps/cleanup-pictures,54,fr
webcatalog.io/fr/apps/wikimapia,54,fr
webcatalog.io/fr/apps/yandex-search,54,fr
webcatalog.io/fr/apps/wallhaven,54,fr
webcatalog.io/en/apps/chatable,54,fr
webcatalog.io/fr/apps/krea-ai,53,fr
webcatalog.io/fr/apps/getemoji,52,fr
webcatalog.io/fr/apps/sellix,52,fr
webcatalog.io/fr/apps/geogebra,52,fr
webcatalog.io/fr/apps/mediafire,52,fr
webcatalog.io/fr/apps/anime-planet,52,fr
webcatalog.io/fr/apps/4shared,51,fr
webcatalog.io/fr/apps/dartpad,51,fr
webcatalog.io/fr/apps/microsoft-excel,51,fr
webcatalog.io/fr/apps/mdn-web-docs,51,fr
webcatalog.io/fr/apps/speaky,51,fr
webcatalog.io/fr/apps/mewe,50,fr
webcatalog.io/fr/apps/vidwud,50,fr
webcatalog.io/fr/apps/clideo,50,fr
webcatalog.io/fr/apps/downdetector,50,fr
webcatalog.io/fr/apps/trimbox,50,fr
webcatalog.io/de/apps/poki,16,de
webcatalog.io/de/apps/janitor-ai,95,de
webcatalog.io/de/apps/ionos-webmail,29,de
webcatalog.io/de/apps/playhop,45,de
webcatalog.io/de/apps/snaptik,25,de
webcatalog.io/de/apps/u-gg,41,de
webcatalog.io/de/apps/cobalt-tools,8,de
webcatalog.io/de/apps/vesselfinder,18,de
webcatalog.io/de/apps/bale,52,de
webcatalog.io/de/apps/libero-mail,3,de
webcatalog.io/de/apps/mmoga,20,de
webcatalog.io/de/apps/crushonai,189,de
webcatalog.io/de/apps/zangi,2,de
webcatalog.io/de/apps/instant-gaming,7,de
webcatalog.io/de/apps/deeplol-gg,77,de
webcatalog.io/apps/libero-mail,17,de
webcatalog.io/de/apps/microsoft-word,4,de
webcatalog.io/de/apps/kling-ai,14,de
webcatalog.io/de/apps/flvto-click,22,de
webcatalog.io/de/apps/gofile,41,de
webcatalog.io/apps/planetromeo,2,de
webcatalog.io/de/apps/chatrandom/mobile,14,de
webcatalog.io/en/apps/trading-terminal,10,de
webcatalog.io/de/apps/twitter-viewer-io,121,de
webcatalog.io/de/apps/photocall-tv,9,de
webcatalog.io/de/apps/aternos,24,de
webcatalog.io/de/apps/poly-ai,10,de
webcatalog.io/apps/wetransfer,10,de
webcatalog.io/de/apps/yandex-video,34,de
webcatalog.io/de/apps/archidekt,17,de
webcatalog.io/de/apps/viamichelin,27,de
webcatalog.io/apps/dex-screener,19,de
webcatalog.io/de/apps/pdf-drive,7,de
webcatalog.io/de/apps/flightaware,30,de
webcatalog.io/de/apps/i-love-pdf-2,19,de
webcatalog.io/de/apps/luckycrush,7,de
webcatalog.io/de/apps/daily-jang,58,de
webcatalog.io/de/apps/soccerway,2,de
webcatalog.io/de/apps/uniteddomains-webmailer,4,de
webcatalog.io/de/apps/mobidrive,3,de
webcatalog.io/de/apps/taptap,4,de
webcatalog.io/apps/gitlab,62,de
webcatalog.io/en/apps/bale,16,de
webcatalog.io/de/apps/google-translate,24,de
webcatalog.io/de/apps/pr0gramm,1,de
webcatalog.io/de/apps/ezgif,1,de
webcatalog.io/apps/pr0gramm,9,de
webcatalog.io/de/apps/qq-fanyi,21,de
webcatalog.io/de/apps/eitaa,6,de
webcatalog.io/de/apps/snapchat-video-downloader,19,de
webcatalog.io/de/apps/mp3juice,5,de
webcatalog.io/de/apps/tunebat,25,de
webcatalog.io/de/apps/nitter,3,de
webcatalog.io/de/apps/bring,8,de
webcatalog.io/en/apps/lolalytics,21,de
webcatalog.io/de/apps/chatblink,14,de
webcatalog.io/de/apps/hetzner-konsoleh,13,de
webcatalog.io/de/apps/x-minus,14,de
webcatalog.io/de/apps/distrowatch,14,de
webcatalog.io/de/apps/minichat,7,de
webcatalog.io/de/apps/character-ai,1,de
webcatalog.io/de/apps/chatgot,3,de
webcatalog.io/de/apps/playhop/mobile,9,de
webcatalog.io/de/apps/looti,36,de
webcatalog.io/de/apps/rambler-mail,2,de
webcatalog.io/de/apps/ankiweb,206,de
webcatalog.io/de/apps/kozikaza,6,de
webcatalog.io/de/apps/google-sheets,5,de
webcatalog.io/de/apps/tim-mail,20,de
webcatalog.io/de/apps/yodayo,2,de
webcatalog.io/de/apps/tango-me,4,de
webcatalog.io/en/apps/sci-hub,44,de
webcatalog.io/de/apps/gomeet-today,1,de
webcatalog.io/de/apps/back-market,5,de
webcatalog.io/apps/deeplol-gg,4,de
webcatalog.io/de/apps/glosbe,36,de
webcatalog.io/de/apps/kbh-games,5,de
webcatalog.io/de/apps/planet-minecraft,6,de
webcatalog.io/apps/wco-tv,29,de
webcatalog.io/de/apps/boards,2,de
webcatalog.io/de/apps/spicychat-ai,1,de
webcatalog.io/de/apps/vidwud,63,de
webcatalog.io/de/apps/instascraper,22,de
webcatalog.io/de/apps/curseforge,6,de
webcatalog.io/de/apps/mail-ru,10,de
webcatalog.io/de/apps/webcam-toy,1,de
webcatalog.io/de/apps/zalo,4,de
webcatalog.io/de/apps/spond,5,de
webcatalog.io/apps/baidu-tieba,22,de
webcatalog.io/apps/soccerstand,15,de
webcatalog.io/de/apps/neal-fun,8,de
webcatalog.io/en/apps/mp3juice,5,de
webcatalog.io/de/apps/ziggo-go,3,de
webcatalog.io/de/apps/whop,16,de
webcatalog.io/de/apps/uhmegle,12,de
webcatalog.io/de/apps/godmodetrader,5,de
webcatalog.io/de/apps/traderie,2,de
webcatalog.io/en/apps/soccerstand,25,de
webcatalog.io/de/apps/vidio-ai,69,de
webcatalog.io/de/apps/seaart,69,de
webcatalog.io/de/apps/livescore,67,de
webcatalog.io/de/apps/yacine-tv,67,de
webcatalog.io/de/apps/teamviewer,66,de
webcatalog.io/de/apps/chattube,66,de
webcatalog.io/en/apps/eitaa,65,de
webcatalog.io/de/apps/myinstants,65,de
webcatalog.io/de/apps/icloud-mail,65,de
webcatalog.io/de/apps/snappfood,65,de
webcatalog.io/de/apps/artguru,64,de
webcatalog.io/de/apps/amazon-alexa,64,de
webcatalog.io/de/apps/swisstransfer,64,de
webcatalog.io/de/apps/xbox-cloud-gaming,63,de
webcatalog.io/de/apps/clubdesk,63,de
webcatalog.io/apps/genshin-impact-map,62,de
webcatalog.io/de/apps/sapo-mail,60,de
webcatalog.io/de/apps/whatthefont,60,de
webcatalog.io/de/apps/itch-io,59,de
webcatalog.io/de/apps/rediffmail,59,de
webcatalog.io/de/apps/youtube-kids,59,de
webcatalog.io/de/apps/yaytext,58,de
webcatalog.io/de/apps/wallhaven,58,de
webcatalog.io/de/apps/amazon-a-to-z,54,de
webcatalog.io/de/apps/google-forms,54,de
webcatalog.io/de/apps/instagram,53,de
webcatalog.io/ru/apps/fossabot,53,de
webcatalog.io/de/apps/hent,51,de
webcatalog.io/en/apps/trademarkia,51,de
webcatalog.io/it/apps/libero-mail,182,it
webcatalog.io/it/apps/5chat,97,it
webcatalog.io/it/apps/yahoo,2,it
webcatalog.io/it/apps/janitor-ai,8,it
webcatalog.io/en/apps/5chat/mobile,85,it
webcatalog.io/it/apps/viamichelin,107,it
webcatalog.io/it/apps/5chat/mobile,25,it
webcatalog.io/it/apps/azar,51,it
webcatalog.io/it/apps/groupon/alternatives,24,it
webcatalog.io/it/apps/uhmegle,34,it
webcatalog.io/it/apps/tim-mail,32,it
webcatalog.io/it/apps/gleeden,8,it
webcatalog.io/it/apps/chatrandom,72,it
webcatalog.io/it/apps/mytim,17,it
webcatalog.io/it/apps/annas-archive,103,it
webcatalog.io/it/apps/onlinegdb,15,it
webcatalog.io/it/apps/pdf-drive,7,it
webcatalog.io/it/apps/planetromeo/alternatives,20,it
webcatalog.io/it/apps/vesselfinder,4,it
webcatalog.io/it/apps/aternos,97,it
webcatalog.io/it/apps/photocall-tv,30,it
webcatalog.io/it/apps/pairdrop,11,it
webcatalog.io/it/apps/slidesgo,6,it
webcatalog.io/it/apps/sharedrop,23,it
webcatalog.io/it/apps/microsoft-onedrive,80,it
webcatalog.io/it/apps/oxfordlearnersbookshelf,182,it
webcatalog.io/it/apps/webcam-toy,13,it
webcatalog.io/it/apps/rezultati,6,it
webcatalog.io/it/apps/planet-minecraft,11,it
webcatalog.io/it/apps/spotify,56,it
webcatalog.io/it/apps/instant-gaming,16,it
webcatalog.io/it/apps/wikihow,29,it
webcatalog.io/it/apps/spicychat-ai/mobile,25,it
webcatalog.io/it/apps/knowunity,39,it
webcatalog.io/it/apps/dazn/alternatives,10,it
webcatalog.io/it/apps/vk,103,it
webcatalog.io/apps/yacine-tv,32,it
webcatalog.io/it/apps/luckycrush,13,it
webcatalog.io/it/apps/character-ai,4,it
webcatalog.io/en/apps/flightradar24,11,it
webcatalog.io/it/apps/deepl-translate,24,it
webcatalog.io/it/apps/aptoide,81,it
webcatalog.io/it/apps/x-minus,5,it
webcatalog.io/it/apps/nitter,47,it
webcatalog.io/en/apps/tunebat,13,it
webcatalog.io/it/apps/diretta/mobile,27,it
webcatalog.io/it/apps/swisstransfer,46,it
webcatalog.io/it/apps/sylaps,3,it
webcatalog.io/it/apps/meetic,7,it
webcatalog.io/it/apps/fantacalcio,20,it
webcatalog.io/it/apps/yahoo-search,8,it
webcatalog.io/it/apps/google-finance,2,it
webcatalog.io/apps/soccerway,2,it
webcatalog.io/it/apps/aol-mail,16,it
webcatalog.io/en/apps/planetromeo,19,it
webcatalog.io/it/apps/dex-screener,1,it
webcatalog.io/it/apps/chatgot,10,it
webcatalog.io/it/apps/poly-ai,161,it
webcatalog.io/it/apps/dropbox,91,it
webcatalog.io/it/apps/yaytext,3,it
webcatalog.io/it/apps/tarjama-amt,5,it
webcatalog.io/it/apps/mail-ru/mobile,2,it
webcatalog.io/it/apps/microsoft-teams,17,it
webcatalog.io/it/apps/icloud-mail,14,it
webcatalog.io/it/apps/mycanal,20,it
webcatalog.io/it/apps/z-ai,44,it
webcatalog.io/it/apps/gomeet-today,10,it
webcatalog.io/it/apps/ionos-webmail,29,it
webcatalog.io/it/apps/i-love-pdf-2,25,it
webcatalog.io/en/apps/onlinegdb,20,it
webcatalog.io/it/apps/pdf24,29,it
webcatalog.io/apps/u-gg,13,it
webcatalog.io/it/apps/shein,5,it
webcatalog.io/it/apps/radio-garden,2,it
webcatalog.io/it/apps/creditsafe,11,it
webcatalog.io/it/apps/convertio,73,it
webcatalog.io/it/apps/noun-project,10,it
webcatalog.io/it/apps/gofile,1,it
webcatalog.io/en/apps/filterpixel,7,it
webcatalog.io/it/apps/my-drama-list,1,it
webcatalog.io/it/apps/icloud-find-my-iphone,40,it
webcatalog.io/it/apps/webuntis,3,it
webcatalog.io/it/apps/polcompball-anarchy-wiki,42,it
webcatalog.io/it/apps/hacker-typer,17,it
webcatalog.io/it/apps/playhop,13,it
webcatalog.io/it/apps/diretta,15,it
webcatalog.io/it/apps/civitai,39,it
webcatalog.io/it/apps/fast,19,it
webcatalog.io/it/apps/gleeden/alternatives,14,it
webcatalog.io/it/apps/hostinger-webmail,5,it
webcatalog.io/it/apps/qooapp,15,it
webcatalog.io/it/apps/microsoft-word,3,it
webcatalog.io/it/apps/cobalt-tools,7,it
webcatalog.io/it/apps/smallpdf,19,it
webcatalog.io/en/apps/webcam-toy,2,it
webcatalog.io/it/apps/liven/mobile,127,it
webcatalog.io/it/apps/msn-games,123,it
webcatalog.io/it/apps/life360,122,it
webcatalog.io/it/apps/linguee,122,it
webcatalog.io/it/apps/startpage,121,it
webcatalog.io/it/apps/pure/alternatives,120,it
webcatalog.io/it/apps/cleanup-pictures,120,it
webcatalog.io/it/apps/pdfescape,118,it
webcatalog.io/it/apps/ankiweb,118,it
webcatalog.io/it/apps/krea-ai,116,it
webcatalog.io/it/apps/gg-deals,114,it
webcatalog.io/it/apps/toomics,113,it
webcatalog.io/it/apps/omegle,113,it
webcatalog.io/it/apps/leiapix-converter,112,it
webcatalog.io/it/apps/twitter-viewer-io,110,it
webcatalog.io/it/apps/font-squirrel,110,it
webcatalog.io/it/apps/monkey,109,it
webcatalog.io/it/apps/g2g,109,it
webcatalog.io/it/apps/aol,108,it
webcatalog.io/it/apps/sketchfab,107,it
webcatalog.io/it/apps/teamviewer,107,it
webcatalog.io/it/apps/afrointroductions/mobile,105,it
webcatalog.io/it/apps/interia,105,it
webcatalog.io/it/apps/crushonai,105,it
webcatalog.io/it/apps/copecart,104,it
webcatalog.io/it/apps/mojo,103,it
webcatalog.io/it/apps/google-translate/mobile,101,it
webcatalog.io/it/apps/ziggo-go,101,it
webcatalog.io/it/apps/monkeytype,101,it
webcatalog.io/it/apps/yahoo-mail,100,it
webcatalog.io/it/apps/chatblink,99,it
webcatalog.io/it/apps/expedia,99,it
webcatalog.io/it/apps/saramart,98,it
webcatalog.io/it/apps/fastmail/mobile,97,it
webcatalog.io/en/apps/ezgif,97,it
webcatalog.io/it/apps/digi-online,95,it
webcatalog.io/it/apps/camscanner,95,it
webcatalog.io/it/apps/marinetraffic,94,it
webcatalog.io/it/apps/snaptik,93,it
webcatalog.io/it/apps/spicychat-ai,92,it
webcatalog.io/it/apps/overleaf,92,it
webcatalog.io/it/apps/perplexity-ai,90,it
webcatalog.io/it/apps/alternativeto,90,it
webcatalog.io/it/apps/subscene,87,it
webcatalog.io/it/apps/hangouts-meet,86,it
webcatalog.io/it/apps/microsoft-excel,86,it
webcatalog.io/it/apps/tunebat,86,it
webcatalog.io/it/apps/photopea,85,it
webcatalog.io/it/apps/myairbridge-com,84,it
webcatalog.io/it/apps/ovhcloud-mail,84,it
webcatalog.io/it/apps/mail-ru,84,it
webcatalog.io/it/apps/codepen,83,it
webcatalog.io/it/apps/manga-plus,83,it
webcatalog.io/it/apps/lunapic,83,it
webcatalog.io/en/apps/instascraper,82,it
webcatalog.io/it/apps/google-play-console,82,it
webcatalog.io/it/apps/grabcad,81,it
webcatalog.io/it/apps/yacine-tv,81,it
webcatalog.io/it/apps/blogger,81,it
webcatalog.io/it/apps/samsung-cloud,80,it
webcatalog.io/en/apps/monkeytype,79,it
webcatalog.io/it/apps/tiktok,79,it
webcatalog.io/it/apps/neal-fun,77,it
webcatalog.io/it/apps/aruba-it-webmail,77,it
webcatalog.io/it/apps/otranscribe,76,it
webcatalog.io/it/apps/tango-me,76,it
webcatalog.io/it/apps/vinted-it,75,it
webcatalog.io/it/apps/instagram,75,it
webcatalog.io/it/apps/dirpy,74,it
webcatalog.io/it/apps/anton,73,it
webcatalog.io/apps/maxroll,73,it
webcatalog.io/it/apps/roobet,72,it
webcatalog.io/it/apps/grindr/alternatives,72,it
webcatalog.io/it/apps/google-notebooklm,72,it
webcatalog.io/it/apps/microsoft-power-bi,72,it
webcatalog.io/it/apps/desmos-calculator,72,it
webcatalog.io/it/apps/icon-archive,71,it
webcatalog.io/apps/wetransfer,71,it
webcatalog.io/it/apps/piskel,71,it
webcatalog.io/it/apps/oculus-casting,71,it
webcatalog.io/it/apps/bigo-live/mobile,70,it
webcatalog.io/it/apps/vinted-it/mobile,70,it
webcatalog.io/it/apps/brawl-stats/mobile,70,it
webcatalog.io/it/apps/uptodown,70,it
webcatalog.io/it/apps/creditsafe/alternatives,70,it
webcatalog.io/en/apps/whatthefont,69,it
webcatalog.io/it/apps/filehippo,69,it
webcatalog.io/it/apps/google-doodles,69,it
webcatalog.io/it/apps/pokemon-showdown,68,it
webcatalog.io/it/apps/justwatch,68,it
webcatalog.io/it/apps/betplay,67,it
webcatalog.io/it/apps/pocket-option,66,it
webcatalog.io/it/apps/planetromeo,66,it
webcatalog.io/apps/planetromeo,66,it
webcatalog.io/it/apps/camgo,66,it
webcatalog.io/it/apps/bt-email,65,it
webcatalog.io/it/apps/bing-maps,65,it
webcatalog.io/it/apps/iloveimg,65,it
webcatalog.io/it/apps/justetf,64,it
webcatalog.io/it/apps/hitv,64,it
webcatalog.io/nl/apps/yahoo-mail,617,nl
webcatalog.io/apps/libero-mail,434,nl
webcatalog.io/en/apps/chatgot,396,nl
webcatalog.io/nl/apps/vesselfinder/mobile,297,nl
webcatalog.io/nl/apps/luckycrush,278,nl
webcatalog.io/nl/apps/soccerstand,268,nl
webcatalog.io/nl/apps/basispoort,263,nl
webcatalog.io/en/apps/micromrr,248,nl
webcatalog.io/nl/apps/chatrandom,225,nl
webcatalog.io/en/apps/libero-mail,191,nl
webcatalog.io/nl/apps/bale,178,nl
webcatalog.io/nl/apps/cobalt-tools,174,nl
webcatalog.io/nl/apps/pairdrop,167,nl
webcatalog.io/en/apps/flightradar24,139,nl
webcatalog.io/nl/apps/snaptik/mobile,121,nl
webcatalog.io/nl/apps/wattpad,119,nl
webcatalog.io/nl/apps/vesselfinder,106,nl
webcatalog.io/nl/apps/yt1s,104,nl
webcatalog.io/nl/apps/x-minus,100,nl
webcatalog.io/nl/apps/chatblink,93,nl
webcatalog.io/en/apps/google-notebooklm,90,nl
webcatalog.io/en/apps/soccerway,84,nl
webcatalog.io/nl/apps/viamichelin,84,nl
webcatalog.io/en/apps/webcam-toy,77,nl
webcatalog.io/nl/apps/strato-webmail,75,nl
webcatalog.io/nl/apps/google-docs,69,nl
webcatalog.io/nl/apps/neal-fun,67,nl
webcatalog.io/nl/apps/icloud-mail,67,nl
webcatalog.io/nl/apps/wetransfer,64,nl
webcatalog.io/nl/apps/flightaware,60,nl
webcatalog.io/nl/apps/sapo-mail,59,nl
webcatalog.io/nl/apps/candy-ai,58,nl
webcatalog.io/nl/apps/routexl,58,nl
webcatalog.io/nl/apps/live-coin-watch,51,nl
webcatalog.io/en/apps/tory-burch,50,nl
webcatalog.io/ru/apps/spaces,109,ru
webcatalog.io/ru/apps/x-minus,743,ru
webcatalog.io/ru/apps/success-factory,650,ru
webcatalog.io/ru/apps/taptap/mobile,453,ru
webcatalog.io/ru/apps/yandex-ru,451,ru
webcatalog.io/ru/apps/piastrix,402,ru
webcatalog.io/ru/apps/youla,367,ru
webcatalog.io/ru/apps/aliexpress,360,ru
webcatalog.io/en/apps/crowd1,353,ru
webcatalog.io/ru/apps/yandex-sport,353,ru
webcatalog.io/ru/apps/badoo/alternatives,347,ru
webcatalog.io/ru/apps/nike-snkrs,330,ru
webcatalog.io/ru/apps/soap4me,303,ru
webcatalog.io/ru/apps/railway,297,ru
webcatalog.io/ja/apps/picrew,281,ru
webcatalog.io/ru/apps/aternos,270,ru
webcatalog.io/en/apps/starbyface/mobile,268,ru
webcatalog.io/ru/apps/mail-ru,263,ru
webcatalog.io/ru/apps/vsco,238,ru
webcatalog.io/ru/apps/instagram,221,ru
webcatalog.io/ru/apps/avito,213,ru
webcatalog.io/ru/apps/chatroulette,187,ru
webcatalog.io/ru/apps/microsoft-word,181,ru
webcatalog.io/en/apps/soccerstand,181,ru
webcatalog.io/ru/apps/binder,179,ru
webcatalog.io/ru/apps/muse-ai,177,ru
webcatalog.io/ru/apps/rambler-horoscopes,176,ru
webcatalog.io/ru/apps/bong-da-24h/mobile,159,ru
webcatalog.io/ru/apps/pure,153,ru
webcatalog.io/ru/apps/ratatype,137,ru
webcatalog.io/ru/apps/ivo-systems,137,ru
webcatalog.io/ru/apps/ivo,123,ru
webcatalog.io/ru/apps/wikimapia,122,ru
webcatalog.io/en/apps/onlinegdb,120,ru
webcatalog.io/ru/apps/pinterest,118,ru
webcatalog.io/ru/apps/yandex-translate,117,ru
webcatalog.io/ru/apps/webcam-toy,114,ru
webcatalog.io/en/apps/streamable,109,ru
webcatalog.io/ru/apps/mimo,108,ru
webcatalog.io/ru/apps/snaptik/mobile,103,ru
webcatalog.io/ru/apps/idroo,102,ru
webcatalog.io/ru/apps/planet-minecraft,94,ru
webcatalog.io/ru/apps/1xbet,89,ru
webcatalog.io/ru/apps/periscope,85,ru
webcatalog.io/ru/apps/reface/alternatives,83,ru
webcatalog.io/ru/apps/finder,83,ru
webcatalog.io/ru/apps/yandex-education,76,ru
webcatalog.io/ru/apps/premiumbeat,74,ru
webcatalog.io/apps/hacker-typer,74,ru
webcatalog.io/ru/apps/interpals/mobile,70,ru
webcatalog.io/ru/apps/nvidia-geforce-now,70,ru
webcatalog.io/ru/apps/okko,70,ru
webcatalog.io/ru/apps/classtime,68,ru
webcatalog.io/ru/apps/convertio,65,ru
webcatalog.io/ru/apps/onlinegdb,64,ru
webcatalog.io/ru/apps/crypto-bubbles,61,ru
webcatalog.io/ru/apps/chattube,58,ru
webcatalog.io/ru/apps/vk,58,ru
webcatalog.io/ru/apps/imgbb,56,ru
webcatalog.io/ru/apps/optimizilla,56,ru
webcatalog.io/ru/apps/forebears,56,ru
webcatalog.io/ru/apps/jarvis,55,ru
webcatalog.io/ru/apps/avito/mobile,54,ru
webcatalog.io/ru/apps/askfm,52,ru
webcatalog.io/ru/apps/mee6,52,ru
webcatalog.io/ru/apps/freedom,51,ru
webcatalog.io/apps/instagram,51,ru
webcatalog.io/ru/apps/adobe-illustrator,50,ru
webcatalog.io/ru/apps/2gis,50,ru
webcatalog.io/en/apps/squirt-org,682,ca
webcatalog.io/en/apps/webcam-toy,655,ca
webcatalog.io/en/apps/gimy,347,ca
webcatalog.io/en/apps/ebay-ca,275,ca
webcatalog.io/en/apps/push-operations,144,ca
webcatalog.io/en/apps/monkeytype,130,ca
webcatalog.io/en/apps/fanshawe-webadvisor,112,ca
webcatalog.io/en/apps/deeplol-gg,107,ca
webcatalog.io/en/apps/u-gg,102,ca
webcatalog.io/en/apps/photocall-tv,99,ca
webcatalog.io/en/apps/yacine-tv,95,ca
webcatalog.io/en/apps/linguee,95,ca
webcatalog.io/en/apps/filehippo,93,ca
webcatalog.io/apps/baidu-wangpan,90,ca
webcatalog.io/en/apps/zalo,78,ca
webcatalog.io/en/apps/baidu-wangpan,76,ca
webcatalog.io/en/apps/flightaware,75,ca
webcatalog.io/en/apps/kleki,66,ca
webcatalog.io/apps/classeviva,66,ca
webcatalog.io/en/apps/tunebat,63,ca
webcatalog.io/en/apps/wetransfer,63,ca
webcatalog.io/en/apps/playmods,62,ca
webcatalog.io/en/apps/mp3juice,61,ca
webcatalog.io/en/apps/rapidtables,61,ca
webcatalog.io/en/apps/kling-ai,60,ca
webcatalog.io/apps/baidu-fanyi,60,ca
webcatalog.io/ja/apps/picrew,60,ca
webcatalog.io/en/apps/cobalt-tools,54,ca
webcatalog.io/en/apps/uol-mail,52,ca
webcatalog.io/en/apps/playmods,2,br
webcatalog.io/pt/apps/webcam-toy,32,br
webcatalog.io/pt/apps/webmii,19,br
webcatalog.io/pt/apps/fast,6,br
webcatalog.io/ja/apps/picrew,65,br
webcatalog.io/en/apps/sharedrop,1,br
webcatalog.io/pt/apps/convertio,88,br
webcatalog.io/pt/apps/deeplol-gg,27,br
webcatalog.io/pt/apps/chatrandom/mobile,35,br
webcatalog.io/pt/apps/polotno-studio,28,br
webcatalog.io/pt/apps/blackbox,2,br
webcatalog.io/en/apps/steamdb,7,br
webcatalog.io/pt/apps/ultramail,22,br
webcatalog.io/pt/apps/nutror,6,br
webcatalog.io/pt/apps/hostinger-webmail,36,br
webcatalog.io/pt/apps/fontspace,31,br
webcatalog.io/pt/apps/simplesvet,4,br
webcatalog.io/pt/apps/meu-bernoulli-4-0,83,br
webcatalog.io/pt/apps/kbh-games,14,br
webcatalog.io/pt/apps/character-ai,13,br
webcatalog.io/apps/ixigua,7,br
webcatalog.io/pt/apps/sharedrop,1,br
webcatalog.io/apps/photocall-tv,2,br
webcatalog.io/pt/apps/sitegpt,9,br
webcatalog.io/pt/apps/vlr-gg,1,br
webcatalog.io/apps/monkeytype,5,br
webcatalog.io/en/apps/deeplol-gg,15,br
webcatalog.io/apps/makercase,16,br
webcatalog.io/pt/apps/imgbb,6,br
webcatalog.io/pt/apps/apkmirror,7,br
webcatalog.io/pt/apps/ttsfree,17,br
webcatalog.io/pt/apps/uptodown,12,br
webcatalog.io/pt/apps/gg-deals,11,br
webcatalog.io/pt/apps/twitter-viewer-io,66,br
webcatalog.io/pt/apps/hacker-typer,32,br
webcatalog.io/pt/apps/shopee,29,br
webcatalog.io/pt/apps/grindr,19,br
webcatalog.io/pt/apps/viggleai,24,br
webcatalog.io/pt/apps/codepen,29,br
webcatalog.io/pt/apps/planet-minecraft,1,br
webcatalog.io/pt/apps/anki-pro,11,br
webcatalog.io/pt/apps/vidwud,23,br
webcatalog.io/pt/apps/snapdrop,3,br
webcatalog.io/en/apps/onlinegdb,64,br
webcatalog.io/pt/apps/edenx,11,br
webcatalog.io/pt/apps/google-forms,2,br
webcatalog.io/pt/apps/letreiro-online,20,br
webcatalog.io/pt/apps/wikihow,17,br
webcatalog.io/pt/apps/microsoft-word,12,br
webcatalog.io/pt/apps/msn-games,36,br
webcatalog.io/pt/apps/keybr,16,br
webcatalog.io/pt/apps/icloud-find-my-iphone,4,br
webcatalog.io/pt/apps/libero-mail,20,br
webcatalog.io/pt/apps/mycompiler,13,br
webcatalog.io/pt/apps/steamdb,2,br
webcatalog.io/pt/apps/qooapp,30,br
webcatalog.io/en/apps/filepursuit,6,br
webcatalog.io/pt/apps/annas-archive,8,br
webcatalog.io/pt/apps/cutout-pro,27,br
webcatalog.io/pt/apps/gofile,6,br
webcatalog.io/en/apps/photopea,25,br
webcatalog.io/apps/monkey,15,br
webcatalog.io/apps/namsogen,16,br
webcatalog.io/en/apps/tunebat,19,br
webcatalog.io/pt/apps/namelix,4,br
webcatalog.io/pt/apps/ford,13,br
webcatalog.io/pt/apps/videvo,3,br
webcatalog.io/pt/apps/media-io,28,br
webcatalog.io/pt/apps/wallhaven,2,br
webcatalog.io/pt/apps/iloveimg,2,br
webcatalog.io/pt/apps/kozikaza,6,br
webcatalog.io/pt/apps/pdax,12,br
webcatalog.io/pt/apps/backloggd,21,br
webcatalog.io/en/apps/snapdrop,7,br
webcatalog.io/pt/apps/monkeytype,7,br
webcatalog.io/pt/apps/zoom-earth,2,br
webcatalog.io/pt/apps/sejda,37,br
webcatalog.io/pt/apps/subeasy-ai,2,br
webcatalog.io/en/apps/monkeytype,3,br
webcatalog.io/pt/apps/yr-no/mobile,6,br
webcatalog.io/en/apps/cleanup-pictures,3,br
webcatalog.io/pt/apps/pairdrop,5,br
webcatalog.io/pt/apps/redfinger,5,br
webcatalog.io/pt/apps/font-squirrel,1,br
webcatalog.io/en/apps/media-io,28,br
webcatalog.io/pt/apps/moemate,4,br
webcatalog.io/pt/apps/yoose,18,br
webcatalog.io/pt/apps/tunebat,2,br
webcatalog.io/pt/apps/life360,25,br
webcatalog.io/pt/apps/whiteboard-fox,3,br
webcatalog.io/pt/apps/manychat,12,br
webcatalog.io/apps/onecompiler,3,br
webcatalog.io/pt/apps/ai-ease,8,br
webcatalog.io/pt/apps/teamviewer,14,br
webcatalog.io/pt/apps/wallpaper-flare,4,br
webcatalog.io/pt/apps/rendernet,25,br
webcatalog.io/pt/apps/wikimapia,13,br
webcatalog.io/pt/apps/ninite-pro,17,br
webcatalog.io/pt/apps/ratatype,73,br
webcatalog.io/pt/apps/kling-ai,73,br
webcatalog.io/pt/apps/yaytext,72,br
webcatalog.io/pt/apps/pinetools,69,br
webcatalog.io/pt/apps/rubbrband,69,br
webcatalog.io/pt/apps/bing-chat,67,br
webcatalog.io/en/apps/searchcord,67,br
webcatalog.io/pt/apps/cursa,66,br
webcatalog.io/en/apps/whatthefont,65,br
webcatalog.io/pt/apps/samsung-cloud,65,br
webcatalog.io/pt/apps/humbot,64,br
webcatalog.io/pt/apps/dartpad,64,br
webcatalog.io/pt/apps/microsoft-powerpoint,64,br
webcatalog.io/pt/apps/todo-mate,63,br
webcatalog.io/pt/apps/gendas,63,br
webcatalog.io/pt/apps/flathub,63,br
webcatalog.io/pt/apps/makercase,62,br
webcatalog.io/pt/apps/charstar,62,br
webcatalog.io/pt/apps/yodayo,62,br
webcatalog.io/pt/apps/rentry,60,br
webcatalog.io/pt/apps/crushonai,60,br
webcatalog.io/pt/apps/nectar-ai,60,br
webcatalog.io/apps/hitv,60,br
webcatalog.io/pt/apps/hyper,60,br
webcatalog.io/pt/apps/radio-garden/mobile,59,br
webcatalog.io/pt/apps/magic-poser,59,br
webcatalog.io/pt/apps/my-family-cinema,59,br
webcatalog.io/pt/apps/yodayo/mobile,59,br
webcatalog.io/pt/apps/upscale-media,58,br
webcatalog.io/pt/apps/gptzero,58,br
webcatalog.io/pt/apps/photoroom,58,br
webcatalog.io/pt/apps/fish-audio,57,br
webcatalog.io/pt/apps/raphael-ai,57,br
webcatalog.io/pt/apps/infatica-io,57,br
webcatalog.io/en/apps/learning-studio-ai,56,br
webcatalog.io/pt/apps/flightaware,56,br
webcatalog.io/pt/apps/wikidot,55,br
webcatalog.io/pt/apps/copyscape,55,br
webcatalog.io/pt/apps/anotepad,55,br
webcatalog.io/pt/apps/rendernet/alternatives,54,br
webcatalog.io/pt/apps/rlaxx,52,br
webcatalog.io/apps/coinglass,52,br
webcatalog.io/pt/apps/cohesive-ai,52,br
webcatalog.io/pt/apps/tallos,52,br
webcatalog.io/pt/apps/bibguru,51,br
webcatalog.io/pt/apps/what-font-is,51,br
webcatalog.io/pt/apps/textme,51,br
webcatalog.io/apps/ankiweb,50,br
webcatalog.io/pt/apps/traderie,50,br
webcatalog.io/en/apps/flowgpt-ai,50,br
webcatalog.io/pt/apps/ttsmaker,50,br
webcatalog.io/apps/purpleport,2,uk
webcatalog.io/en/apps/webcam-toy,12,uk
webcatalog.io/apps/currys/mobile,105,uk
webcatalog.io/en/apps/yacine-tv,22,uk
webcatalog.io/en/apps/mail-tm,3,uk
webcatalog.io/apps/itv-hub,10,uk
webcatalog.io/en/apps/passmedicine,15,uk
webcatalog.io/en/apps/soccerway,9,uk
webcatalog.io/en/apps/flightradar24,33,uk
webcatalog.io/en/apps/chatblink,13,uk
webcatalog.io/apps/squirt-org,7,uk
webcatalog.io/en/apps/mp3juice,41,uk
webcatalog.io/en/apps/photocall-tv,5,uk
webcatalog.io/en/apps/wetransfer,141,uk
webcatalog.io/en/apps/porsline/alternatives,1,uk
webcatalog.io/en/apps/squirt-org,48,uk
webcatalog.io/en/apps/john-lewis-and-partners,5,uk
webcatalog.io/en/apps/time-buddy,17,uk
webcatalog.io/en/apps/currys/mobile,26,uk
webcatalog.io/apps/meroshare,2,uk
webcatalog.io/en/apps/hitv,7,uk
webcatalog.io/en/apps/gauthmath,35,uk
webcatalog.io/en/apps/crypto-bubbles,3,uk
webcatalog.io/en/apps/itv-hub,120,uk
webcatalog.io/en/apps/bale,8,uk
webcatalog.io/apps/gofile,3,uk
webcatalog.io/en/apps/astrodienst,2,uk
webcatalog.io/en/apps/gimy,3,uk
webcatalog.io/apps/wco-tv,4,uk
webcatalog.io/en/apps/cobalt-tools,20,uk
webcatalog.io/en/apps/shopee,9,uk
webcatalog.io/en/apps/word-hippo,23,uk
webcatalog.io/apps/studydrive,1,uk
webcatalog.io/en/apps/hostinger-webmail,7,uk
webcatalog.io/en/apps/libero-mail,6,uk
webcatalog.io/en/apps/fire-boltt,1,uk
webcatalog.io/en/apps/rediffmail,16,uk
webcatalog.io/en/apps/minichat,7,uk
webcatalog.io/en/apps/wiktionary,4,uk
webcatalog.io/en/apps/calendarpedia,13,uk
webcatalog.io/en/apps/filehippo,8,uk
webcatalog.io/en/apps/bbc-weather,18,uk
webcatalog.io/en/apps/youtube,26,uk
webcatalog.io/en/apps/flashscore,21,uk
webcatalog.io/en/apps/baidu-wangpan,11,uk
webcatalog.io/en/apps/soccerstand,6,uk
webcatalog.io/en/apps/123-reg,79,uk
webcatalog.io/en/apps/memrise,4,uk
webcatalog.io/en/apps/mybib,27,uk
webcatalog.io/en/apps/luckycrush,13,uk
webcatalog.io/en/apps/chatness-ai,1,uk
webcatalog.io/en/apps/all-4,52,uk
webcatalog.io/en/apps/pastelink-net,2,uk
webcatalog.io/en/apps/aruba-it-webmail,10,uk
webcatalog.io/en/apps/turbolearn-ai,10,uk
webcatalog.io/en/apps/clearscore,25,uk
webcatalog.io/en/apps/centrum-cz-mail,16,uk
webcatalog.io/en/apps/now-tv,29,uk
webcatalog.io/en/apps/monkeytype,73,uk
webcatalog.io/apps/squirt-org/alternatives,4,uk
webcatalog.io/en/apps/disboard,25,uk
webcatalog.io/en/apps/icloud-mail,19,uk
webcatalog.io/en/apps/ometv,14,uk
webcatalog.io/en/apps/webcam-toy,272,au
webcatalog.io/en/apps/gimy,255,au
webcatalog.io/apps/9now,216,au
webcatalog.io/en/apps/squirt-org,216,au
webcatalog.io/en/apps/telstra-media,191,au
webcatalog.io/en/apps/monkeytype,151,au
webcatalog.io/en/apps/forex-factory,124,au
webcatalog.io/en/apps/word-hippo,118,au
webcatalog.io/en/apps/time-buddy,100,au
webcatalog.io/apps/wisk,99,au
webcatalog.io/en/apps/chatblink,98,au
webcatalog.io/en/apps/my-family-cinema,79,au
webcatalog.io/en/apps/porsline/alternatives,78,au
webcatalog.io/en/apps/libero-mail/mobile,78,au
webcatalog.io/apps/toomics,72,au
webcatalog.io/en/apps/mybib,71,au
webcatalog.io/en/apps/astrodienst,61,au
webcatalog.io/en/apps/zalo,61,au
webcatalog.io/en/apps/crushonai,59,au
webcatalog.io/en/apps/filehippo,57,au
webcatalog.io/en/apps/baidu-wangpan,55,au
webcatalog.io/en/apps/u-gg,55,au
webcatalog.io/apps/united,52,au
webcatalog.io/en/apps/dex-screener,50,au
webcatalog.io/en/apps/loklok,50,au
webcatalog.io/en/apps/sonyliv,93,in
webcatalog.io/en/apps/forex-factory,372,in
webcatalog.io/en/apps/hotstar,18,in
webcatalog.io/en/apps/jiocinema,54,in
webcatalog.io/en/apps/filehippo,88,in
webcatalog.io/en/apps/typing-baba,159,in
webcatalog.io/en/apps/classplus,14,in
webcatalog.io/en/apps/oliveboard,9,in
webcatalog.io/en/apps/onlinegdb,9,in
webcatalog.io/en/apps/remini,6,in
webcatalog.io/en/apps/truecaller,17,in
webcatalog.io/en/apps/careerwill,18,in
webcatalog.io/en/apps/hostinger-webmail,54,in
webcatalog.io/en/apps/inflact,11,in
webcatalog.io/en/apps/sharedrop,12,in
webcatalog.io/en/apps/imresizer-in,9,in
webcatalog.io/en/apps/chatblink,16,in
webcatalog.io/en/apps/javatpoint,2,in
webcatalog.io/en/apps/kuaishou,31,in
webcatalog.io/en/apps/jiotv,3,in
webcatalog.io/en/apps/hitv,17,in
webcatalog.io/apps/cobalt-tools,9,in
webcatalog.io/apps/jiotv,7,in
webcatalog.io/en/apps/marks,4,in
webcatalog.io/en/apps/sejda,10,in
webcatalog.io/en/apps/uc-live,18,in
webcatalog.io/en/apps/filepursuit,48,in
webcatalog.io/en/apps/testbook,15,in
webcatalog.io/en/apps/shaalaa,105,in
webcatalog.io/en/apps/mangatoon,4,in
webcatalog.io/en/apps/free4talk,17,in
webcatalog.io/en/apps/sci-hub,12,in
webcatalog.io/apps/rg-vikramjeet/mobile,5,in
webcatalog.io/en/apps/pdf-drive,9,in
webcatalog.io/en/apps/smartkeeda/mobile,39,in
webcatalog.io/en/apps/shaadi,25,in
webcatalog.io/en/apps/wattpad,12,in
webcatalog.io/en/apps/bilibili-global,44,in
webcatalog.io/en/apps/labsmart,62,in
webcatalog.io/en/apps/bybit,2,in
webcatalog.io/en/apps/myntra,36,in
webcatalog.io/en/apps/mx-player,9,in
webcatalog.io/en/apps/keybr,12,in
webcatalog.io/en/apps/zerodha-kite,78,in
webcatalog.io/en/apps/goshare/mobile,4,in
webcatalog.io/en/apps/uptodown,6,in
webcatalog.io/en/apps/taptap/mobile,10,in
webcatalog.io/en/apps/chalkpad,18,in
webcatalog.io/en/apps/pi7-image-tool,10,in
webcatalog.io/en/apps/wetransfer,1,in
webcatalog.io/en/apps/teachmint,8,in
webcatalog.io/en/apps/coursera,34,in
webcatalog.io/en/apps/instagram,19,in
webcatalog.io/en/apps/youtube-studio,1,in
webcatalog.io/en/apps/snapdrop,33,in
webcatalog.io/en/apps/khatabook,17,in
webcatalog.io/en/apps/123apps,21,in
webcatalog.io/en/apps/neostox,13,in
webcatalog.io/en/apps/zee5,6,in
webcatalog.io/en/apps/wco-tv,11,in
webcatalog.io/en/apps/pdf-candy,4,in
webcatalog.io/en/apps/indeed,14,in
webcatalog.io/en/apps/crex,49,in
webcatalog.io/en/apps/mycamu,22,in
webcatalog.io/en/apps/tradex/mobile,31,in
webcatalog.io/en/apps/chatrandom,14,in
webcatalog.io/en/apps/glowroad,11,in
webcatalog.io/en/apps/a23,27,in
webcatalog.io/en/apps/croxy,6,in
webcatalog.io/en/apps/voot-kids,5,in
webcatalog.io/en/apps/indiamart-seller,11,in
webcatalog.io/en/apps/croxyproxy,39,in
webcatalog.io/en/apps/online2pdf,12,in
webcatalog.io/en/apps/subscene,20,in
webcatalog.io/en/apps/anime-planet,3,in
webcatalog.io/en/apps/betwinner,2,in
webcatalog.io/en/apps/programiz,5,in
webcatalog.io/en/apps/adda247,4,in
webcatalog.io/en/apps/hacker-typer,2,in
webcatalog.io/en/apps/physics-wallah,1,in
webcatalog.io/en/apps/exampur,13,in
webcatalog.io/en/apps/azar,26,in
webcatalog.io/en/apps/bigo-live,1,in
webcatalog.io/en/apps/xmobi,7,in
webcatalog.io/en/apps/netmovies,5,in
webcatalog.io/en/apps/eehhaaa,331,in
webcatalog.io/en/apps/ratatype,331,in
webcatalog.io/en/apps/yacine-tv,323,in
webcatalog.io/en/apps/housing-com,321,in
webcatalog.io/en/apps/groww,300,in
webcatalog.io/en/apps/nperf/mobile,294,in
webcatalog.io/en/apps/irctc-railways,294,in
webcatalog.io/en/apps/coinpayu,287,in
webcatalog.io/en/apps/9zx-sanka,286,in
webcatalog.io/en/apps/infinityfree,283,in
webcatalog.io/en/apps/hoichoi,280,in
webcatalog.io/en/apps/drishti,280,in
webcatalog.io/en/apps/u-dictionary-translator,277,in
webcatalog.io/en/apps/tv-garden,277,in
webcatalog.io/en/apps/entri,276,in
webcatalog.io/en/apps/time-buddy,275,in
webcatalog.io/en/apps/apna,266,in
webcatalog.io/en/apps/zzz-code-ai,266,in
webcatalog.io/en/apps/grindr,266,in
webcatalog.io/en/apps/freesoft-com,264,in
webcatalog.io/apps/cashkaro/mobile,263,in
webcatalog.io/en/apps/rg-vikramjeet,262,in
webcatalog.io/en/apps/gps-visualizer,261,in
webcatalog.io/apps/hotstar,259,in
webcatalog.io/en/apps/apkpure,256,in
webcatalog.io/en/apps/vudu,253,in
webcatalog.io/en/apps/twitterviewer-net,251,in
webcatalog.io/en/apps/appsgeyser,249,in
webcatalog.io/en/apps/opstra-defineedge,249,in
webcatalog.io/en/apps/diksha,248,in
webcatalog.io/en/apps/remini/mobile,247,in
webcatalog.io/en/apps/cobalt-tools,247,in
webcatalog.io/en/apps/airdroid,246,in
webcatalog.io/en/apps/moneycontrol,246,in
webcatalog.io/en/apps/botim,244,in
webcatalog.io/en/apps/fancode,242,in
webcatalog.io/en/apps/sankalp-bharat,242,in
webcatalog.io/en/apps/castly,242,in
webcatalog.io/en/apps/marrow,241,in
webcatalog.io/en/apps/imresizer,239,in
webcatalog.io/en/apps/geeksforgeeks,238,in
webcatalog.io/en/apps/keka,235,in
webcatalog.io/en/apps/icici-corporate,229,in
webcatalog.io/en/apps/crowd1,225,in
webcatalog.io/en/apps/kozikaza,225,in
webcatalog.io/en/apps/overleaf,224,in
webcatalog.io/en/apps/yidio,224,in
webcatalog.io/en/apps/ometv,224,in
webcatalog.io/en/apps/optimizilla,223,in
webcatalog.io/apps/nearbuy,222,in
webcatalog.io/en/apps/taptap,221,in
webcatalog.io/en/apps/allen-digital,220,in
webcatalog.io/en/apps/utkarsh,217,in
webcatalog.io/en/apps/quizrr,215,in
webcatalog.io/en/apps/zimyo,210,in
webcatalog.io/en/apps/magic-eraser,210,in
webcatalog.io/en/apps/planetromeo,210,in
webcatalog.io/apps/acko,209,in
webcatalog.io/en/apps/aha-video,204,in
webcatalog.io/en/apps/yt1s,204,in
webcatalog.io/en/apps/monkeytype,195,in
webcatalog.io/apps/zee5,189,in
webcatalog.io/en/apps/speechtexter,187,in
webcatalog.io/apps/manga-plus,181,in
webcatalog.io/en/apps/loklok,180,in
webcatalog.io/en/apps/justdial,179,in
webcatalog.io/en/apps/yandex-mail,177,in
webcatalog.io/en/apps/ysense,176,in
webcatalog.io/en/apps/sharechat,175,in
webcatalog.io/apps/fancode,175,in
webcatalog.io/en/apps/toppr-learning,174,in
webcatalog.io/en/apps/justwatch,172,in
webcatalog.io/en/apps/bilibili-comics,171,in
webcatalog.io/en/apps/payworld-retailer,171,in
webcatalog.io/en/apps/vmc-student,171,in
webcatalog.io/en/apps/doubtnut,170,in
webcatalog.io/apps/terabox,168,in
webcatalog.io/en/apps/paytm,163,in
webcatalog.io/en/apps/photopea,161,in
webcatalog.io/en/apps/meroshare,161,in
webcatalog.io/en/apps/rediffmail,155,in
webcatalog.io/en/apps/nojoto,155,in
webcatalog.io/en/apps/vclock,154,in
webcatalog.io/apps/genius,154,in
webcatalog.io/en/apps/ajio,153,in
webcatalog.io/en/apps/bidassist,152,in
webcatalog.io/en/apps/dingtalk,152,in
webcatalog.io/en/apps/edubrisk,151,in
webcatalog.io/en/apps/grok,150,in
webcatalog.io/en/apps/softpedia,150,in
webcatalog.io/en/apps/digilocker,150,in
webcatalog.io/apps/marks,149,in
webcatalog.io/apps/crex,148,in
webcatalog.io/apps/gofile,148,in
webcatalog.io/en/apps/skillsyncer,148,in
webcatalog.io/en/apps/flipkart-seller-hub,146,in
webcatalog.io/en/apps/namsogen,146,in
webcatalog.io/en/apps/soccerway,145,in
webcatalog.io/en/apps/capcut,143,in
webcatalog.io/en/apps/big-timer,142,in
webcatalog.io/id/apps/pixabay,6,id
webcatalog.io/id/apps/subscene,17,id
webcatalog.io/id/apps/yacine-tv,14,id
webcatalog.io/id/apps/justpaste-it,25,id
webcatalog.io/id/apps/mediafire,3,id
webcatalog.io/ja/apps/snaptik,1,jp
webcatalog.io/ja/apps/youdao-fanyi,26,jp
webcatalog.io/ja/apps/google-scholar,1,jp
webcatalog.io/ja/apps/op-gg,67,jp
webcatalog.io/ja/apps/flightradar24,7,jp
webcatalog.io/ja/apps/remini,20,jp
webcatalog.io/ja/apps/aol-mail,9,jp
webcatalog.io/ja/apps/qqmail,11,jp
webcatalog.io/ja/apps/aol,1,jp
webcatalog.io/ja/apps/meroshare,11,jp
webcatalog.io/ja/apps/apkpure,11,jp
webcatalog.io/ja/apps/hacker-typer,11,jp
webcatalog.io/ja/apps/steamdb,7,jp
webcatalog.io/ja/apps/zalo,3,jp
webcatalog.io/ja/apps/dafont,13,jp
webcatalog.io/ja/apps/crazy-games,23,jp
webcatalog.io/ja/apps/line-works,31,jp
webcatalog.io/ja/apps/yahoo-jp-calendar/alternatives,2,jp
webcatalog.io/ja/apps/pikpak/mobile,2,jp
webcatalog.io/ja/apps/gimy,4,jp
webcatalog.io/ja/apps/zcool,3,jp
webcatalog.io/ja/apps/reverso,24,jp
webcatalog.io/ja/apps/samsung-galaxy-store,7,jp
webcatalog.io/ja/apps/booth-pm,15,jp
webcatalog.io/ja/apps/google-finance,33,jp
webcatalog.io/ja/apps/facebook,2,jp
webcatalog.io/ja/apps/hoang-ha-mobile,12,jp
webcatalog.io/ja/apps/xe-currency,6,jp
webcatalog.io/ja/apps/flashscore,2,jp
webcatalog.io/ja/apps/girlschannel,1,jp
webcatalog.io/apps/yacine-tv/mobile,9,jp
webcatalog.io/ja/apps/ankiweb,6,jp
webcatalog.io/ja/apps/nitter,11,jp
webcatalog.io/ja/apps/icloud-find-my-iphone,5,jp
webcatalog.io/ja/apps/coinmarketcap,1,jp
webcatalog.io/ja/apps/spicychat-ai,9,jp
webcatalog.io/ja/apps/patreon,27,jp
webcatalog.io/ja/apps/youtube-studio,6,jp
webcatalog.io/ja/apps/qq-fanyi,8,jp
webcatalog.io/ja/apps/kinemaster,1,jp
webcatalog.io/ja/apps/ometv,23,jp
webcatalog.io/ja/apps/tver,1,jp
webcatalog.io/ja/apps/csdn,1,jp
webcatalog.io/ja/apps/gimkit,6,jp
webcatalog.io/ja/apps/omegle,3,jp
webcatalog.io/ja/apps/monkey,6,jp
webcatalog.io/ja/apps/playground-ai,2,jp
webcatalog.io/ja/apps/terraria-wiki,3,jp
webcatalog.io/ja/apps/rebtel,1,jp
webcatalog.io/apps/soccerway,2,jp
webcatalog.io/ja/apps/namuwiki,30,jp
webcatalog.io/ja/apps/timetree,2,jp
webcatalog.io/ja/apps/zing-news,12,jp
webcatalog.io/ja/apps/apple-developer/mobile,5,jp
webcatalog.io/ja/apps/picrew,2,jp
webcatalog.io/ja/apps/vagas,9,jp
webcatalog.io/ja/apps/downdetector,10,jp
webcatalog.io/ja/apps/piccoma,13,jp
webcatalog.io/ja/apps/163-mail,4,jp
webcatalog.io/ja/apps/magic-poser,5,jp
webcatalog.io/ja/apps/freeconvert,2,jp
webcatalog.io/ja/apps/odysee,2,jp
webcatalog.io/ja/apps/baidu-baijiahao,5,jp
webcatalog.io/ja/apps/mermaid-live-editor,1,jp
webcatalog.io/ja/apps/pimeyes,1,jp
webcatalog.io/ja/apps/open-lms,6,jp
webcatalog.io/ja/apps/disboard,17,jp
webcatalog.io/ja/apps/messenger,10,jp
webcatalog.io/ja/apps/protonmail,2,jp
webcatalog.io/ja/apps/metacritic,1,jp
webcatalog.io/ja/apps/czbooks-net,5,jp
webcatalog.io/ja/apps/kakaostory,5,jp
webcatalog.io/ja/apps/mathway,1,jp
webcatalog.io/ja/apps/finviz,9,jp
webcatalog.io/ja/apps/photopea,2,jp
webcatalog.io/ja/apps/google-contacts,11,jp
webcatalog.io/ja/apps/google-play-console,17,jp
webcatalog.io/ja/apps/ilovepdf,8,jp
webcatalog.io/ja/apps/mixcloud,4,jp
webcatalog.io/ja/apps/pdf-drive,2,jp
webcatalog.io/ja/apps/imvu,21,jp
webcatalog.io/ja/apps/icloud-mail,51,jp
webcatalog.io/ja/apps/yahoo-jp,8,jp
webcatalog.io/ja/apps/wetransfer,4,jp
webcatalog.io/ja/apps/truth-social,6,jp
webcatalog.io/ja/apps/microsoft-start,1,jp
webcatalog.io/ja/apps/cafef,2,jp
webcatalog.io/ja/apps/stationhead,2,jp
webcatalog.io/ja/apps/the-gateway-pundit,1,jp
webcatalog.io/ja/apps/propensity,2,jp
webcatalog.io/ja/apps/my-family-cinema,3,jp
webcatalog.io/apps/qq-fanyi,3,jp
webcatalog.io/ja/apps/desmos-calculator,3,jp
webcatalog.io/ja/apps/blockbench,1,jp
webcatalog.io/ja/apps/toptool,2,jp
webcatalog.io/ja/apps/fastmail,18,jp
webcatalog.io/ja/apps/i-love-pdf-2,10,jp
webcatalog.io/ja/apps/google-family-link,2,jp
webcatalog.io/ja/apps/coomeet,3,jp
webcatalog.io/ja/apps/amazon-a-to-z,59,jp
webcatalog.io/ja/apps/overleaf,58,jp
webcatalog.io/ja/apps/hupu,58,jp
webcatalog.io/ja/apps/crypto-bubbles,57,jp
webcatalog.io/ja/apps/goo-map,57,jp
webcatalog.io/ja/apps/mp3juice,57,jp
webcatalog.io/ja/apps/apkmirror,57,jp
webcatalog.io/ja/apps/google-keep,56,jp
webcatalog.io/ja/apps/amazon-cn,55,jp
webcatalog.io/ja/apps/v2ex,54,jp
webcatalog.io/ja/apps/softonic,54,jp
webcatalog.io/ja/apps/blackbox,54,jp
webcatalog.io/ja/apps/mindmeister,53,jp
webcatalog.io/ja/apps/yaytext,52,jp
webcatalog.io/ja/apps/zeemo,52,jp
webcatalog.io/ja/apps/subscene,51,jp
webcatalog.io/ja/apps/speechnotes,51,jp
webcatalog.io/ja/apps/microsoft-form,50,jp
webcatalog.io/es/apps/g2g,2,mx
webcatalog.io/es/apps/scribbr,993,mx
webcatalog.io/apps/photocall-tv,664,mx
webcatalog.io/es/apps/pretty-scale,630,mx
webcatalog.io/es/apps/fast,524,mx
webcatalog.io/es/apps/mathway,444,mx
webcatalog.io/en/apps/playmods,430,mx
webcatalog.io/en/apps/snapdrop,416,mx
webcatalog.io/es/apps/kbh-games,398,mx
webcatalog.io/en/apps/onlinegdb,309,mx
webcatalog.io/es/apps/campus-virtual-uveg,290,mx
webcatalog.io/es/apps/symbolab/mobile,270,mx
webcatalog.io/es/apps/gamma,262,mx
webcatalog.io/es/apps/slidesgo,247,mx
webcatalog.io/es/apps/makercase,246,mx
webcatalog.io/es/apps/suno-ai,243,mx
webcatalog.io/es/apps/radio-garden/mobile,240,mx
webcatalog.io/es/apps/manhunt,226,mx
webcatalog.io/es/apps/webmii,224,mx
webcatalog.io/es/apps/character-ai/mobile,206,mx
webcatalog.io/es/apps/aternos,198,mx
webcatalog.io/es/apps/spicychat-ai,188,mx
webcatalog.io/es/apps/charstar/mobile,177,mx
webcatalog.io/es/apps/twitterviewer-net,176,mx
webcatalog.io/en/apps/sharedrop,174,mx
webcatalog.io/es/apps/dirpy,162,mx
webcatalog.io/en/apps/soccerway,162,mx
webcatalog.io/en/apps/starbyface/mobile,160,mx
webcatalog.io/es/apps/getfvid,143,mx
webcatalog.io/en/apps/ezgif,128,mx
webcatalog.io/es/apps/flightaware/mobile,122,mx
webcatalog.io/en/apps/kits-ai,112,mx
webcatalog.io/es/apps/icloud-find-my-iphone/mobile,108,mx
webcatalog.io/es/apps/renderz/mobile,108,mx
webcatalog.io/es/apps/catbox,106,mx
webcatalog.io/es/apps/google-play,101,mx
webcatalog.io/es/apps/linkbox,99,mx
webcatalog.io/es/apps/webmii/mobile,98,mx
webcatalog.io/es/apps/vvvvid,90,mx
webcatalog.io/es/apps/cpf-generator,90,mx
webcatalog.io/apps/rackspace,89,mx
webcatalog.io/es/apps/icloud-mail,87,mx
webcatalog.io/es/apps/nitter,85,mx
webcatalog.io/en/apps/mp3juice,85,mx
webcatalog.io/es/apps/alternativeto,83,mx
webcatalog.io/es/apps/pdfescape,82,mx
webcatalog.io/es/apps/grindr,81,mx
webcatalog.io/es/apps/transfernow,80,mx
webcatalog.io/es/apps/bigjpg,76,mx
webcatalog.io/es/apps/noun-project,72,mx
webcatalog.io/es/apps/lyricstraining,70,mx
webcatalog.io/es/apps/yaytext,69,mx
webcatalog.io/es/apps/neal-fun,66,mx
webcatalog.io/es/apps/img2go-com,66,mx
webcatalog.io/es/apps/blocket,64,mx
webcatalog.io/es/apps/blue-to-go,62,mx
webcatalog.io/es/apps/creator-studio,62,mx
webcatalog.io/es/apps/shein,62,mx
webcatalog.io/es/apps/movidy,61,mx
webcatalog.io/es/apps/iloveimg,60,mx
webcatalog.io/es/apps/liveworksheets,59,mx
webcatalog.io/es/apps/icloud-photos/mobile,59,mx
webcatalog.io/es/apps/thunkable,58,mx
webcatalog.io/es/apps/magic-poser,54,mx
webcatalog.io/es/apps/grabcad,52,mx
webcatalog.io/es/apps/my-family-cinema,52,mx
webcatalog.io/es/apps/grindr/alternatives,51,mx
webcatalog.io/es/apps/manhunt/mobile,51,mx
webcatalog.io/es/apps/x-minus,50,mx
webcatalog.io/es/apps/woord,50,mx
webcatalog.io/tr/apps/ghostegro,13,tr
webcatalog.io/tr/apps/steamdb,23,tr
webcatalog.io/tr/apps/savefrom,22,tr
webcatalog.io/tr/apps/sahibinden-com,1,tr
webcatalog.io/tr/apps/tv-garden,2,tr
webcatalog.io/tr/apps/tubidy/mobile,25,tr
webcatalog.io/tr/apps/hornet,9,tr
webcatalog.io/tr/apps/webcam-toy,2,tr
webcatalog.io/en/apps/yacine-tv,25,tr
webcatalog.io/tr/apps/aternos,2,tr
webcatalog.io/en/apps/sharedrop,5,tr
webcatalog.io/tr/apps/gamma,4,tr
webcatalog.io/tr/apps/arasana/mobile,4,tr
webcatalog.io/tr/apps/twitter-viewer-io,4,tr
webcatalog.io/tr/apps/smallpdf,33,tr
webcatalog.io/tr/apps/yandex-translate,3,tr
webcatalog.io/apps/wetransfer,3,tr
webcatalog.io/apps/ghostegro,9,tr
webcatalog.io/tr/apps/microsoft-word,15,tr
webcatalog.io/tr/apps/i-love-pdf-2,1,tr
webcatalog.io/tr/apps/speechtexter,9,tr
webcatalog.io/tr/apps/wattpad,1,tr
webcatalog.io/en/apps/playmods,1,tr
webcatalog.io/en/apps/snapdrop,6,tr
webcatalog.io/tr/apps/kick-com,10,tr
webcatalog.io/tr/apps/dosya-co,1,tr
webcatalog.io/en/apps/touchbasepro,20,tr
webcatalog.io/tr/apps/icloud-find-my-iphone,7,tr
webcatalog.io/tr/apps/sejda,2,tr
webcatalog.io/en/apps/chatblink,2,tr
webcatalog.io/tr/apps/picrew,3,tr
webcatalog.io/tr/apps/globe-explorer,12,tr
webcatalog.io/tr/apps/badoo,18,tr
webcatalog.io/tr/apps/chatroulette,31,tr
webcatalog.io/tr/apps/instagram,2,tr
webcatalog.io/tr/apps/curseforge,3,tr
webcatalog.io/en/apps/hacker-typer,11,tr
webcatalog.io/tr/apps/mediamarkt-gr,4,tr
webcatalog.io/tr/apps/convertio,4,tr
webcatalog.io/tr/apps/eduforfun,11,tr
webcatalog.io/tr/apps/simsimi,4,tr
webcatalog.io/en/apps/cleanup-pictures,5,tr
webcatalog.io/tr/apps/pdf-candy,2,tr
webcatalog.io/tr/apps/iloveimg,22,tr
webcatalog.io/tr/apps/microsoft-powerpoint,6,tr
webcatalog.io/tr/apps/betterme,4,tr
webcatalog.io/tr/apps/snaptik/mobile,32,tr
webcatalog.io/tr/apps/tv,3,tr
webcatalog.io/tr/apps/gleeden/mobile,2,tr
webcatalog.io/tr/apps/call-annie,8,tr
webcatalog.io/tr/apps/deep-nostalgia-ai,4,tr
webcatalog.io/tr/apps/ninite-pro,2,tr
webcatalog.io/tr/apps/centrum-cz-mail,18,tr
webcatalog.io/tr/apps/youtube,29,tr
webcatalog.io/tr/apps/azar/mobile,4,tr
webcatalog.io/tr/apps/shopier,2,tr
webcatalog.io/tr/apps/tod,8,tr
webcatalog.io/tr/apps/yandex-admin,1,tr
webcatalog.io/tr/apps/zefo,1,tr
webcatalog.io/tr/apps/godmodetrader,4,tr
webcatalog.io/tr/apps/gmx,2,tr
webcatalog.io/tr/apps/pastelink-net,2,tr
webcatalog.io/en/apps/namsogen,3,tr
webcatalog.io/tr/apps/fandom,12,tr
webcatalog.io/tr/apps/pdf24,2,tr
webcatalog.io/tr/apps/distrowatch,2,tr
webcatalog.io/tr/apps/onlinegdb,1,tr
webcatalog.io/tr/apps/renderz/mobile,1,tr
webcatalog.io/en/apps/mixkit,3,tr
webcatalog.io/en/apps/dartpad,8,tr
webcatalog.io/en/apps/onlinegdb,9,tr
webcatalog.io/tr/apps/puhutv,9,tr
webcatalog.io/pl/apps/kozikaza,1,pl
webcatalog.io/pl/apps/gismeteo/mobile,827,pl
webcatalog.io/pl/apps/chati,721,pl
webcatalog.io/pl/apps/hacker-typer,691,pl
webcatalog.io/pl/apps/ogladaj-anime,667,pl
webcatalog.io/pl/apps/steamdb,664,pl
webcatalog.io/en/apps/steamdb,649,pl
webcatalog.io/pl/apps/webcam-toy,643,pl
webcatalog.io/pl/apps/meteoblue/mobile,613,pl
webcatalog.io/pl/apps/mp3juice,510,pl
webcatalog.io/pl/apps/ibispaint,420,pl
webcatalog.io/pl/apps/mediafire,367,pl
webcatalog.io/pl/apps/swisstransfer,362,pl
webcatalog.io/pl/apps/gg-deals,347,pl
webcatalog.io/pl/apps/edunect,333,pl
webcatalog.io/pl/apps/fellow-pl/mobile,288,pl
webcatalog.io/apps/soccerway,272,pl
webcatalog.io/pl/apps/microsoft-word,270,pl
webcatalog.io/pl/apps/microsoft-outlook,256,pl
webcatalog.io/pl/apps/grindr/alternatives,239,pl
webcatalog.io/pl/apps/planet-minecraft,224,pl
webcatalog.io/pl/apps/reverso-context,192,pl
webcatalog.io/en/apps/flightradar24,171,pl
webcatalog.io/en/apps/tunebat,171,pl
webcatalog.io/pl/apps/microsoft-excel,162,pl
webcatalog.io/pl/apps/whereby,160,pl
webcatalog.io/pl/apps/google-classroom,151,pl
webcatalog.io/pl/apps/monkey,148,pl
webcatalog.io/pl/apps/radio-garden/mobile,147,pl
webcatalog.io/pl/apps/wattpad/mobile,132,pl
webcatalog.io/pl/apps/cyberchef,130,pl
webcatalog.io/en/apps/ometv,130,pl
webcatalog.io/pl/apps/mycanal,128,pl
webcatalog.io/pl/apps/google-forms,121,pl
webcatalog.io/pl/apps/idroo,120,pl
webcatalog.io/pl/apps/galatea,118,pl
webcatalog.io/pl/apps/transfernow,115,pl
webcatalog.io/pl/apps/chatrandom/mobile,114,pl
webcatalog.io/pl/apps/ankiweb,110,pl
webcatalog.io/pl/apps/suno-ai,109,pl
webcatalog.io/pl/apps/gismeteo-by,108,pl
webcatalog.io/pl/apps/pdf-drive,108,pl
webcatalog.io/pl/apps/bigo-live/mobile,108,pl
webcatalog.io/pl/apps/convertio,107,pl
webcatalog.io/pl/apps/i-love-pdf-2,89,pl
webcatalog.io/apps/steamdb,89,pl
webcatalog.io/pl/apps/max,88,pl
webcatalog.io/pl/apps/ko-fi,87,pl
webcatalog.io/pl/apps/tapatalk,87,pl
webcatalog.io/pl/apps/nitter,86,pl
webcatalog.io/pl/apps/online-mp3-cutter,85,pl
webcatalog.io/pl/apps/otomoto,84,pl
webcatalog.io/pl/apps/kbh-games,84,pl
webcatalog.io/ja/apps/picrew,81,pl
webcatalog.io/en/apps/forex-factory,81,pl
webcatalog.io/en/apps/procyclingstats,81,pl
webcatalog.io/pl/apps/idealista,79,pl
webcatalog.io/en/apps/soccerstand,79,pl
webcatalog.io/pl/apps/weather-spark,77,pl
webcatalog.io/pl/apps/tinypng,77,pl
webcatalog.io/pl/apps/grindr,73,pl
webcatalog.io/pl/apps/g2a,70,pl
webcatalog.io/pl/apps/savefrom,68,pl
webcatalog.io/pl/apps/aternos,67,pl
webcatalog.io/pl/apps/microsoft-powerpoint,67,pl
webcatalog.io/pl/apps/google-family-link,66,pl
webcatalog.io/ru/apps/kaufland,64,pl
webcatalog.io/pl/apps/fellow-pl,64,pl
webcatalog.io/pl/apps/twitter,64,pl
webcatalog.io/en/apps/starbyface/mobile,64,pl
webcatalog.io/pl/apps/speechtexter,62,pl
webcatalog.io/pl/apps/miss-auto,61,pl
webcatalog.io/en/apps/cleanup-pictures,60,pl
webcatalog.io/pl/apps/coomeet,60,pl
webcatalog.io/pl/apps/xstation-5,59,pl
webcatalog.io/en/apps/worldometers,57,pl
webcatalog.io/pl/apps/candy-ai,57,pl
webcatalog.io/pl/apps/mail-ru,55,pl
webcatalog.io/pl/apps/wingdings-translator,54,pl
webcatalog.io/pl/apps/edupage,54,pl
webcatalog.io/pl/apps/distrowatch,50,pl
webcatalog.io/en/apps/cpu-monkey,50,pl
webcatalog.io/vi/apps/tyt,2,vn
webcatalog.io/vi/apps/aternos,735,vn
webcatalog.io/vi/apps/outplay,694,vn
webcatalog.io/vi/apps/wheel-of-names,669,vn
webcatalog.io/vi/apps/lezhin-comics,478,vn
webcatalog.io/vi/apps/awin,454,vn
webcatalog.io/vi/apps/zoom,403,vn
webcatalog.io/vi/apps/qooapp,363,vn
webcatalog.io/vi/apps/mangatoon,363,vn
webcatalog.io/vi/apps/hent,356,vn
webcatalog.io/vi/apps/viettel-store,327,vn
webcatalog.io/vi/apps/atrungroi-com,287,vn
webcatalog.io/vi/apps/neal-fun,277,vn
webcatalog.io/vi/apps/moralis,272,vn
webcatalog.io/vi/apps/dailydictation,264,vn
webcatalog.io/vi/apps/redfinger,254,vn
webcatalog.io/vi/apps/laban-vn,238,vn
webcatalog.io/vi/apps/nhaccuatui,223,vn
webcatalog.io/vi/apps/viettel-mail,222,vn
webcatalog.io/vi/apps/pixabay,220,vn
webcatalog.io/vi/apps/fpt-chat,216,vn
webcatalog.io/en/apps/dirpy,216,vn
webcatalog.io/vi/apps/aiseo,209,vn
webcatalog.io/vi/apps/nicegram,207,vn
webcatalog.io/vi/apps/myxteam,207,vn
webcatalog.io/vi/apps/moveek,205,vn
webcatalog.io/vi/apps/thi-vien,203,vn
webcatalog.io/vi/apps/remini,202,vn
webcatalog.io/vi/apps/i-love-pdf-2,184,vn
webcatalog.io/vi/apps/convertio,181,vn
webcatalog.io/en/apps/astrodienst,176,vn
webcatalog.io/vi/apps/vndoc,172,vn
webcatalog.io/vi/apps/mediamarkt-de,171,vn
webcatalog.io/vi/apps/coomeet,166,vn
webcatalog.io/vi/apps/icloud-find-my-iphone,163,vn
webcatalog.io/vi/apps/whoer,162,vn
webcatalog.io/vi/apps/edmodo,153,vn
webcatalog.io/vi/apps/bing-chat,147,vn
webcatalog.io/vi/apps/yaytext,145,vn
webcatalog.io/vi/apps/free4talk,145,vn
webcatalog.io/vi/apps/liner,145,vn
webcatalog.io/vi/apps/myfonts,141,vn
webcatalog.io/en/apps/ankiweb,130,vn
webcatalog.io/vi/apps/kbh-games,124,vn
webcatalog.io/vi/apps/gimy,123,vn
webcatalog.io/vi/apps/bilibili-global,122,vn
webcatalog.io/apps/steamdb,118,vn
webcatalog.io/vi/apps/laban-dictionary,115,vn
webcatalog.io/vi/apps/microsoft-bing,113,vn
webcatalog.io/vi/apps/mcpedl-com,111,vn
webcatalog.io/en/apps/snapdrop,110,vn
webcatalog.io/vi/apps/poe,105,vn
webcatalog.io/vi/apps/mathway,104,vn
webcatalog.io/vi/apps/pancake-pos,102,vn
webcatalog.io/vi/apps/baidu-fanyi-pro,100,vn
webcatalog.io/vi/apps/webcam-toy,100,vn
webcatalog.io/vi/apps/lets-enhance,99,vn
webcatalog.io/vi/apps/coinpayu,95,vn
webcatalog.io/vi/apps/wikimapia,95,vn
webcatalog.io/vi/apps/getfvid,93,vn
webcatalog.io/vi/apps/haraworks,92,vn
webcatalog.io/en/apps/tunebat,91,vn
webcatalog.io/vi/apps/smailpro,91,vn
webcatalog.io/vi/apps/hatchful,89,vn
webcatalog.io/vi/apps/zalo-ai,87,vn
webcatalog.io/vi/apps/polyai,84,vn
webcatalog.io/vi/apps/pretty-scale,82,vn
webcatalog.io/vi/apps/thenextvoz,80,vn
webcatalog.io/vi/apps/betwinner,80,vn
webcatalog.io/vi/apps/wov,79,vn
webcatalog.io/vi/apps/squoosh,79,vn
webcatalog.io/vi/apps/zefo,79,vn
webcatalog.io/en/apps/games-to-learn-english,71,vn
webcatalog.io/vi/apps/kinemaster,70,vn
webcatalog.io/en/apps/photopea,70,vn
webcatalog.io/vi/apps/chat-voi-nguoi-la,69,vn
webcatalog.io/vi/apps/weibo,68,vn
webcatalog.io/en/apps/forex-factory,67,vn
webcatalog.io/vi/apps/4english,67,vn
webcatalog.io/vi/apps/anotepad,67,vn
webcatalog.io/vi/apps/what-font-is,66,vn
webcatalog.io/vi/apps/smodin,64,vn
webcatalog.io/en/apps/autodraw,63,vn
webcatalog.io/vi/apps/vn-zoom,62,vn
webcatalog.io/vi/apps/elevent,62,vn
webcatalog.io/vi/apps/dupli-checker,61,vn
webcatalog.io/zh-CN/apps/baidu-fanyi,61,vn
webcatalog.io/vi/apps/hitv,61,vn
webcatalog.io/en/apps/ifreeicloud,61,vn
webcatalog.io/vi/apps/curseforge,60,vn
webcatalog.io/apps/gauthmath,59,vn
webcatalog.io/vi/apps/azar/mobile,59,vn
webcatalog.io/vi/apps/mediafire,58,vn
webcatalog.io/vi/apps/sharecode-vn,57,vn
webcatalog.io/vi/apps/naver-papago,57,vn
webcatalog.io/vi/apps/seatalk,56,vn
webcatalog.io/vi/apps/baidu-hao123,56,vn
webcatalog.io/vi/apps/humanize-ai-text,55,vn
webcatalog.io/en/apps/character-ai,55,vn
webcatalog.io/vi/apps/microsoft-teams,55,vn
webcatalog.io/vi/apps/fod,54,vn
webcatalog.io/vi/apps/ibispaint,53,vn
webcatalog.io/vi/apps/iloveimg,52,vn
webcatalog.io/vi/apps/gateio/mobile,52,vn
webcatalog.io/vi/apps/keepvid,51,vn
webcatalog.io/vi/apps/random-tarot-card,50,vn
webcatalog.io/en/apps/webcam-toy,13,ph
webcatalog.io/apps/webcam-toy,84,ph
webcatalog.io/en/apps/gcash,366,ph
webcatalog.io/en/apps/lazada-ph,292,ph
webcatalog.io/en/apps/codechum,253,ph
webcatalog.io/en/apps/onlinegdb,208,ph
webcatalog.io/en/apps/vclock,207,ph
webcatalog.io/en/apps/shopee,199,ph
webcatalog.io/th/apps/snaptik,8,th
webcatalog.io/th/apps/sbobet,10,th
webcatalog.io/th/apps/microsoft-outlook,14,th
webcatalog.io/th/apps/google-drive,3,th
webcatalog.io/th/apps/ilovepdf,14,th
webcatalog.io/th/apps/vk,8,th
webcatalog.io/en/apps/forex-factory,2,th
webcatalog.io/th/apps/webcam-toy,1,th
webcatalog.io/en/apps/sharedrop,20,th
webcatalog.io/nl/apps/yahoo-mail,12,be
webcatalog.io/apps/ebay-be/mobile,9,be
webcatalog.io/apps/libero-mail,4,be
webcatalog.io/en/apps/libero-mail,2,be
webcatalog.io/nl/apps/reverso-context,16,be
webcatalog.io/en/apps/kozikaza,3,be
webcatalog.io/nl/apps/u-gg,1,be
webcatalog.io/nl/apps/back-market,7,be
webcatalog.io/nl/apps/deepl-translate,7,be
webcatalog.io/nl/apps/vinted-be,11,be
webcatalog.io/nl/apps/arte-tv,21,be
webcatalog.io/en/apps/google-notebooklm,3,be
webcatalog.io/zh-TW/apps/gimy,18,tw
webcatalog.io/zh-TW/apps/op-gg,3,tw
webcatalog.io/zh-TW/apps/baidu-fanyi,5,tw
webcatalog.io/zh-TW/apps/snaptik/mobile,3,tw
webcatalog.io/zh-TW/apps/timetree,6,tw
webcatalog.io/zh-TW/apps/microsoft-onedrive,24,tw
webcatalog.io/ko/apps/dak-gg/mobile,1,tw
webcatalog.io/en/apps/onlinegdb,2,tw
webcatalog.io/zh-TW/apps/lofter,4,tw
webcatalog.io/zh-TW/apps/hornet,4,tw
webcatalog.io/es/apps/semalt,1,ar
webcatalog.io/es/apps/chatrandom/mobile,5,ar
webcatalog.io/es/apps/webcam-toy,11,ar
webcatalog.io/es/apps/manhunt,13,ar
webcatalog.io/es/apps/starbyface/mobile,2,ar
webcatalog.io/es/apps/pretty-scale,4,ar
webcatalog.io/es/apps/symbolab/mobile,3,ar
webcatalog.io/es/apps/spicychat-ai,1,ar
webcatalog.io/en/apps/steamdb,3,ar
webcatalog.io/es/apps/tiermaker,2,ar
webcatalog.io/es/apps/instasize,3,ar
webcatalog.io/en/apps/webnovel,1,ar
webcatalog.io/es/apps/kbh-games,9,ar
webcatalog.io/es/apps/renderz/mobile,1,ar
webcatalog.io/es/apps/zeplin,2,ar
webcatalog.io/en/apps/wetransfer,3,ar
webcatalog.io/es/apps/v0,2,ar
webcatalog.io/es/apps/songtell,1,ar
webcatalog.io/es/apps/whiteboard-fox,2,ar
webcatalog.io/en/apps/sharedrop,1,ar
webcatalog.io/es/apps/grindr/alternatives,10,ar
webcatalog.io/es/apps/soccerway,2,ar
webcatalog.io/es/apps/movidy,4,ar
webcatalog.io/apps/gimy,5,hk
webcatalog.io/zh-TW/apps/qq-docs,6,hk
webcatalog.io/zh-TW/apps/baidu-fanyi,22,hk
webcatalog.io/en/apps/steamdb,2,hk
webcatalog.io/zh-CN/apps/gimy,4,hk
webcatalog.io/zh-CN/apps/czbooks-net,1,hk
webcatalog.io/apps/baidu-wangpan,4,hk
webcatalog.io/en/apps/webcam-toy,2,hk
webcatalog.io/zh-CN/apps/baidu-map,8,hk
webcatalog.io/zh-TW/apps/amap,9,hk
webcatalog.io/apps/mediamarkt-se,210,se
webcatalog.io/sv/apps/tv-garden,182,se
webcatalog.io/sv/apps/microsoft-teams,139,se
webcatalog.io/sv/apps/hacker-typer,108,se
webcatalog.io/sv/apps/zangi/mobile,87,se
webcatalog.io/apps/flightradar24,66,se
webcatalog.io/en/apps/steamdb,64,se
webcatalog.io/en/apps/soccerway,56,se
webcatalog.io/en/apps/jazzcash,83,pk
webcatalog.io/en/apps/crex,10,pk
webcatalog.io/en/apps/filehippo,7,pk
webcatalog.io/en/apps/wattpad,5,pk
webcatalog.io/en/apps/forex-factory,7,pk
webcatalog.io/en/apps/google-find-my-device,4,pk
webcatalog.io/en/apps/youtube-studio,19,pk
webcatalog.io/en/apps/sharedrop,2,pk
webcatalog.io/en/apps/daraz,24,pk
webcatalog.io/en/apps/hitv,1,pk
webcatalog.io/uk/apps/character-ai,976,ua
webcatalog.io/uk/apps/soccerstand,594,ua
webcatalog.io/uk/apps/webcam-toy,467,ua
webcatalog.io/uk/apps/microsoft-powerpoint,460,ua
webcatalog.io/uk/apps/aternos,447,ua
webcatalog.io/uk/apps/avito,440,ua
webcatalog.io/uk/apps/icloud,407,ua
webcatalog.io/uk/apps/replit,330,ua
webcatalog.io/uk/apps/coomeet,327,ua
webcatalog.io/uk/apps/reverso-context,247,ua
webcatalog.io/uk/apps/coomeet,104,kr
webcatalog.io/uk/apps/spaces,17,kr
webcatalog.io/uk/apps/tinder,0.3,kr
webcatalog.io/uk/apps/x-minus,0.27,kr
webcatalog.io/uk/apps/microsoft-teams,0.21,kr
webcatalog.io/uk/apps/avito,0.36,kr
webcatalog.io/ru/apps/spaces,0.36,kr
webcatalog.io/uk/apps/aternos,0.13,kr
webcatalog.io/uk/apps/classtime,0.27,kr
webcatalog.io/uk/apps/microsoft-word,0.3,kr
webcatalog.io/en/apps/dstv-now,90,za
webcatalog.io/en/apps/flashscore,573,za
webcatalog.io/en/apps/my-family-cinema,522,za
webcatalog.io/en/apps/soccerway,344,za
webcatalog.io/apps/crowd1,212,za
webcatalog.io/en/apps/sabc-plus,162,za
webcatalog.io/en/apps/pdf-drive,156,za
webcatalog.io/en/apps/forex-factory,149,za
webcatalog.io/en/apps/evod,121,za
webcatalog.io/da/apps/vesselfinder,424,dk
webcatalog.io/da/apps/minlaering,398,dk
webcatalog.io/da/apps/hacker-typer,283,dk
webcatalog.io/da/apps/flashscore,99,dk
webcatalog.io/da/apps/icloud-mail,52,dk
webcatalog.io/da/apps/promiedos,50,dk
webcatalog.io/en/apps/gimy,508,sg
webcatalog.io/en/apps/webcam-toy,331,sg
webcatalog.io/en/apps/soccerway,198,sg
webcatalog.io/en/apps/forex-factory,162,sg
webcatalog.io/en/apps/sfile-mobi,132,sg
webcatalog.io/en/apps/baidu-wangpan,87,sg
webcatalog.io/en/apps/rediffmail,61,sg
webcatalog.io/en/apps/trademe-nz,359,nz
webcatalog.io/en/apps/squirt-org,78,nz
webcatalog.io/es/apps/semalt,660,cl
webcatalog.io/es/apps/soccerway,330,cl
webcatalog.io/es/apps/pretty-scale,216,cl
webcatalog.io/es/apps/kbh-games,214,cl
webcatalog.io/es/apps/pictory-ai,202,cl
webcatalog.io/es/apps/aternos,166,cl
webcatalog.io/es/apps/ilovepdf,110,cl
webcatalog.io/es/apps/vlr-gg,108,cl
webcatalog.io/es/apps/starbyface/mobile,95,cl
webcatalog.io/es/apps/webcam-toy,92,cl
webcatalog.io/de/apps/gleeden,302,ch
webcatalog.io/de/apps/viamichelin,254,ch
webcatalog.io/de/apps/linguee,252,ch
webcatalog.io/de/apps/flaticon,177,ch
webcatalog.io/apps/kozikaza,168,ch
webcatalog.io/de/apps/crazy-games,135,ch
webcatalog.io/de/apps/swisssalary-easyrapport,122,ch
webcatalog.io/de/apps/homegate-ch,119,ch
webcatalog.io/de/apps/sapo-mail,97,ch
webcatalog.io/de/apps/deepl-translate,54,ch
webcatalog.io/en/apps/meroshare,4,ae
webcatalog.io/apps/alef-education,9,ae
webcatalog.io/en/apps/rediffmail,5,ae
webcatalog.io/en/apps/crex,1,ae
webcatalog.io/apps/meroshare,3,ae
webcatalog.io/en/apps/filehippo,2,ae
webcatalog.io/en/apps/webcam-toy,2,ae
webcatalog.io/en/apps/forex-factory,9,ae
webcatalog.io/apps/mohre,4,ae
webcatalog.io/apps/botim,10,ae
webcatalog.io/pt/apps/zippyshare,1,pt
webcatalog.io/pt/apps/flvto-click,2,pt
webcatalog.io/pt/apps/n12,3,pt
webcatalog.io/pt/apps/sapo-mail,10,pt
webcatalog.io/pt/apps/photocall-tv,2,pt
webcatalog.io/pt/apps/kozikaza,1,pt
webcatalog.io/pt/apps/meo-go,10,pt
webcatalog.io/en/apps/wetransfer,4,pt
webcatalog.io/en/apps/pdf-drive,1,pt
webcatalog.io/apps/procyclingstats,1,pt
webcatalog.io/de/apps/centrum-cz-mail,357,at
webcatalog.io/de/apps/hacker-typer,186,at
webcatalog.io/de/apps/linguee,133,at
webcatalog.io/de/apps/ionos-webmail,93,at
webcatalog.io/de/apps/studydrive,81,at
webcatalog.io/en/apps/planetromeo,70,at
webcatalog.io/apps/planetromeo,63,at
webcatalog.io/de/apps/instant-gaming,52,at
webcatalog.io/apps/soccerstand,50,at
webcatalog.io/de/apps/willhaben,50,at
webcatalog.io/nb/apps/chatrandom/mobile,51,no
webcatalog.io/ms/apps/mp3juice,675,my
webcatalog.io/id/apps/subscene,495,my
webcatalog.io/apps/zalo,230,my
webcatalog.io/apps/mewe,210,my
webcatalog.io/apps/shopee-malaysia,195,my
webcatalog.io/en/apps/lofter,161,my
webcatalog.io/en/apps/shopee-malaysia,148,my
webcatalog.io/zh-CN/apps/category/music-audio?country=my,136,my
webcatalog.io/en/apps/tv-garden,133,my
webcatalog.io/en/apps/wetransfer,125,my
webcatalog.io/es/apps/webcam-toy,396,pe
webcatalog.io/es/apps/pretty-scale,236,pe
webcatalog.io/es/apps/kbh-games,192,pe
webcatalog.io/es/apps/symbolab/mobile,179,pe
webcatalog.io/es/apps/aternos,151,pe
webcatalog.io/es/apps/movidy,134,pe
webcatalog.io/es/apps/webmii/mobile,128,pe
webcatalog.io/es/apps/savefrom,123,pe
webcatalog.io/es/apps/renderz/mobile,121,pe
webcatalog.io/en/apps/hellotalk,90,pe
webcatalog.io/cs/apps/aternos,207,cz
webcatalog.io/cs/apps/geogebra,133,cz
webcatalog.io/en/apps/pdf-drive,112,cz
webcatalog.io/en/apps/flightradar24,74,cz
webcatalog.io/cs/apps/evowars-io,72,cz
webcatalog.io/cs/apps/microsoft-powerpoint,66,cz
webcatalog.io/cs/apps/chatrandom,61,cz
webcatalog.io/cs/apps/aptoide,50,cz
webcatalog.io/en/apps/x-minus,470,ro
webcatalog.io/apps/steamdb,106,ro
webcatalog.io/en/apps/myairbridge-com,91,ro
webcatalog.io/apps/viamichelin,89,ro
webcatalog.io/en/apps/forex-factory,88,ro
webcatalog.io/en/apps/tv-garden,72,ro
webcatalog.io/ro/apps/iflow,59,ro
webcatalog.io/el/apps/aternos,298,gr
webcatalog.io/en/apps/i-love-pdf-2,298,gr
webcatalog.io/el/apps/astrolive/mobile,222,gr
webcatalog.io/el/apps/yahoo-mail,171,gr
webcatalog.io/en/apps/soccerway,148,gr
webcatalog.io/el/apps/grindr/mobile,126,gr
webcatalog.io/el/apps/transfernow,96,gr
webcatalog.io/en/apps/planetromeo,66,gr
webcatalog.io/el/apps/managebac,64,gr
webcatalog.io/en/apps/express-digibooks,64,gr
webcatalog.io/apps/sharedrop,405,eg
webcatalog.io/en/apps/soccerway,252,eg
webcatalog.io/en/apps/ninite-pro,229,eg
webcatalog.io/apps/yacine-tv,227,eg
webcatalog.io/apps/free4talk,204,eg
webcatalog.io/apps/steamdb,189,eg
webcatalog.io/en/apps/snapdrop,170,eg
webcatalog.io/en/apps/wetransfer,132,eg
webcatalog.io/en/apps/filepursuit,120,eg
webcatalog.io/apps/google-takeout,108,eg
webcatalog.io/hu/apps/aternos,3,hu
webcatalog.io/hu/apps/mp3juice,2,hu
webcatalog.io/en/apps/flightradar24,1,hu
webcatalog.io/hu/apps/pdf24,4,hu
webcatalog.io/hu/apps/i-love-pdf-2,3,hu
webcatalog.io/apps/centrum-cz-mail,1,hu
webcatalog.io/en/apps/astrodienst,1,hu
webcatalog.io/fi/apps/google-translate,21,fi
webcatalog.io/fi/apps/desku,2,fi
webcatalog.io/fi/apps/microsoft-teams,7,fi
webcatalog.io/fi/apps/kidplan/mobile,1,fi
webcatalog.io/en/apps/tv-garden,1,fi
webcatalog.io/fi/apps/geogebra,1,fi
webcatalog.io/en/apps/ebay-ie,145,ie
webcatalog.io/en/apps/golflive24,90,ie
webcatalog.io/en/apps/soccerway,72,ie
webcatalog.io/en/apps/soccerstand,53,ie
webcatalog.io/ru/apps/startpage,259,il
webcatalog.io/apps/startpage,181,il
webcatalog.io/en/apps/meroshare,396,sa
webcatalog.io/apps/google-takeout,302,sa
webcatalog.io/ar/apps/hacker-typer,240,sa
webcatalog.io/apps/bigo-live,201,sa
webcatalog.io/en/apps/webcam-toy,158,sa
webcatalog.io/en/apps/filehippo,152,sa
webcatalog.io/en/apps/snapdrop,141,sa
webcatalog.io/en/apps/wattpad,81,sa
webcatalog.io/en/apps/free4talk,74,sa
webcatalog.io/apps/rediffmail,72,sa
webcatalog.io/en/apps/meroshare,84,qa
webcatalog.io/fr/apps/yacine-tv/mobile,4,ma
webcatalog.io/fr/apps/truecaller,6,ma
webcatalog.io/fr/apps/tubidy,3,ma
webcatalog.io/fr/apps/yacine-tv,13,ma
webcatalog.io/fr/apps/sharedrop,1,ma
webcatalog.io/fr/apps/scribd,3,ma
webcatalog.io/fr/apps/tools-online-app,3,ma
webcatalog.io/fr/apps/snaptik/mobile,3,ma
webcatalog.io/fr/apps/chaabi-net,9,ma
webcatalog.io/apps/photocall-tv,1,ma
webcatalog.io/apps/opay,13,ng
webcatalog.io/en/apps/flashscore,23,ng
webcatalog.io/en/apps/livescore,525,ng
webcatalog.io/en/apps/yacine-tv,478,ng
webcatalog.io/en/apps/jiji-ng,350,ng
webcatalog.io/en/apps/boomplay,324,ng
webcatalog.io/en/apps/opay,276,ng
webcatalog.io/en/apps/soccerway,257,ng
webcatalog.io/en/apps/forex-factory,121,kh
webcatalog.io/en/apps/pdf-drive,108,kh
webcatalog.io/apps/soccerstand,81,kh
webcatalog.io/apps/webcam-toy,73,kh
webcatalog.io/apps/soccerway,70,kh
webcatalog.io/apps/shopee-thailand,67,kh
webcatalog.io/apps/yacine-tv,7,bd
webcatalog.io/en/apps/apkpure,4,bd
webcatalog.io/en/apps/forex-factory,3,bd
webcatalog.io/apps/kuaishou,3,bd
webcatalog.io/en/apps/yacine-tv,4,bd
webcatalog.io/en/apps/kuaishou,3,bd
webcatalog.io/en/apps/coinpayu,2,bd
webcatalog.io/en/apps/streamz,4,bd
webcatalog.io/en/apps/tv-garden,1,bd
webcatalog.io/en/apps/daraz-bangladesh,5,bd
webcatalog.io/fr/apps/tubidy/mobile,699,cm
webcatalog.io/fr/apps/tubidy,696,cm
webcatalog.io/fr/apps/mp3juice,201,cm
webcatalog.io/fr/apps/yacine-tv/mobile,198,cm
webcatalog.io/fr/apps/uptodown,96,cm
webcatalog.io/fr/apps/besoccer,58,cm
webcatalog.io/es/apps/semalt,1,ec
webcatalog.io/es/apps/symbolab/mobile,2,ec
webcatalog.io/es/apps/linkbox,1,ec
webcatalog.io/es/apps/webcam-toy,2,ec
webcatalog.io/en/apps/snapdrop,2,ec
webcatalog.io/es/apps/lyricstraining/mobile,2,ec
webcatalog.io/es/apps/movidy,1,ec
webcatalog.io/es/apps/chat-pdf-free,2,ec
webcatalog.io/es/apps/yoose,2,ec
webcatalog.io/fr/apps/faucetpay,121,mg
webcatalog.io/fr/apps/yacine-tv/mobile,90,mg
webcatalog.io/en/apps/photocall-tv,90,mg
webcatalog.io/en/apps/uptodown,54,mg
webcatalog.io/en/apps/meroshare,162,kw
webcatalog.io/fr/apps/yacine-tv/mobile,6,dz
webcatalog.io/fr/apps/baridiweb,5,dz
webcatalog.io/fr/apps/truecaller,13,dz
webcatalog.io/fr/apps/yacine-tv,14,dz
webcatalog.io/fr/apps/fast,1,dz
webcatalog.io/apps/photocall-tv,1,dz
webcatalog.io/en/apps/sharedrop,1,dz
webcatalog.io/fr/apps/snaptik/mobile,3,dz
webcatalog.io/en/apps/snapdrop,1,dz
webcatalog.io/en/apps/chatblink,1,dz
webcatalog.io/es/apps/chatroll,120,pa
webcatalog.io/apps/photocall-tv,72,pa
webcatalog.io/es/apps/semalt,243,cr
webcatalog.io/apps/photocall-tv,95,cr
webcatalog.io/es/apps/semalt,1,ve
webcatalog.io/en/apps/snapdrop,1,ve
webcatalog.io/es/apps/savefrom,3,ve
webcatalog.io/es/apps/linkbox,3,ve
webcatalog.io/es/apps/venevision-play,2,ve
webcatalog.io/es/apps/mypoints,6,ve
webcatalog.io/es/apps/manhunt/mobile,3,ve
webcatalog.io/es/apps/pretty-scale,1,ve
webcatalog.io/es/apps/poki-tank-trouble-2,1,ve
webcatalog.io/es/apps/uasd-virtual,319,do
webcatalog.io/es/apps/semalt,243,do
webcatalog.io/es/apps/shein,220,do
webcatalog.io/apps/photocall-tv,87,do
webcatalog.io/en/apps/flashscore,5,cd
webcatalog.io/fr/apps/tubidy,861,cd
webcatalog.io/fr/apps/tubidy/mobile,169,cd
webcatalog.io/apps/photocall-tv,89,cd
webcatalog.io/fr/apps/jw-library/mobile,87,cd
webcatalog.io/apps/soccerway,83,cd
webcatalog.io/fr/apps/yacine-tv/mobile,73,cd
webcatalog.io/fr/apps/pdf-drive,72,cd
webcatalog.io/fr/apps/betwinner,72,cd
webcatalog.io/en/apps/meroshare,17,np
webcatalog.io/apps/esewa,14,np
webcatalog.io/apps/meroshare,23,np
webcatalog.io/en/apps/apkpure,1,np
webcatalog.io/en/apps/ime-pay,2,np
webcatalog.io/apps/khalti,4,np
webcatalog.io/en/apps/hamro-patro,5,np
webcatalog.io/apps/jiocinema,4,np
webcatalog.io/apps/filehippo,2,np
webcatalog.io/apps/ime-pay,9,np
webcatalog.io/sk/apps/pobox,244,sk
webcatalog.io/sk/apps/microsoft-powerpoint,62,sk
webcatalog.io/en/apps/apkpure,275,mn
webcatalog.io/en/apps/sportybet,21,gh
webcatalog.io/en/apps/pdf-drive,3,gh
webcatalog.io/en/apps/forex-factory,5,gh
webcatalog.io/en/apps/jiji-gh,7,gh
webcatalog.io/en/apps/boomplay,5,gh
webcatalog.io/en/apps/yacine-tv,4,gh
webcatalog.io/en/apps/filehippo,3,gh
webcatalog.io/en/apps/apkpure,3,gh
webcatalog.io/en/apps/flashscore,7,gh
webcatalog.io/en/apps/jiji-ng,2,gh
webcatalog.io/apps/yacine-tv,5,sn
webcatalog.io/fr/apps/mp3juice,2,sn
webcatalog.io/fr/apps/besoccer,9,sn
webcatalog.io/fr/apps/snaptik/mobile,3,sn
webcatalog.io/en/apps/bingsport,1,sn
webcatalog.io/fr/apps/yacine-tv/mobile,1,sn
webcatalog.io/fr/apps/betwinner,3,sn
webcatalog.io/fr/apps/tubidy,2,sn
webcatalog.io/fr/apps/jumia-tn/mobile,142,tn
webcatalog.io/en/apps/soccerway,64,tn
webcatalog.io/en/apps/besoccer,316,et
webcatalog.io/en/apps/forex-factory,162,et
webcatalog.io/en/apps/yacine-tv,129,et
webcatalog.io/en/apps/tiktok,115,et
webcatalog.io/en/apps/apkpure,99,et
webcatalog.io/en/apps/filehippo,89,et
webcatalog.io/apps/yacine-tv,80,et
webcatalog.io/en/apps/yacine-tv/mobile,72,et
webcatalog.io/en/apps/betwinner,67,et
webcatalog.io/es/apps/movidy,61,sv
webcatalog.io/es/apps/semalt,724,bo
webcatalog.io/es/apps/movidy,144,bo
webcatalog.io/en/apps/skyvector,117,bo
webcatalog.io/es/apps/wattpad/mobile,99,bo
webcatalog.io/en/apps/deriv-charts,91,bw
webcatalog.io/en/apps/dstv-now,60,bw
webcatalog.io/pt/apps/factplus,298,ao
webcatalog.io/en/apps/pdf-drive,103,ao
webcatalog.io/pt/apps/bai-directo,93,ao
webcatalog.io/apps/besoccer,69,ao
webcatalog.io/en/apps/pdf-drive,68,mz
webcatalog.io/apps/minichat,76,af
webcatalog.io/en/apps/forex-factory,68,af
webcatalog.io/apps/soccerstand,337,am
webcatalog.io/en/apps/yandex-weather,95,am
webcatalog.io/apps/soccerway,85,am
webcatalog.io/en/apps/dstv-now,70,na
webcatalog.io/en/apps/boomplay,165,zm
webcatalog.io/apps/webcam-toy,114,ge
webcatalog.io/en/apps/ap-lk,1,lk
webcatalog.io/en/apps/sci-hub,2,lk
webcatalog.io/en/apps/apkpure,1,lk
webcatalog.io/en/apps/truecaller,8,lk
webcatalog.io/en/apps/coinpayu,1,lk
webcatalog.io/en/apps/crex,1,lk
webcatalog.io/en/apps/sharedrop,1,lk
webcatalog.io/en/apps/yt1s,1,lk
webcatalog.io/es/apps/savefrom,54,hn
webcatalog.io/es/apps/semalt,297,gt
webcatalog.io/es/apps/symbolab/mobile,88,gt
webcatalog.io/es/apps/savefrom,81,gt
webcatalog.io/apps/photocall-tv,57,gt
webcatalog.io/fr/apps/mp3juice,76,ht
webcatalog.io/apps/soccerstand,53,md
webcatalog.io/en/apps/soccerstand,64,bg
webcatalog.io/hr/apps/badoo/mobile,287,hr
webcatalog.io/hr/apps/mp3juice,108,hr
webcatalog.io/apps/centrum-cz-mail,105,hr
webcatalog.io/hr/apps/soccerway,72,hr
webcatalog.io/en/apps/geizhals,64,hr
webcatalog.io/hr/apps/aternos,64,hr
webcatalog.io/nl/apps/category/weather?country=hr,60,hr
webcatalog.io/hr/apps/strato-webmail,50,hr
webcatalog.io/es/apps/semalt,198,py
webcatalog.io/ru/apps/soccerstand,85,az
webcatalog.io/en/apps/apkpure,72,az
webcatalog.io/apps/shahid,52,lb
webcatalog.io/apps/calculator-net,50,lb
webcatalog.io/es/apps/semalt,99,uy
webcatalog.io/es/apps/webcam-toy,84,uy
webcatalog.io/ru/apps/yangkeduo,945,kz
webcatalog.io/ru/apps/mail-ru,102,kz
webcatalog.io/ru/apps/prezo,50,kz
webcatalog.io/en/apps/sharedrop,78,jo
webcatalog.io/ru/apps/startpage,72,jo
webcatalog.io/apps/aternos,57,jo
webcatalog.io/en/apps/wetransfer,52,jo
webcatalog.io/en/apps/rediffmail,74,om
webcatalog.io/en/apps/apkpure,67,om
webcatalog.io/apps/sharedrop,50,om
webcatalog.io/en/apps/soccerway,81,mu
webcatalog.io/en/apps/steamdb,144,by
webcatalog.io/apps/rezultati/mobile,52,ba
workspace.google.com/marketplace/app/document_translator_translate_pdf_pptsli/151510329810,161,us
workspace.google.com/marketplace/app/phone_number_locator_reverse_lookup/995542167527,405,us
workspace.google.com/marketplace/app/edulastic/1041286382143,837,us
workspace.google.com/marketplace/app/pear_deck_for_google_slides_addon/363332900703,350,us
workspace.google.com/marketplace/app/nearpod_for_google_classroom/28288372596,75,us
workspace.google.com/marketplace/app/pdf_to_word_converter_doc/751290108609,205,us
workspace.google.com/marketplace/app/collaborative_whiteboard/657959631782,352,us
workspace.google.com/marketplace/app/docusign_esignature_for_google_workspace/469176070494,177,us
workspace.google.com/marketplace/app/faxplus_online_fax_service/657386331374,226,us
workspace.google.com/marketplace/app/qr_code_generator/283497561682,149,us
workspace.google.com/marketplace/app/temporary_disposable_email_service/962772827669,70,us
workspace.google.com/marketplace/app/slidesaiio_create_slides_with_ai/904276957168,218,us
workspace.google.com/marketplace/app/create_print_labels_label_maker_for_aver/585829216542,110,us
workspace.google.com/marketplace/app/form_builder/133781775166,299,us
workspace.google.com/marketplace/app/free_clip_art/232524892292,196,us
workspace.google.com/marketplace/app/picsart_ai_photo_editor_graphic_design/228592224036,261,us
workspace.google.com/marketplace/app/ai_email_generator/900926180191,86,us
workspace.google.com/marketplace/app/miro/1062019541050,244,us
workspace.google.com/marketplace/app/screenplay_formatter/329481250452,273,us
workspace.google.com/marketplace/app/kahoot_for_google_meet/77335967938,61,us
workspace.google.com/marketplace/app/ai_detector_ai_checker/273593096182,76,us
workspace.google.com/marketplace/app/autocrat/539341275670,143,us
workspace.google.com/marketplace/app/drawio/671128082532,67,us
workspace.google.com/marketplace/app/inventory_management_with_sheets/698103102763,65,us
workspace.google.com/marketplace/app/merge_pdf_files/283426173620,267,us
workspace.google.com/marketplace/app/plus_ai_for_google_slides_and_docs/214277172452,867,us
workspace.google.com/marketplace/app/ranktank_seo_keyword_rank_checker_tool/22225448367,407,us
workspace.google.com/marketplace/app/avery_label_merge/687713670524,259,us
workspace.google.com/marketplace/app/hellosign/434481440707,434,us
workspace.google.com/marketplace/app/qr_code_for_google_forms/103011012898,291,us
workspace.google.com/marketplace/app/zip_extractor/824911851129,998,us
workspace.google.com/marketplace/app/mybib/154836275460,974,us
workspace.google.com/marketplace/app/photopea/463342976776,961,us
workspace.google.com/marketplace/app/mail_merge_for_google_docs/799434348782,74,us
workspace.google.com/marketplace/app/mail_tracker_for_gmail/888949007475,192,us
workspace.google.com/marketplace/app/check_plagiarism_online_in_google_docs/531814040789,366,us
workspace.google.com/marketplace/app/textbolt_formerly_email_to_textsms_from/135822310631,355,us
workspace.google.com/marketplace/app/autolatex_equations/850293439076,67,us
workspace.google.com/marketplace/app/sheets_translator_traduzir_planilhas/684927618538?hl=zh,336,us
workspace.google.com/marketplace/app/random_generator/363517517289,239,us
workspace.google.com/marketplace/app/shared_contacts_share_google_workspace_c/1033860418004,91,us
workspace.google.com/marketplace/app/kami/185741998891,86,us
workspace.google.com/marketplace/app/traduttore_video_tradurre_video_online/285433175728?hl=zh,720,us
workspace.google.com/marketplace/app/pdf_to_docs/28755135712,791,us
workspace.google.com/marketplace/app/timesheet/6002835623,488,us
workspace.google.com/marketplace/app/autodesk_tinkercad/614288788007,775,us
workspace.google.com/marketplace/app/gtable_calculator/10796809588,771,us
workspace.google.com/marketplace/app/dice_slides_🎲_by_alice_keeler/910831492315,771,us
workspace.google.com/marketplace/app/free_google_bing_serp_tracker_keyword_ch/778781133896,746,us
workspace.google.com/marketplace/app/payable_forms/353824655747,743,us
workspace.google.com/marketplace/app/free_logo_creator/1098803093504,722,us
workspace.google.com/marketplace/app/gimp_online/650527036983,73,us
workspace.google.com/marketplace/app/sejda_pdf_editor/8721525582,200,us
workspace.google.com/marketplace/app/syncgrades/943688529011,17,us
workspace.google.com/marketplace/app/pandadoc_for_google_docs/463622177030,80,us
workspace.google.com/marketplace/app/mermaid_diagramming_and_charting_tool/636321283856,188,us
workspace.google.com/marketplace/app/extensis_fonts/568288816452,173,us
workspace.google.com/marketplace/app/pixel_art/881112366576,109,us
workspace.google.com/marketplace/app/capcutweb/87571557143,281,us
workspace.google.com/marketplace/app/org_chart_best_chart_builder/219218309058,587,us
workspace.google.com/marketplace/app/styles/847253669119,59,us
workspace.google.com/marketplace/app/sheets_translator_traduzir_planilhas/684927618538?hl=vi,14,us
workspace.google.com/marketplace/app/extensis_fonts_for_google_docs_and_googl/568288816452,357,us
workspace.google.com/marketplace/app/free_invoice_maker/1045476840899,712,us
workspace.google.com/marketplace/app/ai_for_google_calendar_reclaimai/950518663892,184,us
workspace.google.com/marketplace/app/icons_by_noun_project/863243688714,54,us
workspace.google.com/marketplace/app/accounting_by_wave/853565579379,454,us
workspace.google.com/marketplace/app/merge_google_documents_spreadsheets/426111701361,67,us
workspace.google.com/marketplace/app/pdf_editor_for_drive_dropbox/949815188868,288,us
workspace.google.com/marketplace/app/power_thesaurus_for_google_docs/345026180982,180,us
workspace.google.com/marketplace/app/read_aloud_tts/901043973065,249,us
workspace.google.com/marketplace/app/email_signature_management_for_gmail/64634722053,414,us
workspace.google.com/marketplace/app/combine_files_to_pdf_by_cloudhq/833864366640,247,us
workspace.google.com/marketplace/app/ai_mail_assistant_chatgpt_for_gmail/793320270264,198,us
workspace.google.com/marketplace/app/equation_editor_++/820814187583,195,us
workspace.google.com/marketplace/app/python_compiler_editor/807307805212,144,us
workspace.google.com/marketplace/app/sorted_paragraphs/658758119473,76,us
workspace.google.com/marketplace/app/docs_to_markdown/700168918607,78,us
workspace.google.com/marketplace/app/dicom_medical_image_reader/324047495602,189,us
workspace.google.com/marketplace/app/ahrefs_to_sheets/120652867797,20,us
workspace.google.com/marketplace/app/ifax_hipaa_online_fax/924789033676,742,us
workspace.google.com/marketplace/app/formative/45549193519,111,us
workspace.google.com/marketplace/app/convert_pdf_to_csv_excel_sheets/286135378508,133,us
workspace.google.com/marketplace/app/pdffiller_for_google_docs/532405301476,107,us
workspace.google.com/marketplace/app/text_to_speech_ai_voice_generator/743993646804,480,us
workspace.google.com/marketplace/app/vocabularycom/903174061747,471,us
workspace.google.com/marketplace/app/form_publisher/827172627657,467,us
workspace.google.com/marketplace/app/invoice_generator_bulk_invoices_pdf_rece/307475216962,454,us
workspace.google.com/marketplace/app/nearpod/501359647293,452,us
workspace.google.com/marketplace/app/package_tracker/896633196427,447,us
workspace.google.com/marketplace/app/ai_transcription_realtime_speech_to_text/501744932484,444,us
workspace.google.com/marketplace/app/importjson_import_json_data_into_google/782573720506,442,us
workspace.google.com/marketplace/app/email_forwarder/458006161590,439,us
workspace.google.com/marketplace/app/label_templates_by_onlinelabels/96331988069,432,us
workspace.google.com/marketplace/app/document_translate/151510329810?hl=zh,428,us
workspace.google.com/marketplace/app/filedrop/223672111812,427,us
workspace.google.com/marketplace/app/convert_pdf_to_csv_sheets_pdf_to_excel_x/286135378508,426,us
workspace.google.com/marketplace/app/freeconvert_file_converter/869351005185,425,us
workspace.google.com/marketplace/app/choice_eliminator_for_google_formschoice/451642192898,414,us
workspace.google.com/marketplace/app/form_notifications/573009629797,413,us
workspace.google.com/marketplace/app/fillable_document/305830069607,405,us
workspace.google.com/marketplace/app/dropbox_for_gmail/33761876029,404,us
workspace.google.com/marketplace/app/docs_to_pdf_pro/302636103705,403,us
workspace.google.com/marketplace/app/word_cloud_generator/360115564222,400,us
workspace.google.com/marketplace/app/adobe_stock/477057038292,400,us
workspace.google.com/marketplace/app/ai_and_plagiarism_checker_copyleaks/484212953959,399,us
workspace.google.com/marketplace/app/dialpad_addon/1027370902578,397,us
workspace.google.com/marketplace/app/lumin_pdf_sign_and_edit_pdf_documents/1031094922298,390,us
workspace.google.com/marketplace/app/ipa_translator/133236533224,388,us
workspace.google.com/marketplace/app/kml_kmz_viewer_with_drive/72003345431,385,us
workspace.google.com/marketplace/app/pdf_to_jpg/291050722443,384,us
workspace.google.com/marketplace/app/onelook_thesaurus/372652075936,384,us
workspace.google.com/marketplace/app/form_builder_by_jotform/989594444654,4,us
workspace.google.com/marketplace/app/ai_form_builder_create_form_with_ai_ocr/678204444887,101,us
workspace.google.com/marketplace/app/form_scheduler/193190292924,51,us
workspace.google.com/marketplace/app/formesign_esignature/210002188569,98,us
workspace.google.com/marketplace/app/debatex/807988861187,8,us
workspace.google.com/marketplace/app/figjam/185512328996,21,us
workspace.google.com/marketplace/app/time_tracker/182790105381,177,us
workspace.google.com/marketplace/app/email_tracker_for_mobile_mailsuite/129668302705,360,us
workspace.google.com/marketplace/app/multiple_images_to_pdf/650660206328,360,us
workspace.google.com/marketplace/app/smartdraw_diagrams/627192760989,352,us
workspace.google.com/marketplace/app/slides_background/732310380877,351,us
workspace.google.com/marketplace/app/copy_folder_in_google_drive/891769470715,351,us
workspace.google.com/marketplace/app/form_response_limit/636193074458,351,us
workspace.google.com/marketplace/app/whimsical/287554556504,345,us
workspace.google.com/marketplace/app/yet_another_mail_merge_mail_merge_for_gm/52669349336,129,us
workspace.google.com/marketplace/app/cloud_audio_recorder_for_google_drive/961962551608,377,us
workspace.google.com/marketplace/app/organizer_duplicate_remover_for_google_d/31056671523,180,us
workspace.google.com/marketplace/app/remove_duplicates/347814268012,616,us
workspace.google.com/marketplace/app/ai_video_generator_text_to_video_by_veo/513227939095,99,us
workspace.google.com/marketplace/app/drive_multiple_downloader/364356868173,161,us
workspace.google.com/marketplace/app/clockit/363424559438,407,us
workspace.google.com/marketplace/app/ai_transcriber/453672319332,208,us
workspace.google.com/marketplace/app/pdf_merge_and_split/351051336548,315,us
workspace.google.com/marketplace/app/shift_scheduler/867857677742,56,us
workspace.google.com/marketplace/app/merge_docs_pro/61337277026,214,us
workspace.google.com/marketplace/app/instant_ai_for_google_slides/988985785518,138,us
workspace.google.com/marketplace/app/sms_appointment_reminders_scheduling_gre/1059607749376,46,us
workspace.google.com/marketplace/app/lumio/1033792558652,96,us
workspace.google.com/marketplace/app/slack_for_gmail/533288507123,386,us
workspace.google.com/marketplace/app/autocad_web_app/988888629532,17,us
workspace.google.com/marketplace/app/text_analysis_by_monkeylearn/76050487453,253,us
workspace.google.com/marketplace/app/background_remover_for_images/652489303256,47,us
workspace.google.com/marketplace/app/canva/94859032195,64,br
workspace.google.com/marketplace/app/documento_convertidor_de_pdf_a_word/751290108609?hl=pt,195,br
workspace.google.com/marketplace/app/plagium_verificador_de_plágio_e_detector/939761022513?hl=pt,46,br
workspace.google.com/marketplace/app/kahoot_for_google_meet/77335967938,630,br
workspace.google.com/marketplace/app/photopea/463342976776,30,br
workspace.google.com/marketplace/app/chatgpt_for_gmail/802100925247,78,br
workspace.google.com/marketplace/app/removedor_de_plano_de_fundo_para_imagens/652489303256?hl=pt_BR,3,br
workspace.google.com/marketplace/app/docusign_esignature_para_google_workspac/469176070494?hl=pt_BR,531,br
workspace.google.com/marketplace/app/gimp_online/650527036983?hl=pt,27,br
workspace.google.com/marketplace/app/document_translator_translate_pdf_pptsli/151510329810,54,br
workspace.google.com/marketplace/app/gestão_de_projetos_gantter/549517827371?hl=pt_BR,218,br
workspace.google.com/marketplace/app/merge_pdf_files/283426173620?hl=pt,583,br
workspace.google.com/marketplace/app/simplebooklet/406592889490,196,br
workspace.google.com/marketplace/app/clariceai/530062106392,23,br
workspace.google.com/marketplace/app/mindmap/1050079651832?hl=pt,10,br
workspace.google.com/marketplace/app/drawio/671128082532,20,br
workspace.google.com/marketplace/app/pdf_editor_open/797443692109?hl=pt,213,br
workspace.google.com/marketplace/app/video_translator_traduzir_vídeo_e_voz_on/285433175728?hl=pt_BR,27,br
workspace.google.com/marketplace/app/slidesaiio_create_slides_with_ai/904276957168,28,br
workspace.google.com/marketplace/app/lembrete_por_sms_para_google_calendar/33150033653?hl=pt_BR,20,br
workspace.google.com/marketplace/app/ai_email_generator/900926180191?hl=pt_BR,49,br
workspace.google.com/marketplace/app/doc_tools/871708524981,419,br
workspace.google.com/marketplace/app/video_translator_traduzir_vídeo_e_voz_on/285433175728?hl=pt,230,br
workspace.google.com/marketplace/app/currency_converter/962968609488?hl=pt,40,br
workspace.google.com/marketplace/app/grammar_and_spell_checker_languagetool/805250893316,48,br
workspace.google.com/marketplace/app/cloudconvert/199590644126,3,br
workspace.google.com/marketplace/app/gravador_de_tela_e_gravador_de_vídeo/659492711995?hl=pt,56,br
workspace.google.com/marketplace/app/slidesaiio_create_slides_with_ai/904276957168?hl=pt,118,br
workspace.google.com/marketplace/app/image_translator_tradutor_de_mangá_e_qua/641614143005?hl=pt_BR,212,br
workspace.google.com/marketplace/app/microsoft_teams_kokous/961264221134?hl=pt,193,br
workspace.google.com/marketplace/app/sejda_pdf_editor/8721525582?hl=pt,6,br
workspace.google.com/marketplace/app/invoiced/980661723912?hl=pt,95,br
workspace.google.com/marketplace/app/lucidchart/7081045131?hl=pt,133,br
workspace.google.com/marketplace/app/drawio/671128082532?hl=pt,35,br
workspace.google.com/marketplace/app/gravador_de_tela_e_gravador_de_vídeo/659492711995?hl=pt_BR,84,br
workspace.google.com/marketplace/app/transcripto_trascrivi_file_audio_e_video/991037987699?hl=pt,131,br
workspace.google.com/marketplace/app/cohesive_ai/591244976210?hl=pt,4,br
workspace.google.com/marketplace/app/text_to_speech_ai_voice_generator/743993646804?hl=pt,78,br
workspace.google.com/marketplace/app/pdf_to_word_converter_doc/751290108609,36,br
workspace.google.com/marketplace/app/autodesk_tinkercad/614288788007,3,br
workspace.google.com/marketplace/app/ai_diagram_maker_ai_crea_diagrammi/208081298936?hl=pt,15,br
workspace.google.com/marketplace/app/photostudio/826986567935?hl=pt,23,br
workspace.google.com/marketplace/app/postscript_viewer_and_compiler/858839298130?hl=pt,48,br
workspace.google.com/marketplace/app/document_translator_traduzir_pdf_pptslid/151510329810?hl=pt_BR,134,br
workspace.google.com/marketplace/app/ai_email_generator/900926180191?hl=pt,138,br
workspace.google.com/marketplace/app/autocrat/539341275670?hl=pt,23,br
workspace.google.com/marketplace/app/temporary_disposable_email_service/962772827669?hl=pt,40,br
workspace.google.com/marketplace/app/mindmap/1050079651832,13,br
workspace.google.com/marketplace/app/capcutweb/87571557143,58,br
workspace.google.com/marketplace/app/ai_chart_maker_ai_charts_erstellen/390602861739?hl=pt,130,br
workspace.google.com/marketplace/app/image_translator_tradutor_de_mangá_e_qua/641614143005?hl=pt,241,br
workspace.google.com/marketplace/app/shared_contacts_share_google_workspace_c/1033860418004,12,br
workspace.google.com/marketplace/app/icons_for_google_slides_google_docs/381578326502,202,br
workspace.google.com/marketplace/app/uml_diagrams/578145769424?hl=pt,56,br
workspace.google.com/marketplace/app/form_builder/133781775166,46,br
workspace.google.com/marketplace/app/document_translator_pdf_pptslides_번역/151510329810?hl=pt,10,br
workspace.google.com/marketplace/app/moviestudio_editor_de_vídeo/785803880206?hl=pt,27,br
workspace.google.com/marketplace/app/signature_in_google_forms_by_bolo_sign_p/147316795411,21,br
workspace.google.com/marketplace/app/ai_mind_maps_maker_mapa_mental_com_ai/571560817026?hl=pt,2,br
workspace.google.com/marketplace/app/chatgpt_para_google_sheets_docs_slides/451400884190?hl=pt_BR,51,br
workspace.google.com/marketplace/app/read_ai/766098389391,4,br
workspace.google.com/marketplace/app/coggle/884143833690?hl=pt,52,br
workspace.google.com/marketplace/app/excalidraw/1017678967926,55,br
workspace.google.com/marketplace/app/chatpdf_ai_para_sa_mga_dokumento/229416599137?hl=pt,159,br
workspace.google.com/marketplace/app/text_factory/215738743024,37,br
workspace.google.com/marketplace/app/zip_extractor/824911851129?hl=pt,133,br
workspace.google.com/marketplace/app/form_mule_email_merge_utility/968670674230?hl=pt,49,br
workspace.google.com/marketplace/app/plagium_verificador_de_plágio_e_detector/939761022513?hl=pt_BR,7,br
workspace.google.com/marketplace/app/rastreador_de_email_rastreamento_com_ia/754566063347?hl=pt_BR,52,br
workspace.google.com/marketplace/app/ai_form_builder_opret_formular_med_ai/678204444887?hl=pt,45,br
workspace.google.com/marketplace/app/comic_cbr_cbz_viewer/324255369131?hl=pt,215,br
workspace.google.com/marketplace/app/transcripto_transcreva_áudio_e_vídeo/991037987699?hl=pt_BR,54,br
workspace.google.com/marketplace/app/samarbejdende_tavle/657959631782?hl=pt,61,br
workspace.google.com/marketplace/app/bad_translator/306615442162?hl=pt,33,br
workspace.google.com/marketplace/app/audacity_online/112820967478?hl=pt,90,br
workspace.google.com/marketplace/app/picsart_ai_photo_editor_graphic_design/228592224036?hl=pt,3,br
workspace.google.com/marketplace/app/slidesaiio_create_slides_with_ai/904276957168?hl=pt_BR,3,br
workspace.google.com/marketplace/app/colaboratory/1014160490159?hl=pt,6,br
workspace.google.com/marketplace/app/ai_transcription_realtime_speech_to_text/501744932484,262,br
workspace.google.com/marketplace/app/gerador_de_nuvem_de_palavras/251884431535?hl=pt,14,br
workspace.google.com/marketplace/app/qr_code_generator/771094986501?hl=pt,133,br
workspace.google.com/marketplace/app/absolute_spin_dreh_das_rad/913240178330?hl=pt,41,br
workspace.google.com/marketplace/app/dalle_image_generator/21961522074,1,br
workspace.google.com/marketplace/app/gpt_diagram_maker_crie_diagramas_com_o_c/208081298936?hl=pt_BR,4,br
workspace.google.com/marketplace/app/foxy_labels_criar_e_imprimir_etiquetas/534005213458?hl=pt_BR,1,br
workspace.google.com/marketplace/app/extensis_fonts_for_google_docs_and_googl/568288816452,75,br
workspace.google.com/marketplace/app/collaborative_whiteboard/657959631782,15,br
workspace.google.com/marketplace/app/autocad_web_app/988888629532,2,br
workspace.google.com/marketplace/app/share_google_contacts_for_google_docs/401846437003,416,br
workspace.google.com/marketplace/app/sheetai_app/789651835706?hl=pt,34,br
workspace.google.com/marketplace/app/transliterate_to_adlam/301353726404?hl=pt,36,br
workspace.google.com/marketplace/app/free_keyword_app_rank_checker_and_tracke/528449240098?hl=pt,104,br
workspace.google.com/marketplace/app/ai_transcriber/453672319332?hl=pt,7,br
workspace.google.com/marketplace/app/tech_writer_gpt/42900329321?hl=pt,4,br
workspace.google.com/marketplace/app/ai_mind_maps_maker_crear_mapa_mental/571560817026?hl=pt,89,br
workspace.google.com/marketplace/app/gantt_sheet/712411571237?hl=pt,88,br
workspace.google.com/marketplace/app/form_builder_for_google_sheets/862607242665?hl=pt,88,br
workspace.google.com/marketplace/app/magicslides_ai_text_video_pdf_url_to_sli/371894645570,87,br
workspace.google.com/marketplace/app/pdf_to_docs/28755135712,87,br
workspace.google.com/marketplace/app/form_to_doc_doc_to_form/595813606108,84,br
workspace.google.com/marketplace/app/mathtype/742924286153,81,br
workspace.google.com/marketplace/app/merge_pdf_files/283426173620,80,br
workspace.google.com/marketplace/app/ai_email_generator/900926180191,79,br
workspace.google.com/marketplace/app/gimp_online/650527036983,72,br
workspace.google.com/marketplace/app/genially/634337082895?hl=pt,72,br
workspace.google.com/marketplace/app/drive_webcam_camera_for_drive/323382076820?hl=pt,69,br
workspace.google.com/marketplace/app/free_icons_for_docs_sheets_and_slides/432122626521,69,br
workspace.google.com/marketplace/app/image_translator_translate_image_by_ai/641614143005,69,br
workspace.google.com/marketplace/app/dochub_pdf_sign_and_edit/1179802238,66,br
workspace.google.com/marketplace/app/formula_bot/1074378600312?hl=pt,65,br
workspace.google.com/marketplace/app/gráficos_animados_criador_de_gráficos/50018951703?hl=pt_BR,65,br
workspace.google.com/marketplace/app/cacoo_diagramming_realtime_collaboration/136288733433?hl=pt,59,br
workspace.google.com/marketplace/app/ai_transcription_realtime_speech_to_text/501744932484?hl=pt,58,br
workspace.google.com/marketplace/app/text_to_speech_ai_voice_generator/743993646804,58,br
workspace.google.com/marketplace/app/icons_by_noun_project/863243688714,57,br
workspace.google.com/marketplace/app/cohesive_ai/591244976210,57,br
workspace.google.com/marketplace/app/slides_translator_traduzir_slides_inteir/552662411825?hl=pt_BR,56,br
workspace.google.com/marketplace/app/gemini_ai_for_sheets/736558611562?hl=pt_BR,55,br
workspace.google.com/marketplace/app/conversor_de_moeda/562317989852?hl=pt_BR,55,br
workspace.google.com/marketplace/app/temporary_disposable_email_service/962772827669,55,br
workspace.google.com/marketplace/app/plus_ai_for_google_slides_and_docs/214277172452,54,br
workspace.google.com/marketplace/app/zip_extractor_unzip_files_online/199113505032?hl=pt,54,br
workspace.google.com/marketplace/app/typingcom/1018631896966?hl=pt,53,br
workspace.google.com/marketplace/app/save_as_doc/414645485467,52,br
workspace.google.com/marketplace/app/ai_image_generator_text_zu_bild_online/457606665049?hl=pt,51,br
workspace.google.com/marketplace/app/wappalyzer/462079435928?hl=pt,51,br
workspace.google.com/marketplace/app/phone_number_locator_reverse_lookup/995542167527,602,ca
workspace.google.com/marketplace/app/merge_pdf_files/283426173620,143,ca
workspace.google.com/marketplace/app/docusign_esignature_for_google_workspace/469176070494,198,ca
workspace.google.com/marketplace/app/gpt_for_sheets_and_docs/677318054654,542,ca
workspace.google.com/marketplace/app/qr_code_generator/771094986501,362,ca
workspace.google.com/marketplace/app/slidesaiio_create_slides_with_ai/904276957168,263,ca
workspace.google.com/marketplace/app/temporary_disposable_email_service/962772827669,337,ca
workspace.google.com/marketplace/app/faxplus_online_fax_service/657386331374,39,ca
workspace.google.com/marketplace/app/ai_detector_ai_checker/273593096182,41,ca
workspace.google.com/marketplace/app/winner_spinner_wheel/550296486392,40,ca
workspace.google.com/marketplace/app/mybib/154836275460,23,ca
workspace.google.com/marketplace/app/photopea/463342976776,296,ca
workspace.google.com/marketplace/app/drawio/224440279306,10,ca
workspace.google.com/marketplace/app/collaborative_whiteboard/657959631782,393,ca
workspace.google.com/marketplace/app/miro/1062019541050,367,ca
workspace.google.com/marketplace/app/document_translator_translate_pdf_pptsli/151510329810,366,ca
workspace.google.com/marketplace/app/sketchup_for_schools/260457348581,356,ca
workspace.google.com/marketplace/app/free_clip_art/232524892292,326,ca
workspace.google.com/marketplace/app/screenplay_formatter/329481250452,296,ca
workspace.google.com/marketplace/app/pdf_viewer/619241882594,289,ca
workspace.google.com/marketplace/app/dochub_pdf_sign_and_edit/1179802238,285,ca
workspace.google.com/marketplace/app/microsoft_teams_meeting/961264221134,283,ca
workspace.google.com/marketplace/app/currency_converter/962968609488,281,ca
workspace.google.com/marketplace/app/hellosign/434481440707,280,ca
workspace.google.com/marketplace/app/kahoot_for_google_meet/77335967938,279,ca
workspace.google.com/marketplace/app/create_print_labels_label_maker_for_aver/585829216542,276,ca
workspace.google.com/marketplace/app/wave_connect/90421189176,260,ca
workspace.google.com/marketplace/app/code_blocks/100740430168,256,ca
workspace.google.com/marketplace/app/mindmap/1050079651832,256,ca
workspace.google.com/marketplace/app/slido_for_google_slides/240609050747,251,ca
workspace.google.com/marketplace/app/gusto/416608718644,247,ca
workspace.google.com/marketplace/app/form_builder_for_docs/725512574241,244,ca
workspace.google.com/marketplace/app/nearpod_for_google_classroom/28288372596,239,ca
workspace.google.com/marketplace/app/form_builder/133781775166,234,ca
workspace.google.com/marketplace/app/insert_icons_for_slides_👌/96201000411,222,ca
workspace.google.com/marketplace/app/lucidchart/7081045131,219,ca
workspace.google.com/marketplace/app/cloudconvert/199590644126,218,ca
workspace.google.com/marketplace/app/autocrat/539341275670,213,ca
workspace.google.com/marketplace/app/plus_ai_for_google_slides_and_docs/214277172452,211,ca
workspace.google.com/marketplace/app/pdf_to_word_converter_doc/751290108609,209,ca
workspace.google.com/marketplace/app/qr_code_generator/283497561682,202,ca
workspace.google.com/marketplace/app/quillbot_paraphrasing_and_summarizing_to/305988918037,182,ca
workspace.google.com/marketplace/app/pdf_to_docs/28755135712,168,ca
workspace.google.com/marketplace/app/icons_for_google_slides_google_docs/381578326502,164,ca
workspace.google.com/marketplace/app/zip_extractor/824911851129,162,ca
workspace.google.com/marketplace/app/text_to_speech_ai_voice_generator/743993646804,156,ca
workspace.google.com/marketplace/app/autolatex_equations/850293439076,146,ca
workspace.google.com/marketplace/app/mail_tracker_for_gmail/888949007475,145,ca
workspace.google.com/marketplace/app/formative_for_google_classroom/750373123883,145,ca
workspace.google.com/marketplace/app/ai_email_generator/900926180191,139,ca
workspace.google.com/marketplace/app/timer_for_google_forms/341515549984,138,ca
workspace.google.com/marketplace/app/avery_label_merge/687713670524,137,ca
workspace.google.com/marketplace/app/qr_code_for_google_forms/103011012898,137,ca
workspace.google.com/marketplace/app/picsart_ai_photo_editor_graphic_design/228592224036,137,ca
workspace.google.com/marketplace/app/bad_translator/306615442162,136,ca
workspace.google.com/marketplace/app/sejda_pdf_editor/8721525582,135,ca
workspace.google.com/marketplace/app/check_plagiarism_online_in_google_docs/531814040789,128,ca
workspace.google.com/marketplace/app/pdf_editor_for_drive_dropbox/949815188868,126,ca
workspace.google.com/marketplace/app/image_translator_translate_image_by_ai/641614143005,125,ca
workspace.google.com/marketplace/app/capcutweb/87571557143,124,ca
workspace.google.com/marketplace/app/wordq/79176086861,124,ca
workspace.google.com/marketplace/app/video_translator_translate_video_online/285433175728?hl=vi,123,ca
workspace.google.com/marketplace/app/typingcom/1018631896966,119,ca
workspace.google.com/marketplace/app/formesign_esignature/210002188569,117,ca
workspace.google.com/marketplace/app/drawio/671128082532,116,ca
workspace.google.com/marketplace/app/video_translator_translate_video_voice_o/285433175728,114,ca
workspace.google.com/marketplace/app/screencastify_for_google/242262968495,110,ca
workspace.google.com/marketplace/app/travel_mapper/412821700766,109,ca
workspace.google.com/marketplace/app/icons_by_noun_project/863243688714,108,ca
workspace.google.com/marketplace/app/mathtype/742924286153,97,ca
workspace.google.com/marketplace/app/ipa_translator/133236533224,97,ca
workspace.google.com/marketplace/app/timesheet/6002835623,96,ca
workspace.google.com/marketplace/app/text_editor/591525900269,142,ca
workspace.google.com/marketplace/app/email_notifications_for_google_forms/984866591130,47,ca
workspace.google.com/marketplace/app/org_chart_best_chart_builder/219218309058,18,ca
workspace.google.com/marketplace/app/slides_translator/333911051422,28,ca
workspace.google.com/marketplace/app/ai_and_plagiarism_checker_copyleaks/484212953959,8,ca
workspace.google.com/marketplace/app/genially/634337082895,7,ca
workspace.google.com/marketplace/app/ai_mail_assistant_chatgpt_for_gmail/793320270264,1,ca
workspace.google.com/marketplace/app/page_sizer_for_google_docs_pagesizer/871910138285,23,ca
workspace.google.com/marketplace/app/compare_sheets/955024524750,35,ca
workspace.google.com/marketplace/app/form_mule_email_merge_utility/968670674230,40,ca
workspace.google.com/marketplace/app/mail_merge_for_google_docs/799434348782,51,ca
workspace.google.com/marketplace/app/random_generator/363517517289,27,ca
workspace.google.com/marketplace/app/mail_merge/218858140171,108,ca
workspace.google.com/marketplace/app/shared_contacts_share_google_workspace_c/1033860418004,16,ca
workspace.google.com/marketplace/app/heic_image_viewer_decoder/896939897302,64,ca
workspace.google.com/marketplace/app/gradebook/292160741496,20,ca
workspace.google.com/marketplace/app/pear_deck_for_google_slides_addon/363332900703,65,ca
workspace.google.com/marketplace/app/collaborative_whiteboard/1020501632558,6,ca
workspace.google.com/marketplace/app/copy_folder_in_google_drive/891769470715,4,ca
workspace.google.com/marketplace/app/signrequest_esignatures_for_docs_google/522331924634,87,ca
workspace.google.com/marketplace/app/form_quiz_timer_limiter_quilgo/1038135373505,13,ca
workspace.google.com/marketplace/app/lumio/1033792558652,7,ca
workspace.google.com/marketplace/app/word_cloud_generator/360115564222,27,ca
workspace.google.com/marketplace/app/education_perfect/980973241261,63,ca
workspace.google.com/marketplace/app/pdf2go_pdf_editor_converter/588307107944,39,ca
workspace.google.com/marketplace/app/endnote_generator/966812386636,64,ca
workspace.google.com/marketplace/app/textbolt_formerly_email_to_textsms_from/135822310631,63,ca
workspace.google.com/marketplace/app/gtable_calculator/10796809588,61,ca
workspace.google.com/marketplace/app/ai_for_google_calendar_reclaimai/950518663892,59,ca
workspace.google.com/marketplace/app/convert_pdf_to_csv_sheets_pdf_to_excel_x/286135378508,56,ca
workspace.google.com/marketplace/app/autocad_web_app/988888629532,56,ca
workspace.google.com/marketplace/app/kml_kmz_viewer_with_drive/72003345431,56,ca
workspace.google.com/marketplace/app/combine_files_to_pdf_by_cloudhq/833864366640,55,ca
workspace.google.com/marketplace/app/pandadoc_for_google_docs/463622177030,55,ca
workspace.google.com/marketplace/app/free_invoice_maker/1045476840899,53,ca
workspace.google.com/marketplace/app/kami/185741998891,52,ca
workspace.google.com/marketplace/app/screen_recorder_voice_recorder_video_rec/659492711995,51,ca
workspace.google.com/marketplace/app/photopea/463342976776,87,es
workspace.google.com/marketplace/app/kahoot_for_google_meet/77335967938,354,es
workspace.google.com/marketplace/app/currency_converter/962968609488?hl=es,39,es
workspace.google.com/marketplace/app/pizarra_colaborativa/657959631782?hl=es,69,es
workspace.google.com/marketplace/app/docusign_esignature_para_google_workspac/469176070494?hl=es,39,es
workspace.google.com/marketplace/app/save_as_doc/414645485467?hl=es,3,es
workspace.google.com/marketplace/app/eliminador_de_fondo_para_imágenes/652489303256?hl=es,498,es
workspace.google.com/marketplace/app/ai_detector_ai_written_detector/273593096182?hl=es,159,es
workspace.google.com/marketplace/app/photostudio/826986567935?hl=es,127,es
workspace.google.com/marketplace/app/ai_email_generator/900926180191,35,es
workspace.google.com/marketplace/app/genially/634337082895?hl=es,139,es
workspace.google.com/marketplace/app/documento_convertidor_de_pdf_a_word/751290108609?hl=es,452,es
workspace.google.com/marketplace/app/pdf_editor_open/797443692109?hl=es,158,es
workspace.google.com/marketplace/app/document_translator_translate_pdf_pptsli/151510329810,609,es
workspace.google.com/marketplace/app/slidesaiio_create_slides_with_ai/904276957168,153,es
workspace.google.com/marketplace/app/drawio/671128082532,76,es
workspace.google.com/marketplace/app/gpt_for_sheets_and_docs/677318054654,70,es
workspace.google.com/marketplace/app/video_translator_traducir_vídeo_y_voz_en/285433175728?hl=es,230,es
workspace.google.com/marketplace/app/temporary_disposable_email_service/962772827669,126,es
workspace.google.com/marketplace/app/autocrat/539341275670?hl=es,11,es
workspace.google.com/marketplace/app/form_builder/133781775166?hl=es,39,es
workspace.google.com/marketplace/app/nearpod_for_google_classroom/28288372596,24,es
workspace.google.com/marketplace/app/sketchup_for_schools/260457348581,13,es
workspace.google.com/marketplace/app/coggle/884143833690?hl=es,10,es
workspace.google.com/marketplace/app/reunión_de_microsoft_teams/961264221134?hl=es,58,es
workspace.google.com/marketplace/app/drawio/671128082532?hl=es,120,es
workspace.google.com/marketplace/app/referencer/161289460786?hl=es,3,es
workspace.google.com/marketplace/app/corubrics/969519855495?hl=es,16,es
workspace.google.com/marketplace/app/plagium/939761022513?hl=es,61,es
workspace.google.com/marketplace/app/cloudconvert/199590644126,12,es
workspace.google.com/marketplace/app/gimp_online/650527036983?hl=es,26,es
workspace.google.com/marketplace/app/phone_number_locator_reverse_lookup/995542167527,223,es
workspace.google.com/marketplace/app/ai_mind_maps_maker_crear_mapa_mental/571560817026?hl=es,204,es
workspace.google.com/marketplace/app/ai_quiz_maker_crear_cuestionarios_con_ai/362212768099?hl=es,42,es
workspace.google.com/marketplace/app/postscript_viewer_and_compiler/858839298130?hl=es,2,es
workspace.google.com/marketplace/app/mailtrack_para_google_workspace_email_tr/224054973946?hl=es,47,es
workspace.google.com/marketplace/app/mindmap/1050079651832?hl=es,80,es
workspace.google.com/marketplace/app/colaboratory/1014160490159?hl=es,77,es
workspace.google.com/marketplace/app/chatpdf_ai_para_documentos/229416599137?hl=es,29,es
workspace.google.com/marketplace/app/autodesk_tinkercad/614288788007?hl=es,45,es
workspace.google.com/marketplace/app/drawio/588283048931?hl=es,18,es
workspace.google.com/marketplace/app/clickup/897450447475?hl=es,7,es
workspace.google.com/marketplace/app/audacity_online/112820967478?hl=es,94,es
workspace.google.com/marketplace/app/ai_transcription_realtime_speech_to_text/501744932484,50,es
workspace.google.com/marketplace/app/contasimple/450833002638?hl=es,29,es
workspace.google.com/marketplace/app/google_play_libros/866840267307?hl=es,58,es
workspace.google.com/marketplace/app/mindmap/1050079651832,15,es
workspace.google.com/marketplace/app/slidesaiio_create_slides_with_ai/904276957168?hl=es,237,es
workspace.google.com/marketplace/app/sketchup_for_schools/260457348581?hl=es,34,es
workspace.google.com/marketplace/app/download_accelerator_manager/164508099339?hl=es,3,es
workspace.google.com/marketplace/app/lucidchart/7081045131?hl=es,71,es
workspace.google.com/marketplace/app/poll/330982171253?hl=es,5,es
workspace.google.com/marketplace/app/form_timer/620454808595?hl=es,10,es
workspace.google.com/marketplace/app/drawio/224440279306,6,es
workspace.google.com/marketplace/app/icons_by_noun_project/606689375894?hl=es,13,es
workspace.google.com/marketplace/app/hellosign/434481440707?hl=es,9,es
workspace.google.com/marketplace/app/dochub_pdf_sign_and_edit/1179802238?hl=es,29,es
workspace.google.com/marketplace/app/educaplay/943290277704?hl=es,23,es
workspace.google.com/marketplace/app/irc_client_for_browser/999357435640?hl=es,9,es
workspace.google.com/marketplace/app/email_tracker_para_móvil_mailsuite/129668302705?hl=es,33,es
workspace.google.com/marketplace/app/form_mule_email_merge_utility/968670674230?hl=es,1,es
workspace.google.com/marketplace/app/text_to_speech_ai_voice_generator/743993646804?hl=es,92,es
workspace.google.com/marketplace/app/pdfzorro_online_pdf_editor/904120569284?hl=es,9,es
workspace.google.com/marketplace/app/yet_another_mail_merge_mail_merge_for_gm/52669349336,145,es
workspace.google.com/marketplace/app/convertidor_de_moneda_para_sheets/562317989852?hl=es,78,es
workspace.google.com/marketplace/app/docs_to_pdf_pro/302636103705?hl=es,6,es
workspace.google.com/marketplace/app/gestión_de_proyectos_gantter/549517827371?hl=es,92,es
workspace.google.com/marketplace/app/xml_formatter/454757072908,9,es
workspace.google.com/marketplace/app/kahoot_for_google_meet/77335967938,234,fr
workspace.google.com/marketplace/app/slides_translator_traduire_les_diapositi/552662411825?hl=fr,520,fr
workspace.google.com/marketplace/app/document_translator_translate_pdf_pptsli/151510329810,54,fr
workspace.google.com/marketplace/app/ai_email_generator/900926180191,28,fr
workspace.google.com/marketplace/app/currency_converter/962968609488?hl=fr,502,fr
workspace.google.com/marketplace/app/document_convertisseur_pdf_en_word/751290108609?hl=fr,316,fr
workspace.google.com/marketplace/app/ai_mind_maps_maker_créer_une_carte_menta/571560817026?hl=fr,58,fr
workspace.google.com/marketplace/app/sejda_pdf_editor/8721525582?hl=fr,419,fr
workspace.google.com/marketplace/app/video_translator_traduire_la_vidéo_et_la/285433175728?hl=fr,80,fr
workspace.google.com/marketplace/app/mindmap/1050079651832?hl=fr,103,fr
workspace.google.com/marketplace/app/pdf_editor_open/797443692109?hl=fr,139,fr
workspace.google.com/marketplace/app/ai_transcription_transcribe_sound_to_tex/501744932484?hl=fr,51,fr
workspace.google.com/marketplace/app/gimp_online/650527036983?hl=fr,97,fr
workspace.google.com/marketplace/app/générateur_de_voix_ai_synthèse_vocale/569837782850?hl=fr,88,fr
workspace.google.com/marketplace/app/drawio/671128082532?hl=fr,7,fr
workspace.google.com/marketplace/app/drawio/224440279306,25,fr
workspace.google.com/marketplace/app/publipostage_enveloppe_documents_etiquet/799434348782?hl=fr,180,fr
workspace.google.com/marketplace/app/autolatex_equations/850293439076?hl=fr,1,fr
workspace.google.com/marketplace/app/quickscore_spreadsheet/428461162832?hl=fr,249,fr
workspace.google.com/marketplace/app/suppression_de_larrièreplan_pour_les_ima/652489303256?hl=fr,97,fr
workspace.google.com/marketplace/app/audacity_en_ligne/112820967478?hl=fr,167,fr
workspace.google.com/marketplace/app/slidesaiio_create_slides_with_ai/904276957168,84,fr
workspace.google.com/marketplace/app/drawio/671128082532,174,fr
workspace.google.com/marketplace/app/scribens_correcteur_dorthographe/668835852390?hl=fr,10,fr
workspace.google.com/marketplace/app/form_builder/133781775166?hl=fr,104,fr
workspace.google.com/marketplace/app/qr_code_for_google_forms/103011012898?hl=fr,38,fr
workspace.google.com/marketplace/app/mailmeteor_publipostage_en_masse_pour_gm/1008170693301?hl=fr,102,fr
workspace.google.com/marketplace/app/gestion_du_projet_gantter/549517827371?hl=fr,191,fr
workspace.google.com/marketplace/app/pdf_convert_convert_documents/717850601162?hl=fr,25,fr
workspace.google.com/marketplace/app/zip_password_finder_and_checker/983733118453?hl=fr,118,fr
workspace.google.com/marketplace/app/slidesaiio_create_slides_with_ai/904276957168?hl=fr,22,fr
workspace.google.com/marketplace/app/currency_converter/962968609488,8,fr
workspace.google.com/marketplace/app/auto_suggest_keyword_tool/320672898581?hl=fr,36,fr
workspace.google.com/marketplace/app/rappel_sms_pour_google_calendar/33150033653?hl=fr,102,fr
workspace.google.com/marketplace/app/ai_form_builder_ai_créer_un_formulaire/678204444887?hl=fr,49,fr
workspace.google.com/marketplace/app/logiciel_gratuit_de_prise_de_rendezvous/957496294765?hl=fr,13,fr
workspace.google.com/marketplace/app/code_blocks/100740430168,26,fr
workspace.google.com/marketplace/app/ai_email_generator/900926180191?hl=fr,1,fr
workspace.google.com/marketplace/app/webhooks_for_sheets/860288437469?hl=fr,10,fr
workspace.google.com/marketplace/app/translator_ai_gpt_chatgpt_gemini_transla/257171559362?hl=de,16,fr
workspace.google.com/marketplace/app/mailmerge_for_gmail/562406866377?hl=fr,1,fr
workspace.google.com/marketplace/app/instaq/723669264047?hl=fr,11,fr
workspace.google.com/marketplace/app/importfromweb_web_scraping_in_google_she/278587576794,105,fr
workspace.google.com/marketplace/app/collaborative_whiteboard/657959631782,7,fr
workspace.google.com/marketplace/app/accounts_manager/1088804353747?hl=fr,23,fr
workspace.google.com/marketplace/app/caixa_de_entrada_limpa_para_gmail/397548801822?hl=fr,8,fr
workspace.google.com/marketplace/app/importfromweb_web_scraping_pour_tous/278587576794?hl=fr,30,fr
workspace.google.com/marketplace/app/partager_les_contacts_google/452164027617?hl=fr,28,fr
workspace.google.com/marketplace/app/docusign_esignature_pour_google_workspac/469176070494?hl=fr,1,fr
workspace.google.com/marketplace/app/scrible_writer/823170055939?hl=fr,6,fr
workspace.google.com/marketplace/app/panorama_viewer/1098647836467?hl=fr,71,fr
workspace.google.com/marketplace/app/lucidchart/7081045131?hl=fr,82,fr
workspace.google.com/marketplace/app/colaboratory/1014160490159?hl=fr,29,fr
workspace.google.com/marketplace/app/gpt_for_sheets_and_docs/677318054654,3,fr
workspace.google.com/marketplace/app/insert_icons_for_sheets/1079010486796,2,fr
workspace.google.com/marketplace/app/bookeo_appointments/1054152198001,169,fr
workspace.google.com/marketplace/app/translator_ai_gpt_chatgpt_gemini_transla/257171559362?hl=fr,80,fr
workspace.google.com/marketplace/app/ai_transcription_realtime_speech_to_text/501744932484,19,fr
workspace.google.com/marketplace/app/random_generator/363517517289,27,fr
workspace.google.com/marketplace/app/travel_mapper/412821700766?hl=fr,13,fr
workspace.google.com/marketplace/app/lucidchart/7081045131,8,fr
workspace.google.com/marketplace/app/ai_and_plagiarism_checker_copyleaks/484212953959?hl=fr,12,fr
workspace.google.com/marketplace/app/cloudconvert/199590644126?hl=fr,48,fr
workspace.google.com/marketplace/app/mail_tracker_for_gmail/888949007475?hl=fr,133,fr
workspace.google.com/marketplace/app/yet_another_mail_merge_mail_merge_for_gm/52669349336,39,fr
workspace.google.com/marketplace/app/ai_diagram_maker_ai_créer_des_diagrammes/208081298936?hl=fr,9,fr
workspace.google.com/marketplace/app/chat_gpt_for_gmail/259612175025?hl=fr,4,fr
workspace.google.com/marketplace/app/formlimiter/538161738778?hl=fr,17,fr
workspace.google.com/marketplace/app/icons_by_noun_project/863243688714?hl=fr,23,fr
workspace.google.com/marketplace/app/icons_by_noun_project/606689375894?hl=fr,253,fr
workspace.google.com/marketplace/app/merge_pdf_files/283426173620?hl=fr,238,fr
workspace.google.com/marketplace/app/document_translator_traduire_pdf_pptslid/151510329810?hl=fr,4,fr
workspace.google.com/marketplace/app/music_snippet/324260072797?hl=fr,70,fr
workspace.google.com/marketplace/app/url_shortener/640322864632?hl=fr,4,fr
workspace.google.com/marketplace/app/magicslides_ai_text_video_pdf_url_to_sli/371894645570,9,fr
workspace.google.com/marketplace/app/phone_number_locator_reverse_lookup/995542167527,74,uk
workspace.google.com/marketplace/app/docusign_esignature_for_google_workspace/469176070494,74,uk
workspace.google.com/marketplace/app/pdf_to_word_converter_doc/751290108609,883,uk
workspace.google.com/marketplace/app/video_translator_translate_video_online/285433175728?hl=pl,738,uk
workspace.google.com/marketplace/app/mybib/154836275460,692,uk
workspace.google.com/marketplace/app/merge_pdf_files/283426173620,686,uk
workspace.google.com/marketplace/app/form_builder_for_docs/725512574241,660,uk
workspace.google.com/marketplace/app/qr_code_generator/771094986501,575,uk
workspace.google.com/marketplace/app/pdf_viewer/619241882594,557,uk
workspace.google.com/marketplace/app/collaborative_whiteboard/657959631782,540,uk
workspace.google.com/marketplace/app/currency_converter/962968609488,527,uk
workspace.google.com/marketplace/app/miro/1062019541050,517,uk
workspace.google.com/marketplace/app/gpt_for_sheets_and_docs/677318054654,516,uk
workspace.google.com/marketplace/app/free_clip_art/232524892292,505,uk
workspace.google.com/marketplace/app/temporary_disposable_email_service/962772827669,486,uk
workspace.google.com/marketplace/app/hellosign/434481440707,447,uk
workspace.google.com/marketplace/app/ai_detector_ai_checker/273593096182,427,uk
workspace.google.com/marketplace/app/document_translator_translate_pdf_pptsli/151510329810,425,uk
workspace.google.com/marketplace/app/kahoot_for_google_meet/77335967938,396,uk
workspace.google.com/marketplace/app/photopea/463342976776,396,uk
workspace.google.com/marketplace/app/mindmap/1050079651832,381,uk
workspace.google.com/marketplace/app/coggle/884143833690,335,uk
workspace.google.com/marketplace/app/slido_for_google_slides/240609050747,326,uk
workspace.google.com/marketplace/app/random_generator/363517517289,324,uk
workspace.google.com/marketplace/app/screenplay_formatter/329481250452,317,uk
workspace.google.com/marketplace/app/mail_merge_for_gmail/562406866377,284,uk
workspace.google.com/marketplace/app/canva/94859032195,266,uk
workspace.google.com/marketplace/app/microsoft_teams_meeting/961264221134,259,uk
workspace.google.com/marketplace/app/icons_by_noun_project/863243688714,258,uk
workspace.google.com/marketplace/app/cloudconvert/199590644126,257,uk
workspace.google.com/marketplace/app/sejda_pdf_editor/8721525582,252,uk
workspace.google.com/marketplace/app/gusto/416608718644,249,uk
workspace.google.com/marketplace/app/sketchup_for_schools/260457348581,216,uk
workspace.google.com/marketplace/app/text_to_speech_ai_voice_generator/743993646804,211,uk
workspace.google.com/marketplace/app/winner_spinner_wheel/550296486392,210,uk
workspace.google.com/marketplace/app/zip_extractor/824911851129,198,uk
workspace.google.com/marketplace/app/timesheet/6002835623,185,uk
workspace.google.com/marketplace/app/dochub_pdf_sign_and_edit/1179802238,176,uk
workspace.google.com/marketplace/app/bad_translator/306615442162,172,uk
workspace.google.com/marketplace/app/mail_merge/218858140171,166,uk
workspace.google.com/marketplace/app/image_translator_translate_image_by_ai/641614143005,164,uk
workspace.google.com/marketplace/app/autodesk_tinkercad/614288788007,162,uk
workspace.google.com/marketplace/app/free_online_appointment_booking_software/957496294765,160,uk
workspace.google.com/marketplace/app/video_translator_translate_video_voice_o/285433175728,158,uk
workspace.google.com/marketplace/app/lucidchart/7081045131,155,uk
workspace.google.com/marketplace/app/form_builder/133781775166,149,uk
workspace.google.com/marketplace/app/icons_for_google_slides_google_docs/381578326502,147,uk
workspace.google.com/marketplace/app/adobe_stock/477057038292,145,uk
workspace.google.com/marketplace/app/word_cloud_generator/360115564222,145,uk
workspace.google.com/marketplace/app/quillbot_paraphrasing_and_summarizing_to/305988918037,144,uk
workspace.google.com/marketplace/app/drawio/671128082532,144,uk
workspace.google.com/marketplace/app/pear_deck_for_google_slides_addon/363332900703,140,uk
workspace.google.com/marketplace/app/code_blocks/100740430168,137,uk
workspace.google.com/marketplace/app/shared_contacts_share_google_workspace_c/1033860418004,136,uk
workspace.google.com/marketplace/app/pdf_editor_for_drive_dropbox/949815188868,133,uk
workspace.google.com/marketplace/app/zip_password_finder_and_checker/983733118453,132,uk
workspace.google.com/marketplace/app/free_auto_suggest_google_search_keyword/320672898581,132,uk
workspace.google.com/marketplace/app/slidesaiio_create_slides_with_ai/904276957168,129,uk
workspace.google.com/marketplace/app/pandadoc_for_google_docs/463622177030,125,uk
workspace.google.com/marketplace/app/generato_ai_writer_text_generation/1086008139722,119,uk
workspace.google.com/marketplace/app/capcutweb/87571557143,119,uk
workspace.google.com/marketplace/app/insert_icons_for_slides_👌/96201000411,116,uk
workspace.google.com/marketplace/app/onelook_thesaurus/372652075936,112,uk
workspace.google.com/marketplace/app/collaborative_whiteboard/1020501632558,108,uk
workspace.google.com/marketplace/app/password_protect_for_google_documents/1082163372793,105,uk
workspace.google.com/marketplace/app/pdf_to_docs/28755135712,117,uk
workspace.google.com/marketplace/app/picsart_ai_photo_editor_graphic_design/228592224036,27,uk
workspace.google.com/marketplace/app/email_notifications_for_google_forms/984866591130,7,uk
workspace.google.com/marketplace/app/qr_code_generator/283497561682,79,uk
workspace.google.com/marketplace/app/autocrat/539341275670,24,uk
workspace.google.com/marketplace/app/formative_for_google_classroom/750373123883,6,uk
workspace.google.com/marketplace/app/travel_mapper/412821700766,57,uk
workspace.google.com/marketplace/app/nearpod_for_google_classroom/28288372596,71,uk
workspace.google.com/marketplace/app/drive_multiple_downloader/364356868173,6,uk
workspace.google.com/marketplace/app/ai_email_generator/900926180191,18,uk
workspace.google.com/marketplace/app/ipa_translator/133236533224,14,uk
workspace.google.com/marketplace/app/payable_forms/353824655747,256,uk
workspace.google.com/marketplace/app/form_builder_by_jotform/989594444654,13,uk
workspace.google.com/marketplace/app/befunky_photo_editor/303057181160,7,uk
workspace.google.com/marketplace/app/ranktank_seo_keyword_rank_checker_tool/22225448367,516,uk
workspace.google.com/marketplace/app/extensis_fonts_for_google_docs_and_googl/568288816452,2,uk
workspace.google.com/marketplace/app/travelperk/1029628525364,7,uk
workspace.google.com/marketplace/app/yet_another_mail_merge_mail_merge_for_gm/52669349336,23,uk
workspace.google.com/marketplace/app/drivepassword_password_manager/387000543082,6,uk
workspace.google.com/marketplace/app/video_translator_translate_video_online/285433175728?hl=sv,3,uk
workspace.google.com/marketplace/app/tasksboard_for_google_tasks/938219596206,115,uk
workspace.google.com/marketplace/app/dice_slides_🎲_by_alice_keeler/910831492315,55,uk
workspace.google.com/marketplace/app/mobi_viewer_and_reader/1046109784677,214,uk
workspace.google.com/marketplace/app/org_chart_best_chart_builder/219218309058,4,uk
workspace.google.com/marketplace/app/autocad_web_app/988888629532,7,uk
workspace.google.com/marketplace/app/free_invoice_maker/1045476840899,4,uk
workspace.google.com/marketplace/app/signrequest/411452145109,263,uk
workspace.google.com/marketplace/app/turnitin_draft_coach/249033953412,223,uk
workspace.google.com/marketplace/app/lumio/1033792558652,57,uk
workspace.google.com/marketplace/app/plus_ai_for_google_slides_and_docs/214277172452,32,uk
workspace.google.com/marketplace/app/check_plagiarism_online_in_google_docs/531814040789,20,uk
workspace.google.com/marketplace/app/ai_mind_maps_maker_create_mind_map_with/571560817026,56,uk
workspace.google.com/marketplace/app/timetastic/969170248873,54,uk
workspace.google.com/marketplace/app/pdf_convert_convert_documents/717850601162,54,uk
workspace.google.com/marketplace/app/flashcard_lab/934660656831,53,uk
workspace.google.com/marketplace/app/save_emails_and_attachments/513239564707,53,uk
workspace.google.com/marketplace/app/ai_for_google_calendar_reclaimai/950518663892,52,uk
workspace.google.com/marketplace/app/workpatterns_insights/503186450907,52,uk
workspace.google.com/marketplace/app/video_translator_videó_és_hang_online_fo/285433175728?hl=hu,52,uk
workspace.google.com/marketplace/app/power_thesaurus_for_google_docs/345026180982,51,uk
workspace.google.com/marketplace/app/pdf2go_pdf_editor_converter/588307107944,50,uk
