Selector,Traffic,Region
apps.microsoft.com/detail/9pktq5699m62?hl=en-US&gl=US,847,us
apps.microsoft.com/detail/9nksqgp7f2nh?hl=en-US&gl=US,7,us
apps.microsoft.com/detail/9wzdncrfj3pt?hl=en-US&gl=US,590,us
apps.microsoft.com/detail/9wzdncrfj2wl?hl=en-US&gl=US,150,us
apps.microsoft.com/detail/9ntm2qc6qws7?hl=en-US&gl=US,24,us
apps.microsoft.com/detail/9mvfq4lmz6c9?hl=en-US&gl=US,95,us
apps.microsoft.com/detail/9msmlrh6lzf3?hl=en-US&gl=US,973,us
apps.microsoft.com/detail/9pd9bhglfc7h?hl=en-US&gl=US,722,us
apps.microsoft.com/detail/9wzdncrfhwd2?hl=en-US&gl=US,422,us
apps.microsoft.com/detail/xpdm1zw6815mqm?hl=en-US&gl=US,366,us
apps.microsoft.com/detail/xpfm2k6gpv72cr?hl=en-US&gl=US,395,us
apps.microsoft.com/detail/9pb2mz1zmb1s?hl=en-US&gl=US,519,us
apps.microsoft.com/detail/9np83lwlpz9k?hl=en-US&gl=US,854,us
apps.microsoft.com/detail/9nblggh5l9xt?hl=en-US&gl=US,454,us
apps.microsoft.com/detail/9wzdncrfj140?hl=en-US&gl=US,737,us
apps.microsoft.com/detail/9wzdncrfjbh4?hl=en-US&gl=US,18,us
apps.microsoft.com/detail/9wzdncrfj3tj?hl=en-US&gl=US,259,us
apps.microsoft.com/detail/9mz95kl8mr0l?hl=en-US&gl=US,999,us
apps.microsoft.com/detail/9nt1r1c2hh7j?hl=en-US&gl=US,192,us
apps.microsoft.com/detail/9nh2gph4jzs4?hl=en-US&gl=US,721,us
apps.microsoft.com/detail/9n8fwm1c28tb?hl=en-US&gl=US,94,us
apps.microsoft.com/detail/9nrx63209r7b?hl=en-US&gl=US,95,us
apps.microsoft.com/detail/9wzdncrfhwlh?hl=en-US&gl=US,137,us
apps.microsoft.com/detail/9n4vn1s60632?hl=en-US&gl=US,514,us
apps.microsoft.com/detail/9pfhdd62mxs1?hl=en-US&gl=US,430,us
apps.microsoft.com/detail/9nmzlz57r3t7?hl=en-US&gl=US,291,us
apps.microsoft.com/detail/9nztwsqntd0s?hl=en-US&gl=US,429,us
apps.microsoft.com/detail/xpdm5vsmtkqlbj?hl=en-US&gl=US,956,us
apps.microsoft.com/detail/9wzdncrdcwk8?hl=en-US&gl=US,19,us
apps.microsoft.com/detail/9p6pmztm93lr?hl=en-US&gl=US,183,us
apps.microsoft.com/detail/9pnxv71sz79k?hl=en-US&gl=US,144,us
apps.microsoft.com/detail/9p3fg98r5x8f?hl=en-US&gl=US,833,us
apps.microsoft.com/detail/9wzdncrfj26j?hl=en-US&gl=US,40,us
apps.microsoft.com/detail/9nlvzbz2wz28?hl=en-US&gl=US,581,us
apps.microsoft.com/detail/9pjf3351zzgv?hl=en-GB&gl=AU,458,us
apps.microsoft.com/detail/9pjf3351zzgv?hl=en-US&gl=US,817,us
apps.microsoft.com/detail/9wzdncrfj2sm?hl=en-US&gl=US,2,us
apps.microsoft.com/detail/9pfhdsf91b9r?hl=en-US&gl=US,214,us
apps.microsoft.com/detail/9n4jbjnfzc1l?hl=en-US&gl=US,389,us
apps.microsoft.com/detail/9wzdncrfhwcp?hl=en-US&gl=US,293,us
apps.microsoft.com/detail/9nw3sptz4z9t?hl=en-US&gl=US,477,us
apps.microsoft.com/detail/9n1sv6841f0b?hl=en-US&gl=US,68,us
apps.microsoft.com/detail/9nqxvpnh8400?hl=en-US&gl=US,680,us
apps.microsoft.com/detail/9pctgdfxvzlj?hl=en-US&gl=US,249,us
apps.microsoft.com/detail/9wzdncrfj3gm?hl=en-US&gl=US,296,us
apps.microsoft.com/detail/9np355qt2sqb?hl=en-US&gl=US,813,us
apps.microsoft.com/detail/9n0dx20hk701?hl=en-US&gl=US,461,us
apps.microsoft.com/detail/9nsh25lt1f9c?hl=en-US&gl=US,349,us
apps.microsoft.com/detail/9p87m9tknkvl?hl=en-US&gl=US,429,us
apps.microsoft.com/detail/9wzdncrfj3l1?hl=en-US&gl=US,270,us
apps.microsoft.com/detail/9nblggh4z1jc?hl=en-US&gl=US,89,us
apps.microsoft.com/detail/9pgm3qb3pdrd?hl=en-US&gl=US,449,us
apps.microsoft.com/detail/9wzdncrdqfbt?hl=en-US&gl=US,374,us
apps.microsoft.com/detail/9mv0b5hzvk9z?hl=en-US&gl=US,429,us
apps.microsoft.com/detail/9nxqxxlfst89?hl=en-US&gl=US,165,us
apps.microsoft.com/detail/9p9lv240kq9r?hl=en-US&gl=US,294,us
apps.microsoft.com/detail/xp8jjnhn91wfhh?hl=zh-CN&gl=CN,169,us
apps.microsoft.com/detail/9p15s8pwmq8c?hl=en-US&gl=US,571,us
apps.microsoft.com/detail/xp99j3kp4xz4vv?hl=en-US&gl=US,507,us
apps.microsoft.com/detail/9nblggh5g47v?hl=en-US&gl=US,653,us
apps.microsoft.com/detail/xpdcszfg8dpkp3?hl=en-US&gl=US,497,us
apps.microsoft.com/detail/xpffzhvgqwwlhb?hl=en-US&gl=US,160,us
apps.microsoft.com/detail/9pfz8rfzg5x4?hl=en-US&gl=US,50,us
apps.microsoft.com/detail/xpdm5w49v80n6v?hl=en-US&gl=US,181,us
apps.microsoft.com/detail/9n5jspvtdq3l?hl=en-US&gl=US,68,us
apps.microsoft.com/detail/9nms233vm4z9?hl=en-US&gl=US,176,us
apps.microsoft.com/detail/9nksqgp7f2nh?hl=pt-BR&gl=BR,658,br
apps.microsoft.com/detail/9nblggh5l9xt?hl=pt-BR&gl=BR,575,br
apps.microsoft.com/detail/9wzdncrfj3tt?hl=pt-BR&gl=BR,164,br
apps.microsoft.com/detail/9ntm2qc6qws7?hl=pt-BR&gl=BR,613,br
apps.microsoft.com/detail/9ntm2qc6qws7?hl=pt-BR&gl=US,8,br
apps.microsoft.com/detail/9n9tzxcpz5kj?hl=pt-BR&gl=BR,162,br
apps.microsoft.com/detail/9nh2gph4jzs4?hl=pt-BR&gl=BR,209,br
apps.microsoft.com/detail/9mvfq4lmz6c9?hl=pt-BR&gl=BR,48,br
apps.microsoft.com/detail/9wzdncrfj2wl?hl=pt-BR&gl=BR,44,br
apps.microsoft.com/detail/9pktq5699m62,52,br
apps.microsoft.com/detail/9n770twkd9xh?hl=pt-BR&gl=BR,254,br
apps.microsoft.com/detail/xp8k17rnmm8mtn?hl=en-US&gl=US,178,br
apps.microsoft.com/detail/9ncbcszsjrsb?hl=pt-BR&gl=BR,12,br
apps.microsoft.com/detail/9nztwsqntd0s?hl=pt-BR&gl=BR,323,br
apps.microsoft.com/detail/9wzdncrfj3pt?hl=pt-BR&gl=BR,275,br
apps.microsoft.com/detail/9wzdncrdkrdt?hl=pt-BR&gl=US,235,br
apps.microsoft.com/detail/9nh2gph4jzs4?hl=pt-BR&gl=MZ,121,br
apps.microsoft.com/detail/xpffh613w8v6lv?hl=pt-BR&gl=BR,384,br
apps.microsoft.com/detail/9nblggh5g47v?hl=pt-BR&gl=BR,412,br
apps.microsoft.com/detail/9wzdncrdn9kt?hl=pt-BR&gl=BR,262,br
apps.microsoft.com/detail/9nzm8d1qdbsc?hl=pt-BR&gl=US,6,br
apps.microsoft.com/detail/9nztwsqntd0s?hl=en-US&gl=US,137,br
apps.microsoft.com/detail/9nblggh2037z?hl=pt-BR&gl=BR,952,br
apps.microsoft.com/detail/xp9kn75rrb9nhs?hl=pt-BR&gl=BR,116,br
apps.microsoft.com/detail/9nblggh4vvnh?hl=pt-BR&gl=BR,238,br
apps.microsoft.com/detail/9p0xnf0jhwbv?hl=pt-BR&gl=BR,93,br
apps.microsoft.com/detail/9p60780h62k9?hl=pt-BR&gl=CH,79,br
apps.microsoft.com/detail/xp8lgt18lss4qs?hl=pt-BR&gl=BR,11,br
apps.microsoft.com/detail/9n438mzhd3zf?hl=pt-BR&gl=BR,340,br
apps.microsoft.com/detail/9pf4kz2vn4w9?hl=pt-BR&gl=BR,40,br
apps.microsoft.com/detail/9nlvzbz2wz28?hl=pt-BR&gl=BR,214,br
apps.microsoft.com/detail/9wzdncrfjbh4?hl=pt-BR&gl=BR,206,br
apps.microsoft.com/detail/9nblggh4z1jc?hl=pt-BR&gl=BR,276,br
apps.microsoft.com/detail/9nblggh4qghw?hl=pt-BR&gl=BR,23,br
apps.microsoft.com/detail/9nblggh201p7?hl=pt-BR&gl=BR,39,br
apps.microsoft.com/detail/9pfdf2zd4z4n?hl=pt-BR&gl=US,322,br
apps.microsoft.com/detail/9wzdncrfj3tj?hl=pt-BR&gl=BR,55,br
apps.microsoft.com/detail/9wzdncrfj140?hl=pt-BR&gl=BR,308,br
apps.microsoft.com/detail/9nrx63209r7b?hl=pt-br&gl=US,30,br
apps.microsoft.com/detail/9pb359dqfjn6?hl=en-US&gl=US,8,br
apps.microsoft.com/detail/9nrx63209r7b?hl=pt-br&gl=US/,98,br
apps.microsoft.com/detail/xp8bt8dw290mpq?hl=pt-BR&gl=BR,532,br
apps.microsoft.com/detail/9wzdncrfhwcp?hl=en-US&gl=US,4,br
apps.microsoft.com/detail/9nbdxk71nk08?hl=pt-BR&gl=BR,67,br
apps.microsoft.com/detail/xp9kn75rrb9nhs?hl=pt-BR&gl=GE,66,br
apps.microsoft.com/detail/xpfm0b62tj71kr,102,br
apps.microsoft.com/detail/9nblggh5l9xt?hl=en-US&gl=US,96,br
apps.microsoft.com/detail/9pj8266bhfwn?hl=pt-BR&gl=US,79,br
apps.microsoft.com/detail/9pd88qb3bgkn?hl=pt-BR&gl=BR,29,br
apps.microsoft.com/detail/9pjvm4fxd2ts?hl=pt-BR&gl=BR,40,br
apps.microsoft.com/detail/9n6sn0bxb13d?hl=pt-BR&gl=BR,2,br
apps.microsoft.com/detail/9p7bv5h5nsd3?hl=pt-BR&gl=BR,88,br
apps.microsoft.com/detail/9nsh25lt1f9c,361,br
apps.microsoft.com/detail/9ndjq0j8ksdz?hl=pt-BR&gl=BR,79,br
apps.microsoft.com/detail/xpdm17hk323c4x?hl=pt-BR&gl=MY,112,br
apps.microsoft.com/detail/9p60780h62k9?hl=pt-BR,74,br
apps.microsoft.com/detail/9wzdncrdkrdt?hl=pt-BR&gl=BR,84,br
apps.microsoft.com/detail/9nblggh4twwg?hl=pt-BR&gl=BR,110,br
apps.microsoft.com/detail/9nph591hjxkz?hl=pt-BR&gl=BR,101,br
apps.microsoft.com/detail/9wzdncrfhvn5?hl=pt-BR&gl=BR,9,br
apps.microsoft.com/detail/9pp3c07gtvrh?hl=pt-BR&gl=BR,32,br
apps.microsoft.com/detail/9wzdncrfj3pv?hl=pt-BR,68,br
apps.microsoft.com/detail/9nblggh67wlk?hl=pt-BR&gl=BR,721,br
apps.microsoft.com/detail/9wzdncrdpjls?hl=pt-BR&gl=BR,27,br
apps.microsoft.com/detail/9p23v641rqml?hl=pt-BR&gl=BR,49,br
apps.microsoft.com/detail/9wzdncrdcr1w?hl=pt-BR&gl=BR,106,br
apps.microsoft.com/detail/9wzdncrfj140?hl=en-US&gl=US,18,br
apps.microsoft.com/detail/9n0tn65p5bf6?hl=pt-BR&gl=BR,87,br
apps.microsoft.com/detail/xpdlpkwg9sw2wd?hl=pt-BR&gl=BR,217,br
apps.microsoft.com/detail/9wzdncrdh6mc?hl=pt-BR&gl=MZ,11,br
apps.microsoft.com/detail/9pndlw19mw8h?hl=pt-BR&gl=BR,159,br
apps.microsoft.com/detail/9p1d1vztc84x?hl=pt-BR&gl=BR,339,br
apps.microsoft.com/detail/9nblggh18846?hl=en-US&gl=US,94,br
apps.microsoft.com/detail/9wzdncrfj2wl?hl=pt-BR&gl=US,71,br
apps.microsoft.com/detail/9p297ctrzj1r?hl=pt-BR&gl=BR,159,br
apps.microsoft.com/detail/9nqh521hcgmb?hl=pt-BR&gl=BR,18,br
apps.microsoft.com/detail/9ntm2qc6qws7?hl=en-US&gl=US,96,br
apps.microsoft.com/detail/9p8dfb9fbtw4?hl=en-US&gl=US,98,br
apps.microsoft.com/detail/xpffgss4z9m2tx?hl=en-US&gl=US,27,br
apps.microsoft.com/detail/9wzdncrdjfj1?hl=pt-BR&gl=BR,77,br
apps.microsoft.com/detail/9n1kpx9m78d6?hl=pt-BR&gl=BR,4,br
apps.microsoft.com/detail/9pn9b16njk3j?hl=pt-BR&gl=BR,166,br
apps.microsoft.com/detail/9wzdncrdc33m?hl=pt-br&gl=US,43,br
apps.microsoft.com/detail/9wzdncrcwjw4?hl=pt-BR&gl=BR,48,br
apps.microsoft.com/detail/xpdlpkwg9sw2wd?hl=en-US&gl=US,114,br
apps.microsoft.com/detail/xp8k4rgx25g3gm?hl=pt-BR&gl=BR,72,br
apps.microsoft.com/detail/9nzvdkpmr9rd?hl=pt-BR&gl=BR,13,br
apps.microsoft.com/detail/xpdc2rh70k22mn?hl=en-US&gl=US,24,br
apps.microsoft.com/detail/9nblggh4x6t9?hl=pt-BR&gl=BR,42,br
apps.microsoft.com/detail/9pkl3h9lwmb7?hl=pt-BR&gl=BR,4,br
apps.microsoft.com/detail/xp8jrf5sxv03zm?hl=pt-BR&gl=BR,50,br
apps.microsoft.com/detail/9nqxvpnh8400?hl=pt-BR&gl=BR,755,br
apps.microsoft.com/detail/9wzdncrfhwd2?hl=pt-BR&gl=BR,225,br
apps.microsoft.com/detail/9pktq5699m62?hl=en-US&gl=US,130,br
apps.microsoft.com/detail/9n0866fs04w8?hl=pt-BR&gl=BR,34,br
apps.microsoft.com/detail/9wzdncrfj15t?hl=pt-BR&gl=BR,37,br
apps.microsoft.com/detail/9nblggh4x14g?hl=pt-BR&gl=BR,493,br
apps.microsoft.com/detail/9pndlw19mw8h?hl=en-US&gl=US,990,br
apps.microsoft.com/detail/9p8ltpgcbzxd?hl=pt-BR&gl=BR,986,br
apps.microsoft.com/detail/9nksqgp7f2nh?hl=en-US&gl=US,339,ru
apps.microsoft.com/detail/9wzdncrfhw41?hl=ru-RU&gl=RU,501,ru
apps.microsoft.com/detail/9p15s8pwmq8c?hl=ru-RU&gl=US,425,ru
apps.microsoft.com/detail/xp99j3kp4xz4vv?hl=ru-RU&gl=RU,435,ru
apps.microsoft.com/detail/9nblggh5l9xt?hl=ru-RU&gl=RU,414,ru
apps.microsoft.com/detail/9pfhdsf91b9r?hl=ru-RU&gl=RU,109,ru
apps.microsoft.com/detail/9pcfs5b6t72h?hl=ru-RU&gl=RU,469,ru
apps.microsoft.com/detail/9nksqgp7f2nh?hl=ru-RU&gl=US,373,ru
apps.microsoft.com/detail/9pbsj8182nb6?hl=ru-RU&gl=RU,166,ru
apps.microsoft.com/detail/9wzdncrdf97h?hl=ru-RU&gl=RU,42,ru
apps.microsoft.com/detail/xpdc2rh70k22mn?hl=ru-RU&gl=RU,397,ru
apps.microsoft.com/detail/9wzdncrfjbh4?hl=ru-RU&gl=RU,259,ru
apps.microsoft.com/detail/xpfd4t9n395qn6?hl=ru-ru&gl=AR,44,ru
apps.microsoft.com/detail/9nh2gph4jzs4?hl=ru-RU&gl=BY,587,ru
apps.microsoft.com/detail/9nv4f9ff1dk8?hl=ru-RU&gl=RU,241,ru
apps.microsoft.com/detail/xpfcwp0sqwxm3v?hl=ru-RU&gl=TM,113,ru
apps.microsoft.com/detail/9nrx63209r7b?gl=US&hl=ru-RU,52,ru
apps.microsoft.com/detail/9nztwsqntd0s?hl=ru-RU&gl=RU,199,ru
apps.microsoft.com/detail/xpdc2rh70k22mn?hl=ru-RU&gl=US,133,ru
apps.microsoft.com/detail/9mvfq4lmz6c9?hl=ru-RU&gl=RU,156,ru
apps.microsoft.com/detail/9wzdncrfj41q?hl=ru-RU&gl=RU,56,ru
apps.microsoft.com/detail/9wzdncrfj2wl?hl=ru-RU&gl=RU,591,ru
apps.microsoft.com/detail/9p15s8pwmq8c?hl=ru-RU,98,ru
apps.microsoft.com/detail/9wzdncrfj3pt?hl=ru-RU&gl=RU,160,ru
apps.microsoft.com/detail/9n0dx20hk701?hl=ru-RU&gl=RU,9,ru
apps.microsoft.com/detail/9ndjwkstbt25?hl=ru-RU&gl=RU,36,ru
apps.microsoft.com/detail/9pb2mz1zmb1s?hl=ru-RU&gl=RU,164,ru
apps.microsoft.com/detail/9nn896ff34s2?hl=ru-RU&gl=RU,186,ru
apps.microsoft.com/detail/9pj8266bhfwn?hl=ru-RU&gl=RU,25,ru
apps.microsoft.com/detail/9nm9sn6hhzw3?hl=ru-RU&gl=RU,74,ru
apps.microsoft.com/detail/9nf8h0h7wmlt?hl=ru-RU&gl=RU,159,ru
apps.microsoft.com/detail/9ndjq0j8ksdz?hl=ru-RU&gl=RU,93,ru
apps.microsoft.com/detail/9p8cp1l72jxs?hl=ru-RU&gl=US,295,ru
apps.microsoft.com/detail/9pktq5699m62?hl=ru-RU&gl=RU,30,ru
apps.microsoft.com/detail/9n27n6krblnj?hl=ru-RU&gl=RU,206,ru
apps.microsoft.com/detail/9nksqgp7f2nh?hl=ru-RU&gl=RU,151,ru
apps.microsoft.com/detail/9mzgbksf9h5s?hl=ru-RU&gl=RU,96,ru
apps.microsoft.com/detail/9wzdncrfj27n?hl=ru-RU&gl=US,18,ru
apps.microsoft.com/detail/9wzdncrdj8lh?hl=ru-RU&gl=RU,197,ru
apps.microsoft.com/detail/9nlvzbz2wz28?hl=ru-RU&gl=RU,101,ru
apps.microsoft.com/detail/9nh2gph4jzs4?hl=ru-RU&gl=RU,30,ru
apps.microsoft.com/detail/xp99vr1bpsbqj2?hl=ru-RU&gl=TJ,5,ru
apps.microsoft.com/detail/xpfd4t9n395qn6?hl=en-US&gl=US,27,ru
apps.microsoft.com/detail/xpfd8tkwzdh43m?hl=ru-RU&gl=RU,83,ru
apps.microsoft.com/detail/9pb2mz1zmb1s?hl=ru-RU&gl=US,226,ru
apps.microsoft.com/detail/xpfm0b62tj71kr?hl=ru-RU&gl=RU,7,ru
apps.microsoft.com/detail/9pbl2kqxq47k?hl=ru-RU&gl=RU,19,ru
apps.microsoft.com/detail/xpdp273c0xhqh2?hl=ru-RU&gl=US,212,ru
apps.microsoft.com/detail/9nblggh5l9xt?hl=ru-RU&gl=CO,990,ru
apps.microsoft.com/detail/9pc3h3v7q9ch?hl=ru-RU&gl=US,983,ru
apps.microsoft.com/detail/9msmlrh6lzf3?hl=ru-RU&gl=RU,953,ru
apps.microsoft.com/detail/9nsh25lt1f9c?hl=ru-RU&gl=RU,951,ru
apps.microsoft.com/detail/9nzvdkpmr9rd?hl=ru-RU&gl=RU,886,ru
apps.microsoft.com/detail/9n65bb0ljp3w?hl=ru-RU&gl=RU,884,ru
apps.microsoft.com/detail/9nh2gph4jzs4?hl=ru-RU&gl=KZ,868,ru
apps.microsoft.com/detail/9nrlsxztvrk5?hl=ru-RU&gl=RU,866,ru
apps.microsoft.com/detail/9p8dfb9fbtw4?hl=ru-RU&gl=RU,860,ru
apps.microsoft.com/detail/9nzfk4dcxmz4?hl=ru-RU&gl=RU,858,ru
apps.microsoft.com/detail/9nn76p3b5d8g?hl=ru-RU&gl=US,842,ru
apps.microsoft.com/detail/9pbl2kqxq47k?hl=ru-RU&gl=BY,841,ru
apps.microsoft.com/detail/9n490gv4j2xl?hl=ru-RU&gl=RU,808,ru
apps.microsoft.com/detail/9nztwsqntd0s?hl=ru-ru&gl=US,805,ru
apps.microsoft.com/detail/9pkvzcprx9nv?hl=ru-RU&gl=US,774,ru
apps.microsoft.com/detail/xpfg20v78lrmwg?hl=ru-RU&gl=US,763,ru
apps.microsoft.com/detail/9nblggh2wnwh?hl=ru-RU&gl=US,761,ru
apps.microsoft.com/detail/9n1znfmt0zf5?hl=ru-RU,750,ru
apps.microsoft.com/detail/9n5mvvbd0tgw?hl=ru-RU&gl=RU,747,ru
apps.microsoft.com/detail/9p03bz82l9f2?hl=ru-RU&gl=RU,746,ru
apps.microsoft.com/detail/9p6pmztm93lr?hl=ru-RU&gl=CL,732,ru
apps.microsoft.com/detail/xp8k4rgx25g3gm?hl=ru-ru&gl=ru,727,ru
apps.microsoft.com/detail/9p13n029kmvf?hl=ru-RU&gl=RU,726,ru
apps.microsoft.com/detail/9mxnx6h5kgg0?hl=ru-RU&gl=US,724,ru
apps.microsoft.com/detail/9wzdncrdkrdt?hl=ru-RU&gl=TJ,715,ru
apps.microsoft.com/detail/9phg94xmj1pp?hl=ru-RU&gl=RU,705,ru
apps.microsoft.com/detail/9p8cp1l72jxs?hl=ru-RU&gl=DK,702,ru
apps.microsoft.com/detail/9p4z98mljplz,692,ru
apps.microsoft.com/detail/9p23v641rqml?hl=ru-RU&gl=RU,683,ru
apps.microsoft.com/detail/9pb7gbmcr7n0?hl=ru-RU&gl=RU,681,ru
apps.microsoft.com/detail/9mwchj30nl7c?hl=ru-RU&gl=RU,678,ru
apps.microsoft.com/detail/9nlpqxbbhmgk?hl=ru-RU&gl=RU,667,ru
apps.microsoft.com/detail/9nblgggzm6wm?hl=ru-RU&gl=RU,666,ru
apps.microsoft.com/detail/9nrx3ptgbvb4?hl=ru-RU&gl=RU,663,ru
apps.microsoft.com/detail/xpffh613w8v6lv?hl=ru-RU&gl=US,656,ru
apps.microsoft.com/detail/xpdp264x2dk8nb?hl=ru-RU&gl=IT,655,ru
apps.microsoft.com/detail/9pb2mz1zmb1s?hl=ru-RU,651,ru
apps.microsoft.com/detail/9p8434bl18lb?hl=ru-RU&gl=RU,646,ru
apps.microsoft.com/detail/9nrtvfllggtv?hl=ru-RU&gl=RU,640,ru
apps.microsoft.com/detail/9wzdncrdhpzc?hl=ky-kg&gl=US,638,ru
apps.microsoft.com/detail/xpdm17hk323c4x?hl=ru-RU&gl=TH,637,ru
apps.microsoft.com/detail/9nblggh5xhtn?hl=ru-RU&gl=RU,637,ru
apps.microsoft.com/detail/9nb2v6xwb5g2?hl=ru-RU&gl=RU,627,ru
apps.microsoft.com/detail/9p74lc7pj20g?hl=ru-RU&gl=RU,624,ru
apps.microsoft.com/detail/9wzdncrfj433?hl=ru-RU&gl=RU,607,ru
apps.microsoft.com/detail/9nblggh5l9xt?hl=en-US&gl=US,605,ru
apps.microsoft.com/detail/9pm6w4f0xw3h?hl=ru-RU&gl=RU,599,ru
apps.microsoft.com/detail/9wzdncrfhzcd?hl=ru-RU&gl=RU,589,ru
apps.microsoft.com/detail/9mvfq4lmz6c9?hl=en-US&gl=US,585,ru
apps.microsoft.com/detail/9p9ft3qjn0pk?hl=ru-RU&gl=US,583,ru
apps.microsoft.com/detail/9p3xvd4hh30x?hl=ru-RU&gl=RU,578,ru
apps.microsoft.com/detail/9nqns46r8t75?hl=ru-RU&gl=RU,577,ru
apps.microsoft.com/detail/9nblggh6bxtl?hl=ru-RU&gl=RU,575,ru
apps.microsoft.com/detail/9wzdncrfj140?hl=en-US&gl=US,572,ru
apps.microsoft.com/detail/9wzdncrfj4p8?hl=ru-RU&gl=RU,570,ru
apps.microsoft.com/detail/9wzdncrfj3pv?hl=ru-ru,561,ru
apps.microsoft.com/detail/9pfhdd62mxs1?hl=ru-RU,559,ru
apps.microsoft.com/detail/9n26s50ln705?hl=ru-RU&gl=RU,558,ru
apps.microsoft.com/detail/xp99dnszg05q9g?hl=ru-RU&gl=RU,555,ru
apps.microsoft.com/detail/9wzdncrfjbbg?hl=ru-RU&gl=RU,554,ru
apps.microsoft.com/detail/9mz95kl8mr0l?hl=ru-RU&gl=RU,552,ru
apps.microsoft.com/detail/9wzdncrfj3pt?hl=en-US&gl=US,547,ru
apps.microsoft.com/detail/9nblggh38kc2?hl=ru-RU&gl=RU,528,ru
apps.microsoft.com/detail/9wzdncrfj3p2?hl=ru-RU&gl=RU,523,ru
apps.microsoft.com/detail/9pnxv71sz79k?hl=ru-RU&gl=RU,521,ru
apps.microsoft.com/detail/xp8jhchzpd28nh?hl=ru-RU&gl=RU,519,ru
apps.microsoft.com/detail/9pckzd9x7ggw?hl=ru-RU&gl=RU,514,ru
apps.microsoft.com/detail/9wzdncrdkrdt?hl=ru-RU&gl=RU,500,ru
apps.microsoft.com/detail/9pfhdd62mxs1?hl=ru-RU&gl=RU,498,ru
apps.microsoft.com/detail/9nbfmm45tjpt?hl=ru-RU&gl=RU,496,ru
apps.microsoft.com/detail/9msmlrh6lzf3?hl=ru-RU,495,ru
apps.microsoft.com/detail/9wzdncrfj27n?hl=ru-RU,492,ru
apps.microsoft.com/detail/9pl2frn9fxhc?hl=ru-RU&gl=RU,486,ru
apps.microsoft.com/detail/9wzdncrdfng7?hl=ru-RU&gl=RU,483,ru
apps.microsoft.com/detail/9ntpjw96tsc0?hl=ru-RU&gl=US,482,ru
apps.microsoft.com/detail/9nvjbt29b36l?hl=ru-RU&gl=US,482,ru
apps.microsoft.com/detail/xpfft31d40mgfq?hl=en-US&gl=US,478,ru
apps.microsoft.com/detail/9wzdncrfjbbg?hl=en-US&gl=US,477,ru
apps.microsoft.com/detail/9wzdncrdsmjn?hl=ru-RU&gl=RU,476,ru
apps.microsoft.com/detail/9msmlrh6lzf3?hl=ru-RU&gl=US,474,ru
apps.microsoft.com/detail/9pbl2kqxq47k?hl=ru-RU&gl=KG,468,ru
apps.microsoft.com/detail/9nrx63209r7b?hl=ru-RU&gl=US,468,ru
apps.microsoft.com/detail/9npr50gq7t53?hl=ru-RU,467,ru
apps.microsoft.com/detail/9plwblw5lmtf?hl=ru-RU&gl=RU,460,ru
apps.microsoft.com/detail/9pd88qb3bgkn?hl=ru-RU&gl=RU,457,ru
apps.microsoft.com/detail/9nblggh51pb3?hl=ru-RU&gl=RU,449,ru
apps.microsoft.com/detail/xpffgss4z9m2tx?hl=ru-ru&gl=CL,447,ru
apps.microsoft.com/detail/winzip-27/xpdnxdpxbrsvxt?hl=ru-RU&gl=MA,438,ru
apps.microsoft.com/detail/9nblggh67wlk?hl=ru-RU&gl=RU,435,ru
apps.microsoft.com/detail/9n9wclwdqs5j?hl=ru-RU&gl=RU,433,ru
apps.microsoft.com/detail/9n1k9q56hvxr?hl=ru-RU&gl=RU,433,ru
apps.microsoft.com/detail/9p8dfb9fbtw4,433,ru
apps.microsoft.com/detail/9pn51vrbngzr?hl=ru-RU&gl=RU,431,ru
apps.microsoft.com/detail/9nwn2l7ncwlx?hl=ru-ru&gl=NL,430,ru
apps.microsoft.com/detail/9nv4bs3l1h4s?hl=ru-RU&gl=RU,426,ru
apps.microsoft.com/detail/9pfdf2zd4z4n?hl=ru-RU&gl=RU,423,ru
apps.microsoft.com/detail/xp9kf40vgv9pwm?hl=ru-RU&gl=RU,421,ru
apps.microsoft.com/detail/9mxpgwnzqvsx?hl=ru-RU&gl=RU,419,ru
apps.microsoft.com/detail/9nblggh30xj3?hl=ru-RU&gl=RU,418,ru
apps.microsoft.com/detail/9n6f7h1r3djs?hl=ru-RU&gl=RU,417,ru
apps.microsoft.com/detail/xpffzhvgqwwlhb?hl=ru-RU&gl=RU,416,ru
apps.microsoft.com/detail/9pltngpg3w25?hl=ru-RU&gl=RU,416,ru
apps.microsoft.com/detail/9nvl64d80bvk?hl=ru-RU&gl=RU,415,ru
apps.microsoft.com/detail/9msmlrh6lzf3?hl=en-US&gl=US,411,ru
apps.microsoft.com/detail/9mvfq4lmz6c9?hl=de-DE&gl=DE,323,de
apps.microsoft.com/detail/9pb2mz1zmb1s?hl=de-DE&gl=US,526,de
apps.microsoft.com/detail/9wzdncrfj140?hl=en-US&gl=US,10,de
apps.microsoft.com/detail/9nrx63209r7b?hl=de-de&gl=US,577,de
apps.microsoft.com/detail/9pb359dqfjn6?hl=de-DE&gl=LI,173,de
apps.microsoft.com/detail/9wzdncrfhwlh?hl=de-DE&gl=DE,145,de
apps.microsoft.com/detail/9nblggh4z1jc?hl=de-DE&gl=DE,527,de
apps.microsoft.com/detail/9pktq5699m62?hl=de-DE&gl=DE,113,de
apps.microsoft.com/detail/9wzdncrfjbh4?hl=de-DE&gl=DE,454,de
apps.microsoft.com/detail/9wzdncrfj3pv?hl=de-DE&gl=DE,25,de
apps.microsoft.com/detail/9np83lwlpz9k?hl=de-DE&gl=DE,112,de
apps.microsoft.com/detail/9nf8h0h7wmlt?hl=de-DE&gl=DE,295,de
apps.microsoft.com/detail/9nksqgp7f2nh?hl=de-DE&gl=DE,186,de
apps.microsoft.com/detail/xpdm1zw6815mqm?hl=en-US&gl=US,182,de
apps.microsoft.com/detail/9pfhdd62mxs1?hl=de-DE&gl=DE,43,de
apps.microsoft.com/detail/9n621dm2lvhq?hl=de-DE&gl=DE,134,de
apps.microsoft.com/detail/9nzfk4dcxmz4?hl=de-DE&gl=DE,36,de
apps.microsoft.com/detail/9nt1r1c2hh7j?hl=de-DE&gl=DE,103,de
apps.microsoft.com/detail/9mz95kl8mr0l,10,de
apps.microsoft.com/detail/9nbfmm45tjpt?hl=de-DE&gl=DE,71,de
apps.microsoft.com/detail/9wzdncrfj3pt?hl=de-DE&gl=DE,58,de
apps.microsoft.com/detail/9p6rc76msmmj?hl=de-DE&gl=DE,15,de
apps.microsoft.com/detail/9pb2mz1zmb1s?hl=de-DE&gl=DE,22,de
apps.microsoft.com/detail/9pc3h3v7q9ch?hl=de-DE&gl=DE,143,de
apps.microsoft.com/detail/9wzdncrfj3tt?hl=de-DE&gl=DE,26,de
apps.microsoft.com/detail/9nblggh4qghw?hl=de-DE&gl=DE,18,de
apps.microsoft.com/detail/9nblggh5l9xt?hl=de-DE&gl=DE,66,de
apps.microsoft.com/detail/xpfd51h3vqzfm0?hl=de-DE&gl=DE,78,de
apps.microsoft.com/detail/9pb359dqfjn6?hl=de-DE&gl=US,78,de
apps.microsoft.com/detail/9pktq5699m62?hl=en-US&gl=US,50,de
apps.microsoft.com/detail/9p0xnf0jhwbv?hl=de-DE&gl=DE,5,de
apps.microsoft.com/detail/9n438mzhd3zf?hl=de-DE&gl=DE,7,de
apps.microsoft.com/detail/9ntpjw96tsc0?hl=de-DE&gl=US,54,de
apps.microsoft.com/detail/9wzdncrfj3pt?hl=en-US&gl=US,37,de
apps.microsoft.com/detail/9wzdncrfhvn5?hl=de-DE&gl=DE,71,de
apps.microsoft.com/detail/9nftnppz33tq?hl=de-DE&gl=DE,74,de
apps.microsoft.com/detail/9wzdncrfj2wl?hl=ru-RU&gl=RU,142,de
apps.microsoft.com/detail/9ndjq0j8ksdz?hl=de-DE&gl=DE,20,de
apps.microsoft.com/detail/9nht9rb2f4hd?hl=de-DE&gl=DE,219,de
apps.microsoft.com/detail/9wzdncrfjbb1?hl=de-DE&gl=DE,72,de
apps.microsoft.com/detail/9msnk97xpvrk?hl=de-DE&gl=DE,57,de
apps.microsoft.com/detail/9msmlrh6lzf3?hl=de-DE&gl=US,56,de
apps.microsoft.com/detail/9nblggh5l9xt?hl=de-DE&gl=AT,17,de
apps.microsoft.com/detail/9nwmt7tmtmn0?hl=de-DE&gl=DE,493,de
apps.microsoft.com/detail/9ntm2qc6qws7?hl=de-DE&gl=US,75,de
apps.microsoft.com/detail/9pctgdfxvzlj?hl=de-DE&gl=DE,33,de
apps.microsoft.com/detail/9mt1tmwc3rc5?hl=de-DE&gl=DE,13,de
apps.microsoft.com/detail/9n1f85v9t8bn?hl=de-DE&gl=DE,32,de
apps.microsoft.com/detail/9mwp7msp01c3?hl=de-DE&gl=DE,94,de
apps.microsoft.com/detail/9nzjndtlvkr1?hl=de-DE&gl=DE,998,de
apps.microsoft.com/detail/9mv4lscdrflt?hl=de-DE&gl=CH,995,de
apps.microsoft.com/detail/9pf4kz2vn4w9?hl=de-DE&gl=US,993,de
apps.microsoft.com/detail/9nblggh1zrpv?hl=de-DE&gl=US,979,de
apps.microsoft.com/detail/9nblggh5l9xt?hl=en-US&gl=US,956,de
apps.microsoft.com/detail/9nxqxxlfst89?hl=de-DE&gl=DE,953,de
apps.microsoft.com/detail/9wzdncrfhwhp?hl=de-DE&gl=DE,924,de
apps.microsoft.com/detail/9wzdncrdjfj1?hl=de-DE&gl=DE,918,de
apps.microsoft.com/detail/9wzdncrfjcjg?hl=de-DE&gl=DE,912,de
apps.microsoft.com/detail/xpfd4t9n395qn6?hl=en-US&gl=US,906,de
apps.microsoft.com/detail/xp9d4mpkkhdbm3?hl=de-DE&gl=DE,898,de
apps.microsoft.com/detail/9nblggh67bn1?hl=de-DE&gl=DE,897,de
apps.microsoft.com/detail/9p15s8pwmq8c?hl=ru-RU&gl=US,891,de
apps.microsoft.com/detail/9pd88qb3bgkn?hl=de-DE&gl=DE,882,de
apps.microsoft.com/detail/9n8pcz0nk5qx?hl=de-DE&gl=DE,876,de
apps.microsoft.com/detail/9wzdncrfjbmp,857,de
apps.microsoft.com/detail/9nsntzljhtx4?hl=de-DE&gl=DE,845,de
apps.microsoft.com/detail/9p23cgtpvnlb?hl=de-DE&gl=DE,845,de
apps.microsoft.com/detail/9p59cckx7c5x?hl=de-DE&gl=DE,843,de
apps.microsoft.com/detail/9nblggh42ths?hl=de-DE&gl=DE,843,de
apps.microsoft.com/detail/9wzdncrdh3d2?hl=de-DE&gl=DE,840,de
apps.microsoft.com/detail/9nzjndtlvkr1?hl=de-de&gl=SM,835,de
apps.microsoft.com/detail/9wzdncrfj2wl?hl=ar-SA&gl=US,834,de
apps.microsoft.com/detail/9wzdncrf0083?hl=de-DE&gl=DE,822,de
apps.microsoft.com/detail/9msmlrh6lzf3?hl=de-DE&gl=DE,814,de
apps.microsoft.com/detail/9wzdncrfj4w1?hl=de-DE&gl=DE,801,de
apps.microsoft.com/detail/9p6hj5zswfb8?hl=de-DE&gl=DE,800,de
apps.microsoft.com/detail/9nsh25lt1f9c?hl=en-US&gl=US,790,de
apps.microsoft.com/detail/9nblggh4pnc7?hl=de-DE&gl=DE,782,de
apps.microsoft.com/detail/9p87m9tknkvl?hl=de-DE&gl=DE,772,de
apps.microsoft.com/detail/9pp81h1nczs1?hl=de-DE&gl=DE,766,de
apps.microsoft.com/detail/xp8lgt18lss4qs?hl=de-DE&gl=DE,765,de
apps.microsoft.com/detail/9p8zxchb7hc9?hl=de-DE&gl=DE,765,de
apps.microsoft.com/detail/xpfcfcp53k55bp?hl=en-US&gl=CN,755,de
apps.microsoft.com/detail/9nh4f7j77cpd?hl=de-DE&gl=DE,750,de
apps.microsoft.com/detail/9p1xd8zqj7jd?hl=de-DE&gl=DE,744,de
apps.microsoft.com/detail/9msmlrh6lzf3?hl=de-DE,736,de
apps.microsoft.com/detail/xpfft31d40mgfq?hl=de-DE&gl=US,730,de
apps.microsoft.com/detail/9wzdncrfjctk?hl=de-DE&gl=DE,728,de
apps.microsoft.com/detail/9pknxkjgnzc5?hl=de-DE&gl=DE,719,de
apps.microsoft.com/detail/9n1k9q56hvxr?hl=en-US&gl=US,703,de
apps.microsoft.com/detail/9nftnppz33tq?hl=de-DE&gl=LI,703,de
apps.microsoft.com/detail/9ntm2qc6qws7?hl=en-US&gl=US,702,de
apps.microsoft.com/detail/9n0tn65p5bf6?hl=de-DE&gl=AT,695,de
apps.microsoft.com/detail/9pm5vm1s3vmq?hl=de-DE&gl=DE,694,de
apps.microsoft.com/detail/9wzdncrfj3pz?hl=de-DE&gl=DE,687,de
apps.microsoft.com/detail/9nksqgp7f2nh?hl=ar-SA&gl=US,682,de
apps.microsoft.com/detail/9pfd68cj30vw?hl=de-DE&gl=DE,679,de
apps.microsoft.com/detail/9p69wd422prz?hl=de-DE&gl=DE,678,de
apps.microsoft.com/detail/9pfz3g4d1c9r?hl=de-DE&gl=DE,672,de
apps.microsoft.com/detail/9p6s80c2n953?hl=de-DE&gl=DE,671,de
apps.microsoft.com/detail/9wzdncrfjb8p?hl=de-DE&gl=DE,668,de
apps.microsoft.com/detail/9nsnq0cpd06g?hl=de-DE&gl=DE,666,de
apps.microsoft.com/detail/xpfftq037jwmhs?hl=de-DE&gl=DE,665,de
apps.microsoft.com/detail/9p9ft3qjn0pk?hl=de-DE&gl=CH,662,de
apps.microsoft.com/detail/9wzdncrfj3pv?hl=de-DE&gl=US,657,de
apps.microsoft.com/detail/9wzdncrfhwkn?hl=en-US&gl=US,656,de
apps.microsoft.com/detail/9nh4f7j77cpd?hl=de-DE&gl=AT,654,de
apps.microsoft.com/detail/9wzdncrfj2wl?hl=en-US&gl=US,652,de
apps.microsoft.com/detail/9wzdncrdkrdt?hl=de-DE&gl=US,650,de
apps.microsoft.com/detail/9pjvm4fxd2ts?hl=de-DE&gl=DE,649,de
apps.microsoft.com/detail/9nblggh4sgkm?hl=de-DE&gl=DE,647,de
apps.microsoft.com/detail/9n252njjqb65?hl=de-DE&gl=DE,644,de
apps.microsoft.com/detail/9wzdncrfj4mv?hl=de-DE&gl=DE,642,de
apps.microsoft.com/detail/9pf4kz2vn4w9?hl=de-DE&gl=DE,642,de
apps.microsoft.com/detail/xp9mk65xpmxwzg?hl=en-US&gl=US,639,de
apps.microsoft.com/detail/9p9ft3qjn0pk?hl=de-DE&gl=DE,638,de
apps.microsoft.com/detail/xp89dcgq3k6vld?hl=de-DE&gl=DE,635,de
apps.microsoft.com/detail/9wzdncrfj3tj?hl=de-DE&gl=DE,635,de
apps.microsoft.com/detail/9pkdm87jks15?hl=de-DE&gl=DE,622,de
apps.microsoft.com/detail/xp8lvtc3ltsfn3?hl=de-DE&gl=DE,618,de
apps.microsoft.com/detail/9nztwsqntd0s?hl=de-DE&gl=DE,618,de
apps.microsoft.com/detail/9nmn2z9tzp22?hl=de-DE&gl=DE,616,de
apps.microsoft.com/detail/9wzdncrfj10m?hl=de-DE&gl=DE,614,de
apps.microsoft.com/detail/9wzdncrdmkb9?hl=de-DE&gl=DE,614,de
apps.microsoft.com/detail/9wzdncrfj27n?hl=de-DE&gl=DE,613,de
apps.microsoft.com/detail/9wzdncrfhwkn?hl=de-DE&gl=DE,606,de
apps.microsoft.com/detail/9wzdncrfjbh4?hl=de-de,604,de
apps.microsoft.com/detail/9pfz8rfzg5x4?hl=de-DE&gl=US,602,de
apps.microsoft.com/detail/xp8bsbgqw2dks0?hl=de-DE&gl=DE,601,de
apps.microsoft.com/detail/9pd7mr55zvns?hl=de-DE&gl=DE,595,de
apps.microsoft.com/detail/9wzdncrfj2wl?hl=de-DE&gl=DE,593,de
apps.microsoft.com/detail/9wzdncrfhwg5?hl=de-at&gl=AT,593,de
apps.microsoft.com/detail/9mspc6mp8fm4?hl=de-DE&gl=DE,590,de
apps.microsoft.com/detail/9wzdncrdcwk8?hl=de-DE&gl=DE,589,de
apps.microsoft.com/detail/9nz370xbfqmg?hl=en-US&gl=US,588,de
apps.microsoft.com/detail/9pcsn1f5r195?hl=de-DE&gl=DE,588,de
apps.microsoft.com/detail/9nblggh094mm?hl=de-DE&gl=DE,587,de
apps.microsoft.com/detail/9pm6w4f0xw3h?hl=en-US&gl=US,582,de
apps.microsoft.com/detail/xpfnzksklbp7rj,579,de
apps.microsoft.com/detail/9p1j8s7ccwwt?hl=de-DE&gl=DE,577,de
apps.microsoft.com/detail/9nf8h0h7wmlt?hl=en-US&gl=US,571,de
apps.microsoft.com/detail/9nblggh115mb?hl=de-DE&gl=DE,567,de
apps.microsoft.com/detail/9nzfk4dcxmz4?hl=de-DE&gl=CH,558,de
apps.microsoft.com/detail/9n9kcj2f020j?hl=de-DE&gl=DE,558,de
apps.microsoft.com/detail/9p4tcns9h432?hl=de-DE&gl=DE,556,de
apps.microsoft.com/detail/9nkmkxnqv2m8?hl=de-DE&gl=US,553,de
apps.microsoft.com/detail/9wzdncrfhwcp?hl=de-DE&gl=DE,548,de
apps.microsoft.com/detail/9nblggh4r2r6?hl=en-US&gl=US,546,de
apps.microsoft.com/detail/9wzdncrfjbh4?hl=en-US&gl=US,544,de
apps.microsoft.com/detail/9pjvm4fxd2ts?hl=de-de&gl=US,543,de
apps.microsoft.com/detail/9ph7cpnwj88z?hl=de-DE&gl=DE,541,de
apps.microsoft.com/detail/xp8k17rnmm8mtn?hl=fr-FR&gl=FR,100,fr
apps.microsoft.com/detail/9mvfq4lmz6c9?hl=fr-FR&gl=FR,444,fr
apps.microsoft.com/detail/9p0xnf0jhwbv?hl=fr-FR&gl=FR,77,fr
apps.microsoft.com/detail/9wzdncrfj3tt?hl=fr-FR&gl=FR,426,fr
apps.microsoft.com/detail/9ntm2qc6qws7?hl=fr-FR&gl=FR,304,fr
apps.microsoft.com/detail/9wzdncrfjbh4?hl=fr-FR&gl=FR,4,fr
apps.microsoft.com/detail/9pb2mz1zmb1s?hl=fr-FR&gl=FR,545,fr
apps.microsoft.com/detail/9wzdncrfj3pv?hl=fr-FR&gl=FR,376,fr
apps.microsoft.com/detail/9n438mzhd3zf?hl=fr-FR&gl=FR,511,fr
apps.microsoft.com/detail/9wzdncrfjcjg?hl=fr-FR&gl=FR,254,fr
apps.microsoft.com/detail/9pb359dqfjn6?hl=fr-FR&gl=CH,48,fr
apps.microsoft.com/detail/9nblggh5l9xt?hl=fr-FR&gl=FR,238,fr
apps.microsoft.com/detail/9pktq5699m62?hl=en-US&gl=US,194,fr
apps.microsoft.com/detail/epic-games-store/xp99vr1bpsbqj2?hl=fr-ca&gl=FR,29,fr
apps.microsoft.com/detail/9wzdncrfhwlh?hl=fr-FR&gl=FR,341,fr
apps.microsoft.com/detail/9wzdncrfj3pt?hl=fr-FR&gl=FR,18,fr
apps.microsoft.com/detail/9wzdncrfj2wl?hl=en-US&gl=US,135,fr
apps.microsoft.com/detail/9n1k9q56hvxr?hl=fr-FR&gl=FR,116,fr
apps.microsoft.com/detail/9ng4ll7k1m6m?hl=fr-FR&gl=FR,625,fr
apps.microsoft.com/detail/9nksqgp7f2nh?hl=fr-FR&gl=FR,564,fr
apps.microsoft.com/detail/9pn9b16njk3j?hl=fr-FR&gl=FR,134,fr
apps.microsoft.com/detail/9nblggh201p7?hl=fr-FR&gl=FR,37,fr
apps.microsoft.com/detail/9nrx63209r7b?hl=fr-fr&gl=US,4,fr
apps.microsoft.com/detail/9wzdncrfj2wl?hl=fr-FR&gl=FR,113,fr
apps.microsoft.com/detail/9np83lwlpz9k?hl=fr-FR&gl=FR,84,fr
apps.microsoft.com/detail/9nblggh4qghw?hl=fr-FR&gl=FR,93,fr
apps.microsoft.com/detail/9p90zh32k649?hl=fr-FR&gl=FR,179,fr
apps.microsoft.com/detail/9pm860492szd?hl=fr-FR&gl=CH,191,fr
apps.microsoft.com/detail/9wzdncrfj3p2?hl=fr-FR&gl=FR,378,fr
apps.microsoft.com/detail/9pf4kz2vn4w9?hl=fr-FR&gl=FR,212,fr
apps.microsoft.com/detail/xpfft31d40mgfq?hl=fr-CA&gl=WS,381,fr
apps.microsoft.com/detail/9pkdm87jks15?hl=fr-FR&gl=FR,26,fr
apps.microsoft.com/detail/9nblggh67bn1?hl=fr-FR&gl=FR,104,fr
apps.microsoft.com/detail/9nht9rb2f4hd?hl=fr-FR&gl=FR,246,fr
apps.microsoft.com/detail/9pfhdd62mxs1?hl=fr-FR&gl=FR,65,fr
apps.microsoft.com/detail/9wzdncrfj2wl?hl=fr-FR&gl=US,1,fr
apps.microsoft.com/detail/9wzdncrfj140?hl=en-US&gl=US,77,fr
apps.microsoft.com/detail/9nksqgp7f2nh?hl=fr-FR&gl=NE,95,fr
apps.microsoft.com/detail/9nt1r1c2hh7j?hl=fr-FR&gl=FR,16,fr
apps.microsoft.com/detail/9msnk97xpvrk?hl=fr-FR&gl=FR,998,fr
apps.microsoft.com/detail/9pc3h3v7q9ch?hl=fr-FR&gl=FR,995,fr
apps.microsoft.com/detail/9p5q8rxxnv7x?hl=fr-FR&gl=FR,993,fr
apps.microsoft.com/detail/9n0dx20hk701?hl=fr-FR&gl=FR,931,fr
apps.microsoft.com/detail/9nmzlz57r3t7?hl=fr-FR&gl=FR,907,fr
apps.microsoft.com/detail/9p59cckx7c5x?hl=fr-CA&gl=US,903,fr
apps.microsoft.com/detail/9wzdncrfhwd2?hl=fr-FR&gl=FR,896,fr
apps.microsoft.com/detail/9nrx63209r7b?hl=fr-ca&gl=US,879,fr
apps.microsoft.com/detail/9n2ckl7x976c?hl=fr-FR&gl=FR,874,fr
apps.microsoft.com/detail/9ndjq0j8ksdz?hl=fr-FR&gl=FR,870,fr
apps.microsoft.com/detail/9pd9bhglfc7h?hl=fr-FR&gl=FR,864,fr
apps.microsoft.com/detail/9nh4f7j77cpd?hl=fr-FR&gl=FR,847,fr
apps.microsoft.com/detail/9wzdncrfj27n?hl=fr-FR&gl=FR,846,fr
apps.microsoft.com/detail/9wzdncrfj3tj?hl=fr-FR&gl=FR,845,fr
apps.microsoft.com/detail/9nrx63209r7b?gl=US&hl=fr-CA,823,fr
apps.microsoft.com/detail/9wzdncrfhwkn?hl=fr-FR&gl=FR,817,fr
apps.microsoft.com/detail/9n621dm2lvhq?hl=fr-FR&gl=FR,809,fr
apps.microsoft.com/detail/9wzdncrfj4p8?hl=fr-FR&gl=FR,798,fr
apps.microsoft.com/detail/9p9lv240kq9r?hl=fr-FR&gl=FR,797,fr
apps.microsoft.com/detail/9pktq5699m62?hl=fr-FR&gl=FR,789,fr
apps.microsoft.com/detail/9pjvm4fxd2ts?hl=fr-FR&gl=FR,788,fr
apps.microsoft.com/detail/9nzfk4dcxmz4?hl=fr-FR&gl=FR,787,fr
apps.microsoft.com/detail/9pctgdfxvzlj?hl=fr-FR&gl=FR,782,fr
apps.microsoft.com/detail/xp8k4rgx25g3gm?hl=fr-FR&gl=US,779,fr
apps.microsoft.com/detail/9wzdncrfj3pt?hl=en-US&gl=US,779,fr
apps.microsoft.com/detail/9nlvzbz2wz28?hl=fr-FR&gl=FR,775,fr
apps.microsoft.com/detail/9mz2bg6b3xfr?hl=fr-FR&gl=FR,765,fr
apps.microsoft.com/detail/xpdm1zw6815mqm?hl=en-US&gl=US,765,fr
apps.microsoft.com/detail/9nvc5p0bphgr?hl=fr-FR&gl=FR,760,fr
apps.microsoft.com/detail/9nxqxxlfst89?hl=fr-FR&gl=FR,743,fr
apps.microsoft.com/detail/xp8lgt18lss4qs?hl=fr-CA&gl=IL,740,fr
apps.microsoft.com/detail/9nblggh6jnln?hl=fr-FR&gl=FR,739,fr
apps.microsoft.com/detail/9mvfq4lmz6c9?hl=en-US&gl=US,737,fr
apps.microsoft.com/detail/9p963tt56247?hl=fr-FR&gl=FR,731,fr
apps.microsoft.com/detail/9n26s50ln705?hl=fr-FR&gl=FR,728,fr
apps.microsoft.com/detail/9wzdncrfhvn5?hl=fr-FR&gl=FR,727,fr
apps.microsoft.com/detail/9pk63tslnq40?hl=fr-FR&gl=FR,717,fr
apps.microsoft.com/detail/9ppr79vx0gdl?hl=fr-FR&gl=FR,716,fr
apps.microsoft.com/detail/9pdzcrb6403g?hl=fr-FR&gl=FR,714,fr
apps.microsoft.com/detail/xp99vr1bpsbqj2?hl=fr-FR&gl=FR,713,fr
apps.microsoft.com/detail/9pfgj25jl6x3?hl=fr-FR&gl=FR,710,fr
apps.microsoft.com/detail/9nblggh18846?hl=fr-CA&gl=ES,702,fr
apps.microsoft.com/detail/9nq4ql59xlbf?hl=fr-FR&gl=FR,697,fr
apps.microsoft.com/detail/9pp81h1nczs1?hl=fr-FR&gl=RU,693,fr
apps.microsoft.com/detail/9p965p02vb9b?hl=fr-FR&gl=FR,690,fr
apps.microsoft.com/detail/9mz1gkmv1thl?hl=fr-FR&gl=FR,688,fr
apps.microsoft.com/detail/9p41lgtq6b0k?hl=fr-FR&gl=FR,685,fr
apps.microsoft.com/detail/xpdfmxbjpl5ssr?hl=fr-FR&gl=FR,684,fr
apps.microsoft.com/detail/9pfdf2zd4z4n?hl=fr-FR&gl=FR,683,fr
apps.microsoft.com/detail/9n3zbh5v7hx6?hl=fr-FR&gl=FR,680,fr
apps.microsoft.com/detail/9nsgm705mqwc?hl=fr-FR&gl=FR,674,fr
apps.microsoft.com/detail/9pdq2sthzlkt?hl=fr-FR&gl=FR,673,fr
apps.microsoft.com/detail/9ng5wbxrjnbq?hl=fr-FR&gl=FR,664,fr
apps.microsoft.com/detail/9mxt89hrqc6p?hl=fr-FR&gl=FR,655,fr
apps.microsoft.com/detail/xp8lvtc3ltsfn3?hl=fr-fr&gl=DZ,650,fr
apps.microsoft.com/detail/9n1k9q56hvxr?hl=en-US&gl=US,649,fr
apps.microsoft.com/detail/xp8jrf5sxv03zm?hl=fr-FR&gl=FR,641,fr
apps.microsoft.com/detail/9nblggh2smtq?hl=fr-FR&gl=FR,639,fr
apps.microsoft.com/detail/9ntm2qc6qws7?hl=en-US&gl=US,638,fr
apps.microsoft.com/detail/9wzdncrdcwk8?hl=fr-FR&gl=FR,629,fr
apps.microsoft.com/detail/xpfnzksklbp7rj?hl=fr-FR&gl=FR,628,fr
apps.microsoft.com/detail/9wzdncrfjbds?hl=fr-FR&gl=FR,627,fr
apps.microsoft.com/detail/9nzxkl4rdltr?hl=fr-FR&gl=FR,622,fr
apps.microsoft.com/detail/9pkr34tncv07?hl=fr-FR&gl=FR,621,fr
apps.microsoft.com/detail/xp8jnqfbqh6pvf?hl=fr-FR&gl=FR,616,fr
apps.microsoft.com/detail/9wzdncrdjfj1?hl=fr-FR&gl=FR,616,fr
apps.microsoft.com/detail/9wzdncrfjctk?hl=fr-FR&gl=FR,607,fr
apps.microsoft.com/detail/9wzdncrd2bw5?hl=en-GB&gl=IN,605,fr
apps.microsoft.com/detail/9n490gv4j2xl?hl=fr-FR&gl=FR,596,fr
apps.microsoft.com/detail/9n97zckpd60q?hl=fr-FR&gl=FR,590,fr
apps.microsoft.com/detail/9p6rc76msmmj?hl=fr-FR&gl=FR,589,fr
apps.microsoft.com/detail/9pfz3g4d1c9r?hl=fr-FR&gl=FR,588,fr
apps.microsoft.com/detail/9wzdncrcwc63?hl=fr-FR&gl=FR,583,fr
apps.microsoft.com/detail/9nblggh1kcc4?hl=en-US&gl=US,576,fr
apps.microsoft.com/detail/9p75jxkw32zt?hl=fr-FR&gl=FR,573,fr
apps.microsoft.com/detail/9mvbdsj392f2?hl=fr-FR&gl=FR,570,fr
apps.microsoft.com/detail/9n9wtrbn96vt?hl=fr-FR&gl=FR,567,fr
apps.microsoft.com/detail/9p53s4t9znj5?hl=fr-FR,565,fr
apps.microsoft.com/detail/9n1znfmt0zf5?hl=fr-FR&gl=FR,560,fr
apps.microsoft.com/detail/9pd7lhct26m8?hl=fr-FR&gl=FR,556,fr
apps.microsoft.com/detail/9np56ft9j0fp?hl=fr-FR&gl=FR,555,fr
apps.microsoft.com/detail/9p8ltpgcbzxd?hl=fr-FR&gl=FR,554,fr
apps.microsoft.com/detail/9mwgwx4xt4j5?hl=fr-FR&gl=FR,550,fr
apps.microsoft.com/detail/9ntm2qc6qws7?hl=fr-FR&gl=US,549,fr
apps.microsoft.com/detail/xpdlpkwg9sw2wd?hl=fr-FR&gl=FR,538,fr
apps.microsoft.com/detail/9nh2gph4jzs4?hl=en-US&gl=US,529,fr
apps.microsoft.com/detail/9mz95kl8mr0l?hl=en-US&gl=US,525,fr
apps.microsoft.com/detail/9nzjndtlvkr1?hl=fr-FR&gl=FR,520,fr
apps.microsoft.com/detail/9wzdncrd2bw5?hl=fr-FR&gl=FR,510,fr
apps.microsoft.com/detail/9wzdncrf0083?hl=fr-FR&gl=PY,509,fr
apps.microsoft.com/detail/9wzdncrfhwd2?hl=en-US&gl=US,503,fr
apps.microsoft.com/detail/9pjm0jdbkdjx?hl=fr-FR&gl=FR,500,fr
apps.microsoft.com/detail/9nb42nc2x167?hl=fr-FR&gl=FR,500,fr
apps.microsoft.com/detail/9p4tcns9h432?hl=fr-FR&gl=FR,500,fr
apps.microsoft.com/detail/9n1f85v9t8bn?hl=fr-FR&gl=FR,493,fr
apps.microsoft.com/detail/9pjj2nmbf0tr?hl=fr-FR&gl=FR,488,fr
apps.microsoft.com/detail/9wzdncrfj26j?hl=en-US&gl=US,487,fr
apps.microsoft.com/detail/xpdc2rh70k22mn?hl=en-US&gl=US,485,fr
apps.microsoft.com/detail/9nblggh5l9xt?hl=fr-FR&gl=US,484,fr
apps.microsoft.com/detail/9pfhdsf91b9r?hl=en-US&gl=US,484,fr
apps.microsoft.com/detail/9ndqhf16bd4s?hl=fr-FR&gl=FR,479,fr
apps.microsoft.com/detail/9n273ssts6vz?hl=fr-FR&gl=FR,477,fr
apps.microsoft.com/detail/9nbfmm45tjpt?hl=en-US&gl=US,475,fr
apps.microsoft.com/detail/9wzdncrfj3pz?hl=fr-FR&gl=FR,475,fr
apps.microsoft.com/detail/9p8f7jr0dstr?hl=fr-FR&gl=FR,473,fr
apps.microsoft.com/detail/9pbsj8182nb6?hl=fr-FR&gl=FR,472,fr
apps.microsoft.com/detail/9nblggh18846?hl=en-US&gl=US,470,fr
apps.microsoft.com/detail/9ngnmf869kxf?hl=fr-FR&gl=FR,466,fr
apps.microsoft.com/detail/xpdf9vl4d5xr9w?hl=fr-CA&gl=US,461,fr
apps.microsoft.com/detail/9nblggh3vrmz?hl=fr-FR&gl=FR,460,fr
apps.microsoft.com/detail/9p7bp5vnwkx5?hl=fr-FR&gl=FR,460,fr
apps.microsoft.com/detail/9nztwsqntd0s?hl=en-US&gl=US,459,fr
apps.microsoft.com/detail/9n5jjzw4qzbr?hl=fr-FR&gl=US,453,fr
apps.microsoft.com/detail/9p15s8pwmq8c?hl=fr-FR&gl=FR,449,fr
apps.microsoft.com/detail/9nkmkxnqv2m8?hl=fr-CA&gl=US,445,fr
apps.microsoft.com/detail/xpdm5vsmtkqlbj?hl=fr-FR&gl=FR,443,fr
apps.microsoft.com/detail/9wzdncrcv5xn?hl=fr-FR&gl=CD,442,fr
apps.microsoft.com/detail/9wzdncrfj26j?hl=fr-FR&gl=FR,437,fr
apps.microsoft.com/detail/9mttbfpngtjx?hl=fr-FR&gl=FR,432,fr
apps.microsoft.com/detail/9nksqgp7f2nh?hl=ar-SA&gl=US,430,fr
apps.microsoft.com/detail/9n74nhxch1n6?hl=fr-FR&gl=BE,425,fr
apps.microsoft.com/detail/9nblggh08dwp?hl=fr-FR&gl=FR,424,fr
apps.microsoft.com/detail/9nblggh5l9xt?hl=es-ES&gl=ES,389,es
apps.microsoft.com/detail/9nlvzbz2wz28?hl=es-ES&gl=ES,381,es
apps.microsoft.com/detail/9nksqgp7f2nh?hl=es-ES&gl=ES,113,es
apps.microsoft.com/detail/9wzdncrfj2wl?hl=en-US&gl=US,64,es
apps.microsoft.com/detail/9mvfq4lmz6c9?hl=es-ES&gl=ES,8,es
apps.microsoft.com/detail/9pc3h3v7q9ch?hl=es-ES&gl=ES,76,es
apps.microsoft.com/detail/9nztwsqntd0s?hl=es-ES&gl=ES,24,es
apps.microsoft.com/detail/9p5mvrnlgg2q?hl=es-ES&gl=ES,54,es
apps.microsoft.com/detail/9nblggh1zrpv?hl=en-US&gl=US,336,es
apps.microsoft.com/detail/xp99nhfpbhk12z?hl=ca-ES&gl=ES,5,es
apps.microsoft.com/detail/9n9wtrbn96vt?hl=es-ES&gl=CL,225,es
apps.microsoft.com/detail/xp99vr1bpsbqj2?hl=es-ES&gl=US,48,es
apps.microsoft.com/detail/9pb2mz1zmb1s?hl=es-ES&gl=ES,20,es
apps.microsoft.com/detail/9ns3rbq5hv5f?hl=en-US&gl=US,64,es
apps.microsoft.com/detail/9p0xnf0jhwbv?hl=es-ES&gl=ES,34,es
apps.microsoft.com/detail/xp8lgt18lss4qs?hl=es-ES&gl=ES,50,es
apps.microsoft.com/detail/9nw5lpnvwfwj?hl=es-ES&gl=ES,460,es
apps.microsoft.com/detail/9wzdncrfj3tj?hl=es-ES&gl=ES,33,es
apps.microsoft.com/detail/9p59cckx7c5x?hl=es-ES&gl=CH,103,es
apps.microsoft.com/detail/9pm860492szd?hl=es-ES&gl=US,107,es
apps.microsoft.com/detail/xpfft31d40mgfq?hl=es-ES,74,es
apps.microsoft.com/detail/9wzdncrfhwlh?hl=es-ES&gl=ES,15,es
apps.microsoft.com/detail/xpdp273c0xhqh2?hl=es-ES&gl=US,127,es
apps.microsoft.com/detail/9wzdncrfjbds?hl=es-ES&gl=ES,77,es
apps.microsoft.com/detail/9pktq5699m62?hl=en-US&gl=US,51,es
apps.microsoft.com/detail/9nblggh201p7?hl=es-MX&gl=MX,126,es
apps.microsoft.com/detail/9ntm2qc6qws7?hl=es-ES&gl=ES,83,es
apps.microsoft.com/detail/9nblggh5l9xt?hl=en-GB&gl=IN,14,es
apps.microsoft.com/detail/9p90zh32k649?hl=es-ES&gl=ES,61,es
apps.microsoft.com/detail/9wzdncrdrtsb?hl=es-ES&gl=ES,450,es
apps.microsoft.com/detail/9wzdncrfj2wl?hl=es-ES&gl=ES,998,es
apps.microsoft.com/detail/9n1k9q56hvxr?hl=es-ES&gl=ES,986,es
apps.microsoft.com/detail/9n6sn0bxb13d?hl=es-ES&gl=ES,967,es
apps.microsoft.com/detail/9nt1r1c2hh7j?hl=es-ES&gl=ES,924,es
apps.microsoft.com/detail/9pndlw19mw8h?hl=es-ES&gl=ES,924,es
apps.microsoft.com/detail/xp8k4rgx25g3gm?hl=es-ES&gl=US,918,es
apps.microsoft.com/detail/9wzdncrfj3pt?hl=es-ES&gl=ES,894,es
apps.microsoft.com/detail/9nblggh4pnc7?hl=es-ES&gl=ES,888,es
apps.microsoft.com/detail/9pn9b16njk3j?hl=es-ES&gl=ES,878,es
apps.microsoft.com/detail/9wzdncrfjbh4?hl=es-ES&gl=ES,873,es
apps.microsoft.com/detail/9nrlsxztvrk5?hl=es-ES&gl=CL,850,es
apps.microsoft.com/detail/xp8jnqfbqh6pvf?hl=es-ES&gl=ES,826,es
apps.microsoft.com/detail/9pctgdfxvzlj?hl=es-ES&gl=ES,818,es
apps.microsoft.com/detail/xpfft31d40mgfq?hl=es-ES&gl=US,802,es
apps.microsoft.com/detail/9p6rc76msmmj?hl=es-ES&gl=ES,776,es
apps.microsoft.com/detail/9pcfs5b6t72h?hl=es-ES&gl=ES,768,es
apps.microsoft.com/detail/9wzdncrfj15t?hl=es-ES&gl=ES,754,es
apps.microsoft.com/detail/9n1f85v9t8bn?hl=es-ES&gl=ES,750,es
apps.microsoft.com/detail/9ndm2vg48c0c?hl=es-ES&gl=ES,737,es
apps.microsoft.com/detail/9nsh25lt1f9c?hl=es-ES&gl=ES,731,es
apps.microsoft.com/detail/9pb359dqfjn6?hl=es-ES&gl=CL,730,es
apps.microsoft.com/detail/9np83lwlpz9k?hl=es-ES&gl=ES,706,es
apps.microsoft.com/detail/9nht9rb2f4hd?hl=es-ES&gl=ES,696,es
apps.microsoft.com/detail/xp9kn75rrb9nhs?hl=es-es&gl=RU,692,es
apps.microsoft.com/detail/9pktq5699m62?hl=es-ES&gl=ES,673,es
apps.microsoft.com/detail/9nblggh51pb3?hl=es-ES&gl=ES,671,es
apps.microsoft.com/detail/9msnk97xpvrk?hl=es-ES&gl=ES,667,es
apps.microsoft.com/detail/9nf8h0h7wmlt?hl=es-ES&gl=ES,665,es
apps.microsoft.com/detail/9wzdncrdh6mc?hl=es-ES&gl=ES,664,es
apps.microsoft.com/detail/9nrx63209r7b?hl=es-ES&gl=US,647,es
apps.microsoft.com/detail/9pf4kz2vn4w9?hl=es-ES&gl=ES,646,es
apps.microsoft.com/detail/9p1j8s7ccwwt?hl=es-ES&gl=US,643,es
apps.microsoft.com/detail/xp8lgt18lss4qs?hl=es-ES&gl=US,635,es
apps.microsoft.com/detail/9nwgfnb0lkgj?hl=es-ES&gl=ES,631,es
apps.microsoft.com/detail/9pj63f1m0jx8?hl=es-ES&gl=ES,626,es
apps.microsoft.com/detail/9wzdncrfj3pv?hl=es-ES&gl=ES,618,es
apps.microsoft.com/detail/9nblggh33n0n?hl=es-ES&gl=ES,612,es
apps.microsoft.com/detail/9pm1zsq1g246?hl=es-ES&gl=ES,610,es
apps.microsoft.com/detail/9pkdm87jks15?hl=es-ES&gl=ES,607,es
apps.microsoft.com/detail/xpdm5vsmtkqlbj?hl=es-ES&gl=ES,601,es
apps.microsoft.com/detail/9wzdncrdcwk8?hl=es-ES&gl=ES,600,es
apps.microsoft.com/detail/9nbdxk71nk08?hl=es-ES&gl=ES,597,es
apps.microsoft.com/detail/9n0tn65p5bf6?hl=es-ES&gl=ES,596,es
apps.microsoft.com/detail/9nzjndtlvkr1?hl=es-ES&gl=ES,584,es
apps.microsoft.com/detail/xp8lvtc3ltsfn3?hl=es-ES&gl=ES,578,es
apps.microsoft.com/detail/9nrlsxztvrk5?hl=es-ES&gl=ES,576,es
apps.microsoft.com/detail/9njp3ph1hxl6?hl=es-ES&gl=ES,533,es
apps.microsoft.com/detail/xpdfmxbjpl5ssr?hl=es-ES&gl=ES,524,es
apps.microsoft.com/detail/9wzdncrfj47x?hl=es-ES&gl=ES,512,es
apps.microsoft.com/detail/9pjvm4fxd2ts?hl=es-ES&gl=ES,511,es
apps.microsoft.com/detail/9n4vn1s60632?hl=es-ES&gl=ES,507,es
apps.microsoft.com/detail/9nv0b9m1vkwr?hl=es-ES&gl=ES,504,es
apps.microsoft.com/detail/9nh2gph4jzs4?hl=es-ES&gl=ES,503,es
apps.microsoft.com/detail/9nblggh67wlk?hl=es-ES&gl=ES,498,es
apps.microsoft.com/detail/9wzdncrd29v9?hl=es-ES&gl=ES,494,es
apps.microsoft.com/detail/9nrrjllxm68v?hl=es-ES&gl=ES,488,es
apps.microsoft.com/detail/9wzdncrcv5xn?hl=es-ES&gl=ES,478,es
apps.microsoft.com/detail/9nq07fg50h2q?hl=es-ES&gl=ES,474,es
apps.microsoft.com/detail/9pgz7fjh9w6g?hl=es-ES&gl=ES,472,es
apps.microsoft.com/detail/xpddxv3sd1sb5k?hl=es-es&gl=BA,470,es
apps.microsoft.com/detail/9wzdncrfj27n?hl=es-ES&gl=ES,459,es
apps.microsoft.com/detail/9nw3sptz4z9t?hl=es-ES&gl=ES,457,es
apps.microsoft.com/detail/9nxqxxlfst89?hl=es-ES&gl=ES,455,es
apps.microsoft.com/detail/xpdm17hk323c4x?hl=es-ES&gl=ES,451,es
apps.microsoft.com/detail/9wzdncrfhwkn?hl=es-ES&gl=ES,446,es
apps.microsoft.com/detail/9wzdncrfhwd2?hl=es-ve&gl=ve,445,es
apps.microsoft.com/store/detail/9nm5764dbppg?hl=es-mx&amp;gl=mx,444,es
apps.microsoft.com/detail/9wzdncrfj140?hl=es-ES&gl=US,442,es
apps.microsoft.com/detail/xp89j5462cmgjd?hl=es-ES&gl=ES,426,es
apps.microsoft.com/detail/9p8dfb9fbtw4?hl=es-ES&gl=ES,423,es
apps.microsoft.com/detail/9nblggh1zrpv?hl=es-ES&gl=US,412,es
apps.microsoft.com/detail/9pjvm4fxd2ts?hl=es-ES&gl=AR,409,es
apps.microsoft.com/detail/xp8k4rgx25g3gm?hl=es-ES,407,es
apps.microsoft.com/detail/9n4tfbzk2c7s?hl=es-ES&gl=ES,396,es
apps.microsoft.com/detail/9ntm2qc6qws7?hl=es-ES,396,es
apps.microsoft.com/detail/xpffh613w8v6lv?hl=es-ES&gl=ES,395,es
apps.microsoft.com/detail/xpdm4zr5kj9jn9?hl=es-cl&gl=CL,395,es
apps.microsoft.com/detail/xp9m26rsclnt88?hl=en-US&gl=US,393,es
apps.microsoft.com/detail/9nblggh110bx?hl=es-ES&gl=ES,390,es
apps.microsoft.com/detail/9p02rmwg3sp9?hl=es-MX&gl=MX,382,es
apps.microsoft.com/detail/9pkr34tncv07?hl=es-ES&gl=ES,380,es
apps.microsoft.com/detail/9nb42nc2x167?hl=es-ES&gl=ES,380,es
apps.microsoft.com/detail/9nrp2lhsh4mf?hl=es-ES&gl=ES,379,es
apps.microsoft.com/detail/9n26s50ln705?hl=en-US&gl=US,379,es
apps.microsoft.com/detail/9nt8kfp56z2c?hl=es-ES&gl=ES,379,es
apps.microsoft.com/detail/9pp9gzm2gn26?hl=es-ES&gl=ES,375,es
apps.microsoft.com/detail/9mzghjwf4nc4?hl=es-ES&gl=ES,368,es
apps.microsoft.com/detail/xpfd4t9n395qn6?hl=es-ES&gl=ES,367,es
apps.microsoft.com/detail/9nksqgp7f2nh?hl=es-ES&gl=US,367,es
apps.microsoft.com/detail/9wzdncrfhvn5?hl=es-ES&gl=ES,366,es
apps.microsoft.com/detail/9p0kbkmmh617?hl=es-ES&gl=ES,364,es
apps.microsoft.com/detail/9nblggh3b0bp?hl=es-ES&gl=ES,362,es
apps.microsoft.com/detail/9wzdncrfjctk?hl=es-ES&gl=ES,360,es
apps.microsoft.com/detail/9mvfq4lmz6c9?hl=es-es,358,es
apps.microsoft.com/detail/9mz95kl8mr0l?hl=en-US&gl=US,357,es
apps.microsoft.com/detail/9pdnkx9qc2zj?hl=es-ES&gl=ES,356,es
apps.microsoft.com/detail/9nk739mk4hzb?hl=es-ES&gl=ES,355,es
apps.microsoft.com/detail/9nmn2z9tzp22?hl=es-ES&gl=ES,350,es
apps.microsoft.com/detail/9nblggh4twwg?hl=es-ES&gl=ES,346,es
apps.microsoft.com/detail/xpdf9vl4d5xr9w?hl=es-ES&gl=ES,337,es
apps.microsoft.com/detail/9mv1wcn36zdk?hl=es-ES&gl=ES,336,es
apps.microsoft.com/detail/9nblggh43vhv?hl=es-ES&gl=ES,336,es
apps.microsoft.com/detail/9nksqgp7f2nh?hl=es-es,334,es
apps.microsoft.com/detail/9nmqdq2xzkwk?hl=es-ES&gl=ES,331,es
apps.microsoft.com/detail/9ng28bzx6wr8?hl=es-ES&gl=ES,329,es
apps.microsoft.com/detail/9nblggh4vvnh?hl=es-ES&gl=CL,327,es
apps.microsoft.com/detail/9nblggh4z1jc?hl=es-ES&gl=ES,326,es
apps.microsoft.com/detail/9np355qt2sqb?hl=es-ES&gl=ES,321,es
apps.microsoft.com/detail/xpfcc4cd725961?hl=es-ES&gl=ES,318,es
apps.microsoft.com/detail/xpffgss4z9m2tx?hl=en-US&gl=US,317,es
apps.microsoft.com/detail/9nzvmwdz9dc3?hl=es-ES&gl=ES,317,es
apps.microsoft.com/detail/9nccdgq9mnmh?hl=es-ES&gl=ES,314,es
apps.microsoft.com/detail/9n8fwm1c28tb?hl=en-US&gl=US,314,es
apps.microsoft.com/detail/9p311cpzb2zj?hl=es-ES&gl=ES,310,es
apps.microsoft.com/detail/9wzdncrfhwd2?hl=en-US&gl=US,309,es
apps.microsoft.com/detail/9nmzlz57r3t7?hl=es-ES&gl=ES,302,es
apps.microsoft.com/detail/9wzdncrfj3p2?hl=es-ES&gl=ES,301,es
apps.microsoft.com/detail/9p38d19t7lrv?hl=en-US&gl=US,300,es
apps.microsoft.com/detail/9mt44rnlpxxt?hl=es-ES&gl=ES,300,es
apps.microsoft.com/detail/9nksqgp7f2nh?hl=en-US&gl=US,298,es
apps.microsoft.com/detail/9pc3h3v7q9ch?hl=es-ES&gl=BO,3,es
apps.microsoft.com/detail/xp9kn75rrb9nhs?hl=es-ES&gl=ES,93,es
apps.microsoft.com/detail/xp8m0ngdb6hr07?hl=en-US&gl=US,16,es
apps.microsoft.com/detail/9p0rj8ffrg7h?hl=es-ES&gl=ES,24,es
apps.microsoft.com/detail/9nh4f7j77cpd?hl=es-ES&gl=ES,54,es
apps.microsoft.com/detail/9p98t77876kz?hl=es-ES&gl=US,9,es
apps.microsoft.com/detail/9p6pbj9wzlqs?hl=es-ES&gl=ES,8,es
apps.microsoft.com/detail/9nblggh4z1jc?hl=es-ES&gl=CL,43,es
apps.microsoft.com/detail/9mvfq4lmz6c9?hl=en-US&gl=US,350,es
apps.microsoft.com/detail/9mt1tmwc3rc5?hl=en-US&gl=US,224,es
apps.microsoft.com/detail/9nsgm705mqwc?hl=es-ES&gl=ES,46,es
apps.microsoft.com/detail/xp89dcgq3k6vld?hl=es-ES&gl=ES,12,es
apps.microsoft.com/detail/9nms233vm4z9?hl=es-ES&gl=ES,147,es
apps.microsoft.com/detail/9wzdncrdh3d2?hl=es-ES&gl=ES,15,es
apps.microsoft.com/detail/9pfdf2zd4z4n?hl=es-ES&gl=US,6,es
apps.microsoft.com/detail/9nbfmm45tjpt?hl=es-ES&gl=ES,32,es
apps.microsoft.com/detail/9pc3h3v7q9ch?hl=es-ES&gl=AT,10,es
apps.microsoft.com/detail/9n4khflpbqg1?hl=es-ES&gl=ES,7,es
apps.microsoft.com/detail/9nbfmm45tjpt?hl=en-US&gl=US,44,es
apps.microsoft.com/detail/9wzdncrfj2wl?hl=en-US&gl=US,933,in
apps.microsoft.com/detail/9p6pbj9wzlqs,34,in
apps.microsoft.com/detail/9nksqgp7f2nh?hl=en-US&gl=US,290,in
apps.microsoft.com/detail/9nblggh5l9xt,555,in
apps.microsoft.com/detail/9nblggh5l9xt?hl=en-GB&gl=IN,19,in
apps.microsoft.com/detail/9wzdncrfj140?hl=en-US&gl=US,10,in
apps.microsoft.com/detail/9nblggh5l9xt?hl=en-US&gl=US,607,in
apps.microsoft.com/detail/xp9kn75rrb9nhs?hl=en-US&gl=US,6,in
apps.microsoft.com/detail/xp8bz39v4j50xj,21,in
apps.microsoft.com/detail/xpfd4t9n395qn6?hl=en-US&gl=US,426,in
apps.microsoft.com/detail/xp9kn75rrb9nhs,204,in
apps.microsoft.com/detail/xp8k17rnmm8mtn?hl=en-US&gl=US,109,in
apps.microsoft.com/detail/xp88x47z2x9str,421,in
apps.microsoft.com/detail/9n0dx20hk701,130,in
apps.microsoft.com/detail/9wzdncrfj26j?hl=en-US&gl=US,10,in
apps.microsoft.com/detail/9p6d014q3pfz?hl=en-US&gl=US,5,in
apps.microsoft.com/detail/9msmlrh6lzf3,22,in
apps.microsoft.com/detail/9nztwsqntd0s?hl=en-US&gl=US,14,in
apps.microsoft.com/detail/9ntm2qc6qws7?hl=en-US&gl=US,3,in
apps.microsoft.com/detail/9nblggh1kcc4?hl=en-US&gl=US,67,in
apps.microsoft.com/detail/xpdm1zw6815mqm?hl=en-US&gl=US,4,in
apps.microsoft.com/detail/9n4vn1s60632?hl=en-US&gl=US,375,in
apps.microsoft.com/detail/9wzdncrfj3tj?hl=en-US&gl=US,26,in
apps.microsoft.com/detail/9n9rsv4f7zr0,341,in
apps.microsoft.com/detail/9pctgdfxvzlj?hl=en-US&gl=US,244,in
apps.microsoft.com/detail/9wzdncrfj3pz?hl=en-US&gl=US,351,in
apps.microsoft.com/detail/9mvfq4lmz6c9?hl=en-US&gl=US,3,in
apps.microsoft.com/detail/9nh4f7j77cpd,460,in
apps.microsoft.com/detail/9pfhdsf91b9r?hl=en-US&gl=US,146,in
apps.microsoft.com/detail/9pm6w4f0xw3h?hl=en-US&gl=US,361,in
apps.microsoft.com/detail/xpfm2k6gpv72cr?hl=en-US&gl=US,43,in
apps.microsoft.com/detail/9n9rsv4f7zr0?hl=en-US&gl=US,89,in
apps.microsoft.com/detail/9wzdncrfjbmp,178,in
apps.microsoft.com/detail/9nq9klznv9sh?hl=en-US&gl=US,523,in
apps.microsoft.com/detail/9nbdxk71nk08?hl=en-US&gl=US,5,in
apps.microsoft.com/detail/9nblggh4r2r6?hl=en-US&gl=US,24,in
apps.microsoft.com/detail/9pht8lx4k82g?hl=en-US&gl=US,84,in
apps.microsoft.com/detail/9nblggh4qghw,195,in
apps.microsoft.com/detail/9plmx2tccqwc,91,in
apps.microsoft.com/detail/9pcfs5b6t72h?hl=en-US&gl=US,2,in
apps.microsoft.com/detail/9wzdncrfj26j,29,in
apps.microsoft.com/detail/xpfd4t9n395qn6,20,in
apps.microsoft.com/detail/9nvq4zljgmdv?hl=en-US&gl=US,897,in
apps.microsoft.com/detail/9pn4zfb0d57q?hl=en-US&gl=US,9,in
apps.microsoft.com/detail/9wzdncrfjbbg,50,in
apps.microsoft.com/detail/9n201kqxs5bm?hl=en-US&gl=US,937,in
apps.microsoft.com/detail/9ng28bzx6wr8,926,in
apps.microsoft.com/detail/9nblggh6j02v?hl=en-US&gl=US,66,in
apps.microsoft.com/detail/9wzdncrfj4w1?hl=en-GB&gl=AU,18,in
apps.microsoft.com/detail/9nsd9lw1grk2,10,in
apps.microsoft.com/detail/9pc3h3v7q9ch?hl=en-US&gl=US,54,in
apps.microsoft.com/detail/9nfk7jstx59n?hl=en-US&gl=US,103,in
apps.microsoft.com/detail/9pb77gvr6q27,692,in
apps.microsoft.com/detail/xpfcc4cd725961?hl=en-US&gl=US,75,in
apps.microsoft.com/detail/9wzdncrfjctk,4,in
apps.microsoft.com/detail/xp89dcgq3k6vld?hl=en-US&gl=US,1,in
apps.microsoft.com/detail/9pktq5699m62?hl=en-US&gl=US,362,in
apps.microsoft.com/detail/9wzdncrfj3p2?hl=en-US&gl=US,177,in
apps.microsoft.com/detail/9pfhdsf91b9r,73,in
apps.microsoft.com/detail/9pj8266bhfwn,3,in
apps.microsoft.com/detail/9wzdncrdcwk8?hl=en-GB&gl=AU,4,in
apps.microsoft.com/detail/xpdm1zw6815mqm,33,in
apps.microsoft.com/detail/xp8jn299z9j1m3?hl=en-US&gl=KE,945,in
apps.microsoft.com/detail/9nblggh6j02v,467,in
apps.microsoft.com/detail/9nblggh6h2mq?hl=en-US&gl=US,226,in
apps.microsoft.com/detail/9mt1tmwc3rc5?hl=en-US&gl=US,304,in
apps.microsoft.com/detail/9pb359dqfjn6?hl=en-US&gl=US,168,in
apps.microsoft.com/detail/9nsgm705mqwc?hl=en-US&gl=US,129,in
apps.microsoft.com/detail/xp8lvtc3ltsfn3?hl=en-US&gl=US,483,in
apps.microsoft.com/detail/9p4bzj5919lb?hl=en-US&gl=US,136,in
apps.microsoft.com/detail/9nbdxk71nk08,499,in
apps.microsoft.com/detail/9n1mhd7kl3c4,10,in
apps.microsoft.com/detail/9pnxv71sz79k?hl=en-US&gl=US,104,in
apps.microsoft.com/detail/9nczp3ms96sp,19,in
apps.microsoft.com/detail/9nlvzbz2wz28?hl=en-US&gl=BA,132,in
apps.microsoft.com/detail/9wzdncrdcwk8?hl=en-GB&gl=IN,5,in
apps.microsoft.com/detail/9nrx63209r7b?hl=en-US&gl=US,2,in
apps.microsoft.com/detail/9wzdncrfjbh4?hl=en-US&gl=US,10,in
apps.microsoft.com/detail/9p24lr5nw89q?hl=en-US&gl=US,111,in
apps.microsoft.com/detail/9pmk584kqvc2?hl=en-US&gl=US,56,in
apps.microsoft.com/detail/xpdp273c0xhqh2?hl=en-US&gl=US,89,in
apps.microsoft.com/detail/9n4jh8ngjr9b?hl=en-US&gl=US,139,in
apps.microsoft.com/detail/9pdv259b9hj1?hl=en-US&gl=US,104,in
apps.microsoft.com/detail/9wzdncrfj10m?hl=en-US&gl=US,16,in
apps.microsoft.com/detail/xp99j3kp4xz4vv?hl=en-US&gl=US,335,in
apps.microsoft.com/detail/9wzdncrfj3pv?hl=en-US&gl=US,1,in
apps.microsoft.com/detail/9wzdncrf0083?hl=en-US&gl=US,161,in
apps.microsoft.com/detail/9nblggh1zrpv?hl=en-US&gl=US,382,in
apps.microsoft.com/detail/9nblggh1rrh1?hl=en-US&gl=US,6,in
apps.microsoft.com/detail/9nblggh18846?hl=en-US&gl=US,88,in
apps.microsoft.com/detail/9pp9gzm2gn26,473,in
apps.microsoft.com/detail/9pclghk7dckt?hl=en-US&gl=US,1,in
apps.microsoft.com/detail/9nt1r1c2hh7j?hl=en-US&gl=US,154,in
apps.microsoft.com/detail/xpdp264x2dk8nb?hl=en-US&gl=US,38,in
apps.microsoft.com/detail/9ph7cpnwj88z?hl=en-US&gl=US,242,in
apps.microsoft.com/detail/xpfm0b62tj71kr,216,in
apps.microsoft.com/detail/9pfr867f9mlx?hl=en-US&gl=US,58,in
apps.microsoft.com/detail/9nksqgp7f2nh?hl=it-IT&gl=IT,39,it
apps.microsoft.com/detail/xp8k17rnmm8mtn?hl=it-IT&gl=UA,353,it
apps.microsoft.com/detail/9p5q8rxxnv7x?hl=it-IT&gl=IT,328,it
apps.microsoft.com/detail/9mvfq4lmz6c9?hl=it-IT&gl=IT,164,it
apps.microsoft.com/detail/9p5mvrnlgg2q?hl=it-IT&gl=IT,69,it
apps.microsoft.com/detail/9wzdncrfj2wl?hl=it-IT&gl=IT,372,it
apps.microsoft.com/detail/9pktq5699m62?hl=it-IT&gl=IT,81,it
apps.microsoft.com/detail/9nblggh5l9xt?hl=it-IT&gl=IT,110,it
apps.microsoft.com/detail/9nblggh4z1jc?hl=it-IT&gl=IT,275,it
apps.microsoft.com/detail/9nlvzbz2wz28?hl=it-IT&gl=CH,61,it
apps.microsoft.com/detail/9wzdncrfjbh4?hl=it-IT&gl=IT,27,it
apps.microsoft.com/detail/9nrx63209r7b?hl=it-IT&gl=US,38,it
apps.microsoft.com/detail/9wzdncrfj140?hl=en-US&gl=US,274,it
apps.microsoft.com/detail/9nblggh1zrpv?hl=en-US&gl=US,464,it
apps.microsoft.com/detail/9nrx63209r7b?hl=it-it&gl=US,148,it
apps.microsoft.com/detail/9pc3h3v7q9ch?hl=it-IT&gl=IT,107,it
apps.microsoft.com/detail/xp8lgt18lss4qs?hl=it-IT&gl=IT,15,it
apps.microsoft.com/detail/9nt1r1c2hh7j?hl=it-IT&gl=IT,42,it
apps.microsoft.com/detail/9n4vn1s60632?hl=it-IT&gl=IT,11,it
apps.microsoft.com/detail/9pg65stxfd6x?hl=it-IT&gl=IT,387,it
apps.microsoft.com/detail/9wzdncrfj3pt?hl=it-IT&gl=IT,26,it
apps.microsoft.com/detail/9pd9bhglfc7h?hl=it-IT&gl=IT,10,it
apps.microsoft.com/detail/9ndv131b3b7k?hl=it-IT&gl=IT,11,it
apps.microsoft.com/detail/9n3t96d6qd16,72,it
apps.microsoft.com/detail/9wzdncrfj2wl?hl=en-US&gl=US,235,it
apps.microsoft.com/detail/9wzdncrfj3tt?hl=it-IT&gl=IT,45,it
apps.microsoft.com/detail/9ntm2qc6qws7?hl=it-IT&gl=IT,35,it
apps.microsoft.com/detail/9wzdncrfhwlh?hl=it-IT&gl=IT,239,it
apps.microsoft.com/detail/xpdm17hk323c4x?hl=it-IT&gl=IT,49,it
apps.microsoft.com/detail/9n438mzhd3zf?hl=it-IT&gl=IT,50,it
apps.microsoft.com/detail/9wzdncrfjcjg?hl=it-IT&gl=IT,144,it
apps.microsoft.com/detail/9nblggh4qghw?hl=it-IT&gl=IT,30,it
apps.microsoft.com/detail/9np83lwlpz9k?hl=it-IT&gl=IT,312,it
apps.microsoft.com/detail/9nc2fbthcjv8?hl=it-IT&gl=IT,67,it
apps.microsoft.com/detail/9wzdncrfhvn5?hl=it-IT&gl=IT,61,it
apps.microsoft.com/detail/9pctgdfxvzlj?hl=it-IT&gl=IT,8,it
apps.microsoft.com/detail/9wzdncrfj3pt?hl=en-US&gl=US,230,it
apps.microsoft.com/detail/9pm860492szd,19,it
apps.microsoft.com/detail/9nblggh4pnc7?hl=it-IT&gl=IT,38,it
apps.microsoft.com/detail/xpdp273c0xhqh2?hl=it-IT&gl=IT,998,it
apps.microsoft.com/detail/9wzdncrfj3pv?hl=it-IT&gl=US,952,it
apps.microsoft.com/detail/9nrx63209r7b,949,it
apps.microsoft.com/detail/9pktq5699m62,949,it
apps.microsoft.com/detail/xp9kn75rrb9nhs?hl=it-IT&gl=ID,944,it
apps.microsoft.com/detail/9nk4t08dhq80?hl=it-IT&gl=IT,937,it
apps.microsoft.com/detail/9n95hxkkk3sh?hl=it-IT&gl=IT,918,it
apps.microsoft.com/detail/9pb359dqfjn6?hl=it-IT&gl=CH,917,it
apps.microsoft.com/detail/9nblggh5g47v?hl=it-IT&gl=IT,908,it
apps.microsoft.com/detail/9wzdncrfjcgw?hl=it-IT&gl=IT,905,it
apps.microsoft.com/detail/9n1f85v9t8bn?hl=it-IT&gl=IT,899,it
apps.microsoft.com/detail/9nlvzbz2wz28?hl=it-IT&gl=IT,899,it
apps.microsoft.com/detail/9wzdncrfj3pv?hl=it-IT,891,it
apps.microsoft.com/detail/9nf8h0h7wmlt?hl=it-IT&gl=IT,880,it
apps.microsoft.com/detail/9nbfmm45tjpt?hl=it-IT&gl=IT,874,it
apps.microsoft.com/detail/9n1k9q56hvxr?hl=it-IT&gl=IT,856,it
apps.microsoft.com/detail/9mvvszk43qqw?hl=it-IT&gl=IT,854,it
apps.microsoft.com/detail/xp8k17rnmm8mtn?hl=en-US&gl=US,851,it
apps.microsoft.com/detail/9p6rc76msmmj?hl=it-IT&gl=IT,833,it
apps.microsoft.com/detail/9p6pmztm93lr?hl=it-IT&gl=IT,831,it
apps.microsoft.com/detail/9ndjq0j8ksdz?hl=it-IT&gl=IT,830,it
apps.microsoft.com/detail/xpffh613w8v6lv?hl=it-IT&gl=IT,825,it
apps.microsoft.com/detail/9nwmt7tmtmn0?hl=it-IT&gl=IT,816,it
apps.microsoft.com/detail/9wzdncrfhwd2?hl=it-IT&gl=IT,811,it
apps.microsoft.com/detail/9wzdncrfj4mv?hl=it-IT&gl=IT,798,it
apps.microsoft.com/detail/9mvfq4lmz6c9?hl=en-US&gl=US,798,it
apps.microsoft.com/detail/9nblggh1zrpv?hl=it-it&gl=US,781,it
apps.microsoft.com/detail/9nblggh43vhv?hl=it-IT&gl=IT,778,it
apps.microsoft.com/detail/9pf4kz2vn4w9?hl=it-IT&gl=IT,776,it
apps.microsoft.com/detail/9njp3ph1hxl6?hl=it-IT&gl=IT,764,it
apps.microsoft.com/detail/9nblggh6jnln?hl=it-IT&gl=IT,738,it
apps.microsoft.com/detail/9pm860492szd?hl=it-IT&gl=US,736,it
apps.microsoft.com/detail/9pcfs5b6t72h?hl=it-IT&gl=IT,726,it
apps.microsoft.com/detail/9nblggh18846?hl=it-IT&gl=TC,720,it
apps.microsoft.com/detail/xp8k4rgx25g3gm?hl=it-IT&gl=US,716,it
apps.microsoft.com/detail/9nh4f7j77cpd?hl=it-IT&gl=IT,714,it
apps.microsoft.com/detail/9n1kpx9m78d6?hl=it-IT&gl=IT,711,it
apps.microsoft.com/detail/9p4nbqck1j2j?hl=it-IT&gl=IT,709,it
apps.microsoft.com/detail/9pfhdsf91b9r?hl=en-US&gl=US,704,it
apps.microsoft.com/detail/xpdf9vl4d5xr9w?hl=it-IT&gl=IT,703,it
apps.microsoft.com/detail/9nblggh5l9xt?hl=it-IT&gl=US,700,it
apps.microsoft.com/detail/9wzdncrfj27n?hl=it-IT&gl=IT,696,it
apps.microsoft.com/detail/9n9tzxcpz5kj?hl=it-IT&gl=SM,690,it
apps.microsoft.com/detail/9nsh25lt1f9c?hl=it-IT&gl=IT,688,it
apps.microsoft.com/detail/9wzdncrdn9kt?hl=it-IT&gl=IT,688,it
apps.microsoft.com/detail/9wzdncrfj4p8?hl=it-IT&gl=IT,686,it
apps.microsoft.com/detail/xpdm1zw6815mqm?hl=en-US&gl=US,681,it
apps.microsoft.com/detail/xp8k4rgx25g3gm?hl=en-US&gl=US,680,it
apps.microsoft.com/detail/9p474dffhrq3?hl=it-IT&gl=IT,675,it
apps.microsoft.com/detail/9wzdncrfj140?hl=it-IT&gl=US,670,it
apps.microsoft.com/detail/9pfdf2zd4z4n?hl=it-IT&gl=IT,668,it
apps.microsoft.com/detail/xpdls1xbtxvpp4?hl=it-IT&gl=US,657,it
apps.microsoft.com/detail/9pp3c07gtvrh?hl=it-IT&gl=IT,654,it
apps.microsoft.com/detail/9p7nvtcmf7z6?hl=it-IT&gl=IT,648,it
apps.microsoft.com/detail/xp8k0j757hhrdw?hl=it-IT&gl=GM,644,it
apps.microsoft.com/detail/xp8bsbgqw2dks0?hl=it-IT&gl=IT,635,it
apps.microsoft.com/detail/xp99vr1bpsbqj2?hl=it-IT&gl=IT,630,it
apps.microsoft.com/detail/9nht9rb2f4hd?hl=it-IT&gl=IT,621,it
apps.microsoft.com/detail/9pm860492szd?hl=it-IT&gl=VN,620,it
apps.microsoft.com/detail/9wzdncrdcwk8?hl=it-IT&gl=IT,619,it
apps.microsoft.com/detail/9nzvdkpmr9rd?hl=it-IT&gl=IT,615,it
apps.microsoft.com/detail/9pdv259b9hj1?hl=it-IT&gl=IT,612,it
apps.microsoft.com/detail/9nftnppz33tq?hl=it-IT&gl=FI,597,it
apps.microsoft.com/detail/xpfft31d40mgfq?hl=en-US&gl=US,593,it
apps.microsoft.com/detail/9wzdncrdqfbt?hl=it-IT&gl=IT,588,it
apps.microsoft.com/detail/9nrp2lhsh4mf?hl=it-IT&gl=IT,583,it
apps.microsoft.com/detail/9n0tn65p5bf6?hl=it-IT&gl=IT,561,it
apps.microsoft.com/detail/9pmr8tcvd126?hl=it-IT&gl=IT,559,it
apps.microsoft.com/detail/9nwbjwc6zbv3?hl=it-IT&gl=IT,555,it
apps.microsoft.com/detail/9p5fk8k82g11?hl=it-IT&gl=IT,545,it
apps.microsoft.com/detail/9pm95fzqx3j5?hl=it-IT&gl=IT,544,it
apps.microsoft.com/detail/9nblggh69k6k?hl=it-IT&gl=SM,542,it
apps.microsoft.com/detail/9n0dx20hk701?hl=it-IT&gl=IT,540,it
apps.microsoft.com/detail/9nkmkxnqv2m8?hl=it-IT&gl=US,539,it
apps.microsoft.com/detail/9wzdncrdrdd6?hl=it-IT&gl=IT,528,it
apps.microsoft.com/detail/9nq3x56fnpwv?hl=it-IT&gl=IT,524,it
apps.microsoft.com/detail/9n490gv4j2xl?hl=it-IT&gl=IT,519,it
apps.microsoft.com/detail/9ns7shnhm33d?hl=it-IT&gl=IT,517,it
apps.microsoft.com/detail/9pfgj25jl6x3?hl=it-IT&gl=IT,513,it
apps.microsoft.com/detail/9pktq5699m62?hl=en-US&gl=US,512,it
apps.microsoft.com/detail/9mz95kl8mr0l?hl=it-IT&gl=IT,510,it
apps.microsoft.com/detail/9n318r854rhh?hl=it-IT&gl=IT,504,it
apps.microsoft.com/detail/xpfnzksklbp7rj?hl=it-IT&gl=US,502,it
apps.microsoft.com/detail/9p4tcns9h432?hl=it-IT&gl=IT,495,it
apps.microsoft.com/detail/9nnglrqw9qf1?hl=it-IT&gl=US,495,it
apps.microsoft.com/detail/9mzrvf2gk53z?hl=it-IT&gl=IT,488,it
apps.microsoft.com/detail/9mt88jd7k1mc?hl=it-IT&gl=US,486,it
apps.microsoft.com/detail/9nblggh6gcw1?hl=it-IT&gl=IT,482,it
apps.microsoft.com/detail/9mvfq4lmz6c9?hl=it-IT,482,it
apps.microsoft.com/detail/xp8k17rnmm8mtn?hl=it-it&gl=US,479,it
apps.microsoft.com/detail/9nblggh2nt88?hl=it-IT&gl=IT,479,it
apps.microsoft.com/detail/9ppr79vx0gdl?hl=it-IT&gl=IT,478,it
apps.microsoft.com/detail/9nms233vm4z9?hl=it-IT&gl=IT,476,it
apps.microsoft.com/detail/9n3t96d6qd16?hl=it-IT&gl=IT,476,it
apps.microsoft.com/detail/9n6gdf5b7q8z?hl=it-IT&gl=CH,474,it
apps.microsoft.com/detail/9p43p8lhsxrs?hl=it-IT&gl=IT,472,it
apps.microsoft.com/detail/9nblggh6j02v?hl=it-IT&gl=SM,470,it
apps.microsoft.com/detail/9p7bfxjtbtzz?hl=it-IT&gl=IT,468,it
apps.microsoft.com/detail/9wzdncrfjbbg?hl=it-IT&gl=IT,461,it
apps.microsoft.com/detail/9pm860492szd?hl=it-it&gl=US,460,it
apps.microsoft.com/detail/9nchjkfmrdlf?hl=it-IT&gl=IT,457,it
apps.microsoft.com/detail/9wzdncrdj7wk?hl=it-IT&gl=IT,453,it
apps.microsoft.com/detail/9nv4bs3l1h4s?hl=it-IT&gl=IT,448,it
apps.microsoft.com/detail/xp8k4rgx25g3gm?hl=it-IT&gl=IT,444,it
apps.microsoft.com/detail/9p41lgtq6b0k?hl=it-IT&gl=IT,442,it
apps.microsoft.com/detail/9nzjndtlvkr1?hl=it-it&gl=IT,441,it
apps.microsoft.com/detail/9nsf023x0mqs?hl=it-IT&gl=IT,434,it
apps.microsoft.com/detail/xp89dcgq3k6vld?hl=it-IT,431,it
apps.microsoft.com/detail/9nksqgp7f2nh?hl=it-IT&gl=GA,417,it
apps.microsoft.com/detail/xp8k17rnmm8mtn?hl=it-IT&gl=IT,415,it
apps.microsoft.com/detail/9wzdncrdm6mx?hl=it-IT&gl=IT,412,it
apps.microsoft.com/detail/9nsh25lt1f9c?hl=en-US&gl=US,411,it
apps.microsoft.com/detail/xpffgss4z9m2tx?hl=en-US&gl=US,411,it
apps.microsoft.com/detail/9wzdncrf0083?hl=it-IT&gl=IT,408,it
apps.microsoft.com/detail/xp8k17rnmm8mtn?hl=it-IT&gl=AW,404,it
apps.microsoft.com/detail/9pfhdd62mxs1?hl=it-IT&gl=IT,400,it
apps.microsoft.com/detail/9ns0w743f7sh?hl=it-IT&gl=IT,396,it
apps.microsoft.com/detail/9wzdncrfj3pv?hl=it-IT&gl=IT,394,it
apps.microsoft.com/detail/xp9kn75rrb9nhs?hl=it-IT&gl=IT,394,it
apps.microsoft.com/detail/9n9tzxcpz5kj?hl=it-IT&gl=IT,394,it
apps.microsoft.com/detail/9nksqgp7f2nh?hl=en-US&gl=US,708,ca
apps.microsoft.com/detail/9wzdncrfj140?hl=en-US&gl=US,221,ca
apps.microsoft.com/detail/9pb359dqfjn6?hl=en-US&gl=US,994,ca
apps.microsoft.com/detail/9pktq5699m62?hl=en-US&gl=US,491,ca
apps.microsoft.com/detail/9nblggh5g47v,802,ca
apps.microsoft.com/detail/9wzdncrfj2wl?hl=en-US&gl=US,620,ca
apps.microsoft.com/detail/9mvfq4lmz6c9?hl=en-US&gl=US,301,ca
apps.microsoft.com/detail/9wzdncrfj3pt?hl=en-US&gl=US,26,ca
apps.microsoft.com/detail/9nblggh18846?hl=en-US&gl=US,918,ca
apps.microsoft.com/detail/9n4vn1s60632?hl=en-US&gl=US,777,ca
apps.microsoft.com/detail/9ntm2qc6qws7?hl=en-US&gl=US,141,ca
apps.microsoft.com/detail/9pfhdd62mxs1?hl=en-US&gl=US,686,ca
apps.microsoft.com/detail/xpdm1zw6815mqm?hl=en-US&gl=US,209,ca
apps.microsoft.com/detail/9pd9bhglfc7h,342,ca
apps.microsoft.com/detail/xpfm2k6gpv72cr?hl=en-US&gl=US,4,ca
apps.microsoft.com/detail/9wzdncrfhwd2?hl=en-US&gl=US,238,ca
apps.microsoft.com/detail/9np83lwlpz9k,72,ca
apps.microsoft.com/detail/9p698gm5gr3w?hl=en-US&gl=US,699,ca
apps.microsoft.com/detail/9nrx63209r7b?hl=en-US&gl=US,83,ca
apps.microsoft.com/detail/9wzdncrfjbh4?hl=en-US&gl=US,104,ca
apps.microsoft.com/detail/9wzdncrfj3tj?hl=en-US&gl=US,345,ca
apps.microsoft.com/detail/9wzdncrfj3p2?hl=en-US&gl=US,17,ca
apps.microsoft.com/detail/9wzdncrfj26j?hl=en-US&gl=US,33,ca
apps.microsoft.com/detail/9msmlrh6lzf3?hl=en-US&gl=US,106,ca
apps.microsoft.com/detail/9nblggh5l9xt?hl=en-US&gl=US,171,ca
apps.microsoft.com/detail/9n1k9q56hvxr?hl=en-US&gl=US,239,ca
apps.microsoft.com/detail/9nzfk4dcxmz4?hl=en-US&gl=US,309,ca
apps.microsoft.com/detail/9nlvzbz2wz28,779,ca
apps.microsoft.com/detail/9pb2mz1zmb1s?hl=en-US&gl=US,107,ca
apps.microsoft.com/detail/xp8jnqfbqh6pvf,167,ca
apps.microsoft.com/detail/xp99vr1bpsbqj2,162,ca
apps.microsoft.com/detail/9pn9b16njk3j?hl=en-US&gl=US,217,ca
apps.microsoft.com/detail/9nm4t8b9jqz1?hl=en-US&gl=US,358,ca
apps.microsoft.com/detail/9wzdncrfjbh4,547,ca
apps.microsoft.com/detail/9nrx63209r7b,348,ca
apps.microsoft.com/detail/9nsd9lw1grk2,28,ca
apps.microsoft.com/detail/9n9rsv4f7zr0?hl=en-US&gl=US,147,ca
apps.microsoft.com/detail/xpdp273c0xhqh2?hl=en-US&gl=US,12,ca
apps.microsoft.com/detail/xpdm5vsmtkqlbj?hl=en-US&gl=US,49,ca
apps.microsoft.com/detail/9nm5764dbppg?hl=en-US&gl=US,632,ca
apps.microsoft.com/detail/9pn4zfb0d57q?hl=en-US&gl=US,45,ca
apps.microsoft.com/detail/xpfd4t9n395qn6?hl=en-US&gl=US,9,ca
apps.microsoft.com/detail/9nf8h0h7wmlt?hl=en-US&gl=US,14,ca
apps.microsoft.com/detail/xpdlmkftxtdhsd?hl=en-US&gl=US,11,ca
apps.microsoft.com/detail/9nblggh5l9xt,194,ca
apps.microsoft.com/detail/9mz95kl8mr0l,192,ca
apps.microsoft.com/detail/9pkl3h9lwmb7?hl=en-US&gl=US,307,ca
apps.microsoft.com/detail/9pm860492szd,90,ca
apps.microsoft.com/detail/9nblggh4qghw?hl=en-US&gl=US,33,ca
apps.microsoft.com/detail/9wzdncrfj3tt?hl=en-US&gl=US,124,ca
apps.microsoft.com/detail/9pcfs5b6t72h?hl=en-US&gl=US,105,ca
apps.microsoft.com/detail/9n1sv6841f0b?hl=en-US&gl=US,7,ca
apps.microsoft.com/detail/9nht9rb2f4hd?hl=en-US&gl=US,224,ca
apps.microsoft.com/detail/9p29bk2kdrn8?hl=en-US&gl=US,207,ca
apps.microsoft.com/detail/9mt1tmwc3rc5?hl=en-US&gl=US,459,ca
apps.microsoft.com/detail/9wzdncrfhwlh?hl=en-US&gl=US,82,ca
apps.microsoft.com/detail/9p9lv240kq9r?hl=en-US&gl=US,340,ca
apps.microsoft.com/detail/9wzdncrfj3pv?hl=en-US&gl=US,12,ca
apps.microsoft.com/detail/9pfdf2zd4z4n?hl=en-US&gl=US,145,ca
apps.microsoft.com/detail/9p0xnf0jhwbv?hl=en-US&gl=US,313,ca
apps.microsoft.com/detail/xp8k17rnmm8mtn?hl=en-US&gl=US,8,ca
apps.microsoft.com/detail/9nz370xbfqmg?hl=en-US&gl=US,15,ca
apps.microsoft.com/detail/9p6pmztm93lr?hl=en-US&gl=US,5,ca
apps.microsoft.com/detail/9nsf023x0mqs?hl=en-US&gl=US,422,ca
apps.microsoft.com/detail/9wzdncrfhvn5?hl=en-US&gl=US,499,ca
apps.microsoft.com/detail/xp8bsbgqw2dks0,161,ca
apps.microsoft.com/detail/9nsntzljhtx4?hl=en-US&gl=US,486,ca
apps.microsoft.com/detail/9pmk584kqvc2?hl=en-US&gl=US,646,ca
apps.microsoft.com/detail/xp9mk65xpmxwzg?hl=en-US&gl=US,167,ca
apps.microsoft.com/detail/xp8jn299z9j1m3?hl=en-US&gl=KE,87,ca
apps.microsoft.com/detail/xpfnzksklbp7rj,91,ca
apps.microsoft.com/detail/9n0dx20hk701,24,ca
apps.microsoft.com/detail/9wzdncrfhwkn?hl=en-US&gl=US,517,ca
apps.microsoft.com/detail/9pm6w4f0xw3h?hl=en-US&gl=US,505,ca
apps.microsoft.com/detail/xpffgss4z9m2tx?hl=en-US&gl=US,504,ca
apps.microsoft.com/detail/9nt1r1c2hh7j?hl=en-US&gl=US,501,ca
apps.microsoft.com/detail/xpffzhvgqwwlhb?hl=en-US&gl=US,495,ca
apps.microsoft.com/detail/9pp3c07gtvrh?hl=en-US&gl=US,485,ca
apps.microsoft.com/detail/9nh2gph4jzs4?hl=en-US&gl=US,485,ca
apps.microsoft.com/detail/9pf4kz2vn4w9,482,ca
apps.microsoft.com/detail/9wzdncrfhwlh,481,ca
apps.microsoft.com/detail/9pf4kz2vn4w9?hl=en-US&gl=US,477,ca
apps.microsoft.com/detail/9n1f85v9t8bn?hl=en-US&gl=US,471,ca
apps.microsoft.com/detail/9p7bp5vnwkx5?hl=en-US&gl=US,465,ca
apps.microsoft.com/detail/xp99j3kp4xz4vv?hl=en-US&gl=US,457,ca
apps.microsoft.com/detail/9nzvdkpmr9rd,456,ca
apps.microsoft.com/detail/9p59cckx7c5x?hl=en-GB&gl=CA,445,ca
apps.microsoft.com/detail/9nfc3x6w0wpz?hl=en-US&gl=US,443,ca
apps.microsoft.com/detail/9p87m9tknkvl?hl=en-US&gl=US,442,ca
apps.microsoft.com/detail/xpdc2rh70k22mn,440,ca
apps.microsoft.com/detail/9wzdncrfjctk,438,ca
apps.microsoft.com/detail/xp8k4rgx25g3gm?hl=en-US&gl=US,431,ca
apps.microsoft.com/detail/xp9kn75rrb9nhs?hl=en-US&gl=US,429,ca
apps.microsoft.com/detail/9p38d19t7lrv?hl=en-US&gl=US,426,ca
apps.microsoft.com/detail/9pctgdfxvzlj?hl=en-US&gl=US,421,ca
apps.microsoft.com/detail/xpdm1zw6815mqm,418,ca
apps.microsoft.com/detail/9pc3h3v7q9ch?hl=en-US&gl=US,411,ca
apps.microsoft.com/detail/9p6rc76msmmj?hl=en-US&gl=US,410,ca
apps.microsoft.com/detail/9n1x3z50blm8,406,ca
apps.microsoft.com/detail/9pd88qb3bgkn?hl=en-US&gl=US,398,ca
apps.microsoft.com/detail/9pjvm4fxd2ts?hl=en-US&gl=US,395,ca
apps.microsoft.com/detail/9wzdncrfj2sm?hl=en-US&gl=US,391,ca
apps.microsoft.com/detail/xpdc2rh70k22mn?hl=en-US&gl=US,389,ca
apps.microsoft.com/detail/9wzdncrfj3pz,387,ca
apps.microsoft.com/detail/9nblggh33n0n?hl=en-US&gl=US,382,ca
apps.microsoft.com/detail/9wzdncrfj3pz?hl=en-US&gl=US,378,ca
apps.microsoft.com/detail/xpdm17hk323c4x?hl=en-US&gl=US,373,ca
apps.microsoft.com/detail/9p4tcns9h432?hl=en-US&gl=US,370,ca
apps.microsoft.com/detail/9nblggh67bn1?hl=en-US&gl=US,368,ca
apps.microsoft.com/detail/xpddxx9qw8n9d7?hl=en-US&gl=US,363,ca
apps.microsoft.com/detail/9nw3sptz4z9t?hl=en-US&gl=US,361,ca
apps.microsoft.com/detail/xpdp2qw12dfsfk?hl=en-US&gl=US,361,ca
apps.microsoft.com/detail/9wzdncrfhx4z?hl=en-US&gl=US,358,ca
apps.microsoft.com/detail/9pgqg5gz8qt5?hl=en-US&gl=US,356,ca
apps.microsoft.com/detail/9pdv259b9hj1?hl=en-US&gl=US,354,ca
apps.microsoft.com/detail/9wzdncrfjbbg,351,ca
apps.microsoft.com/detail/9wzdncrdqfbt?hl=en-US&gl=US,347,ca
apps.microsoft.com/detail/9nzvdkpmr9rd?hl=en-US&gl=US,341,ca
apps.microsoft.com/detail/xpff8q4zp7q321?hl=en-US&gl=US,339,ca
apps.microsoft.com/detail/9nblggh42ths?hl=en-US&gl=US,337,ca
apps.microsoft.com/detail/xpdbvss44r0l9h?hl=en-US&gl=US,332,ca
apps.microsoft.com/detail/9pk70gn65swq?hl=en-US&gl=US,330,ca
apps.microsoft.com/detail/9ns3rbq5hv5f?hl=en-US&gl=US,330,ca
apps.microsoft.com/detail/9wzdncrfjbb1?hl=en-US&gl=US,329,ca
apps.microsoft.com/detail/9n8fwm1c28tb?hl=en-US&gl=US,324,ca
apps.microsoft.com/detail/9pjf3351zzgv,323,ca
apps.microsoft.com/detail/9p15s8pwmq8c?hl=en-US&gl=US,323,ca
apps.microsoft.com/detail/xp99vr1bpsbqj2?hl=en-US&gl=US,322,ca
apps.microsoft.com/detail/9pczl8zkv9nx,321,ca
apps.microsoft.com/detail/9pgzkjc81q7j?hl=en-US&gl=US,312,ca
apps.microsoft.com/detail/9p94lh3q1cp5?hl=en-US&gl=US,309,ca
apps.microsoft.com/detail/9nblggh5j8tx?hl=en-US&gl=US,306,ca
apps.microsoft.com/detail/9nk4t08dhq80?hl=en-US&gl=US,302,ca
apps.microsoft.com/detail/9wzdncrfjcjg,302,ca
apps.microsoft.com/detail/9n621dm2lvhq,301,ca
apps.microsoft.com/detail/9wzdncrdk3wp,301,ca
apps.microsoft.com/detail/9nblggh4vb0d?hl=zh-tw&gl=CN,299,ca
apps.microsoft.com/detail/9wzdncrdr0sf?hl=en-US&gl=US,293,ca
apps.microsoft.com/detail/xpfft31d40mgfq?hl=en-US&gl=US,293,ca
apps.microsoft.com/detail/9nrnmhmhm4wc?hl=en-US&gl=US,291,ca
apps.microsoft.com/detail/9wzdncrfjcjg?hl=en-US&gl=US,290,ca
apps.microsoft.com/detail/9nblggh4x14g?hl=en-US&gl=US,286,ca
apps.microsoft.com/detail/xp8k17rnmm8mtn,284,ca
apps.microsoft.com/detail/9p90zh32k649?hl=en-US&gl=US,282,ca
apps.microsoft.com/detail/9nx2vqg25jxj?hl=en-US&gl=US,281,ca
apps.microsoft.com/detail/xpfnzksklbp7rj?hl=en-US&gl=US,279,ca
apps.microsoft.com/detail/9n4jh8ngjr9b?hl=en-US&gl=US,278,ca
apps.microsoft.com/detail/9nblggh08dwp?hl=en-US&gl=US,276,ca
apps.microsoft.com/detail/9nblggh68ln4?hl=en-US&gl=US,275,ca
apps.microsoft.com/detail/9pmf91n3lz3m?hl=en-US&gl=US,275,ca
apps.microsoft.com/detail/xp88x2kjk5cl7c?hl=zh-CN&gl=CN,275,ca
apps.microsoft.com/detail/9ndjq0j8ksdz?hl=en-US&gl=US,274,ca
apps.microsoft.com/detail/9np355qt2sqb?hl=en-US&gl=US,266,ca
apps.microsoft.com/detail/9pm860492szd?hl=en-US&gl=US,263,ca
apps.microsoft.com/detail/9n1f85v9t8bn,262,ca
apps.microsoft.com/detail/9nblggh43vhv?hl=en-US&gl=US,261,ca
apps.microsoft.com/detail/xpdm4zr5kj9jn9?hl=en-US&gl=US,261,ca
apps.microsoft.com/detail/xpfcwp0sqwxm3v?hl=en-US&gl=US,260,ca
apps.microsoft.com/detail/xp8lvtc3ltsfn3?hl=en-US&gl=US,259,ca
apps.microsoft.com/detail/9nm9sn6hhzw3?hl=en-US&gl=US,258,ca
apps.microsoft.com/detail/9p8ltpgcbzxd?hl=en-US&gl=US,257,ca
apps.microsoft.com/detail/9n9gq6lxsmhp?hl=en-US&gl=US,257,ca
apps.microsoft.com/detail/9p08t4jltqnk,256,ca
apps.microsoft.com/detail/9np83lwlpz9k?hl=en-US&gl=US,255,ca
apps.microsoft.com/detail/9pfhdsf91b9r,253,ca
apps.microsoft.com/detail/xp89j5462cmgjd?hl=en-US&gl=US,253,ca
apps.microsoft.com/detail/9n4jbjnfzc1l,248,ca
apps.microsoft.com/detail/xp9m26rsclnt88?hl=en-US&gl=US,246,ca
apps.microsoft.com/detail/9nblggh4pnc7?hl=en-US&gl=US,245,ca
apps.microsoft.com/detail/9pj8266bhfwn?hl=en-US&gl=US,243,ca
apps.microsoft.com/detail/9pfgj25jl6x3?hl=en-US&gl=US,242,ca
apps.microsoft.com/detail/9n0866fs04w8?hl=en-US&gl=US,241,ca
apps.microsoft.com/detail/9nrjv5d2qs7m?hl=nl-NL&gl=NL,6,nl
apps.microsoft.com/detail/9wzdncrfj3pt?hl=nl-NL&gl=NL,227,nl
apps.microsoft.com/detail/9mvfq4lmz6c9?hl=nl-NL&gl=NL,63,nl
apps.microsoft.com/detail/9pfqkmv91sdc?hl=nl-NL&gl=NL,115,nl
apps.microsoft.com/detail/9wzdncrfjcjg?hl=nl-NL&gl=NL,150,nl
apps.microsoft.com/detail/9nq3nvhpv7ms?hl=nl-NL&gl=NL,91,nl
apps.microsoft.com/detail/9nblggh1zrpv?hl=en-US&gl=US,369,nl
apps.microsoft.com/detail/9nm5764dbppg?hl=nl-NL&gl=NL,22,nl
apps.microsoft.com/detail/9pb2mz1zmb1s?hl=nl-NL&gl=NL,53,nl
apps.microsoft.com/detail/9n621dm2lvhq?hl=nl-NL&gl=NL,161,nl
apps.microsoft.com/detail/9n1f85v9t8bn?hl=nl-NL&gl=NL,130,nl
apps.microsoft.com/detail/9pktq5699m62?hl=nl-NL&gl=NL,821,nl
apps.microsoft.com/detail/9n4vn1s60632?hl=nl-NL&gl=NL,157,nl
apps.microsoft.com/detail/9wzdncrfj2wl?hl=en-US&gl=US,58,nl
apps.microsoft.com/detail/9ns3rbq5hv5f?hl=en-US&gl=US,81,nl
apps.microsoft.com/detail/9nblggh18846?hl=en-US&gl=US,133,nl
apps.microsoft.com/detail/9p5q8rxxnv7x?hl=nl-NL&gl=NL,479,nl
apps.microsoft.com/detail/9nztwsqntd0s?hl=nl-NL&gl=NL,15,nl
apps.microsoft.com/detail/9nblggh5l9xt?hl=nl-NL&gl=NL,309,nl
apps.microsoft.com/detail/9wzdncrfj3pv?hl=nl-NL&gl=NL,307,nl
apps.microsoft.com/detail/9nblggh6j02v?hl=nl-NL&gl=NL,137,nl
apps.microsoft.com/detail/9p8cp1l72jxs?hl=nl-NL&gl=IT,140,nl
apps.microsoft.com/detail/9wzdncrfj140?hl=en-US&gl=US,99,nl
apps.microsoft.com/detail/9nzjndtlvkr1?hl=nl-NL&gl=NL,137,nl
apps.microsoft.com/detail/9nrx63209r7b?gl=US&hl=nl-NL,333,nl
apps.microsoft.com/detail/9wzdncrfj3pt?hl=en-US&gl=US,436,nl
apps.microsoft.com/detail/9p90zh32k649?hl=nl-NL&gl=NL,46,nl
apps.microsoft.com/detail/9wzdncrfj3tt?hl=nl-NL&gl=LU,47,nl
apps.microsoft.com/detail/9nblggh5l9xt?hl=en-GB&gl=IN,43,nl
apps.microsoft.com/detail/9n84r60t0wmc?hl=nl-NL&gl=NL,282,nl
apps.microsoft.com/detail/9wzdncrfj2wl?hl=nl-NL&gl=NL,126,nl
apps.microsoft.com/detail/9nrx63209r7b?hl=nl-nl&gl=US,18,nl
apps.microsoft.com/detail/9nwgfnb0lkgj?hl=nl-NL&gl=NL,107,nl
apps.microsoft.com/detail/9n0n2whjksgt?hl=nl-NL&gl=NL,10,nl
apps.microsoft.com/detail/9pm1zsq1g246?hl=nl-NL&gl=NL,79,nl
apps.microsoft.com/detail/9nzfk4dcxmz4?hl=nl-NL&gl=NL,49,nl
apps.microsoft.com/detail/9nksqgp7f2nh?hl=nl-NL&gl=NL,61,nl
apps.microsoft.com/detail/9pn9b16njk3j?hl=nl-NL&gl=NL,23,nl
apps.microsoft.com/detail/9n74nhxch1n6?hl=nl-NL&gl=NL,77,nl
apps.microsoft.com/detail/9nf8h0h7wmlt?hl=nl-NL&gl=NL,70,nl
apps.microsoft.com/detail/9nt1r1c2hh7j?hl=nl-NL&gl=NL,228,nl
apps.microsoft.com/detail/9mz95kl8mr0l,9,nl
apps.microsoft.com/detail/9np83lwlpz9k?hl=nl-NL&gl=NL,127,nl
apps.microsoft.com/detail/9ntm2qc6qws7?hl=en-US&gl=US,145,nl
apps.microsoft.com/detail/9p87m9tknkvl?hl=nl-NL&gl=NL,621,nl
apps.microsoft.com/detail/9pm6w4f0xw3h?hl=nl-NL&gl=NL,142,nl
apps.microsoft.com/detail/9nz370xbfqmg?hl=nl-NL&gl=NL,59,nl
apps.microsoft.com/detail/9n0dx20hk701?hl=nl-NL&gl=NL,31,nl
apps.microsoft.com/detail/9nblggh4z1jc?hl=nl-NL&gl=NL,7,nl
apps.microsoft.com/detail/9nblggh33n0n?hl=nl-NL&gl=NL,37,nl
apps.microsoft.com/detail/xpdm1zw6815mqm?hl=en-US&gl=US,71,nl
apps.microsoft.com/detail/9nwmt7tmtmn0?hl=nl-NL&gl=NL,58,nl
apps.microsoft.com/detail/9n31f3dwn4v2?hl=nl-NL&gl=NL,67,nl
apps.microsoft.com/detail/9pd88qb3bgkn?hl=nl-NL&gl=NL,38,nl
apps.microsoft.com/detail/9nbfmm45tjpt?hl=en-US&gl=US,38,nl
apps.microsoft.com/detail/9wzdncrfhwlh?hl=nl-NL&gl=NL,283,nl
apps.microsoft.com/detail/9nm9sn6hhzw3?hl=nl-NL&gl=NL,44,nl
apps.microsoft.com/detail/9p8dfb9fbtw4?hl=nl-NL&gl=NL,65,nl
apps.microsoft.com/detail/9p74lc7pj20g?hl=nl-NL&gl=NL,581,nl
apps.microsoft.com/detail/xp8jn299z9j1m3?hl=en-US&gl=KE,68,nl
apps.microsoft.com/detail/9p0xnf0jhwbv?hl=nl-NL&gl=NL,36,nl
apps.microsoft.com/detail/9ntm2qc6qws7?hl=nl-NL&gl=NL,66,nl
apps.microsoft.com/detail/9nzvdkpmr9rd?hl=nl-NL&gl=NL,1,nl
apps.microsoft.com/detail/9pndlw19mw8h?hl=nl-NL&gl=NL,34,nl
apps.microsoft.com/detail/9msnk97xpvrk?hl=nl-NL&gl=NL,24,nl
apps.microsoft.com/detail/9nblggh4qghw?hl=nl-NL&gl=NL,4,nl
apps.microsoft.com/detail/9pg65stxfd6x?hl=nl-NL&gl=NL,17,nl
apps.microsoft.com/detail/9nhzt58qlr7g?hl=nl-NL&gl=NL,58,nl
apps.microsoft.com/detail/9ppr79vx0gdl?hl=nl-NL&gl=NL,14,nl
apps.microsoft.com/detail/9wzdncrfj3tj?hl=nl-NL&gl=NL,27,nl
apps.microsoft.com/detail/9mvfq4lmz6c9?hl=en-US&gl=US,153,nl
apps.microsoft.com/detail/9ngv3rrb3zk2?hl=nl-NL&gl=NL,96,nl
apps.microsoft.com/detail/9wzdncrdh6mc?hl=nl-NL&gl=NL,51,nl
apps.microsoft.com/detail/9nkv1f5bsvzj?hl=nl-NL&gl=NL,22,nl
apps.microsoft.com/detail/9p4tcns9h432?hl=nl-NL&gl=NL,538,nl
apps.microsoft.com/detail/9p7nvtcmf7z6?hl=nl-NL&gl=NL,536,nl
apps.microsoft.com/detail/9pjqmzhp6303?hl=nl-NL&gl=NL,535,nl
apps.microsoft.com/detail/9nsp5n3b7q32?hl=nl-NL&gl=NL,526,nl
apps.microsoft.com/detail/9pktq5699m62?hl=en-US&gl=US,525,nl
apps.microsoft.com/detail/9p53s4t9znj5?hl=nl-NL&gl=NL,525,nl
apps.microsoft.com/detail/9nblggh4vvnh?hl=nl-NL&gl=CH,522,nl
apps.microsoft.com/detail/9nksqgp7f2nh?hl=en-US&gl=US,519,nl
apps.microsoft.com/detail/9nblggh5xhtn?hl=nl-NL&gl=NL,519,nl
apps.microsoft.com/detail/9p6t37wh4tr0?hl=nl-NL&gl=NL,505,nl
apps.microsoft.com/detail/9nblggh4pnc7?hl=nl-NL&gl=NL,501,nl
apps.microsoft.com/detail/9nt0qc8nbh40?hl=nl-NL&gl=NL,498,nl
apps.microsoft.com/detail/9wzdncrdhktr?hl=nl-NL&gl=NL,497,nl
apps.microsoft.com/detail/xp9mk65xpmxwzg?hl=en-US&gl=US,494,nl
apps.microsoft.com/detail/9nsh25lt1f9c?hl=nl-NL&gl=NL,494,nl
apps.microsoft.com/detail/9nblggh201p7?hl=nl-NL&gl=NL,492,nl
apps.microsoft.com/detail/xp89j5462cmgjd?hl=nl-NL&gl=NL,485,nl
apps.microsoft.com/detail/9wzdncrfj27n?hl=nl-NL&gl=NL,483,nl
apps.microsoft.com/detail/9nfc3x6w0wpz?hl=nl-NL&gl=NL,482,nl
apps.microsoft.com/detail/9nvc5p0bphgr?hl=nl-NL&gl=NL,482,nl
apps.microsoft.com/detail/9wzdncrfjbbg?hl=nl-NL&gl=NL,481,nl
apps.microsoft.com/detail/9nh4f7j77cpd?hl=nl-NL&gl=NL,478,nl
apps.microsoft.com/detail/speccy/xpfft31d40mgfq?hl=nl-NL&gl=GR,475,nl
apps.microsoft.com/detail/9nblgggz5728?hl=nl-NL&gl=NL,472,nl
apps.microsoft.com/detail/9nr56jpfm2w2?hl=nl-NL&gl=NL,469,nl
apps.microsoft.com/detail/9nblggh678gw?hl=nl-NL&gl=NL,469,nl
apps.microsoft.com/detail/9wzdncrdn9kt?hl=nl-NL&gl=NL,466,nl
apps.microsoft.com/detail/xp8bsbgqw2dks0,461,nl
apps.microsoft.com/detail/9n1k9q56hvxr?hl=en-US&gl=US,459,nl
apps.microsoft.com/detail/9nrp2lhsh4mf?hl=nl-NL&gl=NL,444,nl
apps.microsoft.com/detail/9n4thxhl44t9?hl=nl-NL&gl=NL,435,nl
apps.microsoft.com/detail/9nq4ql59xlbf?hl=nl-NL&gl=NL,428,nl
apps.microsoft.com/detail/9p963tt56247?hl=nl-NL&gl=NL,427,nl
apps.microsoft.com/detail/9n1k9q56hvxr?hl=nl-NL&gl=NL,425,nl
apps.microsoft.com/detail/xpffdcd2ps6dgh?hl=nl-NL&gl=NL,425,nl
apps.microsoft.com/detail/9wzdncrfj3tj?hl=en-US&gl=US,420,nl
apps.microsoft.com/detail/9pds6qx03zk8?hl=nl-NL&gl=NL,404,nl
apps.microsoft.com/detail/9p5ktxv979w2?hl=nl-NL&gl=NL,402,nl
apps.microsoft.com/detail/9mt1tmwc3rc5?hl=nl-NL&gl=NL,402,nl
apps.microsoft.com/detail/9p59cckx7c5x?hl=nl-NL&gl=NL,400,nl
apps.microsoft.com/detail/9wzdncrfhwd2?hl=nl-NL&gl=NL,399,nl
apps.microsoft.com/detail/9pjvm4fxd2ts?hl=nl-NL&gl=NL,396,nl
apps.microsoft.com/detail/9n1kpx9m78d6?hl=nl-NL&gl=NL,391,nl
apps.microsoft.com/detail/9pgz7fjh9w6g?hl=nl-NL&gl=NL,390,nl
apps.microsoft.com/detail/9n8fwm1c28tb?hl=nl-NL&gl=NL,383,nl
apps.microsoft.com/detail/9nblggh43vhv?hl=nl-NL&gl=NL,381,nl
apps.microsoft.com/detail/9pdmc40z0xzx?hl=nl-NL&gl=NL,379,nl
apps.microsoft.com/detail/xpdlmkftxtdhsd?hl=en-US&gl=US,378,nl
apps.microsoft.com/detail/9pf4kz2vn4w9?hl=nl-NL&gl=NL,378,nl
apps.microsoft.com/detail/9p48vm8vd0jz?hl=nl-NL&gl=NL,377,nl
apps.microsoft.com/detail/9wzdncrfj3pz,376,nl
apps.microsoft.com/detail/xpff8q4zp7q321?hl=en-US&gl=US,373,nl
apps.microsoft.com/detail/9n490gv4j2xl?hl=nl-NL&gl=NL,373,nl
apps.microsoft.com/detail/9nblggh5l9xt?hl=en-US&gl=US,372,nl
apps.microsoft.com/detail/9njjkw6cj4wt?hl=nl-NL&gl=NL,368,nl
apps.microsoft.com/detail/9wzdncrfj3pv?hl=nl-NL,366,nl
apps.microsoft.com/detail/xpffgss4z9m2tx?hl=en-US&gl=US,366,nl
apps.microsoft.com/detail/9n5jjzw4qzbr?hl=nl-NL&gl=NL,365,nl
apps.microsoft.com/detail/9nsntzljhtx4?hl=nl-NL&gl=NL,364,nl
apps.microsoft.com/detail/9pp3c07gtvrh?hl=nl-NL&gl=NL,364,nl
apps.microsoft.com/detail/9pc92wr8n8pp?hl=nl-NL&gl=NL,362,nl
apps.microsoft.com/detail/9p15s8pwmq8c?hl=nl-NL&gl=NL,360,nl
apps.microsoft.com/detail/9msmlrh6lzf3?hl=nl-NL&gl=NL,357,nl
apps.microsoft.com/detail/9p53xv3jwkbj?hl=nl-NL&gl=NL,356,nl
apps.microsoft.com/detail/9nblggh4r2r6?hl=nl-NL&gl=NL,355,nl
apps.microsoft.com/detail/xpfft31d40mgfq?hl=nl-NL&gl=SG,352,nl
apps.microsoft.com/detail/9pndjcvv5x5w?hl=nl-NL&gl=NL,350,nl
apps.microsoft.com/detail/9nm5764dbppg?hl=en-US&gl=US,346,nl
apps.microsoft.com/detail/9n9rsv4f7zr0?hl=en-US&gl=US,344,nl
apps.microsoft.com/detail/9nf8h0h7wmlt?hl=en-US&gl=US,340,nl
apps.microsoft.com/detail/9wzdncrf0083?hl=nl-NL&gl=NL,336,nl
apps.microsoft.com/detail/9nrx63209r7b?hl=en-US&gl=US,335,nl
apps.microsoft.com/detail/9pc3h3v7q9ch?hl=nl-NL&gl=NL,334,nl
apps.microsoft.com/detail/9np64t9094lb?hl=nl-NL&gl=NL,331,nl
apps.microsoft.com/detail/9mt9t93g2cnt?hl=en-US&gl=US,328,nl
apps.microsoft.com/detail/9pgzkjc81q7j,328,nl
apps.microsoft.com/detail/9pm821215jp6?hl=nl-NL&gl=NL,325,nl
apps.microsoft.com/detail/9pndvcgvvt9d?hl=en-US&gl=US,323,nl
apps.microsoft.com/detail/9nw3sptz4z9t?hl=nl-NL&gl=NL,323,nl
apps.microsoft.com/detail/xp8lgt18lss4qs?hl=nl-NL&gl=CA,322,nl
apps.microsoft.com/detail/9nnt3njhsf16?hl=nl-NL&gl=NL,322,nl
apps.microsoft.com/detail/9nvvxrqpqpxz?hl=nl-NL&gl=NL,319,nl
apps.microsoft.com/detail/9wzdncrfjbh4?hl=nl-NL&gl=NL,319,nl
apps.microsoft.com/detail/xp9kn75rrb9nhs?hl=en-US&gl=US,316,nl
apps.microsoft.com/detail/9npsd63dslgq?hl=nl-NL&gl=NL,314,nl
apps.microsoft.com/detail/9nmz9xhgb1zp?hl=nl-NL&gl=NL,303,nl
apps.microsoft.com/detail/xpfft31d40mgfq?hl=en-US&gl=US,301,nl
apps.microsoft.com/detail/xp8k17rnmm8mtn,300,nl
apps.microsoft.com/detail/9nht9rb2f4hd?hl=en-US&gl=US,299,nl
apps.microsoft.com/detail/9nrlsxztvrk5?hl=nl-NL&gl=NL,299,nl
apps.microsoft.com/detail/xp8lkpzt4x0z0p,299,nl
apps.microsoft.com/detail/9nblggh5g47v?hl=nl-NL&gl=NL,297,nl
apps.microsoft.com/detail/9pkr34tncv07?hl=nl-NL&gl=NL,295,nl
apps.microsoft.com/detail/xp8bsbgqw2dks0?hl=nl-NL&gl=NL,293,nl
apps.microsoft.com/detail/9nb2v6xwb5g2?hl=nl-NL&gl=NL,288,nl
apps.microsoft.com/detail/xp89dcgq3k6vld?hl=en-US&gl=US,287,nl
apps.microsoft.com/detail/9pkdm87jks15?hl=nl-NL&gl=NL,286,nl
apps.microsoft.com/detail/9wzdncrfj3p2?hl=nl-NL&gl=NL,286,nl
apps.microsoft.com/detail/9pctgdfxvzlj?hl=nl-NL&gl=NL,286,nl
apps.microsoft.com/detail/9nk4sw0114f8?hl=nl-NL&gl=NL,285,nl
apps.microsoft.com/detail/9wzdncrfj140?hl=en-GB&gl=GB,273,uk
apps.microsoft.com/detail/9nblggh5l9xt?hl=en-GB&gl=IN,375,uk
apps.microsoft.com/detail/9wzdncrfj3tt?hl=en-US&gl=US,927,uk
apps.microsoft.com/detail/9pktq5699m62?hl=en-GB&gl=GB,488,uk
apps.microsoft.com/detail/9wzdncrfjcjg?hl=en-GB&gl=GB,761,uk
apps.microsoft.com/detail/9wzdncrfj2wl?hl=en-US&gl=US,421,uk
apps.microsoft.com/detail/9nblggh5l9xt?hl=en-US&gl=US,52,uk
apps.microsoft.com/detail/xpdm1zw6815mqm?hl=en-US&gl=US,224,uk
apps.microsoft.com/detail/9pb359dqfjn6?hl=en-US&gl=US,126,uk
apps.microsoft.com/detail/9mvfq4lmz6c9?hl=en-US&gl=US,721,uk
apps.microsoft.com/detail/9wzdncrfj3pt?hl=en-US&gl=US,726,uk
apps.microsoft.com/detail/9n4vn1s60632?hl=en-US&gl=US,12,uk
apps.microsoft.com/detail/9pd9bhglfc7h?hl=en-GB&gl=GB,514,uk
apps.microsoft.com/detail/9pdv259b9hj1?hl=en-GB&gl=GB,329,uk
apps.microsoft.com/detail/9nksqgp7f2nh?hl=en-US&gl=US,524,uk
apps.microsoft.com/detail/xpfm2k6gpv72cr?hl=en-US&gl=US,19,uk
apps.microsoft.com/detail/9pn9b16njk3j?hl=en-US&gl=US,72,uk
apps.microsoft.com/detail/9nblggh67jjh?hl=en-GB&gl=GB,157,uk
apps.microsoft.com/detail/9nf8h0h7wmlt?hl=en-US&gl=US,25,uk
apps.microsoft.com/detail/9wzdncrfj3tj?hl=en-US&gl=US,231,uk
apps.microsoft.com/detail/9nrx63209r7b?hl=en-US&gl=US,202,uk
apps.microsoft.com/detail/xp8k17rnmm8mtn?hl=en-GB&gl=GB,9,uk
apps.microsoft.com/detail/9n9rsv4f7zr0?hl=en-GB&gl=GB,499,uk
apps.microsoft.com/detail/9pb2mz1zmb1s?hl=en-GB&gl=GB,329,uk
apps.microsoft.com/detail/xp8jn299z9j1m3?hl=en-US&gl=KE,592,uk
apps.microsoft.com/detail/9wzdncrfjbh4,131,uk
apps.microsoft.com/detail/9wzdncrfjbh4?hl=en-US&gl=US,567,uk
apps.microsoft.com/detail/9pcfs5b6t72h?hl=en-US&gl=US,66,uk
apps.microsoft.com/detail/9wzdncrfj140?hl=en-US&gl=US,314,uk
apps.microsoft.com/detail/9wzdncrfhwlh?hl=en-US&gl=US,115,uk
apps.microsoft.com/detail/9pfhdd62mxs1?hl=en-US&gl=US,194,uk
apps.microsoft.com/detail/9n1qncrnx6pb?hl=en-US&gl=US,219,uk
apps.microsoft.com/detail/9wzdncrf0083?hl=en-GB&gl=GB,120,uk
apps.microsoft.com/detail/9nz370xbfqmg?hl=en-US&gl=US,163,uk
apps.microsoft.com/detail/9nsntzljhtx4?hl=en-US&gl=US,126,uk
apps.microsoft.com/detail/9nksqgp7f2nh?hl=en-GB&gl=GB,144,uk
apps.microsoft.com/detail/9wzdncrfj3pv?hl=en-US&gl=US,101,uk
apps.microsoft.com/detail/9nsd9lw1grk2,996,uk
apps.microsoft.com/detail/9ntm2qc6qws7?hl=en-GB&gl=GB,991,uk
apps.microsoft.com/detail/9pgzkjc81q7j?hl=en-US&gl=US,986,uk
apps.microsoft.com/detail/xp9kn75rrb9nhs?hl=en-GB&gl=GB,960,uk
apps.microsoft.com/detail/9pm860492szd,914,uk
apps.microsoft.com/detail/9msmlrh6lzf3?hl=en-US&gl=US,913,uk
apps.microsoft.com/detail/9n0dx20hk701,910,uk
apps.microsoft.com/detail/9np83lwlpz9k?hl=en-GB&gl=GB,907,uk
apps.microsoft.com/detail/9pc3h3v7q9ch,891,uk
apps.microsoft.com/detail/9wzdncrfjbbg?hl=en-US&gl=US,891,uk
apps.microsoft.com/detail/9wzdncrfjcjg,874,uk
apps.microsoft.com/detail/9nblggh18846?hl=en-GB&gl=GB,871,uk
apps.microsoft.com/detail/9mvfq4lmz6c9?hl=en-GB&gl=GB,844,uk
apps.microsoft.com/detail/9ntm2qc6qws7?hl=en-US&gl=US,832,uk
apps.microsoft.com/detail/9pn4zfb0d57q?hl=en-US&gl=US,829,uk
apps.microsoft.com/detail/9wzdncrfjcdh?hl=en-US&gl=US,826,uk
apps.microsoft.com/detail/xp8bsbgqw2dks0,811,uk
apps.microsoft.com/detail/9np83lwlpz9k?hl=en-US&gl=US,807,uk
apps.microsoft.com/detail/9nht9rb2f4hd?hl=en-GB&gl=GB,800,uk
apps.microsoft.com/detail/xpffh613w8v6lv?hl=en-US&gl=US,798,uk
apps.microsoft.com/detail/xpdlmkftxtdhsd?hl=en-US&gl=US,793,uk
apps.microsoft.com/detail/9nt1r1c2hh7j?hl=en-US&gl=US,792,uk
apps.microsoft.com/detail/9wzdncrfjbmp,791,uk
apps.microsoft.com/detail/9wzdncrfj3pz?hl=en-US&gl=US,791,uk
apps.microsoft.com/detail/9wzdncrfj3p2?hl=en-US&gl=US,787,uk
apps.microsoft.com/detail/9nzjndtlvkr1?hl=en-US&gl=US,768,uk
apps.microsoft.com/detail/9wzdncrfj3pt?hl=en-GB&gl=GB,767,uk
apps.microsoft.com/detail/9mz95kl8mr0l?hl=en-US&gl=US,759,uk
apps.microsoft.com/detail/xpfd4t9n395qn6?hl=en-US&gl=US,755,uk
apps.microsoft.com/detail/9pd88qb3bgkn?hl=en-US&gl=US,753,uk
apps.microsoft.com/detail/9nh4f7j77cpd,744,uk
apps.microsoft.com/detail/9wzdncrfj27n?hl=en-US&gl=US,734,uk
apps.microsoft.com/detail/9nblgggzm6wm?hl=en-GB&gl=GB,727,uk
apps.microsoft.com/detail/9n1f85v9t8bn?hl=en-US&gl=US,711,uk
apps.microsoft.com/detail/9pjvm4fxd2ts?hl=en-US&gl=US,707,uk
apps.microsoft.com/detail/xpdp273c0xhqh2?hl=en-US&gl=US,706,uk
apps.microsoft.com/detail/xp8k4rgx25g3gm?hl=en-US&gl=US,705,uk
apps.microsoft.com/detail/9pm6w4f0xw3h?hl=en-US&gl=US,702,uk
apps.microsoft.com/detail/9nblggh33n0n?hl=en-US&gl=US,700,uk
apps.microsoft.com/detail/9p7bp5vnwkx5?hl=en-US&gl=US,697,uk
apps.microsoft.com/detail/9nblggh18846?hl=en-US&gl=US,694,uk
apps.microsoft.com/detail/9nm9sn6hhzw3?hl=en-GB&gl=GB,693,uk
apps.microsoft.com/detail/9nblggh5l9xt?hl=en-GB&gl=GB,683,uk
apps.microsoft.com/detail/9nbfmm45tjpt?hl=en-US&gl=US,658,uk
apps.microsoft.com/detail/9nwj8jht6wgw?hl=en-US&gl=US,652,uk
apps.microsoft.com/detail/xpdm17hk323c4x?hl=en-US&gl=US,645,uk
apps.microsoft.com/detail/9wzdncrdn9bv?hl=en-GB&gl=GB,643,uk
apps.microsoft.com/detail/9pktq5699m62?hl=en-US&gl=US,642,uk
apps.microsoft.com/detail/xpdlpkwg9sw2wd?hl=en-GB&gl=GB,639,uk
apps.microsoft.com/detail/xp99vr1bpsbqj2?hl=en-GB&gl=GB,638,uk
apps.microsoft.com/detail/9p87m9tknkvl?hl=en-US&gl=US,630,uk
apps.microsoft.com/detail/9pn0v3g6pgh5?hl=en-US&gl=US,628,uk
apps.microsoft.com/detail/9wzdncrfj26j?hl=en-US&gl=US,623,uk
apps.microsoft.com/detail/9msmlrh6lzf3?hl=en-GB&gl=GB,618,uk
apps.microsoft.com/detail/9nblggh1zrpv?hl=en-GB&gl=GB,618,uk
apps.microsoft.com/detail/9wzdncrfj31p?hl=en-US&gl=US,613,uk
apps.microsoft.com/detail/9nblggh1nlh7?hl=en-US&gl=US,604,uk
apps.microsoft.com/detail/9nm4t8b9jqz1?hl=en-US&gl=US,596,uk
apps.microsoft.com/detail/9nw3sptz4z9t?hl=en-GB&gl=GB,581,uk
apps.microsoft.com/detail/9pk70gn65swq?hl=en-GB&gl=GB,581,uk
apps.microsoft.com/detail/9nblggh4x14g?hl=en-US&gl=US,573,uk
apps.microsoft.com/detail/xpffgss4z9m2tx?hl=en-US&gl=US,567,uk
apps.microsoft.com/detail/9nblggh08dwp?hl=en-US&gl=US,564,uk
apps.microsoft.com/detail/9n1znfmt0zf5?hl=en-US&gl=US,562,uk
apps.microsoft.com/detail/9p8rc7s4nrq3?hl=en-US&gl=US,560,uk
apps.microsoft.com/detail/9pfdf2zd4z4n?hl=en-US&gl=US,560,uk
apps.microsoft.com/detail/9p0xnf0jhwbv?hl=en-GB&gl=GB,557,uk
apps.microsoft.com/detail/9n0dx20hk701?hl=en-US&gl=US,543,uk
apps.microsoft.com/detail/9mx4rqj55nsz?hl=en-GB&gl=GB,541,uk
apps.microsoft.com/detail/xpdc2rh70k22mn?hl=en-GB&gl=GB,537,uk
apps.microsoft.com/detail/9nblggh4r2r6?hl=en-US&gl=US,530,uk
apps.microsoft.com/detail/9njjhvd39nxh,520,uk
apps.microsoft.com/detail/9nzvdkpmr9rd?hl=en-US&gl=US,519,uk
apps.microsoft.com/detail/9wzdncrf0083?hl=en-US&gl=US,516,uk
apps.microsoft.com/detail/9wzdncrfj41q?hl=en-US&gl=US,510,uk
apps.microsoft.com/detail/9nlvzbz2wz28?hl=en-US&gl=US,501,uk
apps.microsoft.com/detail/9nrx63209r7b,498,uk
apps.microsoft.com/detail/9nwmt7tmtmn0?hl=en-GB&gl=GB,495,uk
apps.microsoft.com/detail/9nkmkxnqv2m8?hl=en-GB&gl=GB,492,uk
apps.microsoft.com/detail/xp8k17rnmm8mtn?hl=en-US&gl=US,490,uk
apps.microsoft.com/detail/9p15s8pwmq8c?hl=en-US&gl=US,489,uk
apps.microsoft.com/detail/xpdp2qw12dfsfk?hl=en-US&gl=US,483,uk
apps.microsoft.com/detail/xpdlpkwg9sw2wd?hl=en-US&gl=US,478,uk
apps.microsoft.com/detail/9nsf023x0mqs?hl=en-US&gl=US,478,uk
apps.microsoft.com/detail/9p6pmztm93lr?hl=en-US&gl=US,475,uk
apps.microsoft.com/detail/9n1f85v9t8bn,474,uk
apps.microsoft.com/detail/9pfhdsf91b9r?hl=en-US&gl=US,473,uk
apps.microsoft.com/detail/9n5wfwp4453s?hl=en-US&gl=US,472,uk
apps.microsoft.com/detail/9nx2vqg25jxj?hl=en-US&gl=US,471,uk
apps.microsoft.com/detail/xp89j5462cmgjd?hl=en-US&gl=US,464,uk
apps.microsoft.com/detail/9pp3c07gtvrh?hl=en-US&gl=US,458,uk
apps.microsoft.com/detail/9nqv8bcjgt7v?hl=en-US&gl=US,456,uk
apps.microsoft.com/detail/9n74nhxch1n6?hl=en-GB&gl=GB,454,uk
apps.microsoft.com/detail/9pmk584kqvc2?hl=en-US&gl=US,452,uk
apps.microsoft.com/detail/9wzdncrfhvn5?hl=en-GB&gl=GB,450,uk
apps.microsoft.com/detail/xpdp273c0xhqh2,447,uk
apps.microsoft.com/detail/xpdfmxbjpl5ssr,445,uk
apps.microsoft.com/detail/9pndlw19mw8h?hl=en-US&gl=US,443,uk
apps.microsoft.com/detail/9pn9b16njk3j?hl=en-GB&gl=GB,443,uk
apps.microsoft.com/detail/9p90zh32k649?hl=en-GB&gl=GB,440,uk
apps.microsoft.com/detail/9p8wnc3wwpkq?hl=en-US&gl=US,438,uk
apps.microsoft.com/detail/9mspc6mp8fm4?hl=en-US&gl=US,438,uk
apps.microsoft.com/detail/9wzdncrfj2sm?hl=en-GB&gl=GB,433,uk
apps.microsoft.com/detail/9mvvszk43qqw?hl=en-GB&gl=GB,429,uk
apps.microsoft.com/detail/9nmzlz57r3t7?hl=en-GB&gl=GB,428,uk
apps.microsoft.com/detail/9nzvdkpmr9rd,427,uk
apps.microsoft.com/detail/9p23v641rqml?hl=en-US&gl=US,427,uk
apps.microsoft.com/detail/9nzvdkpmr9rd?hl=en-GB&gl=GB,424,uk
apps.microsoft.com/detail/xpfft31d40mgfq?hl=en-US&gl=US,422,uk
apps.microsoft.com/detail/9nbdxk71nk08?hl=en-US&gl=US,421,uk
apps.microsoft.com/detail/9n4jh8ngjr9b?hl=en-US&gl=US,419,uk
apps.microsoft.com/detail/9nblggh67wlk?hl=en-US&gl=US,417,uk
apps.microsoft.com/detail/xpfnzksklbp7rj,414,uk
apps.microsoft.com/detail/9nblggh516xp?hl=en-US&gl=US,411,uk
apps.microsoft.com/detail/9wzdncrfjctk,404,uk
apps.microsoft.com/detail/9nblggh6j02v?hl=en-GB&gl=GB,401,uk
apps.microsoft.com/detail/9nw3hd58dzcg?hl=en-US&gl=US,398,uk
apps.microsoft.com/detail/9nblggh42ths?hl=en-US&gl=US,398,uk
apps.microsoft.com/detail/9nblggh30xj3?hl=en-US&gl=US,397,uk
apps.microsoft.com/detail/9nvc5p0bphgr,396,uk
apps.microsoft.com/detail/9n0nh999d6xj?hl=en-US&gl=US,396,uk
apps.microsoft.com/detail/9n15q44szns2?hl=en-US&gl=US,396,uk
apps.microsoft.com/detail/9pf9rtkmmq69?hl=en-US&gl=US,392,uk
apps.microsoft.com/detail/9nsnq0cpd06g?hl=en-US&gl=US,390,uk
apps.microsoft.com/detail/9wzdncrfj3tt?hl=en-US&gl=US,476,au
apps.microsoft.com/detail/9wzdncrfj2wl?hl=en-US&gl=US,433,au
apps.microsoft.com/detail/9wzdncrfj140?hl=en-US&gl=US,680,au
apps.microsoft.com/detail/9pb359dqfjn6?hl=en-US&gl=US,346,au
apps.microsoft.com/detail/9nksqgp7f2nh?hl=en-US&gl=US,401,au
apps.microsoft.com/detail/xp8jn299z9j1m3?hl=en-US&gl=KE,522,au
apps.microsoft.com/detail/xpfm2k6gpv72cr?hl=en-US&gl=US,489,au
apps.microsoft.com/detail/9mz95kl8mr0l,609,au
apps.microsoft.com/detail/xp8k17rnmm8mtn?hl=en-US&gl=US,36,au
apps.microsoft.com/detail/9pktq5699m62?hl=en-US&gl=US,534,au
apps.microsoft.com/detail/9ntm2qc6qws7?hl=en-US&gl=US,417,au
apps.microsoft.com/detail/9wzdncrfj3pt?hl=en-US&gl=US,70,au
apps.microsoft.com/detail/9mvfq4lmz6c9?hl=en-US&gl=US,21,au
apps.microsoft.com/detail/xpdm1zw6815mqm?hl=en-US&gl=US,968,au
apps.microsoft.com/detail/9n4vn1s60632?hl=en-US&gl=US,965,au
apps.microsoft.com/detail/9nrx63209r7b?hl=en-US&gl=US,940,au
apps.microsoft.com/detail/9pd9bhglfc7h,928,au
apps.microsoft.com/detail/9np83lwlpz9k,923,au
apps.microsoft.com/detail/9wzdncrfjbh4,919,au
apps.microsoft.com/detail/9nblggh5l9xt?hl=en-US&gl=US,917,au
apps.microsoft.com/detail/9wzdncrfj3tj?hl=en-US&gl=US,913,au
apps.microsoft.com/detail/9wzdncrfjbh4?hl=en-US&gl=US,888,au
apps.microsoft.com/detail/9nsd9lw1grk2,866,au
apps.microsoft.com/detail/9wzdncrfj3pz?hl=en-US&gl=US,863,au
apps.microsoft.com/detail/9n9rsv4f7zr0?hl=en-US&gl=US,853,au
apps.microsoft.com/detail/9wzdncrfjcjg,830,au
apps.microsoft.com/detail/9wzdncrdcwk8?hl=en-US&gl=US,800,au
apps.microsoft.com/detail/9pndlw19mw8h?hl=en-US&gl=US,796,au
apps.microsoft.com/detail/9pn9b16njk3j?hl=en-US&gl=US,786,au
apps.microsoft.com/detail/xpdp273c0xhqh2?hl=en-US&gl=US,757,au
apps.microsoft.com/detail/9msmlrh6lzf3,736,au
apps.microsoft.com/detail/9n1k9q56hvxr?hl=en-US&gl=US,736,au
apps.microsoft.com/detail/xpdlmkftxtdhsd?hl=en-US&gl=US,722,au
apps.microsoft.com/detail/9pc3h3v7q9ch?hl=en-US&gl=US,718,au
apps.microsoft.com/detail/9n0dx20hk701,693,au
apps.microsoft.com/detail/9nblggh4r2r6?hl=en-US&gl=US,668,au
apps.microsoft.com/detail/9nblggh1zrpv?hl=en-US&gl=US,665,au
apps.microsoft.com/detail/9nblggh18846?hl=en-US&gl=US,660,au
apps.microsoft.com/detail/9nm5764dbppg?hl=en-US&gl=US,655,au
apps.microsoft.com/detail/9wzdncrfj3p2?hl=en-US&gl=US,654,au
apps.microsoft.com/detail/9pf4kz2vn4w9?hl=en-US&gl=US,648,au
apps.microsoft.com/detail/9nrx63209r7b,642,au
apps.microsoft.com/detail/9pp3c07gtvrh?hl=en-US&gl=US,640,au
apps.microsoft.com/detail/xpfd4t9n395qn6?hl=en-US&gl=US,637,au
apps.microsoft.com/detail/9wzdncrfjbbg,629,au
apps.microsoft.com/detail/xpdlpkwg9sw2wd?hl=en-US&gl=US,605,au
apps.microsoft.com/detail/9pb2mz1zmb1s?hl=en-US&gl=US,603,au
apps.microsoft.com/detail/9mz95kl8mr0l?hl=en-US&gl=US,602,au
apps.microsoft.com/detail/9nf8h0h7wmlt?hl=en-US&gl=US,596,au
apps.microsoft.com/detail/9wzdncrfj26j?hl=en-US&gl=US,590,au
apps.microsoft.com/detail/9ncbcszsjrsb?hl=en-US&gl=US,581,au
apps.microsoft.com/detail/9pcfs5b6t72h?hl=en-US&gl=US,577,au
apps.microsoft.com/detail/9n1f85v9t8bn?hl=en-US&gl=US,565,au
apps.microsoft.com/detail/9wzdncrfjcdh?hl=en-US&gl=US,561,au
apps.microsoft.com/detail/xp9mk65xpmxwzg?hl=en-US&gl=US,559,au
apps.microsoft.com/detail/xpdlhd9j44dscm?hl=zh-TW&gl=CN,549,au
apps.microsoft.com/detail/9nblgggzm6wm?hl=en-US&gl=US,543,au
apps.microsoft.com/detail/9wzdncrf0083?hl=en-US&gl=US,535,au
apps.microsoft.com/detail/9wzdncrfj3pv?hl=en-US&gl=US,530,au
apps.microsoft.com/detail/9nblggh4qghw?hl=en-US&gl=US,526,au
apps.microsoft.com/detail/9pfhdd62mxs1?hl=en-US&gl=US,502,au
apps.microsoft.com/detail/9n1f85v9t8bn,502,au
apps.microsoft.com/detail/9nh2gph4jzs4?hl=en-US&gl=US,498,au
apps.microsoft.com/detail/xpdm1zw6815mqm,498,au
apps.microsoft.com/detail/9wzdncrfjbmp,487,au
apps.microsoft.com/detail/xpdc2rh70k22mn?hl=en-US&gl=US,483,au
apps.microsoft.com/detail/9pn4zfb0d57q?hl=en-US&gl=US,480,au
apps.microsoft.com/detail/xpdm5vsmtkqlbj?hl=en-US&gl=US,472,au
apps.microsoft.com/detail/9msmlrh6lzf3?hl=en-US&gl=US,462,au
apps.microsoft.com/detail/9wzdncrfj3tt,457,au
apps.microsoft.com/detail/9wzdncrfhwd2?hl=en-US&gl=US,451,au
apps.microsoft.com/detail/9nlvzbz2wz28?hl=en-US&gl=US,450,au
apps.microsoft.com/detail/9pkl3h9lwmb7?hl=en-US&gl=US,445,au
apps.microsoft.com/detail/9nz370xbfqmg?hl=en-US&gl=US,443,au
apps.microsoft.com/detail/9nt1r1c2hh7j?hl=en-US&gl=US,442,au
apps.microsoft.com/detail/9pfdf2zd4z4n?hl=en-US&gl=US,441,au
apps.microsoft.com/detail/9wzdncrdqfbt?hl=en-US&gl=US,438,au
apps.microsoft.com/detail/9p7bp5vnwkx5?hl=en-US&gl=US,433,au
apps.microsoft.com/detail/9wzdncrfhwlh?hl=en-US&gl=US,417,au
apps.microsoft.com/detail/xp8k4rgx25g3gm?hl=en-US&gl=US,415,au
apps.microsoft.com/detail/9pp9gzm2gn26,401,au
apps.microsoft.com/detail/9nc2w8kc526f?hl=en-US&gl=US,394,au
apps.microsoft.com/detail/9nblggh67wlk?hl=en-US&gl=US,390,au
apps.microsoft.com/detail/9nbfmm45tjpt?hl=en-US&gl=US,382,au
apps.microsoft.com/detail/9wzdncrfjbbg?hl=en-US&gl=US,378,au
apps.microsoft.com/detail/9nblggh33n0n?hl=en-US&gl=US,373,au
apps.microsoft.com/detail/9pkxkkl4ws2t,370,au
apps.microsoft.com/detail/9nmzlz57r3t7,366,au
apps.microsoft.com/detail/9wzdncrfhvn5?hl=en-US&gl=US,365,au
apps.microsoft.com/detail/xp8lgt18lss4qs?hl=en-US&gl=US,353,au
apps.microsoft.com/detail/9nht9rb2f4hd?hl=en-US&gl=US,352,au
apps.microsoft.com/detail/9nsf023x0mqs?hl=en-US&gl=US,351,au
apps.microsoft.com/detail/9nq4ql59xlbf?hl=en-US&gl=US,345,au
apps.microsoft.com/detail/xpfftq037jwmhs,344,au
apps.microsoft.com/detail/9pb2mz1zmb1s,337,au
apps.microsoft.com/detail/9wzdncrfhwcn?hl=en-US&gl=US,336,au
apps.microsoft.com/detail/xp9kn75rrb9nhs?hl=en-US&gl=US,334,au
apps.microsoft.com/detail/9nt0qc8nbh40?hl=en-US&gl=US,332,au
apps.microsoft.com/detail/xpfckbrnfzq62g?hl=en-US&gl=US,332,au
apps.microsoft.com/detail/9pm6w4f0xw3h?hl=en-US&gl=US,321,au
apps.microsoft.com/detail/9p8rc7s4nrq3?hl=en-US&gl=US,320,au
apps.microsoft.com/detail/9pd88qb3bgkn?hl=en-US&gl=US,320,au
apps.microsoft.com/detail/9p87m9tknkvl?hl=en-US&gl=US,315,au
apps.microsoft.com/detail/9p23v641rqml?hl=en-US&gl=US,308,au
apps.microsoft.com/detail/9p3cp9g025rm?hl=en-US&gl=US,304,au
apps.microsoft.com/detail/xpdc1xkd5q5tl5?hl=zh-CN&gl=CN,303,au
apps.microsoft.com/detail/9pd9bhglfc7h?hl=en-US&gl=US,302,au
apps.microsoft.com/detail/9pfc45g1xhp7,302,au
apps.microsoft.com/detail/9p6pmztm93lr?hl=en-US&gl=US,293,au
apps.microsoft.com/detail/9nx2vqg25jxj?hl=en-US&gl=US,292,au
apps.microsoft.com/detail/9wzdncrfj27n?hl=en-US&gl=US,285,au
apps.microsoft.com/detail/9nsp5n3b7q32,284,au
apps.microsoft.com/detail/9n1qncrnx6pb?hl=en-US&gl=US,276,au
apps.microsoft.com/detail/9nksqgp7f2nh,273,au
apps.microsoft.com/detail/9nrnmhmhm4wc?hl=en-US&gl=US,272,au
apps.microsoft.com/detail/9pk70gn65swq?hl=en-US&gl=US,272,au
apps.microsoft.com/detail/9nfc3x6w0wpz?hl=en-US&gl=US,271,au
apps.microsoft.com/detail/xp9m26rsclnt88?hl=en-US&gl=US,268,au
apps.microsoft.com/detail/9n0dx20hk701?hl=en-US&gl=US,267,au
apps.microsoft.com/detail/9pctgdfxvzlj?hl=en-US&gl=US,261,au
apps.microsoft.com/detail/xpffh83z49575k?hl=en-US&gl=US,256,au
apps.microsoft.com/detail/9wzdncrfj3p2,256,au
apps.microsoft.com/detail/9pjf3351zzgv?hl=en-US&gl=US,251,au
apps.microsoft.com/detail/9nh4f7j77cpd,249,au
apps.microsoft.com/detail/9pnxv71sz79k?hl=en-US&gl=US,244,au
apps.microsoft.com/detail/9nk4t08dhq80,243,au
apps.microsoft.com/detail/9nm4t8b9jqz1?hl=en-US&gl=US,242,au
apps.microsoft.com/detail/9pdv259b9hj1?hl=en-US&gl=US,239,au
apps.microsoft.com/detail/xp89844sc0q4fr?hl=zh-TW&gl=CN,237,au
apps.microsoft.com/detail/xp8k4cmw69m709?hl=zh-TW&gl=CN,232,au
apps.microsoft.com/detail/9nztwsqntd0s?hl=en-US&gl=US,229,au
apps.microsoft.com/detail/9nblggh30xj3?hl=en-US&gl=US,228,au
apps.microsoft.com/detail/9nm9sn6hhzw3?hl=en-US&gl=US,228,au
apps.microsoft.com/detail/xp8lkpzt4x0z0p?hl=en-US&gl=US,228,au
apps.microsoft.com/detail/xp8btk0l7zfm2r?hl=zh-CN&gl=CN,227,au
apps.microsoft.com/detail/xp99vr1bpsbqj2?hl=en-US&gl=US,226,au
apps.microsoft.com/detail/xpffgss4z9m2tx?hl=en-US&gl=US,225,au
apps.microsoft.com/detail/9pfdf2zd4z4n,223,au
apps.microsoft.com/detail/xpdp273c0xhqh2,222,au
apps.microsoft.com/detail/xpffzhvgqwwlhb?hl=en-US&gl=US,219,au
apps.microsoft.com/detail/9n9lx67tng1k?hl=en-US&gl=US,215,au
apps.microsoft.com/detail/xp8bsbgqw2dks0?hl=en-US&gl=US,215,au
apps.microsoft.com/detail/9wzdncrdv0l0?hl=en-US&gl=US,212,au
apps.microsoft.com/detail/9nh4f7j77cpd?hl=en-US&gl=US,212,au
apps.microsoft.com/detail/9wzdncrfj4mv?hl=en-US&gl=US,212,au
apps.microsoft.com/detail/xpfft31d40mgfq?hl=en-US&gl=US,204,au
apps.microsoft.com/detail/xp89dcgq3k6vld,202,au
apps.microsoft.com/detail/9nzfk4dcxmz4?hl=en-US&gl=US,199,au
apps.microsoft.com/detail/9nfzcz3l3b7v?hl=en-US&gl=US,199,au
apps.microsoft.com/detail/9pfhdsf91b9r,198,au
apps.microsoft.com/detail/9ns3rbq5hv5f?hl=en-US&gl=US,196,au
apps.microsoft.com/detail/9nblggh4x14g?hl=en-US&gl=US,193,au
apps.microsoft.com/detail/xpdm17hk323c4x?hl=en-US&gl=US,193,au
apps.microsoft.com/detail/9nsntzljhtx4?hl=en-US&gl=US,192,au
apps.microsoft.com/detail/9nf8h0h7wmlt,192,au
apps.microsoft.com/detail/9ntm2qc6qws7,191,au
apps.microsoft.com/detail/9wzdncrdk3wp?hl=en-US&gl=US,190,au
apps.microsoft.com/detail/xp8lvtc3ltsfn3?hl=en-US&gl=US,188,au
apps.microsoft.com/detail/9pp3c07gtvrh,186,au
apps.microsoft.com/detail/9wzdncrdfng7?hl=en-US&gl=US,186,au
apps.microsoft.com/detail/9pfhdsf91b9r?hl=en-US&gl=US,185,au
apps.microsoft.com/detail/9nblggh5r558?hl=en-US&gl=US,184,au
apps.microsoft.com/detail/xpdf9vl4d5xr9w,183,au
apps.microsoft.com/detail/xp8kfx92dv6z8t?hl=zh-TW&gl=CN,182,au
apps.microsoft.com/detail/9n621dm2lvhq?hl=en-US&gl=US,180,au
apps.microsoft.com/detail/9pkr34tncv07,177,au
apps.microsoft.com/detail/9nfwhchm52hq?hl=en-US&gl=US,175,au
apps.microsoft.com/detail/9wzdncrdcr1w?hl=en-US&gl=US,173,au
apps.microsoft.com/detail/9np83lwlpz9k?hl=en-GB&gl=NZ,170,au
apps.microsoft.com/detail/9n1657wwcnvr,169,au
apps.microsoft.com/detail/9pmk584kqvc2?hl=en-US&gl=US,168,au
apps.microsoft.com/detail/9nv4bs3l1h4s,168,au
apps.microsoft.com/detail/9p38d19t7lrv?hl=en-US&gl=US,168,au
apps.microsoft.com/detail/9wzdncrfhwkn?hl=en-US&gl=US,168,au
apps.microsoft.com/detail/9nblggh5l9xt?hl=en-GB&gl=IN,167,au
apps.microsoft.com/detail/9nblggh68ln4?hl=en-US&gl=US,166,au
apps.microsoft.com/detail/9p4tcns9h432?hl=en-US&gl=US,165,au
apps.microsoft.com/detail/9nblggh201p7?hl=en-US&gl=US,163,au
apps.microsoft.com/detail/xpdm17hk323c4x,162,au
apps.microsoft.com/detail/9p9ft3qjn0pk,162,au
apps.microsoft.com/detail/9nblggh42ths?hl=en-US&gl=US,162,au
apps.microsoft.com/detail/9pfz8rfzg5x4?hl=en-US&gl=US,161,au
apps.microsoft.com/detail/9nw3sptz4z9t?hl=en-GB&gl=GB,160,au
apps.microsoft.com/detail/9nzjndtlvkr1?hl=en-US&gl=US,159,au
apps.microsoft.com/detail/xp89j5462cmgjd?hl=en-US&gl=US,159,au
apps.microsoft.com/detail/9nxqxxlfst89?hl=en-US&gl=US,159,au
apps.microsoft.com/detail/9nrjv5d2qs7m?hl=tr-TR&gl=TR,1,tr
apps.microsoft.com/detail/9nksqgp7f2nh?hl=tr-TR&gl=TR,844,tr
apps.microsoft.com/detail/9ph03z1phhw3?hl=tr-TR&gl=TR,2,tr
apps.microsoft.com/detail/9wzdncrfj140?hl=en-US&gl=US,300,tr
apps.microsoft.com/detail/xp8k17rnmm8mtn?hl=tr-tr&gl=TR,26,tr
apps.microsoft.com/detail/9nblggh5l9xt?hl=tr-TR&gl=TR,40,tr
apps.microsoft.com/detail/9nksqgp7f2nh?hl=en-US&gl=US,115,tr
apps.microsoft.com/detail/9wzdncrdfng7?hl=tr-TR&gl=TR,74,tr
apps.microsoft.com/detail/9n621dm2lvhq?hl=tr-TR&gl=TR,6,tr
apps.microsoft.com/detail/9p90zh32k649?hl=tr-TR&gl=TR,11,tr
apps.microsoft.com/detail/9nblggh5l9xt?hl=tr-TR&gl=US,71,tr
apps.microsoft.com/detail/9p0xnf0jhwbv?hl=tr-TR&gl=TR,21,tr
apps.microsoft.com/detail/xp99vr1bpsbqj2?hl=tr-TR&gl=TR,49,tr
apps.microsoft.com/detail/9ngfb260pt00?hl=tr-TR&gl=TR,84,tr
apps.microsoft.com/detail/9p53s4t9znj5?hl=tr-TR&gl=TR,36,tr
apps.microsoft.com/detail/9wzdncrfj26j?hl=en-US&gl=US,55,tr
apps.microsoft.com/detail/9pktq5699m62,2,tr
apps.microsoft.com/detail/9wzdncrfhvn5?hl=tr-TR&gl=TR,17,tr
apps.microsoft.com/detail/9nh2gph4jzs4?hl=tr-TR&gl=TR,3,tr
apps.microsoft.com/detail/9n3mhnd4md70?hl=tr-TR&gl=TR,99,tr
apps.microsoft.com/detail/xp8lkpzt4x0z0p?hl=tr-TR&gl=TR,76,tr
apps.microsoft.com/detail/9wzdncrfj2wl?hl=tr-TR&gl=TR,126,tr
apps.microsoft.com/detail/9pk61jkslrb8?hl=tr-TR&gl=TR,2,tr
apps.microsoft.com/detail/9nrx63209r7b?hl=tr-TR&gl=US,183,tr
apps.microsoft.com/detail/9nblggh1zrpv?hl=en-US&gl=US,13,tr
apps.microsoft.com/detail/9nztwsqntd0s?hl=en-US&gl=US,27,tr
apps.microsoft.com/detail/9nblggh18846?hl=tr-TR&gl=TR,4,tr
apps.microsoft.com/detail/9nq9klznv9sh?hl=en-US&gl=US,49,tr
apps.microsoft.com/detail/9pjvm4fxd2ts?hl=tr-TR&gl=TR,7,tr
apps.microsoft.com/detail/9phwfpc0rf08?hl=tr-TR&gl=US,54,tr
apps.microsoft.com/detail/9nxgf330ppkl?hl=tr-TR&gl=TR,196,tr
apps.microsoft.com/detail/9pm860492szd?hl=tr-TR&gl=TR,26,tr
apps.microsoft.com/detail/9p6pbj9wzlqs?hl=tr-TR&gl=TR,32,tr
apps.microsoft.com/detail/9wzdncrfjcjg?hl=tr-TR&gl=TR,19,tr
apps.microsoft.com/detail/9wzdncrfjbh4?hl=tr-TR&gl=US,21,tr
apps.microsoft.com/detail/9pp9gzm2gn26?hl=tr-TR&gl=TR,106,tr
apps.microsoft.com/detail/9nksqgp7f2nh?hl=ar-SA&gl=EG,253,tr
apps.microsoft.com/detail/9mvwbgdfz4zj?hl=tr-TR&gl=TR,79,tr
apps.microsoft.com/detail/9wzdncrfj3pt?hl=tr-TR&gl=TR,68,tr
apps.microsoft.com/detail/9n99cc8sk8g5?hl=tr-TR&gl=TR,102,tr
apps.microsoft.com/detail/9nblggh5xhtn?hl=tr-tr&gl=US,4,tr
apps.microsoft.com/detail/9nh4f7j77cpd?hl=tr-TR&gl=TR,8,tr
apps.microsoft.com/detail/9wzdncrf0083?hl=en-US&gl=US,133,tr
apps.microsoft.com/detail/9wzdncrdcwk8?hl=tr-TR&gl=TR,12,tr
apps.microsoft.com/detail/9nblggh5l9xt?hl=tr-TR&gl=PW,55,tr
apps.microsoft.com/detail/9mvx7c3q1156?hl=tr-TR&gl=TR,54,tr
apps.microsoft.com/detail/9wzdncrfj27n?hl=tr-TR&gl=TR,256,tr
apps.microsoft.com/detail/9pfdf2zd4z4n?hl=en-US&gl=US,107,tr
apps.microsoft.com/detail/9wzdncrfj3tt?hl=en-US&gl=US,66,tr
apps.microsoft.com/detail/9pfdf2zd4z4n?hl=tr-TR&gl=TR,8,tr
apps.microsoft.com/detail/9p9pwlkpr1k8?hl=tr-TR&gl=TR,47,tr
apps.microsoft.com/detail/9ncndqv4417r?hl=tr-TR&gl=TR,13,tr
apps.microsoft.com/detail/9pgm3qb3pdrd?hl=tr-TR&gl=TR,20,tr
apps.microsoft.com/detail/9mvfscls4l32?hl=tr-TR&gl=TR,76,tr
apps.microsoft.com/detail/9p0bbq813s9t?hl=tr-TR&gl=TR,60,tr
apps.microsoft.com/detail/9p5njsbvx7qz?hl=tr-TR&gl=TR,46,tr
apps.microsoft.com/detail/9wzdncrdhpx0?hl=tr-TR&gl=TR,48,tr
apps.microsoft.com/detail/9pf9rtkmmq69?hl=tr-TR&gl=US,80,tr
apps.microsoft.com/detail/9pfgj25jl6x3?hl=tr-TR&gl=TR,11,tr
apps.microsoft.com/detail/9wzdncrfjbbg?hl=tr-TR&gl=TR,116,tr
apps.microsoft.com/detail/9np64t9094lb?hl=tr-TR&gl=TR,3,tr
apps.microsoft.com/detail/xpfd4t9n395qn6?hl=en-US&gl=US,17,tr
apps.microsoft.com/detail/9npb2gbs4vpq?hl=tr-TR&gl=TR,71,tr
apps.microsoft.com/detail/9p41lgtq6b0k?hl=tr-TR&gl=TR,49,tr
apps.microsoft.com/detail/9ntgr3nlv0cd?hl=tr-TR&gl=TR,22,tr
apps.microsoft.com/detail/9p7bv5h5nsd3?hl=tr-TR&gl=TR,29,tr
apps.microsoft.com/detail/9pj63f1m0jx8?hl=tr-TR&gl=TR,18,tr
apps.microsoft.com/detail/9wzdncrfj4w1?hl=tr-TR&gl=TR,39,tr
apps.microsoft.com/detail/9pdck6npf4tx?hl=tr-TR&gl=TR,17,tr
apps.microsoft.com/store/detail/9pd7lhct26m8?hl=tr-tr&amp;gl=tr,8,tr
apps.microsoft.com/detail/xp88vqcqk23nx6?hl=tr-TR&gl=CA,997,tr
apps.microsoft.com/detail/xp8lgt18lss4qs?hl=tr-TR&gl=UY,981,tr
apps.microsoft.com/detail/9pn4zfb0d57q?hl=tr-TR&gl=TR,978,tr
apps.microsoft.com/detail/9nblggh1kcc4?hl=tr-TR&gl=TR,975,tr
apps.microsoft.com/detail/9n15nknh976h?hl=tr-TR&gl=TR,973,tr
apps.microsoft.com/detail/9p8f7jr0dstr?hl=tr-TR&gl=TR,968,tr
apps.microsoft.com/detail/9nsh25lt1f9c?hl=en-US&gl=US,955,tr
apps.microsoft.com/detail/9nblggh5m02g?hl=tr-TR&gl=TR,929,tr
apps.microsoft.com/detail/9nd6w0d61kwh?hl=tr-TR&gl=TR,918,tr
apps.microsoft.com/detail/9nh2gph4jzs4?hl=en-US&gl=US,916,tr
apps.microsoft.com/detail/9nm9sn6hhzw3?hl=tr-TR&gl=TR,894,tr
apps.microsoft.com/detail/9n1kpx9m78d6?hl=tr-TR&gl=TR,891,tr
apps.microsoft.com/detail/9wzdncrdv0l0?hl=tr-TR&gl=TR,882,tr
apps.microsoft.com/detail/9mvfq4lmz6c9?hl=tr-TR&gl=TR,877,tr
apps.microsoft.com/detail/9p74lc7pj20g?hl=tr-TR&gl=TR,875,tr
apps.microsoft.com/detail/9nblggh1zrpv?hl=tr-TR&gl=US,874,tr
apps.microsoft.com/detail/9pj8266bhfwn?hl=tr-TR&gl=TR,871,tr
apps.microsoft.com/detail/9p8cp1l72jxs?hl=tr-tr&gl=US,868,tr
apps.microsoft.com/detail/9mtqz1j34lqb?hl=tr-TR&gl=TR,867,tr
apps.microsoft.com/detail/9nz370xbfqmg?hl=tr-TR&gl=TR,864,tr
apps.microsoft.com/detail/9nnx1vvr3knq?hl=tr-TR&gl=TR,842,tr
apps.microsoft.com/detail/9wzdncrdq66h?hl=tr-TR&gl=TR,840,tr
apps.microsoft.com/detail/9wzdncrfj10m?hl=tr-TR&gl=TR,810,tr
apps.microsoft.com/detail/9nzjndtlvkr1?hl=tr-TR&gl=TR,809,tr
apps.microsoft.com/detail/9pndvcgvvt9d?hl=tr-TR&gl=TR,800,tr
apps.microsoft.com/detail/9pkhxnh0664j?hl=tr-TR&gl=TR,793,tr
apps.microsoft.com/detail/xp8cf6s8g2d5t6?hl=tr-TR&gl=TR,788,tr
apps.microsoft.com/detail/9pp9gzm2gn26,782,tr
apps.microsoft.com/detail/9ntm2qc6qws7?hl=en-US&gl=US,779,tr
apps.microsoft.com/detail/9nblggh6bxtl?hl=tr-TR&gl=TR,777,tr
apps.microsoft.com/detail/9nblggh18846?hl=en-US&gl=US,776,tr
apps.microsoft.com/detail/9nwlcc08bn0t?hl=tr-TR&gl=TR,772,tr
apps.microsoft.com/detail/9wzdncrfhwkn?hl=tr-TR&gl=TR,766,tr
apps.microsoft.com/detail/9wzdncrdqfbt?hl=tr-TR&gl=TR,763,tr
apps.microsoft.com/detail/9p7bfxjtbtzz?hl=tr-TR&gl=TR,761,tr
apps.microsoft.com/detail/9pn9b16njk3j?hl=tr-TR&gl=TR,753,tr
apps.microsoft.com/detail/9nsp5n3b7q32?hl=tr-TR&gl=TR,750,tr
apps.microsoft.com/detail/9n0tn65p5bf6?hl=tr-TR&gl=TR,746,tr
apps.microsoft.com/detail/9nfc3x6w0wpz?hl=tr-TR&gl=TR,743,tr
apps.microsoft.com/detail/9nblggh1kcc4?hl=en-US&gl=US,742,tr
apps.microsoft.com/detail/xpdp273c0xhqh2?hl=tr-TR&gl=US,737,tr
apps.microsoft.com/detail/9nblggh5z4gm?hl=tr-TR&gl=TR,729,tr
apps.microsoft.com/detail/xpffgss4z9m2tx?hl=tr-TR&gl=TR,720,tr
apps.microsoft.com/detail/9p126phpz0jh?hl=tr-TR&gl=TR,720,tr
apps.microsoft.com/detail/9wzdncrfjbmp,720,tr
apps.microsoft.com/detail/9n3fwbjfg27x?hl=tr-TR&gl=TR,716,tr
apps.microsoft.com/detail/9p9kc91vkj3m?hl=tr-TR&gl=TR,714,tr
apps.microsoft.com/detail/9wzdncrdjktj?hl=tr-TR&gl=TR,711,tr
apps.microsoft.com/detail/9nvh3mgqncn7?hl=tr-TR&gl=TR,711,tr
apps.microsoft.com/detail/9nblgggzm6wm?hl=en-US&gl=US,709,tr
apps.microsoft.com/detail/9wzdncrfhwlh?hl=tr-TR&gl=TR,700,tr
apps.microsoft.com/detail/9nblggh52xt6?hl=tr-TR&gl=TR,699,tr
apps.microsoft.com/detail/9nblggh3b0bp?hl=tr-TR&gl=TR,699,tr
apps.microsoft.com/detail/9wzdncrfj4p8?hl=tr-TR&gl=TR,696,tr
apps.microsoft.com/detail/9nf8h0h7wmlt?hl=tr-TR&gl=TR,694,tr
apps.microsoft.com/detail/xpfd8tkwzdh43m?hl=tr-TR&gl=TR,692,tr
apps.microsoft.com/detail/9wzdncrdhbdg?hl=tr-TR&gl=TR,691,tr
apps.microsoft.com/detail/9nccdgq9mnmh?hl=tr-TR&gl=TR,690,tr
apps.microsoft.com/detail/9pkdm87jks15?hl=tr-TR&gl=TR,677,tr
apps.microsoft.com/detail/9wzdncrfjbb1?hl=tr-TR&gl=TR,673,tr
apps.microsoft.com/detail/9nblggh5l9xt?hl=id-ID&gl=ID,103,id
apps.microsoft.com/detail/xp8k17rnmm8mtn?hl=id-ID&gl=ID,367,id
apps.microsoft.com/detail/9nh2gph4jzs4?hl=id-ID&gl=ID,246,id
apps.microsoft.com/detail/9wzdncrfj2wl?hl=en-US&gl=US,36,id
apps.microsoft.com/detail/9wzdncrfj140?hl=en-US&gl=US,142,id
apps.microsoft.com/detail/9pd9bhglfc7h?hl=pl-PL&gl=PL,9,pl
apps.microsoft.com/detail/9wzdncrfj2wl?hl=en-US&gl=US,1,pl
apps.microsoft.com/detail/9nh2gph4jzs4?hl=de-DE&gl=LU,47,pl
apps.microsoft.com/detail/xp8k17rnmm8mtn?hl=pl-pl&gl=US,73,pl
apps.microsoft.com/detail/9nblggh5l9xt?hl=pl-PL&gl=PL,26,pl
apps.microsoft.com/detail/9n621dm2lvhq?hl=pl-PL&gl=PL,17,pl
apps.microsoft.com/detail/9n438mzhd3zf?hl=pl-PL&gl=PL,65,pl
apps.microsoft.com/detail/9wzdncrfj3tt?hl=pl-pl&gl=US,12,pl
apps.microsoft.com/detail/9pbb9cbnc13x?hl=pl-PL&gl=PL,28,pl
apps.microsoft.com/detail/9wzdncrdn9kt?hl=pl-PL&gl=PL,42,pl
apps.microsoft.com/detail/9pj2sszqcwsr?hl=pl-PL&gl=PL,21,pl
apps.microsoft.com/detail/9wzdncrfj140,50,pl
apps.microsoft.com/detail/xp99vr1bpsbqj2?hl=pl-PL&gl=PL,29,pl
apps.microsoft.com/detail/9wzdncrfj2wl?hl=pl-PL&gl=PL,5,pl
apps.microsoft.com/detail/9nblggh5g47v?hl=pl-PL&gl=US,6,pl
apps.microsoft.com/detail/9p60780h62k9?hl=pl-PL&gl=AW,54,pl
apps.microsoft.com/detail/9ndjq0j8ksdz?hl=pl-PL&gl=PL,13,pl
apps.microsoft.com/detail/9nk6tgrm4xmn?hl=pl-PL&gl=PL,12,pl
apps.microsoft.com/detail/9pcfs5b6t72h?hl=pl-PL&gl=PL,93,pl
apps.microsoft.com/detail/9pm1zsq1g246?hl=pl-PL&gl=PL,32,pl
apps.microsoft.com/detail/9nnx1vvr3knq?hl=pl-PL&gl=PL,140,pl
apps.microsoft.com/detail/9pfdf2zd4z4n?hl=pl-PL&gl=PL,123,pl
apps.microsoft.com/detail/9wzdncrdkrdt?hl=pl-PL&gl=US,29,pl
apps.microsoft.com/detail/9nksqgp7f2nh?hl=en-US&gl=US,65,pl
apps.microsoft.com/detail/9pjvm4fxd2ts?hl=pl-PL&gl=PL,4,pl
apps.microsoft.com/detail/9n6gdf5b7q8z?hl=pl-PL&gl=PL,11,pl
apps.microsoft.com/detail/9pb359dqfjn6?hl=en-US&gl=US,30,pl
apps.microsoft.com/detail/9p20r5llgpk5?hl=pl-PL&gl=PL,3,pl
apps.microsoft.com/detail/9nblggh1mp1n?hl=pl-PL&gl=PL,19,pl
apps.microsoft.com/detail/9ns7shnhm33d?hl=pl-PL&gl=PL,98,pl
apps.microsoft.com/detail/9ngv3rrb3zk2?hl=pl-PL&gl=PL,17,pl
apps.microsoft.com/detail/9nblggh1zrpv?hl=pl-PL&gl=PL,5,pl
apps.microsoft.com/detail/xp8k4rgx25g3gm?hl=pl-PL&gl=FR,957,pl
apps.microsoft.com/detail/9nbgf8k68nzl?hl=pl-PL&gl=PL,954,pl
apps.microsoft.com/detail/9wzdncrfj4mv?hl=pl-PL&gl=PL,954,pl
apps.microsoft.com/detail/9n4jbjnfzc1l,952,pl
apps.microsoft.com/detail/9pktq5699m62?hl=en-US&gl=US,949,pl
apps.microsoft.com/detail/9nf8h0h7wmlt?hl=pl-PL&gl=PL,917,pl
apps.microsoft.com/detail/9nblggh33n0n?hl=pl-PL&gl=PL,915,pl
apps.microsoft.com/detail/9pgzkjc81q7j?hl=pl-PL&gl=PL,907,pl
apps.microsoft.com/detail/9mvfq4lmz6c9?hl=en-US&gl=US,905,pl
apps.microsoft.com/detail/9nb2v6xwb5g2?hl=pl-PL&gl=PL,905,pl
apps.microsoft.com/detail/9wzdncrfj3pt?hl=en-US&gl=US,893,pl
apps.microsoft.com/detail/9wzdncrddmtk?hl=pl-PL&gl=PL,890,pl
apps.microsoft.com/detail/9nh4f7j77cpd?hl=pl-PL&gl=PL,858,pl
apps.microsoft.com/detail/9n1k9q56hvxr?hl=pl-PL&gl=PL,825,pl
apps.microsoft.com/detail/9nblggh4r2r6?hl=pl-PL&gl=PL,793,pl
apps.microsoft.com/detail/9nlvzbz2wz28?hl=pl-PL&gl=PL,782,pl
apps.microsoft.com/detail/9wzdncrfj2wl?hl=ar-SA&gl=US,779,pl
apps.microsoft.com/detail/9pfhdd62mxs1?hl=pl-PL&gl=PL,774,pl
apps.microsoft.com/detail/9ndvbhrmsqb9?hl=pl-PL&gl=PL,760,pl
apps.microsoft.com/detail/9wzdncrfhwlh?hl=pl-PL&gl=PL,753,pl
apps.microsoft.com/detail/9nblggh4pnc7?hl=pl-PL&gl=PL,738,pl
apps.microsoft.com/detail/9nblggh6j02v?hl=pl-PL&gl=PL,735,pl
apps.microsoft.com/detail/9p8dfb9fbtw4?hl=pl-PL&gl=PL,734,pl
apps.microsoft.com/detail/9nblggh4qghw?hl=pl-PL&gl=PL,731,pl
apps.microsoft.com/detail/9p0kbkmmh617?hl=pl-PL&gl=PL,725,pl
apps.microsoft.com/detail/9nz370xbfqmg?hl=pl-PL&gl=PL,710,pl
apps.microsoft.com/detail/9nblggh5xhtn?hl=pl-PL&gl=PL,704,pl
apps.microsoft.com/detail/9nvs2mwwb3kz?hl=pl-PL&gl=PL,702,pl
apps.microsoft.com/detail/9n490gv4j2xl?hl=pl-PL&gl=PL,702,pl
apps.microsoft.com/detail/9wzdncrfj26j?hl=pl-PL&gl=PL,701,pl
apps.microsoft.com/detail/9wzdncrfjbmp,700,pl
apps.microsoft.com/detail/9n3847rsrg94?hl=pl-PL&gl=PL,695,pl
apps.microsoft.com/detail/9nq4ql59xlbf?hl=pl-PL&gl=PL,666,pl
apps.microsoft.com/detail/9nsf023x0mqs?hl=pl-PL&gl=PL,648,pl
apps.microsoft.com/detail/9nsh25lt1f9c?hl=pl-PL&gl=PL,646,pl
apps.microsoft.com/detail/9p8cp1l72jxs?hl=pl-PL&gl=PL,614,pl
apps.microsoft.com/detail/9nrx63209r7b?gl=US&hl=pl-PL,614,pl
apps.microsoft.com/detail/9mt44rnlpxxt?hl=pl-PL&gl=PL,609,pl
apps.microsoft.com/detail/9pf4kz2vn4w9?hl=pl-PL&gl=PL,608,pl
apps.microsoft.com/detail/9wzdncrdkrdt?hl=pl-PL&gl=PL,605,pl
apps.microsoft.com/detail/9wzdncrfhw7p?hl=pl-PL&gl=PL,601,pl
apps.microsoft.com/detail/9pktq5699m62?hl=pl-PL&gl=PL,600,pl
apps.microsoft.com/detail/9pfgj25jl6x3?hl=pl-PL&gl=PL,599,pl
apps.microsoft.com/detail/9wzdncrfj27n?hl=pl-PL&gl=PL,595,pl
apps.microsoft.com/detail/xp8lgt18lss4qs?hl=pl-PL&gl=PL,584,pl
apps.microsoft.com/detail/xpdm5vsmtkqlbj?hl=pl-PL&gl=PL,580,pl
apps.microsoft.com/detail/9nl52mb976b3?hl=pl-PL&gl=PL,572,pl
apps.microsoft.com/detail/9nksqgp7f2nh?hl=pl-PL&gl=US,568,pl
apps.microsoft.com/detail/9wzdncrfhwd2?hl=pl-PL&gl=PL,568,pl
apps.microsoft.com/detail/9nx3nfqhd8dx?hl=pl-PL&gl=PL,554,pl
apps.microsoft.com/detail/9mvwbgdfz4zj?hl=pl-PL&gl=PL,550,pl
apps.microsoft.com/detail/9pgzb7t9nc32?hl=pl-PL&gl=PL,550,pl
apps.microsoft.com/detail/9nsntzljhtx4?hl=pl-PL&gl=PL,547,pl
apps.microsoft.com/detail/9np64t9094lb?hl=pl-PL&gl=PL,546,pl
apps.microsoft.com/detail/9wzdncrfj140?hl=en-US&gl=US,539,pl
apps.microsoft.com/detail/9nblggh4twwg?hl=pl-PL&gl=PL,534,pl
apps.microsoft.com/detail/9pfvjcp0zjmn?hl=pl-PL&gl=PL,534,pl
apps.microsoft.com/detail/9mspc6mp8fm4?hl=pl-PL&gl=PL,527,pl
apps.microsoft.com/detail/9ntkgql0hksr?hl=pl-PL&gl=PL,524,pl
apps.microsoft.com/detail/9wzdncrfjbb1?hl=pl-PL&gl=PL,520,pl
apps.microsoft.com/detail/xpffh613w8v6lv?hl=pl-PL&gl=MX,512,pl
apps.microsoft.com/detail/9pfdf2zd4z4n?hl=en-US&gl=US,510,pl
apps.microsoft.com/detail/9wzdncrfj3pz?hl=pl-PL&gl=PL,509,pl
apps.microsoft.com/detail/xp9mk65xpmxwzg?hl=en-US&gl=US,503,pl
apps.microsoft.com/detail/9pkvzcprx9nv?hl=pl-PL&gl=PL,499,pl
apps.microsoft.com/detail/9wzdncrdhktr?hl=pl-PL&gl=TR,492,pl
apps.microsoft.com/detail/9p38d19t7lrv?hl=en-US&gl=US,481,pl
apps.microsoft.com/detail/9wzdncrfj3pv?hl=pl-PL&gl=PL,479,pl
apps.microsoft.com/detail/9n5jspvtdq3l?hl=pl-PL&gl=PL,479,pl
apps.microsoft.com/detail/9pm860492szd?hl=pl-PL&gl=US,476,pl
apps.microsoft.com/detail/9pl3b0vqlqq8?hl=en-US&gl=US,472,pl
apps.microsoft.com/detail/9p23cgtpvnlb?hl=pl-PL&gl=PL,468,pl
apps.microsoft.com/detail/9n6knqc4fxzc?hl=pl-PL&gl=PL,465,pl
apps.microsoft.com/detail/9wzdncrfhvn5?hl=pl-PL&gl=PL,464,pl
apps.microsoft.com/detail/9mzj2zd6qqgf?hl=pl-PL&gl=PL,461,pl
apps.microsoft.com/detail/xpfnzksklbp7rj?hl=pl-PL&gl=SV,460,pl
apps.microsoft.com/detail/9nblggh4z1jc?hl=pl-PL&gl=PL,457,pl
apps.microsoft.com/detail/9wzdncrfj3wl?hl=pl-PL&gl=PL,453,pl
apps.microsoft.com/detail/9nblgggzm6wm?hl=en-US&gl=US,449,pl
apps.microsoft.com/detail/9wzdncrfj3q2?hl=pl-pl&gl=US,439,pl
apps.microsoft.com/detail/9p90zh32k649?hl=pl-PL&gl=PL,435,pl
apps.microsoft.com/detail/9ndg77v80hg5?hl=pl-PL&gl=PL,427,pl
apps.microsoft.com/detail/9n9rsv4f7zr0?hl=en-US&gl=US,424,pl
apps.microsoft.com/detail/9ppr79vx0gdl?hl=pl-PL&gl=PL,419,pl
apps.microsoft.com/detail/9wzdncrfj3pv?hl=pl-PL&gl=US,415,pl
apps.microsoft.com/detail/9pn0v3g6pgh5?hl=en-US&gl=US,410,pl
apps.microsoft.com/detail/9nh55d820xfl?hl=pl-PL&gl=US,405,pl
apps.microsoft.com/detail/9mxpgwnzqvsx?hl=pl-PL&gl=NG,403,pl
apps.microsoft.com/detail/9p0xnf0jhwbv?hl=pl-PL&gl=PL,394,pl
apps.microsoft.com/detail/9pctgdfxvzlj?hl=pl-PL&gl=PL,387,pl
apps.microsoft.com/detail/9wzdncrfhwcp?hl=en-US&gl=US,384,pl
apps.microsoft.com/detail/9mz95kl8mr0l?hl=pl-PL&gl=PL,383,pl
apps.microsoft.com/detail/9ndg77v80hg5?hl=pl-PL&gl=PT,381,pl
apps.microsoft.com/detail/9ndqhf16bd4s?hl=pl-PL&gl=PL,380,pl
apps.microsoft.com/detail/9nblggh3vrmz?hl=pl-PL&gl=US,378,pl
apps.microsoft.com/detail/9p7bv5h5nsd3?hl=pl-PL&gl=PL,378,pl
apps.microsoft.com/detail/9pmmsr1cgpwg?hl=en-US&gl=US,375,pl
apps.microsoft.com/detail/xp9b0bh6t8z7kz?hl=en-US&gl=US,372,pl
apps.microsoft.com/detail/9np56ft9j0fp,363,pl
apps.microsoft.com/detail/9wzdncrfj3pz,360,pl
apps.microsoft.com/detail/9nkcvmf39wb2?hl=pl-PL&gl=PL,356,pl
apps.microsoft.com/detail/9pc3h3v7q9ch?hl=pl-PL&gl=PL,351,pl
apps.microsoft.com/detail/9msmlrh6lzf3?hl=pl-PL&gl=PL,349,pl
apps.microsoft.com/detail/9wzdncrdjfj1?hl=pl-PL&gl=PL,349,pl
apps.microsoft.com/detail/xp8k4rgx25g3gm?hl=en-US&gl=US,346,pl
apps.microsoft.com/detail/9nwn2l7ncwlx?hl=pl-PL&gl=PL,340,pl
apps.microsoft.com/detail/xpdbz4mprknn30?hl=pl-PL&gl=PL,336,pl
apps.microsoft.com/detail/9wzdncrfjbh4?hl=pl-PL,333,pl
apps.microsoft.com/detail/9ng1h8b3zc7m?hl=pl-PL&gl=PL,332,pl
apps.microsoft.com/detail/9n4jh8ngjr9b?hl=pl-PL&gl=PL,330,pl
apps.microsoft.com/detail/9nt1r1c2hh7j?hl=pl-PL&gl=PL,330,pl
apps.microsoft.com/detail/9nm5764dbppg?hl=pl-PL&gl=PL,330,pl
apps.microsoft.com/detail/9nn6g50qnl1h?hl=pl-PL&gl=PL,327,pl
apps.microsoft.com/detail/9nv0b9m1vkwr?hl=pl-PL&gl=PL,325,pl
apps.microsoft.com/detail/xpfd4t9n395qn6?hl=en-US&gl=US,321,pl
apps.microsoft.com/detail/9mz95kl8mr0l?hl=en-US&gl=US,319,pl
apps.microsoft.com/detail/9pgn2lvkn2zr?hl=pl-PL&gl=PL,318,pl
apps.microsoft.com/detail/9wzdncrdcr1w?hl=pl-PL&gl=PL,316,pl
apps.microsoft.com/detail/9pjqmzhp6303?hl=pl-PL&gl=PL,314,pl
apps.microsoft.com/detail/9nmzlz57r3t7?hl=en-US&gl=US,311,pl
apps.microsoft.com/detail/9wzdncrdh6mc?hl=pl-PL&gl=MQ,310,pl
apps.microsoft.com/detail/xpfm5p5kdwf0jp?hl=pl-PL&gl=PL,310,pl
apps.microsoft.com/detail/9wzdncrfjcj3?hl=pl-PL&gl=PL,308,pl
apps.microsoft.com/detail/9pm5vm1s3vmq?hl=pl-PL&gl=PL,308,pl
apps.microsoft.com/detail/9wzdncrfj3b4?hl=pl-PL&gl=PL,305,pl
apps.microsoft.com/detail/9nrx63209r7b,304,pl
apps.microsoft.com/detail/xp8k4rgx25g3gm?hl=pl-PL&gl=PL,301,pl
apps.microsoft.com/detail/9mwd59czj1rn?hl=pl-PL&gl=PL,301,pl
apps.microsoft.com/detail/9pczqv8jhw13?hl=pl-PL&gl=PL,300,pl
apps.microsoft.com/detail/9phnb71mkr4j?hl=en-US&gl=US,300,pl
apps.microsoft.com/detail/9ns3rbq5hv5f?hl=en-US&gl=US,300,pl
apps.microsoft.com/detail/9nc0m2cl08q4?hl=en-US&gl=US,299,pl
apps.microsoft.com/detail/9nzvdkpmr9rd?hl=pl-PL&gl=PL,298,pl
apps.microsoft.com/detail/9wzdncrfjb3d?hl=pl-PL&gl=PL,297,pl
apps.microsoft.com/detail/9nwgfnb0lkgj?hl=pl-PL&gl=LT,297,pl
apps.microsoft.com/detail/9nblggh094mm?hl=pl-PL&gl=PL,296,pl
apps.microsoft.com/detail/9nksqgp7f2nh?hl=es-ES&gl=ES,314,mx
apps.microsoft.com/detail/9nlvzbz2wz28?hl=es-MX&gl=MX,14,mx
apps.microsoft.com/detail/9nblggh1zrpv?hl=en-US&gl=US,99,mx
apps.microsoft.com/detail/9wzdncrfj2wl?hl=es-MX&gl=MX,92,mx
apps.microsoft.com/detail/9wzdncrfj140?hl=en-US&gl=US,81,mx
apps.microsoft.com/detail/9n1sv6841f0b?hl=es-mx&gl=MX,16,mx
apps.microsoft.com/detail/9nblggh5l9xt?hl=es-ES&gl=ES,9,mx
apps.microsoft.com/detail/9pc3h3v7q9ch?hl=es-MX&gl=MX,67,mx
apps.microsoft.com/detail/9n9tzxcpz5kj?hl=es-ad&gl=AD,64,mx
apps.microsoft.com/detail/9nblggh3vrmz?hl=es-MX&gl=MX,95,mx
apps.microsoft.com/detail/9mvvszk43qqw?hl=es-MX&gl=MX,147,mx
apps.microsoft.com/detail/9p59cckx7c5x?hl=es-MX&gl=MX,24,mx
apps.microsoft.com/detail/9pktq5699m62,1,mx
apps.microsoft.com/detail/9pfdf2zd4z4n?hl=es-ES&gl=US,20,mx
apps.microsoft.com/detail/9nksqgp7f2nh?hl=es-MX&gl=MX,65,mx
apps.microsoft.com/detail/xp8lgt18lss4qs?hl=es-ES&gl=US,15,mx
apps.microsoft.com/detail/xpdp273c0xhqh2?hl=es-ES&gl=US,5,mx
apps.microsoft.com/detail/9pfhdsf91b9r,1,mx
apps.microsoft.com/detail/xp8k17rnmm8mtn?hl=en-US&gl=US,5,mx
apps.microsoft.com/detail/9nblgggzpjk5?hl=es-MX&gl=MX,4,mx
apps.microsoft.com/detail/9pb2mz1zmb1s?hl=es-MX&gl=MX,659,mx
apps.microsoft.com/detail/9mvfq4lmz6c9?hl=es-MX&gl=MX,982,mx
apps.microsoft.com/detail/xpfd4t9n395qn6?hl=es-ES&gl=US,941,mx
apps.microsoft.com/detail/9wzdncrfj26j?hl=es-MX&gl=MX,939,mx
apps.microsoft.com/detail/9p41lgtq6b0k?hl=es-ES&gl=UY,934,mx
apps.microsoft.com/detail/xp9ckphr0jp7f7?hl=es-MX&gl=MX,916,mx
apps.microsoft.com/detail/9n4jbjnfzc1l?hl=en-US&gl=US,909,mx
apps.microsoft.com/detail/9wzdncrfj3b4?hl=es-MX&gl=MX,908,mx
apps.microsoft.com/detail/9pf5mhwvw6kj?hl=es-MX&gl=MX,905,mx
apps.microsoft.com/detail/9nksqgp7f2nh?hl=es-ES,867,mx
apps.microsoft.com/detail/9nxqxxlfst89?hl=es-MX&gl=US,865,mx
apps.microsoft.com/detail/9wzdncrfj2wl?hl=en-US&gl=US,864,mx
apps.microsoft.com/detail/xpfft31d40mgfq?hl=es-ES&gl=US,853,mx
apps.microsoft.com/detail/9nvq1xkbd62b?hl=es-ES&gl=AR,835,mx
apps.microsoft.com/detail/9pfhdd62mxs1,818,mx
apps.microsoft.com/detail/9wzdncrfj3tt?hl=es-MX&gl=US,817,mx
apps.microsoft.com/detail/9nt8kfp56z2c?hl=es-cl&gl=CL,816,mx
apps.microsoft.com/detail/9nh2gph4jzs4?hl=en-US&gl=US,814,mx
apps.microsoft.com/detail/9wzdncrfjcbv?hl=es-MX&gl=MX,814,mx
apps.microsoft.com/detail/9p94lh3q1cp5?hl=en-US&gl=US,812,mx
apps.microsoft.com/detail/9n95hxkkk3sh?hl=es-MX&gl=MX,807,mx
apps.microsoft.com/detail/9wzdncrdh3d2?hl=es-MX&gl=MX,770,mx
apps.microsoft.com/detail/9n1znfmt0zf5?hl=es-MX,756,mx
apps.microsoft.com/detail/9wzdncrfj3tj?hl=es-MX&gl=MX,753,mx
apps.microsoft.com/detail/9nblggh67wlk?hl=es-MX&gl=MX,740,mx
apps.microsoft.com/detail/9n95hxkkk3sh?hl=es-MX&gl=US,732,mx
apps.microsoft.com/detail/9n1v324p6vb5?hl=es-MX&gl=MX,731,mx
apps.microsoft.com/detail/9pdm1lnd59f2?hl=es-MX&gl=MX,707,mx
apps.microsoft.com/detail/9nsp5n3b7q32?hl=es-MX&gl=MX,681,mx
apps.microsoft.com/detail/9pb359dqfjn6?hl=es-MX&gl=MX,669,mx
apps.microsoft.com/detail/9nt8kfp56z2c?hl=es-ES&gl=CL,647,mx
apps.microsoft.com/detail/9pf4kz2vn4w9?hl=es-MX&gl=MX,631,mx
apps.microsoft.com/detail/9wzdncrf0083?hl=es-MX&gl=MX,605,mx
apps.microsoft.com/detail/9n9tzxcpz5kj?hl=es-MX&gl=MX,602,mx
apps.microsoft.com/detail/9nld0z3ckw9l?hl=es-ES&gl=CL,576,mx
apps.microsoft.com/detail/9nblggh18846?hl=en-US&gl=US,558,mx
apps.microsoft.com/detail/9pfhdd62mxs1?hl=es-ES,551,mx
apps.microsoft.com/detail/9nblggh201p7?hl=es-MX&gl=MX,541,mx
apps.microsoft.com/detail/xp8bz39v4j50xj?hl=es-ES&gl=US,531,mx
apps.microsoft.com/detail/9nrx63209r7b?hl=es-ES&gl=US,527,mx
apps.microsoft.com/detail/9nblggh1k46h?hl=es-ES&gl=ES,519,mx
apps.microsoft.com/detail/xpfnzksklbp7rj?hl=es-ES&gl=US,511,mx
apps.microsoft.com/detail/9pfgj25jl6x3?hl=en-US&gl=US,503,mx
apps.microsoft.com/detail/9nblggh4x6t9?hl=es-MX&gl=MX,500,mx
apps.microsoft.com/detail/9mz95kl8mr0l,494,mx
apps.microsoft.com/detail/9pfhdsf91b9r?hl=es-MX&gl=MX,486,mx
apps.microsoft.com/detail/9p8569j9gb3s?hl=es-ES&gl=BO,486,mx
apps.microsoft.com/detail/9n74nhxch1n6?hl=es-ES&gl=ES,475,mx
apps.microsoft.com/detail/9wzdncrfhvn5?hl=es-MX&gl=MX,471,mx
apps.microsoft.com/detail/9ntpjw96tsc0?hl=es-mx&gl=US,461,mx
apps.microsoft.com/detail/xpfckbrnfzq62g?hl=en-US&gl=US,457,mx
apps.microsoft.com/detail/9nksqgp7f2nh?hl=es-es,456,mx
apps.microsoft.com/detail/9n1sv6841f0b?hl=es-MX&gl=MX,455,mx
apps.microsoft.com/detail/9plmx2tccqwc?hl=es-ES&gl=US,452,mx
apps.microsoft.com/detail/9pbb7zndp5nr?hl=es-MX&gl=MX,451,mx
apps.microsoft.com/detail/9np83lwlpz9k,448,mx
apps.microsoft.com/detail/9nblggh5l9xt?hl=es-ES&gl=BG,446,mx
apps.microsoft.com/detail/xpfd4t9n395qn6?hl=es-ES,441,mx
apps.microsoft.com/detail/9pp3c07gtvrh?hl=es-MX&gl=MX,438,mx
apps.microsoft.com/detail/9nblggh1cq7l?hl=es-MX&gl=US,438,mx
apps.microsoft.com/detail/9wzdncrfj3tj?hl=es-ES&gl=ES,437,mx
apps.microsoft.com/detail/9nnx1vvr3knq?hl=es-MX&gl=MX,435,mx
apps.microsoft.com/detail/xpdm4zr5kj9jn9?hl=es-cl&gl=CL,434,mx
apps.microsoft.com/detail/9nk4t08dhq80?hl=es-MX&gl=MX,429,mx
apps.microsoft.com/detail/9wzdncrdv0l0?hl=es-MX&gl=MX,422,mx
apps.microsoft.com/detail/9pcfs5b6t72h?hl=es-MX&gl=MX,417,mx
apps.microsoft.com/detail/9mzvh31zvmv4?hl=en-US&gl=US,413,mx
apps.microsoft.com/detail/9nbdxk71nk08?hl=es-ES&gl=CO,403,mx
apps.microsoft.com/detail/9mwqv1sjrstx?hl=es-ES&gl=ES,396,mx
apps.microsoft.com/detail/9phwfpc0rf08?hl=es-ES&gl=GQ,396,mx
apps.microsoft.com/detail/9mvfq4lmz6c9?hl=es-ES,394,mx
apps.microsoft.com/detail/9p5hj3zqf3j8?hl=es-MX&gl=MX,393,mx
apps.microsoft.com/detail/9ncbcszsjrsb?hl=es-MX&gl=MX,390,mx
apps.microsoft.com/detail/xp8k4rgx25g3gm?hl=es-ES&gl=US,387,mx
apps.microsoft.com/detail/9phnb71mkr4j?hl=en-US&gl=US,386,mx
apps.microsoft.com/detail/xpff8q4zp7q321?hl=es-ar&gl=ar,384,mx
apps.microsoft.com/detail/9phc48p58nb2?hl=es-MX&gl=MX,380,mx
apps.microsoft.com/detail/xp9kn75rrb9nhs?hl=es-ES&gl=DO,379,mx
apps.microsoft.com/detail/9pk8j8rz7xqc?hl=es-ES&gl=AR,378,mx
apps.microsoft.com/detail/9nblggh4rsd8?hl=es-MX&gl=MX,376,mx
apps.microsoft.com/detail/9pn9b16njk3j?hl=es-cl&gl=CL,373,mx
apps.microsoft.com/detail/9nblggh1dss5?hl=es-MX&gl=MX,370,mx
apps.microsoft.com/detail/9p3l4zvw8vdf?hl=es-MX&gl=MX,369,mx
apps.microsoft.com/detail/9wzdncrfj140?hl=es-ES&gl=US,368,mx
apps.microsoft.com/detail/shareit-2023/xpfcdmx67w9pxl?hl=es-MX,360,mx
apps.microsoft.com/detail/9p6qsq5ph9kr?hl=es-MX&gl=MX,357,mx
apps.microsoft.com/detail/9nblggh68ln4?hl=es-MX&gl=MX,356,mx
apps.microsoft.com/detail/9wzdncrfj3pv?hl=es-cl&gl=CL,355,mx
apps.microsoft.com/detail/9wzdncrfj3pt?hl=es-MX&gl=MX,355,mx
apps.microsoft.com/detail/9nb59jxd44k1?hl=es-MX&gl=MX,352,mx
apps.microsoft.com/detail/9p59cckx7c5x?hl=es-ES&gl=CL,346,mx
apps.microsoft.com/detail/9nksqgp7f2nh?hl=es-ES&gl=AR,344,mx
apps.microsoft.com/detail/9nksqgp7f2nh?hl=es-ES&gl=DO,344,mx
apps.microsoft.com/detail/9nrrjllxm68v?hl=es-MX&gl=MX,339,mx
apps.microsoft.com/detail/xpdbw109bt0d89?hl=es-MX&gl=MX,336,mx
apps.microsoft.com/detail/9mt9t93g2cnt?hl=es-MX&gl=MX,331,mx
apps.microsoft.com/detail/9mw0sfb8bt12?hl=es-hn&gl=HN,330,mx
apps.microsoft.com/detail/9n0f02h4zbvn?hl=es-ES&gl=CL,324,mx
apps.microsoft.com/detail/9p8569j9gb3s?hl=es-MX&gl=VN,314,mx
apps.microsoft.com/detail/9nblgggzm6wm?hl=es-MX&gl=MX,314,mx
apps.microsoft.com/detail/9nftnppz33tq?hl=es-MX&gl=MX,313,mx
apps.microsoft.com/detail/9pktq5699m62?hl=es-ES,313,mx
apps.microsoft.com/detail/9p0zg99gmttm?hl=es-MX&gl=MX,312,mx
apps.microsoft.com/detail/9wzdncrfhwkn?hl=es-MX&gl=MX,312,mx
apps.microsoft.com/detail/xpfftq037jwmhs?hl=es-ES&gl=US,306,mx
apps.microsoft.com/detail/9nwgfnb0lkgj?hl=es-ES&gl=CO,306,mx
apps.microsoft.com/detail/xp8jnqfbqh6pvf,301,mx
apps.microsoft.com/detail/9pp4p1r40xz2?hl=es-MX&gl=MX,301,mx
apps.microsoft.com/detail/9n99cc8sk8g5?hl=es-ES&gl=VN,300,mx
apps.microsoft.com/detail/xpdp273c0xhqh2?hl=es-MX&gl=MX,297,mx
apps.microsoft.com/detail/9p60780h62k9?hl=es-ES,297,mx
apps.microsoft.com/detail/9N63DND1JHV0?hl=es-MX&gl=GB,297,mx
apps.microsoft.com/detail/9wzdncrfj443?hl=es-MX&gl=MX,292,mx
apps.microsoft.com/detail/9np64t9094lb?hl=es-ES&gl=ES,288,mx
apps.microsoft.com/detail/9wzdncrfj15t?hl=es-MX&gl=MX,286,mx
apps.microsoft.com/detail/9wzdncrfj3tt?hl=es-ES&gl=AR,285,mx
apps.microsoft.com/detail/9nlpd7h682qc?hl=es-ES&gl=GQ,283,mx
apps.microsoft.com/detail/9mt9t93g2cnt?hl=en-US&gl=US,283,mx
apps.microsoft.com/detail/xpdnxdpxbrsvxt?hl=es-ES&gl=US,282,mx
apps.microsoft.com/detail/xpdm5vsmtkqlbj?hl=es-MX&gl=MX,281,mx
apps.microsoft.com/detail/9wzdncrfj0pr?hl=es-MX&gl=MX,281,mx
apps.microsoft.com/detail/9pd7lhct26m8?hl=es-MX&gl=MX,280,mx
apps.microsoft.com/detail/9n3j2k8w2f0c,278,mx
apps.microsoft.com/detail/9wzdncrfj3pz?hl=en-US&gl=US,277,mx
apps.microsoft.com/detail/xp8jrf5sxv03zm?hl=es-MX&gl=US,277,mx
apps.microsoft.com/detail/9wzdncrfhw7p?hl=es-MX&gl=MX,274,mx
apps.microsoft.com/detail/9pmftj829h4j?hl=es-MX&gl=MX,273,mx
apps.microsoft.com/detail/9mt1tmwc3rc5?hl=en-US&gl=US,271,mx
apps.microsoft.com/detail/9nfwlgxvr2kw?hl=es-MX&gl=MX,270,mx
apps.microsoft.com/detail/9wzdncrfjbbg?hl=es-MX&gl=MX,261,mx
apps.microsoft.com/detail/9pf9rtkmmq69?hl=es-pa&gl=PA,256,mx
apps.microsoft.com/detail/xp99vr1bpsbqj2?hl=es-ES&gl=US,253,mx
apps.microsoft.com/detail/xp8k4rgx25g3gm?hl=es-ES,253,mx
apps.microsoft.com/detail/9p2rnw4jvzgl?hl=es-MX&gl=TR,252,mx
apps.microsoft.com/detail/9njp3ph1hxl6?hl=es-MX&gl=MX,252,mx
apps.microsoft.com/detail/xpdm24hmt29wss?hl=es-MX&gl=MX,251,mx
apps.microsoft.com/detail/9nrv2p37thp1?hl=es-ES&gl=CL,251,mx
apps.microsoft.com/detail/9mznnr2p8x21?hl=es-MX&gl=MX,247,mx
apps.microsoft.com/detail/9ndg77v80hg5?hl=es-ES&gl=ES,245,mx
apps.microsoft.com/detail/9p94lh3q1cp5?hl=es-ES&gl=ES,244,mx
apps.microsoft.com/detail/xpfp0g0v147h6d?hl=es-pr&gl=pr,244,mx
apps.microsoft.com/detail/9p1cwc6r006k?hl=es-MX&gl=MX,242,mx
apps.microsoft.com/detail/9nk6zkx5tv0g?hl=es-MX&gl=MX,236,mx
apps.microsoft.com/detail/9wzdncrfhwkn?hl=es-ES&gl=CL,231,mx
apps.microsoft.com/detail/9ncm9g241flw?hl=es-MX&gl=MX,230,mx
apps.microsoft.com/detail/9wzdncrfj3pv?hl=es-MX&gl=MX,226,mx
apps.microsoft.com/detail/9pcll1smmcv3?hl=es-ES&gl=AR,226,mx
apps.microsoft.com/detail/9nv258h2b565?hl=es-MX&gl=MX,225,mx
apps.microsoft.com/detail/9pp9gzm2gn26?hl=es-MX&gl=MX,225,mx
apps.microsoft.com/detail/9nblggh0brqz?hl=es-MX&gl=MX,223,mx
apps.microsoft.com/detail/9nxsnrcttjpb?hl=es-ES&gl=CL,222,mx
apps.microsoft.com/detail/9nms233vm4z9?hl=es-MX&gl=MX,217,mx
apps.microsoft.com/detail/xpfd4t9n395qn6?hl=en-US&gl=US,215,mx
apps.microsoft.com/detail/9nnvf7xck4mp?hl=es-MX&gl=MX,212,mx
apps.microsoft.com/detail/9ncbcszsjrsb?hl=es-MX&gl=US,211,mx
apps.microsoft.com/detail/9wzdncrfj2wl?hl=es-ES&gl=AQ,211,mx
apps.microsoft.com/detail/9n96mttszr1p?hl=es-MX&gl=MX,208,mx
apps.microsoft.com/detail/xp8bsbgqw2dks0?hl=es-ES&gl=US,208,mx
apps.microsoft.com/detail/xpfcwp0sqwxm3v?hl=es-ES&gl=KZ,207,mx
apps.microsoft.com/detail/xpfm3g4m1m0qq7?hl=en-US&gl=US,32,ph
apps.microsoft.com/detail/9nczp3ms96sp,12,ph
apps.microsoft.com/detail/xpfcxhj2zbxfvr?hl=en-gb&gl=ID,116,ph
apps.microsoft.com/detail/9wzdncrfj2wl?hl=en-US&gl=US,15,ph
apps.microsoft.com/detail/xpfm2k6gpv72cr?hl=en-US&gl=US,20,ph
apps.microsoft.com/detail/9wzdncrfj140?hl=ja-JP&gl=JP,112,jp
apps.microsoft.com/detail/9wzdncrfj3pt?hl=ja-JP&gl=JP,24,jp
apps.microsoft.com/detail/9pfhdsf91b9r?hl=ja-JP&gl=JP,62,jp
apps.microsoft.com/detail/xpfcc4cd725961?hl=ja-JP&gl=JP,139,jp
apps.microsoft.com/detail/9n6xlptqqp26?hl=ja-JP&gl=JP,264,jp
apps.microsoft.com/detail/9wzdncrfjcjg?hl=ja-JP&gl=JP,133,jp
apps.microsoft.com/detail/9n1znfmt0zf5?hl=ja-JP&gl=JP,387,jp
apps.microsoft.com/detail/9wzdncrfj3tj?hl=ja-JP&gl=JP,62,jp
apps.microsoft.com/detail/9pktq5699m62?hl=ja-JP&gl=JP,95,jp
apps.microsoft.com/detail/9nrx63209r7b?hl=ja-JP&gl=US,113,jp
apps.microsoft.com/detail/9wzdncrfj23m?hl=ja-JP&gl=JP,1,jp
apps.microsoft.com/detail/9pb2mz1zmb1s?hl=ja-JP&gl=JP,6,jp
apps.microsoft.com/detail/9p6rc76msmmj?hl=ja-JP&gl=JP,6,jp
apps.microsoft.com/detail/9pd88qb3bgkn?hl=ja-JP&gl=JP,26,jp
apps.microsoft.com/detail/9wzdncrfjbh4?hl=ja-JP&gl=JP,145,jp
apps.microsoft.com/detail/9nblggh5g47v?hl=ja-JP&gl=JP,33,jp
apps.microsoft.com/detail/9np83lwlpz9k?hl=ja-JP&gl=JP,13,jp
apps.microsoft.com/detail/9wzdncrfjbbg?hl=ja-JP&gl=JP,58,jp
apps.microsoft.com/detail/9nblggh4twwg?hl=ja-JP&gl=JP,166,jp
apps.microsoft.com/detail/9nblggh33n0n?hl=ja-JP&gl=JP,30,jp
apps.microsoft.com/detail/9n6xlptqqp26?cid=msft_web_chart&hl=ja-JP&gl=MM,58,jp
apps.microsoft.com/detail/9wzdncrfhvn5?hl=ja-JP&gl=JP,3,jp
apps.microsoft.com/detail/xpfph0vx6l1hkc?hl=zh-CN&gl=CN,1,jp
apps.microsoft.com/detail/xp8k4rgx25g3gm?hl=ja-JP&gl=JP,142,jp
apps.microsoft.com/detail/9mx6zkjqdm5c?hl=ja-JP&gl=JP,28,jp
apps.microsoft.com/detail/9nblggh1ns9l?hl=ja-JP&gl=JP,39,jp
apps.microsoft.com/detail/9nbfmm45tjpt?hl=ja-JP&gl=JP,73,jp
apps.microsoft.com/detail/9pfhdd62mxs1?hl=ja-JP&gl=US,20,jp
apps.microsoft.com/detail/9wzdncrfhwkn?hl=ja-JP&gl=JP,1,jp
apps.microsoft.com/detail/9pgzkjc81q7j?hl=ja-JP&gl=JP,25,jp
apps.microsoft.com/detail/9wzdncrdmkb9?hl=ja-JP&gl=US,17,jp
apps.microsoft.com/detail/9pfdf2zd4z4n?hl=ja-JP&gl=JP,61,jp
apps.microsoft.com/detail/9nblggh516xp?hl=ja-JP&gl=JP,82,jp
apps.microsoft.com/detail/xp8ldqxh2db64z?hl=en-US&gl=CN,28,jp
apps.microsoft.com/detail/9nt1r1c2hh7j?hl=ja-JP&gl=JP,21,jp
apps.microsoft.com/detail/xp9k178l5g0jq0?hl=ja-JP&gl=JP,1,jp
apps.microsoft.com/detail/xpdp273c0xhqh2?hl=ja-JP&gl=JP,29,jp
apps.microsoft.com/detail/xpffh613w8v6lv?hl=ja-JP&gl=JP,77,jp
apps.microsoft.com/detail/9nlvzbz2wz28?hl=ja-JP&gl=JP,24,jp
apps.microsoft.com/detail/9wzdncrfj140?hl=en-US&gl=US,15,jp
apps.microsoft.com/detail/9pb2mz1zmb1s?hl=ja-JP&gl=US,999,jp
apps.microsoft.com/detail/9wzdncrdr0sf?hl=ja-JP&gl=JP,997,jp
apps.microsoft.com/detail/9nh2gph4jzs4?hl=ja-JP&gl=US,952,jp
apps.microsoft.com/detail/9nk4t08dhq80?hl=ja-JP&gl=JP,916,jp
apps.microsoft.com/detail/9p96v8npgrww?hl=ja-JP&gl=JP,913,jp
apps.microsoft.com/detail/9nblggh4trm4?hl=ja-JP&gl=JP,898,jp
apps.microsoft.com/detail/9pfhdd62mxs1?hl=ja-JP&gl=JP,852,jp
apps.microsoft.com/detail/9nblggh4z1jc?hl=ja-JP&gl=JP,847,jp
apps.microsoft.com/detail/9wzdncrdjfj1?hl=ja-JP&gl=JP,845,jp
apps.microsoft.com/detail/9ndjq0j8ksdz?hl=ja-JP&gl=JP,839,jp
apps.microsoft.com/detail/9nksqgp7f2nh?hl=ja-JP&gl=JP,837,jp
apps.microsoft.com/detail/9mvvszk43qqw?hl=ja-JP&gl=JP,831,jp
apps.microsoft.com/detail/9pktq5699m62?hl=ja-JP&gl=US,817,jp
apps.microsoft.com/detail/9pnsjclxdz0v?hl=ja-JP&gl=JP,802,jp
apps.microsoft.com/detail/9n74nhxch1n6?hl=ja-JP&gl=JP,793,jp
apps.microsoft.com/detail/9wzdncrfhwcn?hl=ja-JP&gl=JP,793,jp
apps.microsoft.com/detail/9n7vwlb69xzg?hl=zh-CN&gl=CN,790,jp
apps.microsoft.com/detail/9pfgj25jl6x3?hl=ja-JP&gl=JP,787,jp
apps.microsoft.com/detail/9nw33j738bl0?hl=ja-JP&gl=JP,778,jp
apps.microsoft.com/detail/9nms233vm4z9?hl=ja-JP&gl=JP,773,jp
apps.microsoft.com/detail/9p5b4k2g6d2h?hl=ja-JP&gl=JP,741,jp
apps.microsoft.com/detail/9pcfs5b6t72h?hl=ja-JP&gl=JP,728,jp
apps.microsoft.com/detail/9ndxxqrg4pl8?hl=ja-JP&gl=JP,725,jp
apps.microsoft.com/detail/xpdc2rh70k22mn?hl=ja-JP&gl=JP,717,jp
apps.microsoft.com/detail/xpfckbrnfzq62g?hl=ja-JP&gl=JP,716,jp
apps.microsoft.com/detail/9wzdncrfj3pv?hl=ja-JP&gl=JP,703,jp
apps.microsoft.com/detail/9pn9b16njk3j?hl=ja-JP&gl=JP,675,jp
apps.microsoft.com/detail/9wzdncrdfllf?hl=ja-JP&gl=JP,664,jp
apps.microsoft.com/detail/XPDP264X2DK8NB?hl=ja-JP&gl=BZ,659,jp
apps.microsoft.com/detail/9nv4bs3l1h4s?hl=ja-JP&gl=JP,657,jp
apps.microsoft.com/detail/9pmmsr1cgpwg?hl=ja-JP&gl=JP,639,jp
apps.microsoft.com/detail/9pkvzcprx9nv?hl=ja-JP&gl=JP,630,jp
apps.microsoft.com/detail/9wzdncrfj26j?hl=ja-JP&gl=JP,624,jp
apps.microsoft.com/detail/xpdm1zw6815mqm?hl=ja-JP&gl=JP,624,jp
apps.microsoft.com/detail/9pl3b0vqlqq8?hl=ja-JP&gl=JP,605,jp
apps.microsoft.com/detail/9nclg0q5stlw?hl=ja-JP&gl=JP,605,jp
apps.microsoft.com/detail/9nztwsqntd0s?hl=ja-JP&gl=US,585,jp
apps.microsoft.com/detail/xp99j3kp4xz4vv?hl=ja-JP&gl=JP,580,jp
apps.microsoft.com/detail/xpdm4zr5kj9jn9?hl=ja-JP&gl=BE,578,jp
apps.microsoft.com/detail/xp99vr1bpsbqj2?hl=ja-JP&gl=JP,576,jp
apps.microsoft.com/detail/9wzdncrfhwqt?hl=ja-JP&gl=JP,570,jp
apps.microsoft.com/detail/9nblggh4vvnh?hl=ja-JP&gl=JP,562,jp
apps.microsoft.com/detail/9phmb3wjhr9v?hl=ja-JP&gl=JP,560,jp
apps.microsoft.com/detail/xp8k0j757hhrdw?hl=ja-JP&gl=JP,559,jp
apps.microsoft.com/detail/9wzdncrfj3pr?hl=ja-JP&gl=JP,558,jp
apps.microsoft.com/detail/9msmlrh6lzf3?hl=ja-JP&gl=US,541,jp
apps.microsoft.com/detail/9nblggh1cq7l?hl=ja-JP&gl=US,540,jp
apps.microsoft.com/detail/9nmzlz57r3t7?hl=ja-JP&gl=US,536,jp
apps.microsoft.com/detail/9mvzqvxjbq9v?hl=ja-JP&gl=JP,532,jp
apps.microsoft.com/detail/9p2htzq722v3?hl=ja-JP&gl=JP,526,jp
apps.microsoft.com/detail/9msmlrh6lzf3?hl=ja-JP,521,jp
apps.microsoft.com/detail/9nw5lpnvwfwj?hl=ja-JP&gl=JP,515,jp
apps.microsoft.com/detail/9nkcvmf39wb2?hl=ja-JP&gl=JP,510,jp
apps.microsoft.com/detail/xpdm1zw6815mqm?hl=ja-jp&gl=JP,505,jp
apps.microsoft.com/detail/9nblggh4rsd8?hl=ja-JP&gl=JP,499,jp
apps.microsoft.com/detail/xpfp2fnwz0s445?hl=zh-CN&gl=CN,495,jp
apps.microsoft.com/detail/9nrzc2w6rc1w?hl=ja-JP&gl=JP,494,jp
apps.microsoft.com/detail/9mv7690m8f5n?hl=ja-JP&gl=JP,486,jp
apps.microsoft.com/detail/9p4clt2rj1rs?hl=ja-JP&gl=JP,486,jp
apps.microsoft.com/detail/9p9rb7zf49xk?hl=ja-JP&gl=JP,481,jp
apps.microsoft.com/detail/9wzdncrfj3l1?hl=ja-jp&gl=US,481,jp
apps.microsoft.com/detail/9wzdncrd29v9?hl=ja-JP&gl=JP,479,jp
apps.microsoft.com/detail/9nbfmm45tjpt?hl=ja-jp,476,jp
apps.microsoft.com/detail/xpdnhw3fx6hw29?hl=zh-CN&gl=CN,470,jp
apps.microsoft.com/detail/9msmlrh6lzf3?hl=ja-JP&gl=JP,470,jp
apps.microsoft.com/detail/9n1fcfq6p5lw?hl=ja-JP&gl=JP,470,jp
apps.microsoft.com/detail/xpdf3k0szrkrpj?hl=ja-JP&gl=JP,464,jp
apps.microsoft.com/detail/9pkdhbk23nhv?hl=ja-JP&gl=JP,452,jp
apps.microsoft.com/detail/9nblggh30xj3?hl=ja-JP&gl=JP,451,jp
apps.microsoft.com/detail/9p6rc76msmmj?hl=ja-JP&gl=KY,451,jp
apps.microsoft.com/detail/9nw123z6n9zb?hl=ja-JP&gl=JP,444,jp
apps.microsoft.com/detail/9p59cckx7c5x?hl=ja-JP&gl=GE,444,jp
apps.microsoft.com/detail/9pp6zx5bzdwv?hl=ja-JP&gl=JP,440,jp
apps.microsoft.com/detail/9pb2mz1zmb1s?hl=ja-JP&gl=GY,439,jp
apps.microsoft.com/detail/9ns3rbq5hv5f?hl=ja-JP&gl=JP,435,jp
apps.microsoft.com/detail/9p24z53hc1jr?hl=ja-JP&gl=JP,434,jp
apps.microsoft.com/detail/9nblggh1zrpv?hl=ja-JP&gl=US,434,jp
apps.microsoft.com/detail/9npt29llzgh1?hl=en-US&gl=US,432,jp
apps.microsoft.com/detail/xpdc1xz6vn4ml5?hl=zh-CN&gl=CN,425,jp
apps.microsoft.com/detail/9nfzsnd3lppn?hl=ja-JP&gl=JP,424,jp
apps.microsoft.com/detail/9wzdncrdx00n?hl=ja-JP&gl=JP,419,jp
apps.microsoft.com/detail/9njnww8pvkmn?hl=ja-JP&gl=JP,413,jp
apps.microsoft.com/detail/9pf4kz2vn4w9?hl=ja-JP&gl=JP,413,jp
apps.microsoft.com/detail/9ng28bzx6wr8?hl=ja-JP&gl=JP,412,jp
apps.microsoft.com/detail/9pcjj4nvg0nz?hl=en-US&gl=US,407,jp
apps.microsoft.com/detail/9n8c4qwnq58z?hl=ja-JP&gl=JP,405,jp
apps.microsoft.com/detail/9wzdncrfjctk?hl=ja-JP&gl=JP,405,jp
apps.microsoft.com/detail/9nxbfx83vgsf?hl=ja-JP&gl=US,405,jp
apps.microsoft.com/detail/xp8k85ljdqmmm6?hl=zh-CN&gl=CN,405,jp
apps.microsoft.com/detail/xpdc2rh70k22mn?hl=ja-JP&gl=ML,403,jp
apps.microsoft.com/detail/9pgm3qb3pdrd?hl=ja-JP&gl=JP,396,jp
apps.microsoft.com/detail/9n8gpb2tk8gb?hl=ja-JP&gl=JP,394,jp
apps.microsoft.com/detail/9nzvdkpmr9rd?hl=ja-JP&gl=JP,387,jp
apps.microsoft.com/detail/xpdf9vl4d5xr9w?hl=ja-JP&gl=JP,387,jp
apps.microsoft.com/detail/9pf9rtkmmq69?hl=ja-JP&gl=JP,384,jp
apps.microsoft.com/detail/9p3lvm0rm12s?hl=ja-JP&gl=JP,378,jp
apps.microsoft.com/detail/xpfm1q2w6984m3?hl=zh-CN&gl=CN,377,jp
apps.microsoft.com/detail/9wzdncrdmkbj?hl=ja-JP,376,jp
apps.microsoft.com/detail/9wzdncrfjcc9?hl=ja-JP&gl=JP,376,jp
apps.microsoft.com/detail/xpfckbrnfzq62g?hl=ja-JP&gl=US,371,jp
apps.microsoft.com/detail/xp89qpjlmpqxz7?hl=zh-CN&gl=CN,369,jp
apps.microsoft.com/detail/9nh4f7j77cpd?hl=ja-JP&gl=JP,357,jp
apps.microsoft.com/detail/9pgn31qtzq26?hl=ja-JP&gl=JP,352,jp
apps.microsoft.com/detail/9nldn7k9w1fs?hl=ja-JP&gl=JP,349,jp
apps.microsoft.com/detail/9pbsj8182nb6?hl=ja-JP&gl=JP,349,jp
apps.microsoft.com/detail/9wzdncrfjbh4?hl=ja-JP,342,jp
apps.microsoft.com/detail/9mwp7msp01c3?hl=ja-JP&gl=JP,338,jp
apps.microsoft.com/detail/9nblggh4vb0d?hl=ja-jp&gl=CN,333,jp
apps.microsoft.com/detail/9wzdncrfj3tt?hl=ja-JP&gl=JP,332,jp
apps.microsoft.com/detail/xp99wlnxd7rrwh?hl=zh-CN&gl=CN,331,jp
apps.microsoft.com/detail/twitter/9wzdncrfj140?gl=NE&hl=zh-CN,330,jp
apps.microsoft.com/detail/9n0dx20hk701?hl=ja-JP&gl=JP,324,jp
apps.microsoft.com/detail/9ngfb260pt00?hl=ja-JP&gl=JP,321,jp
apps.microsoft.com/detail/9wzdncrdqvpj?hl=ja-JP&gl=JP,321,jp
apps.microsoft.com/detail/9wzdncrfhvn5?hl=ja-JP&gl=US,319,jp
apps.microsoft.com/detail/9pp3c07gtvrh?hl=ja-JP&gl=JP,314,jp
apps.microsoft.com/detail/9pcfmbfxlngh?hl=ja-JP&gl=JP,310,jp
apps.microsoft.com/detail/9nblggh09sx7?hl=ja-JP&gl=TW,308,jp
apps.microsoft.com/detail/xp9d20j2kwstz3?hl=zh-CN&gl=CN,306,jp
apps.microsoft.com/detail/9n5tdp8vcmhs?hl=ja-JP&gl=JP,305,jp
apps.microsoft.com/detail/9wzdncrfj2wl?hl=vi-VN&gl=VN,337,vn
apps.microsoft.com/detail/9nh2gph4jzs4?hl=vi-VN&gl=VN,9,vn
apps.microsoft.com/detail/xp8k17rnmm8mtn?hl=vi-VN&gl=GL,10,vn
apps.microsoft.com/detail/9wzdncrf0083?hl=vi-VN&gl=VN,80,vn
apps.microsoft.com/detail/9wzdncrfj2wl?hl=vi-VN&gl=US,123,vn
apps.microsoft.com/detail/xp8k17rnmm8mtn?hl=th-TH&gl=TH,74,th
apps.microsoft.com/detail/9nh2gph4jzs4?hl=th-TH&gl=TH,87,th
apps.microsoft.com/detail/9wzdncrfj2wl?hl=th-TH&gl=TH,31,th
apps.microsoft.com/detail/9wzdncrfj140?hl=th-TH&gl=TH,221,th
apps.microsoft.com/detail/9n621dm2lvhq?hl=th-TH&gl=TH,110,th
apps.microsoft.com/detail/9wzdncrfj2wl?hl=en-US&gl=US,375,pk
apps.microsoft.com/detail/9nksqgp7f2nh?hl=en-US&gl=US,3,pk
apps.microsoft.com/detail/9p6pbj9wzlqs,246,pk
apps.microsoft.com/detail/9nblggh5l9xt?hl=en-US&gl=US,9,pk
apps.microsoft.com/detail/9nh2gph4jzs4?hl=en-US&gl=US,98,pk
apps.microsoft.com/detail/xpfcc4cd725961?hl=zh-TW&gl=US,168,tw
apps.microsoft.com/detail/9wzdncrfj140?hl=en-US&gl=US,3,tw
apps.microsoft.com/detail/xpfcvrvzz6bvph?hl=zh-TW&gl=CN,118,tw
apps.microsoft.com/detail/9p59cckx7c5x?hl=zh-TW&gl=VE,50,tw
apps.microsoft.com/detail/9pb2mz1zmb1s?hl=zh-TW&gl=TW,27,tw
apps.microsoft.com/detail/9wzdncrfj140?hl=en-US&gl=US,43,hk
apps.microsoft.com/detail/9nblggh5l9xt?hl=en-GB&gl=IN,20,hk
apps.microsoft.com/detail/xp8k17rnmm8mtn?hl=en-US&gl=US,16,hk
apps.microsoft.com/detail/xp99jw18tlbk06?hl=zh-TW&gl=CN,57,hk
apps.microsoft.com/detail/xpdm5h58xg2lhm?hl=zh-CN&gl=CN,6,hk
apps.microsoft.com/detail/9nblggh5l9xt?hl=en-US&gl=US,3,hk
apps.microsoft.com/detail/xpddvc6xtqqkmm?hl=en-US&gl=US,23,hk
apps.microsoft.com/detail/xp87wqh4gk8dl1?hl=zh-TW&gl=CN,4,hk
apps.microsoft.com/detail/xpfftb85h83b33?hl=zh-CN&gl=CN,46,hk
apps.microsoft.com/detail/xp8bsbgqw2dks0?hl=zh-TW&gl=US,6,hk
apps.microsoft.com/detail/xpdm4ln3xpjmgg?hl=zh-CN&gl=CN,19,hk
apps.microsoft.com/detail/xp89844sc0q4fr?hl=zh-TW&gl=CN,9,hk
apps.microsoft.com/detail/xpfph0vx6l1hkc?hl=zh-CN&gl=CN,8,hk
apps.microsoft.com/detail/9nwds1llznsf?hl=zh-TW&gl=TW,2,hk
apps.microsoft.com/detail/9pb359dqfjn6?hl=en-US&gl=US,23,hk
apps.microsoft.com/detail/9nq1fznj99s8?hl=zh-TW&gl=TW,3,hk
apps.microsoft.com/detail/9nh2gph4jzs4?hl=en-US&gl=US,29,hk
apps.microsoft.com/detail/9wzdncrfj2wl?hl=en-US&gl=US,1,hk
apps.microsoft.com/detail/9pktq5699m62,15,hk
apps.microsoft.com/detail/xpfps5l192jxnp?hl=zh-TW&gl=CN,32,hk
apps.microsoft.com/detail/9p92jzm0jclt?hl=zh-TW&gl=TW,15,hk
apps.microsoft.com/detail/9pn953rqq0fr?hl=en-US&gl=US,4,hk
apps.microsoft.com/detail/9pfhdd62mxs1?hl=zh-TW&gl=US,19,hk
apps.microsoft.com/detail/xp8c7d8npsh59m?hl=zh-TW&gl=CN,2,hk
apps.microsoft.com/detail/xp88x2kjk5cl7c?hl=zh-CN&gl=CN,14,hk
apps.microsoft.com/detail/xpdnf8fgm80vr4?hl=zh-TW&gl=CN,11,hk
apps.microsoft.com/detail/9nblggh4vb0d?hl=zh-tw&gl=CN,24,hk
apps.microsoft.com/detail/xpdpb2qb2fkvw3?hl=zh-TW&gl=CN,8,hk
apps.microsoft.com/detail/xpdl1x0tzw4wdc,1,hk
apps.microsoft.com/detail/xpfd4t9n395qn6?hl=en-US&gl=US,5,hk
apps.microsoft.com/detail/xp8bsbgqw2dks0?hl=zh-CN&gl=US,5,hk
apps.microsoft.com/detail/9mvvszk43qqw?hl=en-US&gl=US,25,hk
apps.microsoft.com/detail/xpfcc4cd725961?hl=zh-TW&gl=US,1,hk
apps.microsoft.com/detail/9pbsmx4xlv2c,5,hk
apps.microsoft.com/detail/9n8r28r5f9lt?hl=zh-TW&gl=TW,15,hk
apps.microsoft.com/detail/xpdlpkwg9sw2wd?hl=en-US&gl=US,5,hk
apps.microsoft.com/detail/xpfckbrnfzq62g?hl=zh-TW&gl=US,5,hk
apps.microsoft.com/detail/xpdm5vsmtkqlbj?hl=en-US&gl=US,2,hk
apps.microsoft.com/detail/xp8bst713rps4z?hl=en-US&gl=CN,45,hk
apps.microsoft.com/detail/9nt1r1c2hh7j,1,hk
apps.microsoft.com/detail/xpdczn6jl8dq5b?hl=zh-TW&gl=CN,18,hk
apps.microsoft.com/detail/9nh2gph4jzs4?hl=zh-TW&gl=TW,3,hk
apps.microsoft.com/detail/xpfd8bd9g2bbp1?hl=zh-CN&gl=CN,20,hk
apps.microsoft.com/detail/xp89gw9w6kg7j1?hl=zh-TW&gl=CN,15,hk
apps.microsoft.com/detail/xpdnw1xs2wbw38,1,hk
apps.microsoft.com/detail/xp9klv7ct1s9pm?hl=zh-TW&gl=CN,13,hk
apps.microsoft.com/detail/9nztwsqntd0s?hl=zh-hk&gl=hk,36,hk
apps.microsoft.com/detail/9n60mrvpkxvk?hl=zh-CN&gl=CN,1,hk
apps.microsoft.com/detail/9nbdxk71nk08?hl=en-US&gl=US,8,hk
apps.microsoft.com/detail/9p6pbj9wzlqs,8,hk
apps.microsoft.com/detail/9wzdncrfj3pt?hl=en-US&gl=US,5,hk
apps.microsoft.com/detail/9nsgm705mqwc,21,hk
apps.microsoft.com/detail/xpfcc2p2hfrfzw?hl=zh-CN&gl=CN,10,hk
apps.microsoft.com/detail/xp8kfx92dv6z8t?hl=zh-TW&gl=CN,4,hk
apps.microsoft.com/detail/9n2d0l129cn3?hl=zh-TW&gl=TW,5,hk
apps.microsoft.com/detail/9wzdncrfj2wl?hl=zh-TW&gl=US,7,hk
apps.microsoft.com/detail/xpfckbrnfzq62g?hl=zh-CN&gl=US,21,hk
apps.microsoft.com/detail/xp89dd0mgrqcb5?hl=en-US&gl=CN,4,hk
apps.microsoft.com/detail/9mvfq4lmz6c9?hl=zh-TW&gl=HK,3,hk
apps.microsoft.com/detail/9n4k7lpzg8v8?hl=is-IS&gl=IS,8,hk
apps.microsoft.com/detail/xp9bwcl6q63d44?hl=en-US&gl=CN,9,hk
apps.microsoft.com/detail/xp9ct7qsn5q57r?hl=zh-CN&gl=CN,3,hk
apps.microsoft.com/detail/xp8k85ljdqmmm6?hl=zh-CN&gl=CN,2,hk
apps.microsoft.com/detail/9n1kpx9m78d6?hl=zh-TW&gl=TW,3,hk
apps.microsoft.com/detail/xp8k4cmw69m709?hl=zh-TW&gl=CN,1,hk
apps.microsoft.com/detail/xpfd4t9n395qn6?hl=zh-TW&gl=US,50,hk
apps.microsoft.com/detail/xpfckbrnfzq62g?hl=zh-hk&gl=HK,6,hk
apps.microsoft.com/detail/9pp3c07gtvrh,8,hk
apps.microsoft.com/detail/xpfps5l192jxnp?hl=zh-CN&gl=CN,3,hk
apps.microsoft.com/detail/xp9khc50h8z1xt?hl=zh-TW&gl=CN,6,hk
apps.microsoft.com/detail/xpdm49v5hz4pgp?hl=zh-CN&gl=CN,10,hk
apps.microsoft.com/detail/9wzdncrfjbbg,7,hk
apps.microsoft.com/detail/9nq9klznv9sh?hl=en-US&gl=US,11,hk
apps.microsoft.com/detail/9n6f7h1r3djs?hl=zh-TW&gl=TW,9,hk
apps.microsoft.com/detail/9pjrk24ktdv8?hl=zh-CN&gl=CN,27,hk
apps.microsoft.com/detail/xpfckbrnfzq62g?hl=en-US&gl=US,4,hk
apps.microsoft.com/detail/xpfnzksklbp7rj?hl=zh-CN&gl=US,2,hk
apps.microsoft.com/detail/9mtnpx4wlp10?hl=zh-TW&gl=TW,2,hk
apps.microsoft.com/detail/xpdngcjfjhp04z?hl=en-US&gl=CN,4,hk
apps.microsoft.com/detail/xpdc1xz6vn4ml5?hl=zh-CN&gl=CN,1,hk
apps.microsoft.com/detail/xpdbvkp7lx14cc?hl=zh-TW&gl=CN,2,hk
apps.microsoft.com/detail/xpdf9vl4d5xr9w?hl=zh-hk&gl=HK,100,hk
apps.microsoft.com/detail/xpfcktr6n91qpj?hl=zh-CN&gl=CN,3,hk
apps.microsoft.com/detail/xpfcflf39s5cx1?hl=zh-TW&gl=CN,11,hk
apps.microsoft.com/detail/9nksqgp7f2nh?hl=zh-TW&gl=HK,4,hk
apps.microsoft.com/detail/9nzzq8hgzp2l?hl=zh-hk&gl=HK,3,hk
apps.microsoft.com/detail/9ng28bzx6wr8?hl=zh-TW&gl=HK,2,hk
apps.microsoft.com/detail/9wzdncrfj3pz,2,hk
apps.microsoft.com/detail/9pcfs5b6t72h,15,hk
apps.microsoft.com/detail/xpdnhw3fx6hw29?hl=en-US&gl=CN,2,hk
apps.microsoft.com/detail/9pb2mz1zmb1s?hl=en-US&gl=US,257,hk
apps.microsoft.com/detail/9np83lwlpz9k,256,hk
apps.microsoft.com/detail/9mv4lscdrflt?hl=zh-TW&gl=CN,253,hk
apps.microsoft.com/detail/xpfckbrnfzq62g,253,hk
apps.microsoft.com/detail/9nh4f7j77cpd?hl=zh-TW&gl=TW,249,hk
apps.microsoft.com/detail/9nh4f7j77cpd,249,hk
apps.microsoft.com/detail/9wzdncrfj3tj?hl=en-US&gl=US,248,hk
apps.microsoft.com/detail/xpdnhw37k3z8fh?hl=zh-CN&gl=CN,245,hk
apps.microsoft.com/detail/9nblggh6j02v?hl=zh-TW&gl=TW,243,hk
apps.microsoft.com/detail/9p59cckx7c5x?hl=zh-TW&gl=VE,243,hk
apps.microsoft.com/detail/xpfcx43l08xcfc?hl=zh-CN&gl=CN,240,hk
apps.microsoft.com/detail/9pktq5699m62?hl=zh-TW&gl=US,237,hk
apps.microsoft.com/detail/xp8ljrrt557rdl?hl=zh-TW&gl=CN,237,hk
apps.microsoft.com/detail/xpfd1g8fl0pnnz?hl=en-US&gl=CN,231,hk
apps.microsoft.com/detail/xp9kmc9n5gmwkc?hl=zh-TW&gl=CN,226,hk
apps.microsoft.com/detail/9phv7m7v4s5l?hl=zh-TW&gl=TW,222,hk
apps.microsoft.com/detail/xpdfnjfld2cl6t?hl=zh-TW&gl=CN,216,hk
apps.microsoft.com/detail/9nblggh5g47v?hl=zh-CN&gl=SG,211,hk
apps.microsoft.com/detail/xpdcm31td32qvj?hl=zh-CN&gl=CN,210,hk
apps.microsoft.com/detail/9nblggh5l9xt?hl=zh-TW&gl=MP,208,hk
apps.microsoft.com/detail/xp9kqxmm2n4sl1?hl=zh-TW&gl=CN,208,hk
apps.microsoft.com/detail/xpddrqcnvfjxq9?hl=en-US&gl=CN,205,hk
apps.microsoft.com/detail/xp9c90ksncw7qp?hl=zh-TW&gl=CN,203,hk
apps.microsoft.com/detail/xp8cjhgdb5gw37?hl=zh-CN&gl=CN,200,hk
apps.microsoft.com/detail/epic-games-store/xp99vr1bpsbqj2?gl=GB&hl=zh-TW,198,hk
apps.microsoft.com/detail/9nrx63209r7b?hl=zh-cn&gl=US,198,hk
apps.microsoft.com/detail/xp8lvchdkrx4hw?hl=zh-CN&gl=CN,198,hk
apps.microsoft.com/detail/9n1kzgdghqm3?hl=zh-TW&gl=HK,198,hk
apps.microsoft.com/detail/9pkxkkl4ws2t,198,hk
apps.microsoft.com/detail/9mz95kl8mr0l,196,hk
apps.microsoft.com/detail/xpffbzlh4pxld2?hl=en-US&gl=CN,191,hk
apps.microsoft.com/detail/9nrlsxztvrk5?hl=zh-CN&gl=CN,190,hk
apps.microsoft.com/detail/xpfcn14pzjxdg9?hl=zh-TW&gl=CN,190,hk
apps.microsoft.com/detail/9nwgfnb0lkgj?hl=zh-TW&gl=TW,190,hk
apps.microsoft.com/detail/xpffpgmff0jhpc?hl=zh-TW&gl=CN,189,hk
apps.microsoft.com/detail/9wzdncrdprzp?hl=zh-TW&gl=TW,189,hk
apps.microsoft.com/detail/xpffrp4glns9lz?hl=zh-CN&gl=CN,189,hk
apps.microsoft.com/detail/xpdp273c0xhqh2?hl=zh-hk&gl=HK,186,hk
apps.microsoft.com/detail/xpdm1zw6815mqm?hl=en-US&gl=US,183,hk
apps.microsoft.com/detail/9pgzkjc81q7j?hl=zh-TW&gl=US,183,hk
apps.microsoft.com/detail/xpfc1zt3hk5hd1?hl=zh-CN&gl=CN,182,hk
apps.microsoft.com/detail/9wzdncrfhwcn?hl=en-US&gl=US,181,hk
apps.microsoft.com/detail/9nblggh08dwp?hl=en-US&gl=US,181,hk
apps.microsoft.com/detail/xpfcwp0sqwxm3v?hl=zh-TW&gl=CI,180,hk
apps.microsoft.com/detail/xpdm17hk323c4x?hl=en-US&gl=US,179,hk
apps.microsoft.com/detail/xpfmb79v7m5537?hl=zh-CN&gl=CN,178,hk
apps.microsoft.com/detail/xpdc09vhv21246?hl=zh-CN&gl=CN,177,hk
apps.microsoft.com/detail/9nhdrwpm8hdp?hl=zh-TW&gl=TW,176,hk
apps.microsoft.com/detail/9nsntzljhtx4?hl=zh-TW&gl=HK,174,hk
apps.microsoft.com/detail/xp8ljrrt557rdl?hl=lo-LA&gl=CN,174,hk
apps.microsoft.com/detail/9nblggh1kcc4?hl=en-US&gl=US,170,hk
apps.microsoft.com/detail/9nblggh5l9xt?hl=zh-TW&gl=TW,169,hk
apps.microsoft.com/detail/9nztwsqntd0s?hl=en-US&gl=US,168,hk
apps.microsoft.com/detail/9mz1gkmv1thl?hl=zh-CN&gl=CN,167,hk
apps.microsoft.com/detail/xpfcvrvzz6bvph?hl=en-US&gl=CN,165,hk
apps.microsoft.com/detail/xp9bb5vw642c8k?hl=zh-CN&gl=CN,165,hk
apps.microsoft.com/detail/9pfgj25jl6x3?hl=en-US&gl=US,165,hk
apps.microsoft.com/detail/9n4bp036861t?hl=zh-TW&gl=HK,164,hk
apps.microsoft.com/detail/9n6tkwnw50qn?hl=zh-TW&gl=TW,162,hk
apps.microsoft.com/detail/xpdch9dhj0hs03?hl=zh-TW&gl=CN,161,hk
apps.microsoft.com/detail/9pbsj8182nb6?hl=zh-TW&gl=HK,158,hk
apps.microsoft.com/detail/xp9cq5p19j9v33?hl=zh-TW&gl=CN,154,hk
apps.microsoft.com/detail/9pp9gzm2gn26?hl=en-US&gl=US,153,hk
apps.microsoft.com/detail/9mwg29tt7njn?hl=zh-TW&gl=HK,151,hk
apps.microsoft.com/detail/xpfcvrvzz6bvph?hl=zh-TW&gl=CN,150,hk
apps.microsoft.com/detail/9mvzqvxjbq9v,148,hk
apps.microsoft.com/detail/xp8lvtc3ltsfn3?hl=zh-TW&gl=TW,147,hk
apps.microsoft.com/detail/9ndcxd7hc0jl,145,hk
apps.microsoft.com/detail/xpdndqxf2357gp?hl=zh-CN&gl=CN,144,hk
apps.microsoft.com/detail/xpfft1wrkr2gxj?hl=zh-TW&gl=CN,144,hk
apps.microsoft.com/detail/xpfpds5ccpmkrh?hl=en-US&gl=CN,144,hk
apps.microsoft.com/detail/9plmx2tccqwc?hl=zh-TW&gl=TW,144,hk
apps.microsoft.com/detail/xp9klmld6nrzc5?hl=en-US&gl=US,144,hk
apps.microsoft.com/detail/xpfp2fnwz0s445?hl=zh-CN&gl=CN,144,hk
apps.microsoft.com/detail/9mswj7cpqgzh?hl=zh-TW&gl=NO,141,hk
apps.microsoft.com/detail/xpfftxq0m34hw7?hl=zh-TW&gl=CN,141,hk
apps.microsoft.com/detail/9pktq5699m62?hl=en-US&gl=US,140,hk
apps.microsoft.com/detail/9nbfmm45tjpt?hl=en-US&gl=US,140,hk
apps.microsoft.com/detail/9wzdncrfjbmp,140,hk
apps.microsoft.com/detail/xp8c75h6lm08hw?hl=zh-TW&gl=CN,139,hk
apps.microsoft.com/detail/xp8bwxv3xv04bn?hl=zh-TW&gl=KH,138,hk
apps.microsoft.com/detail/9nblggh67bn1,137,hk
apps.microsoft.com/detail/xpdmd65pjwkc9c?hl=zh-TW&gl=CN,137,hk
apps.microsoft.com/detail/9mvfq4lmz6c9,136,hk
apps.microsoft.com/detail/xp99mtg2bfzkw7?hl=zh-TW&gl=CN,136,hk
apps.microsoft.com/detail/9nbfmm45tjpt,136,hk
apps.microsoft.com/detail/9wzdncrfj2wl?hl=zh-CN&gl=US,136,hk
apps.microsoft.com/detail/xpfcwfknfxwphh?hl=zh-CN&gl=CN,135,hk
apps.microsoft.com/detail/9nrlsxztvrk5?hl=zh-TW&gl=HK,134,hk
apps.microsoft.com/detail/xp89h3q9jxp8qk?hl=zh-TW&gl=CN,134,hk
apps.microsoft.com/detail/9wzdncrfj3tj?hl=zh-TW&gl=MO,132,hk
apps.microsoft.com/detail/xp8c19jjmdgzr7?hl=en-US&gl=CN,131,hk
apps.microsoft.com/detail/9nppsdm8nddl?hl=zh-hk&gl=HK,131,hk
apps.microsoft.com/detail/9wzdncrfhvn5?hl=en-US&gl=US,130,hk
apps.microsoft.com/detail/xpdbf5cxqc0vrm?hl=zh-TW&gl=CN,130,hk
apps.microsoft.com/detail/9nlvzbz2wz28?hl=en-US&gl=US,128,hk
apps.microsoft.com/detail/xp9mgk3k98sxhc?hl=zh-TW&gl=CN,128,hk
apps.microsoft.com/detail/9pnxv71sz79k?hl=zh-CN&gl=US,127,hk
apps.microsoft.com/detail/xpdp59wb4drcbf?hl=zh-CN&gl=CN,126,hk
apps.microsoft.com/detail/9pfdf2zd4z4n?hl=en-US&gl=US,125,hk
apps.microsoft.com/detail/9nblggh1zrpv?hl=en-US&gl=US,9,se
apps.microsoft.com/detail/9pj2tm8zgqlh?hl=sv-SE&gl=SE,2,se
apps.microsoft.com/detail/9pd9bhglfc7h?hl=sv-SE&gl=SE,2,se
apps.microsoft.com/detail/9wzdncrfhvn5?hl=sv-SE&gl=SE,2,se
apps.microsoft.com/detail/9wzdncrfj3tt?hl=sv-SE&gl=SE,53,se
apps.microsoft.com/detail/9pb359dqfjn6?hl=en-US&gl=US,11,se
apps.microsoft.com/detail/9n1k9q56hvxr?hl=sv-SE&gl=SE,9,se
apps.microsoft.com/detail/9n6sn0bxb13d?hl=sv-SE&gl=SE,827,se
apps.microsoft.com/detail/9nblggh5l9xt?hl=en-US&gl=US,786,se
apps.microsoft.com/detail/9wzdncrfj140?hl=en-US&gl=US,773,se
apps.microsoft.com/detail/9ndjq0j8ksdz?hl=sv-SE&gl=SE,723,se
apps.microsoft.com/detail/9ns3rbq5hv5f?hl=en-US&gl=US,610,se
apps.microsoft.com/detail/9nh4f7j77cpd?hl=sv-SE&gl=SE,577,se
apps.microsoft.com/detail/9np83lwlpz9k?hl=sv-SE&gl=SE,551,se
apps.microsoft.com/detail/9pp982v09hpl?hl=sv-SE&gl=SE,549,se
apps.microsoft.com/detail/9pktq5699m62,507,se
apps.microsoft.com/detail/9pktq5699m62?hl=sv-SE&gl=SE,481,se
apps.microsoft.com/detail/9wzdncrfj2wl?hl=en-US&gl=US,479,se
apps.microsoft.com/detail/9mvfq4lmz6c9?hl=en-US&gl=US,477,se
apps.microsoft.com/detail/9wzdncrdn9bv?hl=sv-SE&gl=SE,474,se
apps.microsoft.com/detail/9mz1gkmv1thl?hl=sv-SE&gl=SE,471,se
apps.microsoft.com/detail/9mz95kl8mr0l,449,se
apps.microsoft.com/detail/9pb2mz1zmb1s?hl=sv-SE&gl=SE,448,se
apps.microsoft.com/detail/9p9ft3qjn0pk?hl=sv-SE&gl=SE,444,se
apps.microsoft.com/detail/9n4jbjnfzc1l,433,se
apps.microsoft.com/detail/9nblggh1kcc4?hl=en-US&gl=US,426,se
apps.microsoft.com/detail/9pjj2nmbf0tr?hl=sv-SE&gl=SE,408,se
apps.microsoft.com/detail/9wzdncrdkrdt?hl=sv-SE&gl=SE,392,se
apps.microsoft.com/detail/9wzdncrfj27n?hl=sv-SE&gl=SE,377,se
apps.microsoft.com/detail/9npqqcptg578?hl=sv-SE&gl=SE,373,se
apps.microsoft.com/detail/9n0dx20hk701,372,se
apps.microsoft.com/detail/9ng4ll7k1m6m?hl=sv-SE&gl=SE,363,se
apps.microsoft.com/detail/9nblggh4qghw?hl=sv-SE&gl=SE,356,se
apps.microsoft.com/detail/9msmlrh6lzf3?hl=sv-SE&gl=SE,338,se
apps.microsoft.com/detail/9nblggh33n0n?hl=sv-SE&gl=SE,336,se
apps.microsoft.com/detail/9nf8h0h7wmlt?hl=sv-SE&gl=SE,336,se
apps.microsoft.com/detail/9nz2kbl38lz0?hl=sv-SE&gl=SE,331,se
apps.microsoft.com/detail/9nm5764dbppg?hl=en-US&gl=US,325,se
apps.microsoft.com/detail/9nwgfnb0lkgj?hl=sv-SE&gl=SE,324,se
apps.microsoft.com/detail/9wzdncrfhwlh?hl=sv-SE&gl=SE,324,se
apps.microsoft.com/detail/9nvc5p0bphgr?hl=sv-SE&gl=SE,312,se
apps.microsoft.com/detail/9nq3x56fnpwv?hl=sv-SE&gl=SE,301,se
apps.microsoft.com/detail/9nw3sptz4z9t?hl=sv-SE&gl=SE,277,se
apps.microsoft.com/detail/9pcl458x267n?hl=sv-SE&gl=SE,276,se
apps.microsoft.com/detail/9pgzkjc81q7j?hl=en-US&gl=US,266,se
apps.microsoft.com/detail/9np10m1fnjl3?hl=sv-SE&gl=SE,256,se
apps.microsoft.com/detail/xpdchkbqg46s4t?hl=en-US&gl=US,255,se
apps.microsoft.com/detail/9p9n6pxm61zs?hl=sv-SE&gl=SE,251,se
apps.microsoft.com/detail/9nblggh0g8zn?hl=sv-SE&gl=SE,247,se
apps.microsoft.com/detail/9wzdncrfj3pz,247,se
apps.microsoft.com/detail/9ppr79vx0gdl?hl=sv-SE&gl=SE,247,se
apps.microsoft.com/detail/xpdm5vsmtkqlbj?hl=sv-SE&gl=SE,237,se
apps.microsoft.com/detail/9wzdncrfjbmp,236,se
apps.microsoft.com/detail/9wzdncrfjbb1?hl=sv-SE&gl=SE,231,se
apps.microsoft.com/detail/9nblgggzkfmv?hl=sv-SE&gl=SE,229,se
apps.microsoft.com/detail/9nh4f7j77cpd,226,se
apps.microsoft.com/detail/9wzdncrfj2wl?hl=sv-SE&gl=AS,225,se
apps.microsoft.com/detail/9pgzkjc81q7j,220,se
apps.microsoft.com/detail/9nrx63209r7b?hl=sv-SE&gl=US,215,se
apps.microsoft.com/detail/xpdm1zw6815mqm?hl=en-US&gl=US,202,se
apps.microsoft.com/detail/9wzdncrfhvn5?hl=en-US&gl=US,198,se
apps.microsoft.com/detail/9nqv8bcjgt7v?hl=sv-SE&gl=SE,193,se
apps.microsoft.com/detail/9pf4kz2vn4w9?hl=sv-SE&gl=SE,190,se
apps.microsoft.com/detail/9nzfk4dcxmz4?hl=sv-SE&gl=SE,188,se
apps.microsoft.com/detail/9nblggh6cwkl?hl=sv-SE&gl=SE,186,se
apps.microsoft.com/detail/9wzdncrfhwkn?hl=en-US&gl=US,183,se
apps.microsoft.com/detail/9pfgj25jl6x3?hl=en-US&gl=US,181,se
apps.microsoft.com/detail/9p7bv5h5nsd3?hl=sv-SE&gl=SE,180,se
apps.microsoft.com/detail/9nblgggzpjk5?hl=sv-SE&gl=SE,177,se
apps.microsoft.com/detail/9pgprb6f1pln?hl=sv-SE&gl=AX,176,se
apps.microsoft.com/detail/xp89dcgq3k6vld?hl=en-US&gl=US,172,se
apps.microsoft.com/detail/9pm6w4f0xw3h?hl=sv-SE&gl=SE,166,se
apps.microsoft.com/detail/9wzdncrfj3tj?hl=sv-SE&gl=SE,164,se
apps.microsoft.com/detail/9wzdncrfjbh4,158,se
apps.microsoft.com/detail/xp8jn299z9j1m3?hl=en-US&gl=KE,157,se
apps.microsoft.com/detail/9nblggh4tq45?hl=sv-SE&gl=SE,155,se
apps.microsoft.com/detail/9pfdf2zd4z4n?hl=en-US&gl=US,154,se
apps.microsoft.com/detail/9pn9b16njk3j?hl=sv-SE&gl=SE,148,se
apps.microsoft.com/detail/9n0866fs04w8?hl=en-US&gl=US,148,se
apps.microsoft.com/detail/9wzdncrfhwcn?hl=en-US&gl=US,147,se
apps.microsoft.com/detail/xpfd4t9n395qn6?hl=en-US&gl=US,145,se
apps.microsoft.com/detail/9p0xnf0jhwbv?hl=en-US&gl=US,145,se
apps.microsoft.com/detail/9wzdncrfjb3h?hl=sv-SE&gl=SE,142,se
apps.microsoft.com/detail/9pf4kz2vn4w9?hl=en-US&gl=US,142,se
apps.microsoft.com/detail/9pktq5699m62?hl=en-US&gl=US,142,se
apps.microsoft.com/detail/9nblggh5l9xt?hl=fa-IR&gl=US,142,se
apps.microsoft.com/detail/9nblggh5z4gm?hl=sv-SE&gl=SE,141,se
apps.microsoft.com/detail/xp99vr1bpsbqj2?hl=en-US&gl=US,139,se
apps.microsoft.com/detail/9nk9fh73bmnc?hl=sv-SE&gl=SE,139,se
apps.microsoft.com/detail/9p90zh32k649?hl=sv-SE&gl=SE,135,se
apps.microsoft.com/detail/9nsntzljhtx4?hl=sv-SE&gl=SE,133,se
apps.microsoft.com/detail/9wzdncrfjbds?hl=sv-SE&gl=SE,132,se
apps.microsoft.com/detail/9wzdncrfj3pz?hl=sv-SE&gl=SE,132,se
apps.microsoft.com/detail/9wzdncrdn9kt?hl=sv-SE&gl=SE,131,se
apps.microsoft.com/detail/9mzs6npk7rmh?hl=sv-SE&gl=SE,130,se
apps.microsoft.com/detail/9nksqgp7f2nh?hl=en-US&gl=US,128,se
apps.microsoft.com/detail/9nk4t08dhq80?hl=sv-SE&gl=SE,128,se
apps.microsoft.com/detail/9pn4zfb0d57q?hl=sv-SE&gl=SE,126,se
apps.microsoft.com/detail/9pn0v3g6pgh5?hl=en-US&gl=US,125,se
apps.microsoft.com/detail/9nz370xbfqmg?hl=en-US&gl=US,125,se
apps.microsoft.com/detail/9nz370xbfqmg?hl=sv-SE&gl=SE,125,se
apps.microsoft.com/detail/9nkcvmf39wb2?hl=sv-SE&gl=SE,123,se
apps.microsoft.com/detail/xpfnzksklbp7rj,121,se
apps.microsoft.com/detail/9wzdncrdg6bm?hl=sv-SE&gl=SE,118,se
apps.microsoft.com/detail/9wzdncrfhwkn?hl=sv-SE&gl=SE,115,se
apps.microsoft.com/detail/9nm9sn6hhzw3?hl=sv-SE&gl=SE,114,se
apps.microsoft.com/detail/9wzdncrdhktr?hl=sv-SE&gl=SE,114,se
apps.microsoft.com/detail/9p96v8npgrww?hl=sv-SE&gl=SE,114,se
apps.microsoft.com/detail/9nblggh4wq7t?hl=sv-SE&gl=SE,114,se
apps.microsoft.com/detail/9pndlw19mw8h?hl=sv-SE&gl=SE,113,se
apps.microsoft.com/detail/xpdm17hk323c4x?hl=sv-SE&gl=SE,112,se
apps.microsoft.com/detail/9n0tn65p5bf6?hl=sv-SE&gl=SE,112,se
apps.microsoft.com/detail/9nl7dl48rhzn?hl=sv-SE,112,se
apps.microsoft.com/detail/9nf8h0h7wmlt?hl=en-US&gl=US,112,se
apps.microsoft.com/detail/9p6zkl905tmt?hl=sv-SE&gl=SE,111,se
apps.microsoft.com/detail/9p39th02ld3w?hl=sv-SE&gl=SE,110,se
apps.microsoft.com/detail/9pp0hm8fd8c0?hl=sv-SE&gl=SE,110,se
apps.microsoft.com/detail/9mzs6npk7rmh?hl=sv-se&gl=US,109,se
apps.microsoft.com/detail/9nblggh3b0bp?hl=sv-SE&gl=SE,107,se
apps.microsoft.com/detail/9mwgwx4xt4j5?hl=sv-SE&gl=SE,105,se
apps.microsoft.com/detail/9pjqmzhp6303?hl=sv-SE&gl=SE,105,se
apps.microsoft.com/detail/9wzdncrfjcjg?hl=sv-SE&gl=SE,103,se
apps.microsoft.com/detail/9ngdqghwzx13?hl=en-US&gl=US,103,se
apps.microsoft.com/detail/9wzdncrcv5xn?hl=en-US&gl=US,102,se
apps.microsoft.com/detail/9nblggh4wq7t?hl=sv-SE&gl=US,102,se
apps.microsoft.com/detail/xpdbz4mprknn30?hl=en-US&gl=US,102,se
apps.microsoft.com/detail/xpdm5vsmtkqlbj?hl=en-US&gl=US,101,se
apps.microsoft.com/detail/9p0xnf0jhwbv?hl=sv-SE&gl=SE,101,se
apps.microsoft.com/detail/9pd9bhglfc7h?hl=en-US&gl=US,99,se
apps.microsoft.com/detail/9nmzlz57r3t7,98,se
apps.microsoft.com/detail/9n1w2gcpp04h?hl=sv-SE&gl=SE,98,se
apps.microsoft.com/detail/9wzdncrdwv9p?hl=sv-se&gl=SE,98,se
apps.microsoft.com/detail/9mtqz1j34lqb?hl=sv-SE&gl=SE,98,se
apps.microsoft.com/detail/9nh2gph4jzs4?hl=en-US&gl=US,98,se
apps.microsoft.com/detail/9mvvszk43qqw?hl=sv-SE&gl=SE,96,se
apps.microsoft.com/detail/xp8k4rgx25g3gm?hl=sv-SE&gl=JE,96,se
apps.microsoft.com/detail/9n490gv4j2xl?hl=sv-SE&gl=SE,96,se
apps.microsoft.com/detail/9pn4zfb0d57q?hl=en-US&gl=US,95,se
apps.microsoft.com/detail/9nwj8jht6wgw?hl=sv-se&gl=CL,95,se
apps.microsoft.com/detail/9n2rf3m66l4z?hl=sv-SE&gl=SE,95,se
apps.microsoft.com/detail/9n201kqxs5bm?hl=en-US&gl=US,94,se
apps.microsoft.com/detail/9p25d77695c0?hl=sv-SE&gl=SE,94,se
apps.microsoft.com/detail/9wzdncrfhwd2?hl=sv-se&gl=US,93,se
apps.microsoft.com/detail/9ncbcszsjrsb?hl=en-US&gl=US,93,se
apps.microsoft.com/detail/9mzvh31zvmv4?hl=sv-SE&gl=SE,93,se
apps.microsoft.com/detail/9ng6jgcqdssh?hl=sv-SE&gl=SE,92,se
apps.microsoft.com/detail/9nblggh67bn1,91,se
apps.microsoft.com/detail/xp8k17rnmm8mtn?hl=sv-SE&gl=SE,90,se
apps.microsoft.com/detail/9ntdrjcq2p53?hl=sv-SE&gl=SE,90,se
apps.microsoft.com/detail/9nll5bkfx27c?hl=sv-SE&gl=SE,89,se
apps.microsoft.com/detail/9nblggh4vb98?hl=sv-SE&gl=SE,89,se
apps.microsoft.com/detail/9p541jmf8jkm?hl=en-US&gl=US,88,se
apps.microsoft.com/detail/9np355qt2sqb?hl=en-US&gl=US,88,se
apps.microsoft.com/detail/9nx867j1htpk?hl=sv-SE&gl=SE,87,se
apps.microsoft.com/detail/xp8jgpbhtjglcq,85,se
apps.microsoft.com/detail/9pd88qb3bgkn?hl=sv-SE&gl=SE,83,se
apps.microsoft.com/detail/9nblggh4r2r6?hl=sv-SE&gl=SE,82,se
apps.microsoft.com/detail/9pczx08qg4p9?hl=sv-SE&gl=SE,82,se
apps.microsoft.com/detail/9pc3h3v7q9ch?hl=sv-SE&gl=KM,81,se
apps.microsoft.com/detail/xp8jg6mnm5z4x1?hl=en-US&gl=US,81,se
apps.microsoft.com/detail/9nx2vqg25jxj?hl=sv-SE&gl=SE,80,se
apps.microsoft.com/detail/9n6f7h1r3djs?hl=en-US&gl=US,80,se
apps.microsoft.com/detail/9nlcnwhknh0g?hl=sv-SE&gl=SE,80,se
apps.microsoft.com/detail/9nblggh4rkh1?hl=sv-SE&gl=SE,80,se
apps.microsoft.com/detail/9ppc40hmmsmv?hl=sv-SE&gl=SE,80,se
apps.microsoft.com/detail/9nq4ql59xlbf?hl=sv-SE&gl=SE,79,se
apps.microsoft.com/detail/9nrx63209r7b,78,se
apps.microsoft.com/detail/9msmlrh6lzf3?hl=en-US&gl=US,78,se
apps.microsoft.com/detail/9wzdncrdh6mc?hl=sv-se&gl=KW,77,se
apps.microsoft.com/detail/9nfc3x6w0wpz?hl=sv-SE&gl=SE,77,se
apps.microsoft.com/detail/xpfft31d40mgfq?hl=sv-SE&gl=CH,77,se
apps.microsoft.com/detail/9nb3xctl0rwd?hl=sv-SE&gl=SE,77,se
apps.microsoft.com/detail/xpffh613w8v6lv?hl=en-US&gl=US,77,se
apps.microsoft.com/detail/9ng4tqsmmpft?hl=sv-SE&gl=SE,76,se
apps.microsoft.com/detail/9nnglrqw9qf1?hl=sv-SE&gl=SE,76,se
apps.microsoft.com/detail/xpffcg7m673d4f?hl=en-US&gl=US,73,se
apps.microsoft.com/detail/9wzdncrdxdst?hl=sv-SE&gl=SE,72,se
apps.microsoft.com/detail/9ntm2qc6qws7?hl=sv-SE&gl=SE,72,se
apps.microsoft.com/detail/9wzdncrfj3pt?hl=sv-SE&gl=SE,72,se
apps.microsoft.com/detail/xpffgss4z9m2tx?hl=en-US&gl=US,72,se
apps.microsoft.com/detail/9p431k4v97g8?hl=sv-SE&gl=SE,72,se
apps.microsoft.com/detail/9nblggh4mq2z?hl=sv-SE&gl=DO,72,se
apps.microsoft.com/detail/9nxvzbjw50k9?hl=sv-SE&gl=SE,72,se
apps.microsoft.com/detail/9pj0nkl8mcsj?hl=en-US&gl=US,72,se
apps.microsoft.com/detail/9nrx63209r7b?hl=en-US&gl=US,71,se
apps.microsoft.com/detail/9nwdqd83tj6k?hl=sv-SE&gl=SE,71,se
apps.microsoft.com/detail/9p6r3x22085x?hl=sv-SE&gl=SE,71,se
apps.microsoft.com/detail/9wzdncrfjbbg?hl=en-US&gl=US,69,se
apps.microsoft.com/detail/9nj2ng43sgz2?hl=sv-SE&gl=SE,69,se
apps.microsoft.com/detail/9n8fwm1c28tb,67,se
apps.microsoft.com/detail/9wzdncrdmk3w?hl=sv-SE&gl=US,66,se
apps.microsoft.com/detail/9n236hqqtvnh?hl=sv-SE&gl=SE,66,se
apps.microsoft.com/detail/9nbfmm45tjpt?hl=en-US&gl=US,65,se
apps.microsoft.com/detail/xp9k178l5g0jq0?hl=ko-KR&gl=KR,98,kr
apps.microsoft.com/detail/9wzdncrfj140?hl=ko-KR&gl=KR,17,kr
apps.microsoft.com/detail/9wzdncrfhvn5?hl=ko-KR&gl=KR,7,kr
apps.microsoft.com/detail/9nblggh5l9xt?hl=ko-KR&gl=KR,9,kr
apps.microsoft.com/detail/9nztwsqntd0s?hl=ko-KR&gl=US,17,kr
apps.microsoft.com/detail/9nblggh5l9xt?hl=es-ES&gl=ES,110,co
apps.microsoft.com/detail/9nksqgp7f2nh?hl=es-ES&gl=ES,9,co
apps.microsoft.com/detail/9pktq5699m62,4,co
apps.microsoft.com/detail/9n9tzxcpz5kj?hl=es-ad&gl=AD,2,co
apps.microsoft.com/detail/9pfdf2zd4z4n?hl=es-ES&gl=US,9,co
apps.microsoft.com/detail/9wzdncrfj2wl?hl=en-US&gl=US,247,be
apps.microsoft.com/detail/9wzdncrfj3tt?hl=nl-NL&gl=LU,9,be
apps.microsoft.com/detail/9ntm2qc6qws7,931,be
apps.microsoft.com/detail/9nksqgp7f2nh?hl=en-US&gl=US,889,be
apps.microsoft.com/detail/9wzdncrfj140?hl=en-US&gl=US,874,be
apps.microsoft.com/detail/9pb359dqfjn6?hl=en-US&gl=US,796,be
apps.microsoft.com/detail/9pg4mh312tvm?hl=en-US&gl=US,745,be
apps.microsoft.com/detail/9pb2mz1zmb1s?hl=nl-NL&gl=NL,615,be
apps.microsoft.com/detail/9pktq5699m62?hl=en-US&gl=US,535,be
apps.microsoft.com/detail/xpdm1zw6815mqm?hl=en-US&gl=US,535,be
apps.microsoft.com/detail/9nblggh5l9xt?hl=en-US&gl=US,530,be
apps.microsoft.com/detail/9wzdncrfhwlh?hl=nl-NL&gl=NL,524,be
apps.microsoft.com/detail/xp99vr1bpsbqj2?hl=en-US&gl=US,514,be
apps.microsoft.com/detail/xpfcwp0sqwxm3v?hl=nl-NL&gl=GR,512,be
apps.microsoft.com/detail/9mz95kl8mr0l,507,be
apps.microsoft.com/detail/9pd9bhglfc7h,473,be
apps.microsoft.com/detail/9nbfmm45tjpt?hl=en-US&gl=US,427,be
apps.microsoft.com/detail/9pb2mz1zmb1s?hl=en-US&gl=US,425,be
apps.microsoft.com/detail/9nh2gph4jzs4?hl=nl-NL&gl=NL,408,be
apps.microsoft.com/detail/9nrx63209r7b?hl=nl-nl&gl=US,386,be
apps.microsoft.com/detail/9n1k9q56hvxr?hl=nl-NL&gl=NL,370,be
apps.microsoft.com/detail/9n4thxhl44t9?hl=nl-NL&gl=NL,359,be
apps.microsoft.com/detail/9wzdncrd2bw5?hl=nl-NL&gl=US,347,be
apps.microsoft.com/detail/9wzdncrfj2wl?hl=nl-NL&gl=NL,342,be
apps.microsoft.com/detail/9wzdncrfj2wl?hl=nl-NL&gl=US,331,be
apps.microsoft.com/detail/xpfft31d40mgfq?hl=nl-NL&gl=CZ,331,be
apps.microsoft.com/detail/9ncbcszsjrsb?hl=nl-NL&gl=BE,322,be
apps.microsoft.com/detail/9wzdncrfjbh4?hl=en-US&gl=US,302,be
apps.microsoft.com/detail/9p0xnf0jhwbv?hl=nl-NL&gl=NL,299,be
apps.microsoft.com/detail/xp8k17rnmm8mtn?hl=nl-NL&gl=NL,293,be
apps.microsoft.com/detail/9pktq5699m62,292,be
apps.microsoft.com/detail/9nzjndtlvkr1?hl=nl-NL&gl=NL,285,be
apps.microsoft.com/detail/9nblggh4vvnh?hl=nl-NL&gl=CH,271,be
apps.microsoft.com/detail/xp8jg6mnm5z4x1?hl=en-US&gl=US,246,be
apps.microsoft.com/detail/9nrx63209r7b?gl=US&hl=nl-NL,244,be
apps.microsoft.com/detail/9nztwsqntd0s?hl=en-US&gl=US,244,be
apps.microsoft.com/detail/9nlvzbz2wz28?hl=en-US&gl=US,242,be
apps.microsoft.com/detail/9nh2gph4jzs4?hl=en-US&gl=US,239,be
apps.microsoft.com/detail/9pm860492szd?hl=nl-NL&gl=AF,238,be
apps.microsoft.com/detail/9nm5764dbppg?hl=nl-NL&gl=CW,231,be
apps.microsoft.com/detail/9pd9bhglfc7h?hl=nl-NL&gl=NL,217,be
apps.microsoft.com/detail/xp8k4rgx25g3gm?hl=en-US&gl=US,208,be
apps.microsoft.com/detail/9ntm2qc6qws7?hl=en-US&gl=US,200,be
apps.microsoft.com/detail/9pf4kz2vn4w9?hl=nl-NL&gl=NL,197,be
apps.microsoft.com/detail/9nt1r1c2hh7j?hl=nl-NL&gl=BE,183,be
apps.microsoft.com/detail/9nt1r1c2hh7j?hl=nl-NL&gl=NL,183,be
apps.microsoft.com/detail/9pndvcgvvt9d,180,be
apps.microsoft.com/detail/xpdm17hk323c4x?hl=en-US&gl=US,180,be
apps.microsoft.com/detail/xpffgss4z9m2tx?hl=en-US&gl=US,178,be
apps.microsoft.com/detail/9nf8h0h7wmlt?hl=en-US&gl=US,175,be
apps.microsoft.com/detail/9n4tfbzk2c7s?cid=msft_web_appsforwindowsphone_spotlight&hl=nl-NL&gl=TW,175,be
apps.microsoft.com/detail/9pm95fzqx3j5?hl=nl-NL&gl=NL,171,be
apps.microsoft.com/detail/9nd0g2cn3sf6?hl=nl-NL&gl=CW,168,be
apps.microsoft.com/detail/9nblggh33n0n?hl=nl-NL&gl=NL,168,be
apps.microsoft.com/detail/9p8ltpgcbzxd?hl=nl-NL&gl=NL,166,be
apps.microsoft.com/detail/9p1d1vztc84x?hl=en-US&gl=US,165,be
apps.microsoft.com/detail/xpfft31d40mgfq?hl=en-US&gl=US,163,be
apps.microsoft.com/detail/9nblgggz5728?hl=nl-NL&gl=NL,163,be
apps.microsoft.com/detail/xpffh613w8v6lv?hl=en-US&gl=US,162,be
apps.microsoft.com/detail/xpdf9vl4d5xr9w?hl=nl-NL&gl=ES,160,be
apps.microsoft.com/detail/9wzdncrfj3pt?hl=en-US&gl=US,157,be
apps.microsoft.com/detail/9mvfq4lmz6c9?hl=en-US&gl=US,152,be
apps.microsoft.com/detail/9pd9bhglfc7h?hl=en-US&gl=US,145,be
apps.microsoft.com/detail/xp89dcgq3k6vld?hl=en-US&gl=US,143,be
apps.microsoft.com/detail/9nk739mk4hzb?hl=nl-NL&gl=NL,141,be
apps.microsoft.com/detail/xpdlpkwg9sw2wd?hl=en-US&gl=US,141,be
apps.microsoft.com/detail/9wzdncrfhwlh?hl=nl-NL&gl=US,137,be
apps.microsoft.com/detail/9np83lwlpz9k?hl=en-US&gl=US,137,be
apps.microsoft.com/detail/9mvfq4lmz6c9,135,be
apps.microsoft.com/detail/9n9rsv4f7zr0?hl=en-US&gl=US,135,be
apps.microsoft.com/detail/9nt1r1c2hh7j?hl=en-US&gl=US,134,be
apps.microsoft.com/detail/9nksqgp7f2nh?hl=nl-NL&gl=NL,134,be
apps.microsoft.com/detail/xpdp273c0xhqh2?hl=nl-NL&gl=US,133,be
apps.microsoft.com/detail/9wzdncrfhwlh?hl=en-US&gl=US,132,be
apps.microsoft.com/detail/9nblggh18846?hl=nl-NL&gl=AZ,130,be
apps.microsoft.com/detail/9pktq5699m62?hl=nl-NL&gl=NL,130,be
apps.microsoft.com/detail/xpdm1zw6815mqm,129,be
apps.microsoft.com/detail/xpfd4t9n395qn6?hl=en-US&gl=US,128,be
apps.microsoft.com/detail/9pfhdsf91b9r?hl=en-US&gl=US,126,be
apps.microsoft.com/detail/xpfnzksklbp7rj,123,be
apps.microsoft.com/detail/9wzdncrfj27n?hl=nl-NL&gl=NL,122,be
apps.microsoft.com/detail/9msmlrh6lzf3?hl=en-US&gl=US,121,be
apps.microsoft.com/detail/9wzdncrfj3pv?hl=nl-NL&gl=US,119,be
apps.microsoft.com/detail/xpfcwp0sqwxm3v?hl=en-US&gl=US,119,be
apps.microsoft.com/detail/9nq3nvhpv7ms?hl=nl-NL&gl=NL,117,be
apps.microsoft.com/detail/9wzdncrfhwd2?hl=nl-NL&gl=NL,116,be
apps.microsoft.com/detail/9pc3h3v7q9ch?hl=nl-NL&gl=NL,115,be
apps.microsoft.com/detail/9nrx63209r7b?hl=en-US&gl=US,114,be
apps.microsoft.com/detail/9pfdf2zd4z4n?hl=nl-NL&gl=IL,109,be
apps.microsoft.com/detail/xp9b0bh6t8z7kz?hl=en-US&gl=US,109,be
apps.microsoft.com/detail/9wzdncrfj2bs?hl=nl-NL&gl=BE,108,be
apps.microsoft.com/detail/9pfhdsf91b9r,106,be
apps.microsoft.com/detail/9wzdncrdntk5?hl=nl-NL&gl=BE,103,be
apps.microsoft.com/detail/xp8k0j757hhrdw?hl=nl-NL&gl=US,102,be
apps.microsoft.com/detail/9pp3c07gtvrh?hl=nl-NL&gl=NL,100,be
apps.microsoft.com/detail/9wzdncrfhwd2?hl=en-US&gl=US,100,be
apps.microsoft.com/detail/xpdlmkftxtdhsd?hl=en-US&gl=US,100,be
apps.microsoft.com/detail/9p60780h62k9?hl=nl-NL&gl=BE,93,be
apps.microsoft.com/detail/9n1sv6841f0b,90,be
apps.microsoft.com/detail/9wzdncrfjbq6?hl=nl-NL&gl=NL,89,be
apps.microsoft.com/detail/xpdc1lx9vnw7z7?hl=en-US&gl=US,87,be
apps.microsoft.com/detail/9n1k9q56hvxr?hl=en-US&gl=US,86,be
apps.microsoft.com/detail/9pp3c07gtvrh?hl=en-US&gl=US,86,be
apps.microsoft.com/detail/9pctjzrlv21g?hl=en-US&gl=US,85,be
apps.microsoft.com/detail/xpdc2rh70k22mn?hl=en-US&gl=US,85,be
apps.microsoft.com/detail/xpdm5vsmtkqlbj?hl=en-US&gl=US,85,be
apps.microsoft.com/detail/9nwrv1v75s3k,84,be
apps.microsoft.com/detail/xp8lvtc3ltsfn3?hl=nl-NL&gl=NL,82,be
apps.microsoft.com/detail/xpffh613w8v6lv?hl=nl-NL&gl=US,82,be
apps.microsoft.com/detail/xpfg20v78lrmwg?hl=en-US&gl=US,82,be
apps.microsoft.com/detail/xp89j5462cmgjd?hl=nl-NL&gl=gf,81,be
apps.microsoft.com/detail/9pfhdd62mxs1?hl=en-US&gl=US,80,be
apps.microsoft.com/detail/9nblggh1zrpv?hl=en-US&gl=US,79,be
apps.microsoft.com/detail/9pn4zfb0d57q?hl=en-US&gl=US,76,be
apps.microsoft.com/detail/xpdp2qw12dfsfk?hl=en-US&gl=US,76,be
apps.microsoft.com/detail/9nrx63209r7b,75,be
apps.microsoft.com/detail/xpdnzjfncr1b07?hl=en-US&gl=US,74,be
apps.microsoft.com/detail/9wzdncrdh6mc?hl=nl-NL&gl=NL,73,be
apps.microsoft.com/detail/9nblggh67wlk?hl=en-US&gl=US,73,be
apps.microsoft.com/detail/9mvvszk43qqw?hl=en-US&gl=US,72,be
apps.microsoft.com/detail/9wzdncrfj3tj?hl=en-US&gl=US,72,be
apps.microsoft.com/detail/xp8jg6mnm5z4x1,72,be
apps.microsoft.com/detail/9wzdncrfj26j?hl=en-US&gl=US,72,be
apps.microsoft.com/detail/9pgzkjc81q7j?hl=en-US&gl=US,72,be
apps.microsoft.com/detail/9nblggh18846?hl=en-US&gl=US,71,be
apps.microsoft.com/detail/9nblggh3vrmz?hl=nl-NL&gl=NL,70,be
apps.microsoft.com/detail/9n9kdphv91jt?hl=nl-NL&gl=BE,70,be
apps.microsoft.com/detail/xpfcg5nrkxqpkt?hl=nl-NL&gl=US,70,be
apps.microsoft.com/detail/xpdccppsk2xpqw?hl=en-US&gl=US,70,be
apps.microsoft.com/detail/9pfc45g1xhp7?hl=en-US&gl=US,69,be
apps.microsoft.com/detail/9wzdncrfj1zv?hl=nl-NL&gl=NL,68,be
apps.microsoft.com/detail/9wzdncrfjbh4,68,be
apps.microsoft.com/detail/9nkmkxnqv2m8,67,be
apps.microsoft.com/detail/9nmn2z9tzp22?hl=en-US&gl=US,67,be
apps.microsoft.com/detail/9wzdncrfj2wl?hl=fr-FR&gl=US,66,be
apps.microsoft.com/detail/xpfft31d40mgfq?hl=nl-NL&gl=NL,65,be
apps.microsoft.com/detail/9p4tcns9h432?hl=en-US&gl=US,65,be
apps.microsoft.com/detail/9nzvdkpmr9rd?hl=en-US&gl=US,64,be
apps.microsoft.com/detail/9nrp2lhsh4mf?hl=nl-NL&gl=NL,64,be
apps.microsoft.com/detail/9wzdncrfhwlh,64,be
apps.microsoft.com/detail/xpdp273c0xhqh2?hl=nl-NL&gl=NL,64,be
apps.microsoft.com/detail/9nsh25lt1f9c?hl=en-US&gl=US,63,be
apps.microsoft.com/detail/9wzdncrfj3pz,63,be
apps.microsoft.com/detail/xpdp273c0xhqh2,62,be
apps.microsoft.com/detail/xp8bsbgqw2dks0?hl=nl-NL&gl=US,62,be
apps.microsoft.com/detail/9wzdncrfjcgg?hl=en-US&gl=US,61,be
apps.microsoft.com/detail/9nksqgp7f2nh,60,be
apps.microsoft.com/detail/xp8jnqfbqh6pvf?hl=nl-BE&gl=BE,60,be
apps.microsoft.com/detail/9nblggh1zrpv,60,be
apps.microsoft.com/detail/9pnsjclxdz0v?hl=nl-NL&gl=NL,59,be
apps.microsoft.com/detail/9wzdncrfjb2b?hl=nl-NL&gl=US,59,be
apps.microsoft.com/detail/9nrx63209r7b?hl=es-ES&gl=US,59,be
apps.microsoft.com/detail/xp89j5462cmgjd?hl=en-US&gl=US,59,be
apps.microsoft.com/detail/9wzdncrfj2wl?hl=ar-SA&gl=US,58,be
apps.microsoft.com/detail/9mt9t93g2cnt?hl=nl-NL&gl=NL,57,be
apps.microsoft.com/detail/9nblggh4pw3p?hl=nl-NL&gl=NL,57,be
apps.microsoft.com/detail/9nblggh5l9xt?hl=nl-NL&gl=NL,56,be
apps.microsoft.com/detail/9nw3sptz4z9t?hl=en-GB&gl=GB,56,be
apps.microsoft.com/detail/xp9m26rsclnt88?hl=en-US&gl=US,55,be
apps.microsoft.com/detail/xpfd4t9n395qn6,53,be
apps.microsoft.com/detail/9nblggh18846,53,be
apps.microsoft.com/detail/9ppcm38c4r3p?hl=en-US&gl=US,53,be
apps.microsoft.com/detail/9p2cpmvcw0lx?hl=nl-NL&gl=US,52,be
apps.microsoft.com/detail/9n7x5hl3sn8k?hl=nl-NL&gl=BE,52,be
apps.microsoft.com/detail/xp8lgt18lss4qs?hl=nl-nl&gl=IL,51,be
apps.microsoft.com/detail/9wzdncrfjbds?hl=nl-NL&gl=BE,51,be
apps.microsoft.com/detail/9p6t37wh4tr0?hl=nl-NL&gl=NL,51,be
apps.microsoft.com/detail/9pb2mz1zmb1s?hl=fr-FR&gl=FR,51,be
apps.microsoft.com/detail/9nm5764dbppg?hl=en-US&gl=US,51,be
apps.microsoft.com/detail/9pj8266bhfwn?hl=en-US&gl=US,50,be
apps.microsoft.com/detail/9mzvh31zvmv4?hl=en-US&gl=US,50,be
apps.microsoft.com/detail/9pb2mz1zmb1s?hl=nl-NL&gl=US,50,be
apps.microsoft.com/detail/9p94lh3q1cp5?hl=en-US&gl=US,50,be
apps.microsoft.com/detail/9nxqxxlfst89?hl=nl-NL&gl=NL,50,be
apps.microsoft.com/detail/9nksqgp7f2nh?hl=en-US&gl=US,353,za
apps.microsoft.com/detail/9wzdncrfj2wl?hl=en-US&gl=US,11,za
apps.microsoft.com/detail/xp8jn299z9j1m3?hl=en-US&gl=ZM,65,za
apps.microsoft.com/detail/9p6pbj9wzlqs,89,za
apps.microsoft.com/detail/9wzdncrfj140?hl=en-US&gl=US,72,za
apps.microsoft.com/detail/9nksqgp7f2nh?hl=en-US&gl=US,210,my
apps.microsoft.com/detail/9wzdncrfj2wl?hl=en-US&gl=US,80,my
apps.microsoft.com/detail/9nblggh5l9xt?hl=en-US&gl=US,69,my
apps.microsoft.com/detail/9wzdncrfj140?hl=en-US&gl=US,4,my
apps.microsoft.com/detail/9nztwsqntd0s?hl=en-US&gl=US,7,my
apps.microsoft.com/detail/9nksqgp7f2nh?hl=ar-SA&gl=EG,18,eg
apps.microsoft.com/detail/9wzdncrfj2wl?hl=ar-SA&gl=US,90,eg
apps.microsoft.com/detail/9n97zckpd60q?hl=ar-SA&gl=SA,24,eg
apps.microsoft.com/detail/9nksqgp7f2nh?hl=en-US&gl=US,48,eg
apps.microsoft.com/detail/xpfd8tkwzdh43m?hl=ar-SA&gl=SA,50,eg
apps.microsoft.com/detail/9wzdncrfj2wl?hl=uk-UA&gl=UA,93,ua
apps.microsoft.com/detail/9p15s8pwmq8c?hl=ru-RU&gl=US,26,ua
apps.microsoft.com/detail/9n6f7h1r3djs?hl=uk-UA&gl=UA,96,ua
apps.microsoft.com/detail/9n621dm2lvhq?hl=uk-UA&gl=UA,31,ua
apps.microsoft.com/detail/9nblggh5l9xt?hl=uk-UA&gl=UA,48,ua
apps.microsoft.com/detail/xp8k17rnmm8mtn?hl=es-ar&gl=AR,11,ar
apps.microsoft.com/detail/9n9tzxcpz5kj?hl=es-ad&gl=AD,6,ar
apps.microsoft.com/detail/9nblggh1zrpv?hl=en-US&gl=US,13,ar
apps.microsoft.com/detail/9nksqgp7f2nh?hl=es-ES&gl=ES,9,ar
apps.microsoft.com/detail/9nblggh5l9xt?hl=en-GB&gl=IN,3,ar
apps.microsoft.com/detail/9nblggh5l9xt?hl=es-ES&gl=ES,67,ar
apps.microsoft.com/detail/9nblggh201p7?hl=es-MX&gl=MX,3,ar
apps.microsoft.com/detail/9nksqgp7f2nh?hl=es-ES,13,ar
apps.microsoft.com/detail/9pfdf2zd4z4n?hl=es-ES,59,ar
apps.microsoft.com/detail/9nkmkxnqv2m8?hl=en-US&gl=US,959,ar
apps.microsoft.com/detail/9wzdncrfj2wl?hl=es-ES&gl=ES,916,ar
apps.microsoft.com/detail/9pb2mz1zmb1s?hl=es-ES&gl=ES,842,ar
apps.microsoft.com/detail/xpfft31d40mgfq?hl=es-ES&gl=US,836,ar
apps.microsoft.com/detail/9nblggh3vrmz?hl=es-ES&gl=AR,818,ar
apps.microsoft.com/detail/xp8k4rgx25g3gm?hl=es-ES&gl=US,806,ar
apps.microsoft.com/detail/9wzdncrfj140?hl=en-US&gl=US,801,ar
apps.microsoft.com/detail/9nksqgp7f2nh?hl=es-ES&gl=AR,754,ar
apps.microsoft.com/detail/9wzdncrfj10m?hl=es-ES&gl=ES,622,ar
apps.microsoft.com/detail/9nblggh5l9xt?hl=en-US&gl=US,614,ar
apps.microsoft.com/detail/xp8lgt18lss4qs?hl=es-ES&gl=US,596,ar
apps.microsoft.com/detail/9wzdncrfj3pz?hl=es-ES&gl=AR,576,ar
apps.microsoft.com/detail/xpdp273c0xhqh2?hl=es-ES&gl=US,496,ar
apps.microsoft.com/detail/9pcfs5b6t72h?hl=es-ES&gl=ES,495,ar
apps.microsoft.com/detail/xp99vr1bpsbqj2?hl=es-ES&gl=US,495,ar
apps.microsoft.com/detail/9nblggh68ln4?hl=es-ES&gl=ES,462,ar
apps.microsoft.com/detail/9wzdncrfj140?hl=es-ES&gl=US,414,ar
apps.microsoft.com/detail/9nblggh4pnc7?hl=es-ES&gl=ES,402,ar
apps.microsoft.com/detail/9wzdncrdkrdt?hl=es-ES&gl=US,363,ar
apps.microsoft.com/detail/xpfd4t9n395qn6?hl=es-ar&gl=AR,357,ar
apps.microsoft.com/detail/9wzdncrdh42t?hl=en-US&gl=US,352,ar
apps.microsoft.com/detail/xp9kn75rrb9nhs?hl=es-ar&gl=AR,352,ar
apps.microsoft.com/detail/9pb359dqfjn6?hl=en-US&gl=US,351,ar
apps.microsoft.com/detail/9wzdncrfjbmp,348,ar
apps.microsoft.com/detail/9nrx63209r7b?hl=es-ES&gl=US,347,ar
apps.microsoft.com/detail/9pf4kz2vn4w9?hl=es-ES&gl=AD,343,ar
apps.microsoft.com/detail/9nblggh5l9xt?hl=es-ES&gl=CL,334,ar
apps.microsoft.com/detail/9n74nhxch1n6?hl=es-ES&gl=PY,330,ar
apps.microsoft.com/detail/9wzdncrfj2wl?hl=en-US&gl=US,325,ar
apps.microsoft.com/detail/xp8bz39v4j50xj?hl=es-ES&gl=US,324,ar
apps.microsoft.com/detail/9nh2gph4jzs4?hl=en-US&gl=US,311,ar
apps.microsoft.com/detail/9nxqxxlfst89?hl=es-ES,302,ar
apps.microsoft.com/detail/9nkmkxnqv2m8?hl=es-ES&gl=US,297,ar
apps.microsoft.com/detail/9wzdncrfj3tj?hl=es-ES&gl=ES,267,ar
apps.microsoft.com/detail/9n1sv6841f0b?hl=es-mx&gl=MX,267,ar
apps.microsoft.com/detail/9nh2gph4jzs4?hl=es-ES&gl=AR,264,ar
apps.microsoft.com/detail/9pfdf2zd4z4n?hl=es-ES&gl=US,257,ar
apps.microsoft.com/detail/9p1j8s7ccwwt?hl=es-ES&gl=US,257,ar
apps.microsoft.com/detail/9wzdncrdv0l0?hl=es-ES&gl=CO,251,ar
apps.microsoft.com/detail/9wzdncrdrtsb?hl=es-sv&gl=SV,251,ar
apps.microsoft.com/detail/xpfft31d40mgfq?hl=es-ES,248,ar
apps.microsoft.com/detail/xpdm17hk323c4x?hl=es-ES&gl=NZ,247,ar
apps.microsoft.com/detail/9p94lh3q1cp5?hl=en-US&gl=US,241,ar
apps.microsoft.com/detail/9wzdncrdxr8r?hl=es-ES&gl=US,239,ar
apps.microsoft.com/detail/9n7p9vthsds8?hl=es-ES&gl=NI,239,ar
apps.microsoft.com/detail/9pl3b0vqlqq8?hl=en-US&gl=US,235,ar
apps.microsoft.com/detail/9nblggh4r2r6?hl=es-ES&gl=ES,222,ar
apps.microsoft.com/detail/xp8lvtc3ltsfn3?hl=es-MX&gl=MX,218,ar
apps.microsoft.com/detail/9ntm2qc6qws7?hl=es-ES,211,ar
apps.microsoft.com/detail/9pfgj25jl6x3?hl=en-US&gl=US,209,ar
apps.microsoft.com/detail/9nblggh4z1jc?hl=es-ES&gl=CL,208,ar
apps.microsoft.com/detail/xp8k0j757hhrdw?hl=es-ar&gl=AR,207,ar
apps.microsoft.com/detail/9mz95kl8mr0l,205,ar
apps.microsoft.com/detail/9nblggh4twwg?hl=es-ES&gl=ES,202,ar
apps.microsoft.com/detail/9wzdncrfhwd2?hl=es-ve&gl=ve,201,ar
apps.microsoft.com/detail/9wzdncrfj3xq?hl=es-ES&gl=AD,201,ar
apps.microsoft.com/detail/9pjmtj0wtctz?hl=es-ar&gl=AR,195,ar
apps.microsoft.com/detail/xpfnzksklbp7rj?hl=es-ES&gl=US,192,ar
apps.microsoft.com/detail/9nrlsxztvrk5?hl=es-ES&gl=CL,189,ar
apps.microsoft.com/detail/9nblggh1cq7l?hl=es-MX&gl=US,176,ar
apps.microsoft.com/detail/9nh2gph4jzs4,176,ar
apps.microsoft.com/detail/9nrrjllxm68v?hl=es-MX&gl=MX,172,ar
apps.microsoft.com/detail/9nblggh6jnln?hl=es-MX&gl=QA,168,ar
apps.microsoft.com/detail/9n95hxkkk3sh?hl=es-MX&gl=US,168,ar
apps.microsoft.com/detail/9nlvzbz2wz28?hl=es-ES&gl=CO,166,ar
apps.microsoft.com/detail/9p6zkl905tmt?hl=es-ES&gl=ES,165,ar
apps.microsoft.com/detail/xp8jnqfbqh6pvf,165,ar
apps.microsoft.com/detail/9nfzsnd3lppn?hl=en-US&gl=US,162,ar
apps.microsoft.com/detail/9pc3h3v7q9ch?hl=es-ES&gl=AT,162,ar
apps.microsoft.com/detail/9nrv2p37thp1?hl=es-ES&gl=CL,156,ar
apps.microsoft.com/detail/9pnsjclxdz0v?hl=es-ES&gl=AR,153,ar
apps.microsoft.com/detail/9phc48p58nb2?hl=es-ES&gl=AR,149,ar
apps.microsoft.com/detail/xpdc2rh70k22mn?hl=es-es&gl=ES,148,ar
apps.microsoft.com/detail/9n0hzn7km2sk?hl=es-es&gl=CL,145,ar
apps.microsoft.com/detail/9wzdncrfjcrd?hl=es-MX&gl=MX,144,ar
apps.microsoft.com/detail/xpdm4zr5kj9jn9?hl=es-cl&gl=CL,144,ar
apps.microsoft.com/detail/xpdp264x2dk8nb?hl=es-co&gl=CO,140,ar
apps.microsoft.com/detail/9nblggh4wnbx?hl=es-pe&gl=PE,136,ar
apps.microsoft.com/detail/9nwj8jht6wgw?hl=en-US&gl=US,136,ar
apps.microsoft.com/detail/9wzdncrfj3tt?hl=es-ES&gl=AR,134,ar
apps.microsoft.com/detail/9wzdncrfj3b4?hl=es-co&gl=CO,134,ar
apps.microsoft.com/detail/9pn9b16njk3j?hl=es-cl&gl=CL,132,ar
apps.microsoft.com/detail/9pp3c07gtvrh,131,ar
apps.microsoft.com/detail/9nsd9lw1grk2,129,ar
apps.microsoft.com/detail/9nblggh0brqz?hl=es-MX&gl=MX,128,ar
apps.microsoft.com/detail/9wzdncrfhwcn?hl=es-ES&gl=ES,125,ar
apps.microsoft.com/detail/xpdm5vsmtkqlbj?hl=es-ES&gl=ES,124,ar
apps.microsoft.com/detail/9nksqgp7f2nh?hl=es-ES&gl=US,123,ar
apps.microsoft.com/detail/9n74nhxch1n6?hl=es-MX&gl=MX,122,ar
apps.microsoft.com/detail/9nblggh4wk46?hl=es-ES&gl=CL,118,ar
apps.microsoft.com/detail/xp8c9qzms2pc1t?hl=en-US&gl=US,117,ar
apps.microsoft.com/detail/9pfhdsf91b9r?hl=es-ES,115,ar
apps.microsoft.com/detail/xpffh613w8v6lv?hl=es-ES&gl=US,114,ar
apps.microsoft.com/detail/9pmmsr1cgpwg?hl=en-US&gl=US,111,ar
apps.microsoft.com/detail/9wzdncrfjcjg?hl=es-ES&gl=US,108,ar
apps.microsoft.com/detail/xpdbz4mprknn30?hl=en-US&gl=US,108,ar
apps.microsoft.com/detail/9n0tn65p5bf6?hl=es-ES&gl=ES,106,ar
apps.microsoft.com/detail/9p8569j9gb3s?hl=es-MX&gl=VN,102,ar
apps.microsoft.com/detail/xp8jk4tbq03lz4?hl=es-cl&gl=CL,99,ar
apps.microsoft.com/detail/9pf5l2g0f0jf?hl=en-US&gl=US,99,ar
apps.microsoft.com/detail/9mxt89hrqc6p?hl=es-ar&gl=AR,99,ar
apps.microsoft.com/detail/xpffcg7m673d4f?hl=en-US&gl=US,98,ar
apps.microsoft.com/detail/xpfp0g0v147h6d?hl=es-pr&gl=pr,97,ar
apps.microsoft.com/detail/xp88x47z2x9str?hl=es-ES&gl=ES,96,ar
apps.microsoft.com/detail/9p9g01q2fvxz?hl=es-MX&gl=US,95,ar
apps.microsoft.com/detail/9p1z2t5k9drl?hl=es-ES&gl=AR,93,ar
apps.microsoft.com/detail/xp99j3kp4xz4vv?hl=en-US&gl=US,93,ar
apps.microsoft.com/detail/xpfd4t9n395qn6?hl=es-ES&gl=US,93,ar
apps.microsoft.com/detail/9wzdncrfj3pz?hl=en-US&gl=US,91,ar
apps.microsoft.com/detail/9nblggh3vrmz?hl=es-ES&gl=CL,90,ar
apps.microsoft.com/detail/xp8bsbgqw2dks0?hl=es-ES&gl=US,90,ar
apps.microsoft.com/detail/9wzdncrfj3tt?hl=es-MX&gl=US,89,ar
apps.microsoft.com/detail/9mxt89hrqc6p?hl=es-ES&gl=AR,89,ar
apps.microsoft.com/detail/9nxqxxlfst89?hl=es-ES&gl=US,88,ar
apps.microsoft.com/detail/9nqxvpnh8400?hl=es-ES&gl=CR,88,ar
apps.microsoft.com/detail/9nz14mknrcpr?hl=es-ES&gl=CR,87,ar
apps.microsoft.com/detail/9p45f0bgfz0l?hl=es-ES&gl=PE,87,ar
apps.microsoft.com/detail/9mzvh31zvmv4?hl=es-ES&gl=CO,86,ar
apps.microsoft.com/detail/9nblggh516xp?hl=es-ES,85,ar
apps.microsoft.com/detail/9ncbcszsjrsb?hl=es-MX&gl=US,82,ar
apps.microsoft.com/detail/9wzdncrfj2sm?hl=es-ES&gl=AR,81,ar
apps.microsoft.com/detail/9ntt4dxdmhx9?hl=es-ES&gl=CO,81,ar
apps.microsoft.com/detail/9wzdncrfjctk?hl=es-ES&gl=GQ,81,ar
apps.microsoft.com/detail/xpfcc4cd725961?hl=es-ES&gl=US,81,ar
apps.microsoft.com/detail/9pfhdsf91b9r?hl=es-ES&gl=US,79,ar
apps.microsoft.com/detail/9nblgggzm6wm?hl=es-ES&gl=AR,79,ar
apps.microsoft.com/detail/xp9b0bh6t8z7kz?hl=en-US&gl=US,78,ar
apps.microsoft.com/detail/xpdp2qw12dfsfk?hl=en-US&gl=US,76,ar
apps.microsoft.com/detail/9pcll1smmcv3?hl=es-ES&gl=AR,76,ar
apps.microsoft.com/detail/9ng4ll7k1m6m?hl=es-ES&gl=US,76,ar
apps.microsoft.com/detail/9pmhzvm588p4?hl=en-US&gl=US,74,ar
apps.microsoft.com/detail/9mvfq4lmz6c9?hl=es-ar&gl=AR,72,ar
apps.microsoft.com/detail/9nrx63209r7b?hl=en-US&gl=US,72,ar
apps.microsoft.com/detail/9nsntzljhtx4?hl=en-US&gl=US,72,ar
apps.microsoft.com/detail/9nptvglp01nd?hl=es-cl&gl=CL,72,ar
apps.microsoft.com/detail/9pf9rtkmmq69?hl=es-ES&gl=US,72,ar
apps.microsoft.com/detail/9wzdncrfjbb1?hl=es-MX,72,ar
apps.microsoft.com/detail/teamviewer-remote/xpdm17hk323c4x?hl=es-es&gl=ES,72,ar
apps.microsoft.com/detail/xp88x47z2x9str?hl=es-mx&gl=MX,72,ar
apps.microsoft.com/detail/9nqxvpnh8400?hl=es-ES&gl=CL,71,ar
apps.microsoft.com/detail/xpdlpkwg9sw2wd?hl=es-MX&gl=US,70,ar
apps.microsoft.com/detail/9p1fp7gdr22p?hl=en-US&gl=US,70,ar
apps.microsoft.com/detail/xpdnxdpxbrsvxt?hl=es-ES&gl=US,69,ar
apps.microsoft.com/detail/9mv4lscdrflt?hl=es-MX&gl=MX,69,ar
apps.microsoft.com/detail/9nt8kfp56z2c?hl=es-ES&gl=CL,68,ar
apps.microsoft.com/detail/9p1n366vxbgt?hl=es-ES&gl=CL,67,ar
apps.microsoft.com/detail/xp8lgt18lss4qs?hl=es-ES,67,ar
apps.microsoft.com/detail/xp9c7vjqrwncpw?hl=en-US&gl=US,66,ar
apps.microsoft.com/detail/9pc3h3v7q9ch?hl=es-ES&gl=US,66,ar
apps.microsoft.com/detail/9nblggh4vqbr?hl=es-ES&gl=CL,65,ar
apps.microsoft.com/detail/9wzdncrfj3ng?hl=es-ES&gl=ES,65,ar
apps.microsoft.com/detail/9p5b4k2g6d2h?hl=en-US&gl=US,65,ar
apps.microsoft.com/detail/9pp3c07gtvrh?hl=en-US&gl=US,64,ar
apps.microsoft.com/detail/9pjvm4fxd2ts?hl=es-ES&gl=AR,64,ar
apps.microsoft.com/detail/9wzdncrdh6mc?hl=es-ES&gl=ES,62,ar
apps.microsoft.com/detail/9pgprb6f1pln?hl=es-ES&gl=CO,61,ar
apps.microsoft.com/detail/9nblggh516xp?hl=en-US&gl=US,61,ar
apps.microsoft.com/detail/9nblggh1k46h?hl=es-ES&gl=CO,61,ar
apps.microsoft.com/detail/9pc3h3v7q9ch?hl=es-ES&gl=ES,61,ar
apps.microsoft.com/detail/xp8lkpzt4x0z0p?hl=es-ES&gl=US,61,ar
apps.microsoft.com/detail/xp8bx2dwv7tf50?hl=es-ES&gl=MQ,61,ar
apps.microsoft.com/store/detail/9nc12crwc360?hl=es-mx&amp;gl=mx,61,ar
apps.microsoft.com/detail/9nblggh43vhv?hl=es-ES&gl=AR,60,ar
apps.microsoft.com/detail/9pktq5699m62?hl=en-US&gl=US,60,ar
apps.microsoft.com/detail/9pktq5699m62?hl=es-pa&gl=PA,60,ar
apps.microsoft.com/detail/xp8jnpkgtv6nrl?hl=en-US&gl=US,60,ar
apps.microsoft.com/detail/9p8dfb9fbtw4,60,ar
apps.microsoft.com/detail/9mt44rnlpxxt?hl=es-MX&gl=MX,59,ar
apps.microsoft.com/detail/xp99vr1bpsbqj2?hl=es-uy&gl=UY,59,ar
apps.microsoft.com/detail/9p8569j9gb3s?hl=es-es&gl=AR,59,ar
apps.microsoft.com/detail/9pktq5699m62?hl=es-ES&gl=ES,58,ar
apps.microsoft.com/detail/xpfckbrnfzq62g?hl=es-ES&gl=US,58,ar
apps.microsoft.com/detail/9nzvdkpmr9rd?hl=es-ES&gl=CL,57,ar
apps.microsoft.com/detail/xp8k17rnmm8mtn?hl=es-ES&gl=US,57,ar
apps.microsoft.com/detail/9wzdncrfj2wl?hl=es-MX&gl=US,57,ar
apps.microsoft.com/detail/9ng4ll7k1m6m?hl=es-ES&gl=CL,57,ar
apps.microsoft.com/detail/9pkrq5jtbq9l?hl=es-MX&gl=MX,57,ar
apps.microsoft.com/detail/9nblggh4pnc7?hl=es-ES&gl=AR,56,ar
apps.microsoft.com/detail/9nztwsqntd0s?hl=en-US&gl=US,56,ar
apps.microsoft.com/detail/9ph7cpnwj88z?hl=es-ES&gl=CO,55,ar
apps.microsoft.com/detail/9pfgj25jl6x3?hl=es-cr&gl=CR,55,ar
apps.microsoft.com/detail/9mvfq4lmz6c9?hl=en-US&gl=US,55,ar
apps.microsoft.com/detail/9nrjv5d2qs7m?hl=da-DK&gl=DK,1,dk
apps.microsoft.com/detail/9ph7t8d0lqd0?hl=da-DK&gl=DK,78,dk
apps.microsoft.com/detail/9wzdncrfjlt5?hl=da-DK&gl=DK,6,dk
apps.microsoft.com/detail/9wzdncrdn990?hl=da-DK&gl=DK,10,dk
apps.microsoft.com/detail/9pd9bhglfc7h?hl=da-DK&gl=DK,28,dk
apps.microsoft.com/detail/9p9ft3qjn0pk?hl=da-DK&gl=DK,3,dk
apps.microsoft.com/detail/9n621dm2lvhq?hl=da-DK&gl=DK,861,dk
apps.microsoft.com/detail/9pb359dqfjn6?hl=en-US&gl=US,836,dk
apps.microsoft.com/detail/9wzdncrdn9kt?hl=da-DK&gl=DK,776,dk
apps.microsoft.com/detail/9nk4sw0114f8?hl=da-DK&gl=DK,751,dk
apps.microsoft.com/detail/9wzdncrfj140,719,dk
apps.microsoft.com/detail/9npm33cv38l3?hl=da-DK&gl=DK,710,dk
apps.microsoft.com/detail/9wzdncrfj3pz?hl=da-DK&gl=DK,677,dk
apps.microsoft.com/detail/9mt9t93g2cnt?hl=da-DK&gl=DK,623,dk
apps.microsoft.com/detail/9n1k9q56hvxr?hl=da-DK&gl=DK,574,dk
apps.microsoft.com/detail/9wzdncrfj2wl?hl=en-US&gl=US,561,dk
apps.microsoft.com/detail/9pktq5699m62?hl=en-US&gl=US,505,dk
apps.microsoft.com/detail/9pb2mz1zmb1s?hl=da-DK&gl=DK,411,dk
apps.microsoft.com/detail/9wzdncrdmxrm?hl=da-DK&gl=GL,406,dk
apps.microsoft.com/detail/9nf8h0h7wmlt?hl=da-DK&gl=DK,399,dk
apps.microsoft.com/detail/9nblggh10z5r?hl=da-DK&gl=DK,377,dk
apps.microsoft.com/detail/9nm9sn6hhzw3?hl=da-DK&gl=DK,368,dk
apps.microsoft.com/detail/9ncbcszsjrsb?hl=da-DK&gl=DK,346,dk
apps.microsoft.com/detail/9n4jbjnfzc1l?hl=da-DK&gl=DK,340,dk
apps.microsoft.com/detail/9nblggh5l9xt?hl=en-US&gl=US,318,dk
apps.microsoft.com/detail/9wzdncrfj3tj?hl=da-DK&gl=DK,313,dk
apps.microsoft.com/detail/9p691z24l3cm?hl=da-DK&gl=DK,280,dk
apps.microsoft.com/detail/9wzdncrfhwkn,279,dk
apps.microsoft.com/detail/9wzdncrfhzgk?hl=da-DK&gl=DK,272,dk
apps.microsoft.com/detail/9n6gdf5b7q8z?hl=da-DK&gl=DK,255,dk
apps.microsoft.com/detail/9wzdncrfhwlh?hl=da-DK&gl=DK,248,dk
apps.microsoft.com/detail/9np83lwlpz9k,246,dk
apps.microsoft.com/detail/9nv57t7tb5bf?hl=da-DK&gl=DK,246,dk
apps.microsoft.com/detail/9pnclgn007cj?hl=da-DK&gl=DK,243,dk
apps.microsoft.com/detail/9nzfk4dcxmz4?hl=da-DK&gl=DK,232,dk
apps.microsoft.com/detail/9wzdncrfjcjg?hl=da-DK&gl=DK,229,dk
apps.microsoft.com/detail/9wzdncrfhwcp?hl=da-DK&gl=DK,227,dk
apps.microsoft.com/detail/9pj2tm8zgqlh?hl=da-DK&gl=DK,226,dk
apps.microsoft.com/detail/9mz1gkmv1thl?hl=da-DK&gl=DK,220,dk
apps.microsoft.com/detail/9nm5764dbppg?hl=da-DK&gl=DK,219,dk
apps.microsoft.com/detail/9nblgggz578z?hl=da-DK&gl=DK,218,dk
apps.microsoft.com/detail/9wzdncrdn9bv?hl=da-DK&gl=DK,212,dk
apps.microsoft.com/detail/9nblggh4qghw?hl=da-DK&gl=DK,210,dk
apps.microsoft.com/detail/9n4vn1s60632?hl=da-DK&gl=DK,207,dk
apps.microsoft.com/detail/9wzdncrfj2wl?hl=da-DK&gl=DK,205,dk
apps.microsoft.com/detail/9ndjq0j8ksdz?hl=da-DK&gl=DK,203,dk
apps.microsoft.com/detail/9mzvh31zvmv4?hl=en-US&gl=US,198,dk
apps.microsoft.com/detail/9wzdncrfjb1f?hl=da-DK&gl=DK,195,dk
apps.microsoft.com/detail/xpdc2rh70k22mn?hl=da-DK&gl=DK,183,dk
apps.microsoft.com/detail/xpdm1zw6815mqm?hl=en-US&gl=US,180,dk
apps.microsoft.com/detail/xpdm5vsmtkqlbj?hl=en-US&gl=US,177,dk
apps.microsoft.com/detail/9nsf023x0mqs?hl=da-DK&gl=DK,176,dk
apps.microsoft.com/detail/9nb42nc2x167?hl=da-DK&gl=DK,173,dk
apps.microsoft.com/detail/9nblggh33n0n?hl=da-DK&gl=DK,171,dk
apps.microsoft.com/detail/9nk4t08dhq80?hl=da-DK&gl=DK,170,dk
apps.microsoft.com/detail/9nhzt58qlr7g?hl=da-DK&gl=DK,169,dk
apps.microsoft.com/detail/9n0dx20hk701?hl=da-DK&gl=DK,168,dk
apps.microsoft.com/detail/9ppr79vx0gdl?hl=da-DK&gl=DK,166,dk
apps.microsoft.com/detail/9wzdncrfhwd2?hl=da-DK&gl=DK,162,dk
apps.microsoft.com/detail/9mz95kl8mr0l?hl=da-DK&gl=DK,162,dk
apps.microsoft.com/detail/9wzdncrcv5xn?hl=da-DK&gl=DK,160,dk
apps.microsoft.com/detail/9mvvszk43qqw?hl=da-DK&gl=DK,154,dk
apps.microsoft.com/detail/9nblggh5r558?hl=da-DK&gl=DK,153,dk
apps.microsoft.com/detail/xpdm5vsmtkqlbj?hl=da-DK&gl=DK,149,dk
apps.microsoft.com/detail/9nblggh5g47v?hl=en-US&gl=US,144,dk
apps.microsoft.com/detail/9n4cghq34hz9?hl=da-DK&gl=DK,144,dk
apps.microsoft.com/detail/9wzdncrdcwk8?hl=da-DK&gl=DK,142,dk
apps.microsoft.com/detail/9p6rc76msmmj?hl=fr-FR&gl=FR,139,dk
apps.microsoft.com/detail/9n5jspvtdq3l?hl=da-DK&gl=DK,139,dk
apps.microsoft.com/detail/9nl650xn0sf8?hl=da-DK&gl=DK,137,dk
apps.microsoft.com/detail/9nblggh4z1jc?hl=da-DK&gl=DK,134,dk
apps.microsoft.com/detail/9pgq2lx5c4gv?hl=da-DK&gl=DK,133,dk
apps.microsoft.com/detail/9pc3h3v7q9ch?hl=da-DK&gl=DK,131,dk
apps.microsoft.com/detail/9wzdncrfjbds?hl=da-DK&gl=DK,130,dk
apps.microsoft.com/detail/9wzdncrfj3pv?hl=da-DK&gl=US,125,dk
apps.microsoft.com/detail/9pjvm4fxd2ts?hl=da-DK&gl=DK,123,dk
apps.microsoft.com/detail/9n441vmsbnzd?hl=da-DK&gl=DK,122,dk
apps.microsoft.com/detail/9nd7jbn9g5mj?hl=da-DK&gl=GL,122,dk
apps.microsoft.com/detail/9p2tlv86z3qf?hl=da-DK&gl=DK,121,dk
apps.microsoft.com/detail/9nblggh51pb3?hl=da-DK&gl=DK,120,dk
apps.microsoft.com/detail/9nrx63209r7b?hl=da-DK&gl=US,119,dk
apps.microsoft.com/detail/xpdm17hk323c4x?hl=da-DK&gl=DK,118,dk
apps.microsoft.com/detail/9nmzlz57r3t7?hl=da-DK&gl=DK,117,dk
apps.microsoft.com/detail/9nzvdkpmr9rd?hl=da-DK&gl=DK,117,dk
apps.microsoft.com/detail/9ndqhf16bd4s?hl=da-DK&gl=DK,116,dk
apps.microsoft.com/detail/9n1cdqlp3g4q?hl=da-DK&gl=DK,116,dk
apps.microsoft.com/detail/9p7bp5vnwkx5?hl=da-DK&gl=DK,114,dk
apps.microsoft.com/detail/9wzdncrfj3pv?hl=en-US&gl=US,114,dk
apps.microsoft.com/detail/9nq3nvhpv7ms?hl=da-DK&gl=DK,112,dk
apps.microsoft.com/detail/9nfc3x6w0wpz?hl=da-DK&gl=DK,108,dk
apps.microsoft.com/detail/xp99vr1bpsbqj2?hl=da-DK&gl=DK,107,dk
apps.microsoft.com/detail/9nt9mx0qpvfv?hl=da-DK&gl=DK,106,dk
apps.microsoft.com/detail/9wzdncrfj175?hl=da-DK&gl=DK,105,dk
apps.microsoft.com/detail/9wzdncrfj4mv?hl=da-DK&gl=DK,104,dk
apps.microsoft.com/detail/9nq9klznv9sh?hl=da-DK&gl=DK,104,dk
apps.microsoft.com/detail/9wzdncrfj3tt?hl=da-DK&gl=DK,101,dk
apps.microsoft.com/detail/9nblgggzpjk5?hl=da-DK&gl=DK,101,dk
apps.microsoft.com/detail/9nl9jk1m4cmz?hl=da-DK&gl=DK,100,dk
apps.microsoft.com/detail/xpfnzksklbp7rj?hl=da-DK&gl=DK,100,dk
apps.microsoft.com/detail/9pltngpg3w25?hl=da-DK&gl=DK,100,dk
apps.microsoft.com/detail/9pf4kz2vn4w9?hl=da-DK&gl=DK,98,dk
apps.microsoft.com/detail/9p90zh32k649?hl=da-DK&gl=DK,98,dk
apps.microsoft.com/detail/9pn0v3g6pgh5?hl=en-US&gl=US,98,dk
apps.microsoft.com/detail/9nvrc0m71mt5?hl=en-US&gl=US,98,dk
apps.microsoft.com/detail/9nmlxp17w2tm?hl=da-DK&gl=DK,97,dk
apps.microsoft.com/detail/9nnkg5w1ks5w?hl=da-DK&gl=DK,95,dk
apps.microsoft.com/detail/xpdlpkwg9sw2wd?hl=en-US&gl=US,94,dk
apps.microsoft.com/detail/xpfft31d40mgfq?hl=da-DK&gl=DK,93,dk
apps.microsoft.com/detail/9wzdncrfj140?hl=en-US&gl=US,93,dk
apps.microsoft.com/detail/9nz370xbfqmg?hl=da-DK&gl=DK,92,dk
apps.microsoft.com/detail/xp9b0bh6t8z7kz?hl=da-DK&gl=DK,92,dk
apps.microsoft.com/detail/9nf8h0h7wmlt?hl=en-US&gl=US,91,dk
apps.microsoft.com/detail/9pgzkjc81q7j?hl=en-US&gl=US,91,dk
apps.microsoft.com/detail/9pf85flzscvk?hl=da-DK&gl=DK,90,dk
apps.microsoft.com/detail/9n4hx2x3f88h?hl=da-DK&gl=DK,90,dk
apps.microsoft.com/detail/9p8x86zst3gd?hl=da-DK&gl=DK,90,dk
apps.microsoft.com/detail/9mzrw2rkbh96?hl=da-DK&gl=DK,89,dk
apps.microsoft.com/detail/9pn9b16njk3j?hl=da-DK&gl=DK,89,dk
apps.microsoft.com/detail/9nx2vqg25jxj?hl=da-DK&gl=DK,89,dk
apps.microsoft.com/detail/9nbfmm45tjpt?hl=en-US&gl=US,88,dk
apps.microsoft.com/detail/9wzdncrdqvpj?hl=da-DK&gl=DK,88,dk
apps.microsoft.com/detail/xp8k0j757hhrdw?hl=da-DK&gl=DK,86,dk
apps.microsoft.com/detail/xp89dcgq3k6vld?hl=en-US&gl=US,86,dk
apps.microsoft.com/detail/xpdp273c0xhqh2?hl=da-DK&gl=US,85,dk
apps.microsoft.com/detail/9nqfzm93dl5x?hl=da-DK&gl=DK,84,dk
apps.microsoft.com/detail/9nlvzbz2wz28?hl=da-DK&gl=DK,82,dk
apps.microsoft.com/detail/9n7b3t53sxxc?hl=en-US&gl=US,82,dk
apps.microsoft.com/detail/9p3z1z639m5s?hl=da-DK&gl=DK,81,dk
apps.microsoft.com/detail/9nm410lc8613?hl=da-DK&gl=DK,80,dk
apps.microsoft.com/detail/9wzdncrfj27n?hl=da-DK&gl=DK,80,dk
apps.microsoft.com/detail/9wzdncrfj2sm?hl=da-DK&gl=DK,79,dk
apps.microsoft.com/detail/9p41lgtq6b0k?hl=da-DK&gl=DK,79,dk
apps.microsoft.com/detail/9wzdncrfj4mv?hl=da-DK&gl=US,79,dk
apps.microsoft.com/detail/9pfhdsf91b9r?hl=en-US&gl=US,78,dk
apps.microsoft.com/detail/9p5mvrnlgg2q?hl=da-DK&gl=DK,77,dk
apps.microsoft.com/detail/9nvc5p0bphgr?hl=da-DK&gl=DK,76,dk
apps.microsoft.com/detail/9p0wzpcfskms?hl=da-DK&gl=DK,76,dk
apps.microsoft.com/detail/9nrl7s8gcnmh?hl=da-DK&gl=DK,76,dk
apps.microsoft.com/detail/xpfft31d40mgfq?hl=da-DK&gl=US,75,dk
apps.microsoft.com/detail/9nblggh4r2r6?hl=da-DK&gl=DK,75,dk
apps.microsoft.com/detail/9nblggh40gkr?hl=da-DK&gl=DK,72,dk
apps.microsoft.com/detail/xpfcc4cd725961?hl=da-DK&gl=DK,72,dk
apps.microsoft.com/detail/9pfhdd62mxs1?hl=da-DK&gl=GL,72,dk
apps.microsoft.com/detail/9nksqgp7f2nh?hl=en-US&gl=US,71,dk
apps.microsoft.com/detail/9n7b3t53sxxc?hl=da-DK&gl=DK,70,dk
apps.microsoft.com/detail/9nblggh2w26l?hl=da-DK&gl=DK,70,dk
apps.microsoft.com/detail/9nb2v6xwb5g2?hl=da-DK&gl=DK,70,dk
apps.microsoft.com/detail/9p0xnf0jhwbv?hl=da-DK&gl=DK,70,dk
apps.microsoft.com/detail/9nsh25lt1f9c?hl=da-DK&gl=DK,70,dk
apps.microsoft.com/detail/9wzdncrdmkbj?hl=da-DK&gl=DK,69,dk
apps.microsoft.com/detail/9wzdncrdhktr?hl=da-DK&gl=DK,68,dk
apps.microsoft.com/detail/9pcfs5b6t72h?hl=da-DK&gl=DK,67,dk
apps.microsoft.com/detail/9p0gckkp4ctn?hl=da-DK&gl=DK,66,dk
apps.microsoft.com/detail/9nblggh6j02v?hl=da-DK&gl=DK,65,dk
apps.microsoft.com/detail/9nblggh51b75?hl=da-DK&gl=DK,65,dk
apps.microsoft.com/detail/xp8jn299z9j1m3?hl=en-US&gl=KE,65,dk
apps.microsoft.com/detail/9wzdncrdqwjk?hl=en-US&gl=US,65,dk
apps.microsoft.com/detail/9wzdncrfj26j?hl=en-US&gl=US,65,dk
apps.microsoft.com/detail/9nrvpx4wc4k6?hl=da-DK&gl=DK,64,dk
apps.microsoft.com/detail/9mvwbgdfz4zj?hl=da-DK&gl=DK,64,dk
apps.microsoft.com/detail/9nm7qqglspp4?hl=da-DK&gl=GL,64,dk
apps.microsoft.com/detail/xpfft31d40mgfq?hl=en-US&gl=US,64,dk
apps.microsoft.com/detail/9nbfmm45tjpt?hl=da-dk&gl=DK,62,dk
apps.microsoft.com/detail/xpffzhvgqwwlhb?hl=en-US&gl=US,62,dk
apps.microsoft.com/detail/9nsp5n3b7q32?hl=da-DK&gl=DK,62,dk
apps.microsoft.com/detail/9nzlgcxhnpkx?hl=da-DK&gl=DK,61,dk
apps.microsoft.com/detail/9nblggh0xcn8?hl=da-DK&gl=DK,61,dk
apps.microsoft.com/detail/9nx3nfqhd8dx?hl=da-DK&gl=DK,60,dk
apps.microsoft.com/detail/9pfwzxm12bbv?hl=da-DK&gl=DK,60,dk
apps.microsoft.com/detail/9np83lwlpz9k?hl=da-DK&gl=US,60,dk
apps.microsoft.com/detail/9pfdf2zd4z4n?hl=en-US&gl=US,59,dk
apps.microsoft.com/detail/9mz95kl8mr0l,58,dk
apps.microsoft.com/detail/9n490gv4j2xl?hl=da-DK&gl=DK,58,dk
apps.microsoft.com/detail/9wzdncrfj3pv?hl=da-DK&gl=DK,58,dk
apps.microsoft.com/detail/xpdm5vsmtkqlbj?hl=da-dk&gl=US,58,dk
apps.microsoft.com/detail/9npkpc2b2m90?hl=da-DK&gl=DK,58,dk
apps.microsoft.com/detail/9ng9wxq85lzm?hl=da-DK&gl=DK,58,dk
apps.microsoft.com/detail/9msmlrh6lzf3?hl=da-DK&gl=DK,57,dk
apps.microsoft.com/detail/9mvfq4lmz6c9?hl=en-US&gl=US,57,dk
apps.microsoft.com/detail/9nx867j1htpk?hl=da-DK&gl=DK,57,dk
apps.microsoft.com/detail/9pb163cgrc54?hl=da-DK&gl=DK,57,dk
apps.microsoft.com/detail/9nbfmm45tjpt,56,dk
apps.microsoft.com/detail/9nblggh18846?hl=en-US&gl=US,56,dk
apps.microsoft.com/detail/9ns3rbq5hv5f?hl=da-DK&gl=DK,53,dk
apps.microsoft.com/detail/9p0xnf0jhwbv?hl=en-US&gl=US,53,dk
apps.microsoft.com/detail/9nbhcs1lx4r0?hl=en-US&gl=US,52,dk
apps.microsoft.com/detail/9nh4f7j77cpd?hl=da-DK&gl=DK,52,dk
apps.microsoft.com/detail/9mt1tmwc3rc5,51,dk
apps.microsoft.com/detail/9nblggh5pd24?hl=da-DK&gl=DK,51,dk
apps.microsoft.com/detail/9phxgh4hcvxm?hl=da-DK&gl=DK,51,dk
apps.microsoft.com/detail/9n1znfmt0zf5?hl=da-DK&gl=US,51,dk
apps.microsoft.com/detail/9nblggh4v7k4?hl=da-DK&gl=DK,50,dk
apps.microsoft.com/detail/9nblggh678gw?hl=da-DK&gl=DK,50,dk
apps.microsoft.com/detail/9pndlw19mw8h?hl=da-DK&gl=DK,50,dk
apps.microsoft.com/detail/9ng28bzx6wr8?hl=cs-CZ&gl=CZ,8,cz
apps.microsoft.com/detail/9wzdncrfj2wl?hl=en-US&gl=US,4,cz
apps.microsoft.com/detail/9pd9bhglfc7h?hl=cs-CZ&gl=US,17,cz
apps.microsoft.com/detail/9nrjv5d2qs7m?hl=cs-CZ&gl=CZ,44,cz
apps.microsoft.com/detail/9wzdncrfj140?hl=en-US&gl=US,2,cz
apps.microsoft.com/detail/9wzdncrfj2wl?hl=en-US&gl=US,94,nz
apps.microsoft.com/detail/9wzdncrfj3tt,3,nz
apps.microsoft.com/detail/9n0dx20hk701,24,nz
apps.microsoft.com/detail/9pb359dqfjn6?hl=en-US&gl=US,3,nz
apps.microsoft.com/detail/9wzdncrfj140?hl=en-US&gl=US,2,nz
apps.microsoft.com/detail/9pd9bhglfc7h,18,nz
apps.microsoft.com/detail/9nblggh5g47v?hl=en-US&gl=US,37,nz
apps.microsoft.com/detail/9nksqgp7f2nh?hl=ar-SA&gl=EG,7,sa
apps.microsoft.com/detail/9wzdncrfj2wl?hl=ar-SA&gl=US,114,sa
apps.microsoft.com/detail/9nksqgp7f2nh?hl=en-US&gl=US,5,sa
apps.microsoft.com/detail/9n97zckpd60q?hl=ar-SA&gl=SA,6,sa
apps.microsoft.com/detail/9nblggh5l9xt?hl=en-GB&gl=IN,71,sa
apps.microsoft.com/detail/9nblggh5l9xt?hl=en-US&gl=US,91,ae
apps.microsoft.com/detail/9nblggh5l9xt?hl=en-GB&gl=IN,76,ae
apps.microsoft.com/detail/9wzdncrfj140?hl=en-US&gl=US,2,ae
apps.microsoft.com/detail/9wzdncrfj2wl?hl=en-US&gl=US,77,ae
apps.microsoft.com/detail/xpdbw109bt0d89?hl=ar-SA&gl=SA,201,ae
apps.microsoft.com/detail/9wzdncrfhvn5?hl=pt-PT&gl=PT,6,pt
apps.microsoft.com/detail/9wzdncrfj140?hl=en-US&gl=US,49,pt
apps.microsoft.com/detail/9wzdncrfj2wl?hl=en-US&gl=US,90,pt
apps.microsoft.com/detail/9nlvzbz2wz28?hl=pt-PT&gl=PT,2,pt
apps.microsoft.com/detail/9nrx63209r7b?hl=pt-br&gl=US,7,pt
apps.microsoft.com/detail/9wzdncrfj2wl?hl=en-US&gl=US,68,ro
apps.microsoft.com/detail/9wzdncrfhwd2?hl=en-US&gl=US,89,ro
apps.microsoft.com/detail/9nksqgp7f2nh?hl=en-US&gl=US,36,ro
apps.microsoft.com/detail/9wzdncrfj140?hl=en-US&gl=US,4,ro
apps.microsoft.com/detail/9nh2gph4jzs4?hl=en-US&gl=US,21,ro
apps.microsoft.com/detail/9wzdncrfj2wl?hl=en-US&gl=US,52,no
apps.microsoft.com/detail/9pb359dqfjn6?hl=en-US&gl=US,898,no
apps.microsoft.com/detail/9pd9bhglfc7h,666,no
apps.microsoft.com/detail/9wzdncrfhwcn?hl=en-US&gl=US,567,no
apps.microsoft.com/detail/9mvfq4lmz6c9?hl=en-US&gl=US,500,no
apps.microsoft.com/detail/9pktq5699m62?hl=en-US&gl=US,485,no
apps.microsoft.com/detail/9n621dm2lvhq?hl=nb-NO&gl=NO,470,no
apps.microsoft.com/detail/9nftch6j7fhv?hl=en-US&gl=US,409,no
apps.microsoft.com/detail/9wzdncrdn9bv?hl=nb-NO&gl=NO,402,no
apps.microsoft.com/detail/9wzdncrfj3pz?hl=nb-NO&gl=NO,379,no
apps.microsoft.com/detail/9n8fwm1c28tb?hl=en-US&gl=US,326,no
apps.microsoft.com/detail/9nf8h0h7wmlt?hl=nb-NO&gl=NO,325,no
apps.microsoft.com/detail/9nblggh5l9xt?hl=en-US&gl=US,325,no
apps.microsoft.com/detail/9wzdncrfjbh4,301,no
apps.microsoft.com/detail/9n0dx20hk701,277,no
apps.microsoft.com/detail/9nvc5p0bphgr?hl=nb-NO&gl=NO,277,no
apps.microsoft.com/detail/9wzdncrfj3pz,255,no
apps.microsoft.com/detail/9wzdncrfj140?hl=en-US&gl=US,247,no
apps.microsoft.com/detail/9nh2gph4jzs4?hl=en-US&gl=US,234,no
apps.microsoft.com/detail/xpdm5vsmtkqlbj?hl=en-US&gl=US,232,no
apps.microsoft.com/detail/9nm5764dbppg?hl=en-US&gl=US,226,no
apps.microsoft.com/detail/9nblggh4qghw?hl=nb-NO&gl=NO,214,no
apps.microsoft.com/detail/9pb2mz1zmb1s?hl=nb-NO&gl=NO,210,no
apps.microsoft.com/detail/9wzdncrfjcjg?hl=nb-NO&gl=NO,198,no
apps.microsoft.com/detail/9nwgfnb0lkgj?hl=nb-NO&gl=NO,183,no
apps.microsoft.com/detail/9wzdncrfj3tj?hl=nb-NO&gl=NO,181,no
apps.microsoft.com/detail/9mvvszk43qqw?hl=nb-NO&gl=NO,170,no
apps.microsoft.com/detail/xp89dcgq3k6vld?hl=en-US&gl=US,168,no
apps.microsoft.com/detail/9p8dfb9fbtw4?hl=nb-NO&gl=NO,168,no
apps.microsoft.com/detail/9p0xnf0jhwbv?hl=nb-NO&gl=NO,168,no
apps.microsoft.com/detail/9np83lwlpz9k?hl=nb-NO&gl=NO,168,no
apps.microsoft.com/detail/9n1f85v9t8bn,167,no
apps.microsoft.com/detail/9wzdncrdcwk8?hl=en-US&gl=US,162,no
apps.microsoft.com/detail/9nblggh3zbjq,159,no
apps.microsoft.com/detail/9nksqgp7f2nh?hl=en-US&gl=US,157,no
apps.microsoft.com/detail/9nrx63209r7b,156,no
apps.microsoft.com/detail/9mt44rnlpxxt?hl=nb-NO&gl=NO,152,no
apps.microsoft.com/detail/9nzfk4dcxmz4?hl=nb-NO&gl=NO,145,no
apps.microsoft.com/detail/9nhzt58qlr7g?hl=nb-NO&gl=NO,145,no
apps.microsoft.com/detail/9wzdncrfhwd2?hl=en-US&gl=US,144,no
apps.microsoft.com/detail/9n1k9q56hvxr?hl=nb-NO&gl=NO,139,no
apps.microsoft.com/detail/9nblggh67bn1,136,no
apps.microsoft.com/detail/9np83lwlpz9k,136,no
apps.microsoft.com/detail/xp8k17rnmm8mtn?hl=en-US&gl=US,136,no
apps.microsoft.com/detail/9nm9sn6hhzw3?hl=nb-NO&gl=NO,136,no
apps.microsoft.com/detail/9wzdncrfjbmp,132,no
apps.microsoft.com/detail/9pfc45g1xhp7?hl=nb-NO&gl=NO,129,no
apps.microsoft.com/detail/9wzdncrfj3tj?hl=en-US&gl=US,122,no
apps.microsoft.com/detail/9wzdncrdlhvk?hl=nb-NO&gl=NO,122,no
apps.microsoft.com/detail/9pf4kz2vn4w9?hl=nb-NO&gl=NO,119,no
apps.microsoft.com/detail/9pn9b16njk3j?hl=en-US&gl=US,119,no
apps.microsoft.com/detail/9p0xnf0jhwbv?hl=en-US&gl=US,118,no
apps.microsoft.com/detail/9p0gckkp4ctn?hl=nb-NO&gl=NO,118,no
apps.microsoft.com/detail/xpfm2k6gpv72cr,110,no
apps.microsoft.com/detail/xpdm1zw6815mqm?hl=en-US&gl=US,108,no
apps.microsoft.com/detail/9n4jbjnfzc1l?hl=ru-RU&gl=DE,106,no
apps.microsoft.com/detail/9wzdncrfjbb1?hl=nb-NO&gl=NO,101,no
apps.microsoft.com/detail/9pcfs5b6t72h,99,no
apps.microsoft.com/detail/9nf8h0h7wmlt?hl=en-US&gl=US,98,no
apps.microsoft.com/detail/9p8w9z0zxt9h?hl=en-US&gl=US,92,no
apps.microsoft.com/detail/9nt1r1c2hh7j?hl=nb-NO&gl=NO,90,no
apps.microsoft.com/detail/9nnx1vvr3knq?hl=en-US&gl=US,90,no
apps.microsoft.com/detail/9nblggh4t68g?hl=nb-NO&gl=NO,90,no
apps.microsoft.com/detail/9wzdncrfhwcp?hl=en-US&gl=US,85,no
apps.microsoft.com/detail/9pjvm4fxd2ts?hl=nb-NO&gl=NO,84,no
apps.microsoft.com/detail/9pgzkjc81q7j?hl=en-US&gl=US,83,no
apps.microsoft.com/detail/9pd9bhglfc7h?hl=nb-NO&gl=NO,80,no
apps.microsoft.com/detail/9nzvdkpmr9rd?hl=nb-NO&gl=NO,76,no
apps.microsoft.com/detail/9msmlrh6lzf3?hl=en-US&gl=US,76,no
apps.microsoft.com/detail/9nblggh1nlh7?hl=en-US&gl=US,75,no
apps.microsoft.com/detail/xpfnzksklbp7rj,72,no
apps.microsoft.com/detail/9nk739mk4hzb?hl=nl-NL&gl=NL,72,no
apps.microsoft.com/detail/9wzdncrfj2k1?hl=en-US&gl=US,68,no
apps.microsoft.com/detail/9n3847rsrg94?hl=nb-NO&gl=NO,68,no
apps.microsoft.com/detail/xpffh613w8v6lv?hl=en-US&gl=US,68,no
apps.microsoft.com/detail/9wzdncrfj2sm?hl=nb-NO&gl=NO,67,no
apps.microsoft.com/detail/9nztwsqntd0s?hl=en-US&gl=US,67,no
apps.microsoft.com/detail/9wzdncrfhwd2?hl=nb-NO&gl=NO,65,no
apps.microsoft.com/detail/9nmzlz57r3t7,65,no
apps.microsoft.com/detail/9pfhdsf91b9r?hl=en-US&gl=US,65,no
apps.microsoft.com/detail/9pn0v3g6pgh5?hl=en-US&gl=US,62,no
apps.microsoft.com/detail/9nrf634ls4pf?hl=nb-NO&gl=NO,62,no
apps.microsoft.com/detail/9ppr79vx0gdl?hl=nb-NO&gl=NO,60,no
apps.microsoft.com/detail/xp89j5462cmgjd?hl=nb-NO&gl=NO,59,no
apps.microsoft.com/detail/xp8lgt18lss4qs?hl=nb-NO&gl=NO,58,no
apps.microsoft.com/detail/xp99vr1bpsbqj2?hl=en-US&gl=US,58,no
apps.microsoft.com/detail/9wzdncrdptmt?hl=nb-NO&gl=NO,58,no
apps.microsoft.com/detail/9pb2mz1zmb1s?hl=en-US&gl=US,57,no
apps.microsoft.com/detail/9nblggh4tq45?hl=nb-NO&gl=NO,57,no
apps.microsoft.com/detail/9pmjt9fj8rsl?hl=nb-NO&gl=NO,54,no
apps.microsoft.com/detail/9wzdncrfj3pt?hl=en-US&gl=US,54,no
apps.microsoft.com/detail/9nblgggzpjk5?hl=nb-NO&gl=NO,52,no
apps.microsoft.com/detail/xpdlpkwg9sw2wd?hl=en-US&gl=US,52,no
apps.microsoft.com/detail/9wzdncrfj27n?hl=nb-NO&gl=NO,50,no
apps.microsoft.com/detail/9nsh25lt1f9c?hl=en-US&gl=US,50,no
apps.microsoft.com/detail/9nblggh4rb48?hl=hu-HU&gl=HU,27,hu
apps.microsoft.com/detail/9p59cckx7c5x?hl=hu-HU&gl=HU,5,hu
apps.microsoft.com/detail/9pd9bhglfc7h?hl=hu-HU&gl=HU,52,hu
apps.microsoft.com/detail/9mw4fzzhhwc6?hl=hu-HU&gl=HU,2,hu
apps.microsoft.com/detail/9wzdncrfj2wl?hl=en-US&gl=US,33,hu
apps.microsoft.com/detail/9wzdncrdn9bv?hl=hu-HU&gl=HU,71,hu
apps.microsoft.com/detail/9nrjv5d2qs7m?hl=hu-HU&gl=HU,2,hu
apps.microsoft.com/detail/9wzdncrfj2wl?hl=hu-HU&gl=US,15,hu
apps.microsoft.com/detail/9wzdncrdn9kt?hl=hu-HU&gl=HU,12,hu
apps.microsoft.com/detail/9n6gdf5b7q8z?hl=hu-HU&gl=HU,994,hu
apps.microsoft.com/detail/9wzdncrfjcjg?hl=hu-HU&gl=HU,929,hu
apps.microsoft.com/detail/9nblggh115mt?hl=hu-HU&gl=HU,912,hu
apps.microsoft.com/detail/9pb359dqfjn6?hl=hu-HU&gl=US,902,hu
apps.microsoft.com/detail/9nm9sn6hhzw3?hl=hu-HU&gl=HU,898,hu
apps.microsoft.com/detail/xp8bt8dw290mpq?hl=hu-HU&gl=HU,852,hu
apps.microsoft.com/detail/9p8f7jr0dstr?hl=hu-HU&gl=HU,805,hu
apps.microsoft.com/detail/9wzdncrcv5xn?hl=hu-HU&gl=HU,798,hu
apps.microsoft.com/detail/9wzdncrfjbh4?hl=hu-HU&gl=HU,777,hu
apps.microsoft.com/detail/9nvs2mwwb3kz?hl=hu-HU&gl=HU,746,hu
apps.microsoft.com/detail/9nrlsxztvrk5?hl=hu-HU&gl=HU,742,hu
apps.microsoft.com/detail/9nblggh5l9xt?hl=en-US&gl=US,731,hu
apps.microsoft.com/detail/9n1k9q56hvxr?hl=hu-HU&gl=HU,728,hu
apps.microsoft.com/detail/9nrvpx4wc4k6?hl=hu-HU&gl=HU,723,hu
apps.microsoft.com/detail/9nblggh201p7?hl=hu-HU&gl=HU,654,hu
apps.microsoft.com/detail/9nsf023x0mqs?hl=hu-HU&gl=HU,648,hu
apps.microsoft.com/detail/9nh4f7j77cpd?hl=hu-HU&gl=HU,644,hu
apps.microsoft.com/detail/xpfm5p5kdwf0jp?hl=hu-HU&gl=HU,644,hu
apps.microsoft.com/detail/9n15nknh976h?hl=hu-HU&gl=HU,602,hu
apps.microsoft.com/detail/9nnx1vvr3knq?hl=hu-HU&gl=HU,601,hu
apps.microsoft.com/detail/9ngv3rrb3zk2?hl=hu-HU&gl=HU,595,hu
apps.microsoft.com/detail/xp89dcgq3k6vld?hl=hu-HU&gl=HU,593,hu
apps.microsoft.com/detail/9nws2rhkrzqr?hl=hu-HU&gl=HU,593,hu
apps.microsoft.com/detail/9mvfq4lmz6c9?hl=en-US&gl=US,584,hu
apps.microsoft.com/detail/9nzfk4dcxmz4?hl=hu-HU&gl=HU,577,hu
apps.microsoft.com/detail/9mzgbksf9h5s?hl=hu-HU&gl=HU,567,hu
apps.microsoft.com/detail/9ns0pqpfdqk6?hl=hu-HU&gl=HU,557,hu
apps.microsoft.com/detail/9ph03z1phhw3?hl=hu-HU&gl=HU,551,hu
apps.microsoft.com/detail/9n1kpx9m78d6?hl=hu-HU&gl=HU,546,hu
apps.microsoft.com/detail/9p6pbj9wzlqs,537,hu
apps.microsoft.com/detail/xp8cf6s8g2d5t6?hl=hu-HU&gl=HU,535,hu
apps.microsoft.com/detail/9nblggh4qs1s?hl=hu-HU&gl=HU,522,hu
apps.microsoft.com/detail/9np83lwlpz9k?hl=hu-HU&gl=HU,518,hu
apps.microsoft.com/detail/9wzdncrd2qlm?hl=hu-HU&gl=HU,480,hu
apps.microsoft.com/detail/9p53s4t9znj5?hl=hu-HU&gl=HU,479,hu
apps.microsoft.com/detail/9pmjt9fj8rsl?hl=hu-HU&gl=HU,478,hu
apps.microsoft.com/detail/xpdm1zw6815mqm?hl=en-US&gl=US,468,hu
apps.microsoft.com/detail/xpdm17hk323c4x?hl=hu-HU&gl=HU,457,hu
apps.microsoft.com/detail/9wzdncrfj26j?hl=en-US&gl=US,452,hu
apps.microsoft.com/detail/9wzdncrfj4mv?hl=hu-HU&gl=HU,447,hu
apps.microsoft.com/detail/xp8k17rnmm8mtn,443,hu
apps.microsoft.com/detail/9pcfs5b6t72h?hl=hu-HU&gl=HU,421,hu
apps.microsoft.com/detail/9pc3h3v7q9ch?hl=hu-HU&gl=HU,420,hu
apps.microsoft.com/detail/9wzdncrfhwlh?hl=hu-HU&gl=HU,416,hu
apps.microsoft.com/detail/xp8lvtc3ltsfn3?hl=hu-HU&gl=HU,400,hu
apps.microsoft.com/detail/xp99j3kp4xz4vv?hl=hu-HU&gl=HU,394,hu
apps.microsoft.com/detail/xp9khm4bk9fz7q?hl=hu-HU&gl=HU,385,hu
apps.microsoft.com/detail/9mz1gkmv1thl?hl=hu-HU&gl=HU,379,hu
apps.microsoft.com/detail/9pcll1smmcv3?hl=hu-HU&gl=HU,370,hu
apps.microsoft.com/detail/9nblgggz56z2?hl=hu-HU&gl=HU,365,hu
apps.microsoft.com/detail/9p53s4t9znj5?hl=hu-HU&gl=US,355,hu
apps.microsoft.com/detail/9pktq5699m62,351,hu
apps.microsoft.com/detail/9n438mzhd3zf?hl=hu-HU&gl=HU,347,hu
apps.microsoft.com/detail/9pndvcgvvt9d?hl=hu-HU&gl=HU,336,hu
apps.microsoft.com/detail/xp99vr1bpsbqj2?hl=en-US&gl=US,329,hu
apps.microsoft.com/detail/xpfcwp0sqwxm3v?hl=hu-HU&gl=HU,314,hu
apps.microsoft.com/detail/xpdm5vsmtkqlbj?hl=hu-hu&gl=US,309,hu
apps.microsoft.com/detail/9wzdncrfhwcn?hl=hu-HU&gl=HU,297,hu
apps.microsoft.com/detail/9nrx63209r7b?hl=hu-hu&gl=US,296,hu
apps.microsoft.com/detail/9pb359dqfjn6?hl=en-US&gl=US,296,hu
apps.microsoft.com/detail/9pjqmzhp6303?hl=hu-HU&gl=HU,291,hu
apps.microsoft.com/detail/9pn4zfb0d57q?hl=en-US&gl=US,283,hu
apps.microsoft.com/detail/9nzvdkpmr9rd?hl=hu-HU&gl=HU,277,hu
apps.microsoft.com/detail/9wzdncrdp01h?hl=hu-HU&gl=US,277,hu
apps.microsoft.com/detail/9wzdncrfjbmp,272,hu
apps.microsoft.com/detail/9nftnppz33tq?hl=hu-HU&gl=HU,266,hu
apps.microsoft.com/detail/9wzdncrf0083?hl=hu-HU&gl=HU,261,hu
apps.microsoft.com/detail/9nl0r0jnnzm0?hl=hu-HU&gl=HU,260,hu
apps.microsoft.com/detail/9n4pvl6lww8c?hl=hu-HU&gl=HU,255,hu
apps.microsoft.com/detail/9nblggh4pnc7?hl=hu-HU&gl=HU,249,hu
apps.microsoft.com/detail/9nblggh4twwg?hl=hu-HU&gl=US,245,hu
apps.microsoft.com/detail/9nblggh4qghw?hl=hu-HU&gl=HU,243,hu
apps.microsoft.com/detail/9nblgggzpjk5?hl=hu-HU&gl=HU,243,hu
apps.microsoft.com/detail/9mw6fcv4wcgf?hl=hu-HU&gl=HU,243,hu
apps.microsoft.com/detail/9n7h29g7g485?hl=hu-HU&gl=HU,241,hu
apps.microsoft.com/detail/9wzdncrfhwd2?hl=hu-HU&gl=HU,239,hu
apps.microsoft.com/detail/9pjmtj0wtctz?hl=hu-HU&gl=HU,239,hu
apps.microsoft.com/detail/9pkxkkl4ws2t,237,hu
apps.microsoft.com/detail/9wzdncrfj3tj?hl=hu-HU&gl=HU,228,hu
apps.microsoft.com/detail/9nblggh40gf4?hl=hu-HU&gl=HU,219,hu
apps.microsoft.com/detail/9nsh25lt1f9c?hl=en-US&gl=US,216,hu
apps.microsoft.com/detail/9nmrq6tdqnvb?hl=hu-HU&gl=HU,216,hu
apps.microsoft.com/detail/9nblggh6hbfd?hl=hu-HU&gl=HU,214,hu
apps.microsoft.com/detail/9p3cp9g025rm?hl=hu-HU&gl=HU,212,hu
apps.microsoft.com/detail/9nksqgp7f2nh?hl=hu-HU&gl=US,210,hu
apps.microsoft.com/detail/9nqxvpnh8400?hl=hu-HU&gl=HU,208,hu
apps.microsoft.com/detail/9pnjxvcvwd4k?hl=hu-HU&gl=HU,206,hu
apps.microsoft.com/detail/xpdp273c0xhqh2?hl=hu-HU&gl=US,205,hu
apps.microsoft.com/detail/9nwgfnb0lkgj?hl=en-US&gl=US,203,hu
apps.microsoft.com/detail/9ph7cpnwj88z?hl=hu-HU&gl=HU,201,hu
apps.microsoft.com/detail/xpffh613w8v6lv?hl=hu-HU&gl=HU,199,hu
apps.microsoft.com/detail/9n490gv4j2xl?hl=hu-HU&gl=HU,198,hu
apps.microsoft.com/detail/9wzdncrfj1zv?hl=hu-HU&gl=HU,198,hu
apps.microsoft.com/detail/9nh2gph4jzs4?hl=en-US&gl=US,195,hu
apps.microsoft.com/detail/xpfnzksklbp7rj?hl=hu-HU&gl=HU,194,hu
apps.microsoft.com/detail/9wzdncrfhwkn,191,hu
apps.microsoft.com/detail/9mz95kl8mr0l,188,hu
apps.microsoft.com/detail/9p6wrds31jh8?hl=hu-HU&gl=HU,187,hu
apps.microsoft.com/detail/9pdv259b9hj1?hl=hu-HU&gl=HU,187,hu
apps.microsoft.com/detail/9nblggh5xhtn?hl=hu-HU&gl=US,187,hu
apps.microsoft.com/detail/9n5jspvtdq3l?hl=hu-HU&gl=HU,185,hu
apps.microsoft.com/detail/9pfhdd62mxs1,183,hu
apps.microsoft.com/detail/9nblggh6j02v?hl=hu-HU&gl=HU,183,hu
apps.microsoft.com/detail/9nh2gph4jzs4,180,hu
apps.microsoft.com/detail/9wzdncrfj3pt?hl=hu-HU&gl=HU,178,hu
apps.microsoft.com/detail/9n0dx20hk701,177,hu
apps.microsoft.com/detail/9ns7shnhm33d?hl=hu-HU&gl=HU,177,hu
apps.microsoft.com/detail/9wzdncrdq66h?hl=hu-HU&gl=HU,172,hu
apps.microsoft.com/detail/9wzdncrfj3q2?hl=hu-HU&gl=HU,167,hu
apps.microsoft.com/detail/9nn1x4x530f5?hl=hu-HU&gl=US,166,hu
apps.microsoft.com/detail/9plf4x62x3xr?hl=hu-HU&gl=US,163,hu
apps.microsoft.com/detail/xp99vr1bpsbqj2?hl=hu-HU&gl=HU,162,hu
apps.microsoft.com/detail/9wzdncrfjctk?hl=hu-HU&gl=HU,160,hu
apps.microsoft.com/detail/9np64t9094lb?hl=hu-HU&gl=HU,160,hu
apps.microsoft.com/detail/9wzdncrfj140?hl=en-US&gl=US,160,hu
apps.microsoft.com/detail/9pn4zfb0d57q?hl=hu-HU&gl=HU,158,hu
apps.microsoft.com/detail/9mvvszk43qqw?hl=hu-HU&gl=HU,157,hu
apps.microsoft.com/detail/9nnbx7h6scsx?hl=hu-HU&gl=HU,155,hu
apps.microsoft.com/detail/9n1f85v9t8bn?hl=en-US&gl=US,154,hu
apps.microsoft.com/detail/xpdc2rh70k22mn?hl=en-US&gl=US,153,hu
apps.microsoft.com/detail/9wzdncrfj3tt?hl=en-US&gl=US,152,hu
apps.microsoft.com/detail/9pf4kz2vn4w9?hl=hu-HU&gl=HU,151,hu
apps.microsoft.com/detail/9n1f85v9t8bn,150,hu
apps.microsoft.com/detail/9p3ghpvl15ls?hl=hu-HU&gl=HU,146,hu
apps.microsoft.com/detail/9p77h0wrjsm2?hl=en-US&gl=US,145,hu
apps.microsoft.com/detail/9wzdncrcwmb7?hl=hu-HU&gl=HU,142,hu
apps.microsoft.com/detail/9ndjwkstbt25?hl=hu-HU&gl=HU,139,hu
apps.microsoft.com/detail/9p9md0v414jl?hl=hu-HU&gl=HU,139,hu
apps.microsoft.com/detail/9pn4zfb0d57q,136,hu
apps.microsoft.com/detail/9wzdncrdd83w?hl=hu-HU&gl=HU,135,hu
apps.microsoft.com/detail/9nfwhchm52hq?hl=hu-HU&gl=HU,133,hu
apps.microsoft.com/detail/9msmlrh6lzf3?hl=hu-HU&gl=HU,133,hu
apps.microsoft.com/detail/9nx3nfqhd8dx?hl=hu-HU&gl=HU,133,hu
apps.microsoft.com/detail/9npp4rhwvv66?hl=hu-HU&gl=HU,132,hu
apps.microsoft.com/detail/9pb2mz1zmb1s?hl=hu-HU&gl=HU,131,hu
apps.microsoft.com/detail/9mvwbgdfz4zj?hl=hu-HU&gl=HU,130,hu
apps.microsoft.com/detail/9nwgfnb0lkgj?hl=hu-HU&gl=CH,129,hu
apps.microsoft.com/detail/xpfckbrnfzq62g?hl=hu-HU&gl=HU,128,hu
apps.microsoft.com/detail/9p3h806whl9r?hl=hu-HU&gl=HU,128,hu
apps.microsoft.com/detail/9wzdncrdsmjn?hl=hu-HU&gl=PH,128,hu
apps.microsoft.com/detail/9nt1r1c2hh7j?hl=hu-hu&gl=AR,127,hu
apps.microsoft.com/detail/9pfdf2zd4z4n?hl=en-US&gl=US,127,hu
apps.microsoft.com/detail/9wzdncrdhktr?hl=hu-HU&gl=HU,125,hu
apps.microsoft.com/detail/9pjmtj0wtctz?hl=en-GB&gl=IN,124,hu
apps.microsoft.com/detail/9nblggh5l9xt?hl=hu-HU&gl=HU,124,hu
apps.microsoft.com/detail/9pktq5699m62?hl=hu-HU&gl=HU,124,hu
apps.microsoft.com/detail/9n5ckj8z97nt?hl=hu-HU&gl=HU,123,hu
apps.microsoft.com/detail/9nq4ql59xlbf?hl=hu-HU&gl=HU,122,hu
apps.microsoft.com/detail/9nkcvmf39wb2?hl=hu-HU&gl=HU,122,hu
apps.microsoft.com/detail/9wzdncrf0083?hl=hu-HU&gl=PL,122,hu
apps.microsoft.com/detail/9wzdncrfj3pz?hl=en-US&gl=US,122,hu
apps.microsoft.com/detail/9nlvzbz2wz28?hl=hu-HU&gl=HU,121,hu
apps.microsoft.com/detail/9pfhdd62mxs1?hl=hu-HU&gl=HU,121,hu
apps.microsoft.com/detail/9pgzkjc81q7j?hl=en-US&gl=US,120,hu
apps.microsoft.com/detail/xp9cdqw6ml4nqn?hl=hu-HU&gl=HU,118,hu
apps.microsoft.com/detail/9wzdncrdhktr?hl=hu-HU&gl=FI,118,hu
apps.microsoft.com/detail/xpdp273c0xhqh2?hl=hu-HU&gl=HU,117,hu
apps.microsoft.com/detail/9pcfs5b6t72h?hl=hu-HU&gl=US,116,hu
apps.microsoft.com/detail/9ntwnvfpww15?hl=hu-HU&gl=HU,115,hu
apps.microsoft.com/detail/9pkvzcprx9nv?hl=hu-HU&gl=HU,112,hu
apps.microsoft.com/detail/9wzdncrdh3d2?hl=hu-HU&gl=HU,112,hu
apps.microsoft.com/detail/9p4pkw3tpfcf?hl=hu-HU&gl=HU,112,hu
apps.microsoft.com/detail/xpfftq037jwmhs?hl=hu-HU&gl=HU,110,hu
apps.microsoft.com/detail/9nnglrqw9qf1?hl=hu-HU&gl=HU,109,hu
apps.microsoft.com/detail/9nz370xbfqmg?hl=en-US&gl=US,106,hu
apps.microsoft.com/detail/9nbfmm45tjpt?hl=hu-HU&gl=HU,106,hu
apps.microsoft.com/detail/9wzdncrfhmws?hl=hu-HU&gl=HU,105,hu
apps.microsoft.com/detail/9p54ddgkxxxh?hl=hu-HU&gl=HU,105,hu
apps.microsoft.com/detail/9ppc40hmmsmv?hl=hu-HU&gl=HU,103,hu
apps.microsoft.com/detail/9wzdncrdg8b6?hl=hu-HU&gl=CH,103,hu
apps.microsoft.com/detail/9wzdncrdh42t?hl=en-US&gl=US,102,hu
apps.microsoft.com/detail/9wzdncrdjktj?hl=hu-HU&gl=HU,101,hu
apps.microsoft.com/detail/9wzdncrdj8lh?hl=hu-HU&gl=HU,101,hu
apps.microsoft.com/detail/9wzdncrfhwcn?hl=en-US&gl=US,99,hu
apps.microsoft.com/detail/xp8lgt18lss4qs?hl=hu-HU&gl=US,98,hu
apps.microsoft.com/detail/9wzdncrfhwcp?hl=en-GB&gl=GB,98,hu
apps.microsoft.com/detail/9pn0v3g6pgh5?hl=en-US&gl=US,98,hu
apps.microsoft.com/detail/9p37mwm1ws6k?hl=hu-HU&gl=HU,97,hu
apps.microsoft.com/detail/9pm6w4f0xw3h?hl=hu-HU&gl=HU,97,hu
apps.microsoft.com/detail/9nlvzbz2wz28?hl=en-US&gl=US,96,hu
apps.microsoft.com/detail/xpdm5vsmtkqlbj?hl=en-US&gl=US,96,hu
apps.microsoft.com/detail/xpdp5r8ksb430b?hl=hu-HU&gl=HU,96,hu
apps.microsoft.com/detail/9wzdncrfj2wl?hl=en-US&gl=US,84,sg
apps.microsoft.com/detail/9nksqgp7f2nh?hl=en-US&gl=US,53,sg
apps.microsoft.com/detail/9nblggh5l9xt?hl=en-US&gl=US,58,sg
apps.microsoft.com/detail/9pb359dqfjn6?hl=en-US&gl=US,31,sg
apps.microsoft.com/detail/9wzdncrfj140?hl=en-US&gl=US,891,sg
apps.microsoft.com/detail/9wzdncrfhwd2?hl=en-US&gl=US,888,sg
apps.microsoft.com/detail/xp8k17rnmm8mtn?hl=en-US&gl=US,845,sg
apps.microsoft.com/detail/9pd9bhglfc7h,844,sg
apps.microsoft.com/detail/xp99jw18tlbk06?hl=zh-TW&gl=CN,834,sg
apps.microsoft.com/detail/9nlvzbz2wz28?hl=en-US&gl=US,826,sg
apps.microsoft.com/detail/9pktq5699m62?hl=en-US&gl=US,817,sg
apps.microsoft.com/detail/9wzdncrfj3pz?hl=en-US&gl=US,807,sg
apps.microsoft.com/detail/xpdbw109bt0d89,713,sg
apps.microsoft.com/detail/xpdm5h58xg2lhm?hl=zh-CN&gl=CN,617,sg
apps.microsoft.com/detail/9p6pbj9wzlqs,606,sg
apps.microsoft.com/detail/9nblggh1kcc4?hl=en-US&gl=US,585,sg
apps.microsoft.com/detail/9mz95kl8mr0l,572,sg
apps.microsoft.com/detail/9nh2gph4jzs4?hl=en-US&gl=US,567,sg
apps.microsoft.com/detail/xp8jn299z9j1m3?hl=en-US&gl=ZM,545,sg
apps.microsoft.com/detail/9nztwsqntd0s?hl=en-US&gl=US,534,sg
apps.microsoft.com/detail/9msmlrh6lzf3?hl=en-US&gl=US,497,sg
apps.microsoft.com/detail/xpfp2fnwz0s445?hl=zh-CN&gl=CN,495,sg
apps.microsoft.com/detail/xpfd4t9n395qn6?hl=en-US&gl=US,462,sg
apps.microsoft.com/detail/xp8k85ljdqmmm6?hl=zh-CN&gl=CN,454,sg
apps.microsoft.com/detail/9wzdncrfhwcn?hl=en-US&gl=US,446,sg
apps.microsoft.com/detail/9wzdncrfhvn5?hl=zh-CN&gl=SG,445,sg
apps.microsoft.com/detail/xp89844sc0q4fr?hl=zh-TW&gl=CN,436,sg
apps.microsoft.com/detail/9n0dx20hk701,415,sg
apps.microsoft.com/detail/xpfm3g4m1m0qq7?hl=en-US&gl=US,405,sg
apps.microsoft.com/detail/xpffsrj7q4n302?hl=zh-CN&gl=CN,399,sg
apps.microsoft.com/detail/9pf4kz2vn4w9,395,sg
apps.microsoft.com/detail/xpddvc6xtqqkmm?hl=en-US&gl=US,377,sg
apps.microsoft.com/detail/xpfcc4cd725961?hl=en-US&gl=US,364,sg
apps.microsoft.com/detail/9wzdncrfj3pt?hl=en-US&gl=US,346,sg
apps.microsoft.com/detail/9pn4zfb0d57q,334,sg
apps.microsoft.com/detail/xpfckbrnfzq62g?hl=en-US&gl=US,334,sg
apps.microsoft.com/detail/xpfftb85h83b33?hl=zh-CN&gl=CN,328,sg
apps.microsoft.com/detail/9mvfq4lmz6c9?hl=en-US&gl=US,308,sg
apps.microsoft.com/detail/9nsd9lw1grk2,302,sg
apps.microsoft.com/detail/9n74nhxch1n6?hl=en-US&gl=US,294,sg
apps.microsoft.com/detail/xp9klmld6nrzc5?hl=en-US&gl=US,289,sg
apps.microsoft.com/detail/xpfcfrjvr2fhkc?hl=zh-TW&gl=CN,287,sg
apps.microsoft.com/detail/xp87wqh4gk8dl1?hl=zh-TW&gl=CN,284,sg
apps.microsoft.com/detail/9wzdncrfjbh4,270,sg
apps.microsoft.com/detail/9pfdf2zd4z4n?hl=en-US&gl=US,270,sg
apps.microsoft.com/detail/9wzdncrfj26j?hl=en-US&gl=US,261,sg
apps.microsoft.com/detail/xpfph0vx6l1hkc?hl=zh-CN&gl=CN,260,sg
apps.microsoft.com/detail/9nrx63209r7b,257,sg
apps.microsoft.com/detail/xp8bst713rps4z?hl=en-US&gl=CN,239,sg
apps.microsoft.com/detail/xp895hwmshxrd9?hl=en-US&gl=CN,232,sg
apps.microsoft.com/detail/9n4vn1s60632?hl=en-US&gl=US,232,sg
apps.microsoft.com/detail/9nq1fznj99s8?hl=zh-TW&gl=TW,222,sg
apps.microsoft.com/detail/xpdm17hk323c4x?hl=en-US&gl=US,216,sg
apps.microsoft.com/detail/9nblggh4qghw?hl=en-US&gl=US,215,sg
apps.microsoft.com/detail/9pfhdd62mxs1?hl=en-US&gl=US,207,sg
apps.microsoft.com/detail/9ngqk7vxbgmj?hl=en-US&gl=US,204,sg
apps.microsoft.com/detail/9wzdncrfjbbg,202,sg
apps.microsoft.com/detail/9nzfk4dcxmz4,199,sg
apps.microsoft.com/detail/9n8fwm1c28tb?hl=en-US&gl=US,194,sg
apps.microsoft.com/detail/9nblggh18846?hl=en-US&gl=US,188,sg
apps.microsoft.com/detail/9p60780h62k9?hl=en-US&gl=US,188,sg
apps.microsoft.com/detail/9np83lwlpz9k?hl=zh-CN&gl=CN,187,sg
apps.microsoft.com/detail/9wzdncrfj140?hl=zh-TW&gl=TW,183,sg
apps.microsoft.com/detail/xpdlpkwg9sw2wd?hl=en-US&gl=US,180,sg
apps.microsoft.com/detail/9wzdncrfj3tj?hl=en-US&gl=US,171,sg
apps.microsoft.com/detail/9mvvszk43qqw?hl=en-US&gl=US,168,sg
apps.microsoft.com/detail/xpfd1g8fl0pnnz?hl=en-US&gl=CN,165,sg
apps.microsoft.com/detail/9nh4f7j77cpd,163,sg
apps.microsoft.com/detail/xp9mhwqq9wq9q5?hl=zh-CN&gl=CN,162,sg
apps.microsoft.com/detail/9pgdc9b771ch?hl=zh-TW&gl=TW,158,sg
apps.microsoft.com/detail/xpffrp4glns9lz?hl=zh-CN&gl=CN,157,sg
apps.microsoft.com/detail/9n4jh8ngjr9b?hl=en-US&gl=US,153,sg
apps.microsoft.com/detail/9nq3pkcbc2d1?hl=en-US&gl=US,153,sg
apps.microsoft.com/detail/9wzdncrdsklw?hl=en-US&gl=US,150,sg
apps.microsoft.com/detail/xp88x2kjk5cl7c?hl=zh-CN&gl=CN,148,sg
apps.microsoft.com/detail/xpdm1zw6815mqm?hl=en-US&gl=US,144,sg
apps.microsoft.com/detail/9nh2gph4jzs4,142,sg
apps.microsoft.com/detail/9np83lwlpz9k,142,sg
apps.microsoft.com/detail/xpdnp9c86m2wv5?hl=zh-CN&gl=CN,138,sg
apps.microsoft.com/detail/xpfp27hpnb9kgz?hl=zh-TW&gl=CN,137,sg
apps.microsoft.com/detail/9pjj2nmbf0tr?hl=en-US&gl=US,136,sg
apps.microsoft.com/detail/xp8bsbgqw2dks0?hl=en-US&gl=US,136,sg
apps.microsoft.com/detail/xpdczn6jl8dq5b?hl=zh-TW&gl=CN,133,sg
apps.microsoft.com/detail/9pfhdd62mxs1,129,sg
apps.microsoft.com/detail/xpddxx9qw8n9d7?hl=en-US&gl=US,127,sg
apps.microsoft.com/detail/9nbfmm45tjpt,125,sg
apps.microsoft.com/detail/xp9mhwqq9wq9q5?hl=en-US&gl=CN,124,sg
apps.microsoft.com/detail/9nblggh5l9xt?hl=fa-IR&gl=US,123,sg
apps.microsoft.com/detail/9nbdxk71nk08?hl=en-US&gl=US,122,sg
apps.microsoft.com/detail/9nvrc0m71mt5?hl=en-US&gl=US,122,sg
apps.microsoft.com/detail/9nblggh4vb0d?hl=zh-tw&gl=CN,121,sg
apps.microsoft.com/detail/9ntm2qc6qws7?hl=en-US&gl=US,121,sg
apps.microsoft.com/detail/xpdm5vsmtkqlbj?hl=en-US&gl=US,120,sg
apps.microsoft.com/detail/9nv4bs3l1h4s,120,sg
apps.microsoft.com/detail/xpdlmkftxtdhsd?hl=en-US&gl=US,117,sg
apps.microsoft.com/detail/9nt0qc8nbh40?hl=en-US&gl=US,113,sg
apps.microsoft.com/detail/xp9klv7ct1s9pm?hl=zh-TW&gl=CN,112,sg
apps.microsoft.com/detail/9nwgfnb0lkgj?hl=en-US&gl=US,107,sg
apps.microsoft.com/detail/9nk4t08dhq80?hl=en-US&gl=US,106,sg
apps.microsoft.com/detail/xp9khc50h8z1xt?hl=zh-TW&gl=CN,101,sg
apps.microsoft.com/detail/xpfcc4cd725961?hl=zh-CN&gl=US,99,sg
apps.microsoft.com/detail/xpfnzksklbp7rj,99,sg
apps.microsoft.com/detail/9pb2mz1zmb1s?hl=en-US&gl=US,99,sg
apps.microsoft.com/detail/xpdnhw37k3z8fh?hl=zh-CN&gl=CN,99,sg
apps.microsoft.com/detail/xpddrbq2d1n7nj,98,sg
apps.microsoft.com/detail/9n97zckpd60q?hl=en-US&gl=US,98,sg
apps.microsoft.com/detail/9wzdncrfj10m?hl=en-US&gl=US,98,sg
apps.microsoft.com/detail/xp9kmc9n5gmwkc?hl=zh-TW&gl=CN,98,sg
apps.microsoft.com/detail/xpdbvss44r0l9h?hl=en-US&gl=US,98,sg
apps.microsoft.com/detail/xpfcfrjvr2fhkc?hl=en-US&gl=CN,93,sg
apps.microsoft.com/detail/9pfhdsf91b9r?hl=en-US&gl=US,93,sg
apps.microsoft.com/detail/xpdlkdlmqvg4fl?hl=en-US&gl=CN,93,sg
apps.microsoft.com/detail/xp8jjfplhtt8v9?hl=zh-CN&gl=CN,91,sg
apps.microsoft.com/detail/xp99v31r873pqz?hl=zh-CN&gl=CN,90,sg
apps.microsoft.com/detail/xp9k18bs97vgj5?hl=zh-TW&gl=CN,90,sg
apps.microsoft.com/detail/xpdnw1xs2wbw38,88,sg
apps.microsoft.com/detail/9n1f85v9t8bn,88,sg
apps.microsoft.com/detail/9nj4chz721ct?hl=en-US&gl=US,87,sg
apps.microsoft.com/detail/9pn4zfb0d57q?hl=en-US&gl=US,86,sg
apps.microsoft.com/detail/xpfd51h3vqzfm0,86,sg
apps.microsoft.com/detail/9nq4ql59xlbf?hl=en-US&gl=US,85,sg
apps.microsoft.com/detail/9p9cn1ljjd05,84,sg
apps.microsoft.com/detail/xpfckbrnfzq62g,83,sg
apps.microsoft.com/detail/9wzdncrfhvn5?hl=en-US&gl=US,83,sg
apps.microsoft.com/detail/9n1k9q56hvxr?hl=en-US&gl=US,82,sg
apps.microsoft.com/detail/9pp9gzm2gn26?hl=en-US&gl=US,81,sg
apps.microsoft.com/detail/9nsh25lt1f9c?hl=en-US&gl=US,80,sg
apps.microsoft.com/detail/xpdm1mxqk56wgn?hl=zh-TW&gl=TW,80,sg
apps.microsoft.com/detail/9pkff4rhcpsb?hl=zh-CN&gl=CN,80,sg
apps.microsoft.com/detail/9nx57pf0745z?hl=en-US&gl=IE,80,sg
apps.microsoft.com/detail/xpdm8bmbggzdgk?hl=zh-CN&gl=CN,79,sg
apps.microsoft.com/detail/xpdfnjfld2cl6t?hl=zh-TW&gl=CN,79,sg
apps.microsoft.com/detail/xpdlzm3b5qrkvg,79,sg
apps.microsoft.com/detail/xpfcvrvzz6bvph?hl=zh-TW&gl=CN,79,sg
apps.microsoft.com/detail/9pcfs5b6t72h?hl=en-US&gl=US,78,sg
apps.microsoft.com/detail/9pjrk24ktdv8?hl=zh-CN&gl=CN,76,sg
apps.microsoft.com/detail/xpfm2k6gpv72cr?hl=en-US&gl=US,76,sg
apps.microsoft.com/detail/9ncbcszsjrsb?hl=en-US&gl=US,75,sg
apps.microsoft.com/detail/9nmzlz57r3t7,73,sg
apps.microsoft.com/detail/xp99j3kp4xz4vv?hl=en-US&gl=US,73,sg
apps.microsoft.com/detail/xpdf9vl4d5xr9w,73,sg
apps.microsoft.com/detail/xpfcwp0sqwxm3v,72,sg
apps.microsoft.com/detail/xpfcflf39s5cx1?hl=zh-CN&gl=CN,72,sg
apps.microsoft.com/detail/9nblggh5l9xt?hl=zh-TW&gl=MP,72,sg
apps.microsoft.com/detail/9wzdncrfj3pz,72,sg
apps.microsoft.com/detail/xpdc2rh70k22mn?hl=en-US&gl=US,71,sg
apps.microsoft.com/detail/xp9ct7qsn5q57r?hl=zh-CN&gl=CN,70,sg
apps.microsoft.com/detail/xp8k4rgx25g3gm?hl=en-US&gl=US,70,sg
apps.microsoft.com/detail/xp9klv74jpfl3m?hl=zh-TW&gl=CN,68,sg
apps.microsoft.com/detail/9p5q8rxxnv7x?hl=en-US&gl=US,68,sg
apps.microsoft.com/detail/xp9jlrcs7blklf?hl=zh-CN&gl=CN,66,sg
apps.microsoft.com/detail/9nblggh4321l?hl=en-US&gl=US,66,sg
apps.microsoft.com/detail/xpfckbrnfzq62g?hl=zh-CN&gl=US,65,sg
apps.microsoft.com/detail/xpdm4ln3xpjmgg?hl=zh-CN&gl=CN,65,sg
apps.microsoft.com/detail/9wzdncrfj2wl,65,sg
apps.microsoft.com/detail/xpfdb402t7r7z3?hl=zh-TW&gl=CN,65,sg
apps.microsoft.com/detail/xpdbvkp7lx14cc?hl=zh-CN&gl=CN,64,sg
apps.microsoft.com/detail/xp8kfx92dv6z8t?hl=zh-CN&gl=CN,63,sg
apps.microsoft.com/detail/9nblggh1zrpv?hl=en-US&gl=US,62,sg
apps.microsoft.com/detail/xp8jgvvv01lv4f?hl=zh-CN&gl=CN,62,sg
apps.microsoft.com/detail/xpdmfpx9c03hvl?hl=en-US&gl=US,62,sg
apps.microsoft.com/detail/9pktq5699m62,61,sg
apps.microsoft.com/detail/9pc3h3v7q9ch?hl=en-US&gl=US,61,sg
apps.microsoft.com/detail/9pgzkjc81q7j?hl=en-US&gl=US,61,sg
apps.microsoft.com/detail/9pctjzrlv21g?hl=en-US&gl=US,60,sg
apps.microsoft.com/detail/xpdngcjfjhp04z?hl=zh-CN&gl=CN,60,sg
apps.microsoft.com/detail/xpddrqcnvfjxq9?hl=en-US&gl=CN,60,sg
apps.microsoft.com/detail/xp8ljrrt557rdl?hl=lo-LA&gl=CN,60,sg
apps.microsoft.com/detail/xpfcc2p2hfrfzw?hl=zh-CN&gl=CN,59,sg
apps.microsoft.com/detail/xpdc1xz6vn4ml5?hl=zh-CN&gl=CN,59,sg
apps.microsoft.com/detail/xpfcc4cd725961,57,sg
apps.microsoft.com/detail/xpdp273c0xhqh2?hl=en-US&gl=US,56,sg
apps.microsoft.com/detail/xp9b70c8wzp5bp?hl=zh-CN&gl=CN,56,sg
apps.microsoft.com/detail/9pctgdfxvzlj?hl=en-US&gl=US,55,sg
apps.microsoft.com/detail/9ns3rbq5hv5f?hl=en-US&gl=US,55,sg
apps.microsoft.com/detail/xpfcwfknfxwphh?hl=zh-CN&gl=CN,54,sg
apps.microsoft.com/detail/xpffcg7m673d4f?hl=en-US&gl=US,53,sg
apps.microsoft.com/detail/9p1x6cj8gw75?hl=en-US&gl=US,51,sg
apps.microsoft.com/detail/xp89h3q9jxp8qk?hl=zh-TW&gl=CN,51,sg
apps.microsoft.com/detail/xp8c19jjmdgzr7?hl=en-US&gl=CN,51,sg
apps.microsoft.com/detail/xpfm0ts6phdmpw?hl=zh-TW&gl=CN,51,sg
apps.microsoft.com/detail/9pln2j23bg8x,50,sg
apps.microsoft.com/detail/9wzdncrfj140?hl=en-US&gl=US,33,cl
apps.microsoft.com/detail/9nksqgp7f2nh?hl=es-ES&gl=ES,6,cl
apps.microsoft.com/store/detail/9nlvzbz2wz28?hl=es-ec&amp;gl=ec,18,cl
apps.microsoft.com/detail/9pktq5699m62?hl=en-US&gl=US,20,cl
apps.microsoft.com/detail/xp99vr1bpsbqj2?hl=es-ES&gl=US,2,cl
apps.microsoft.com/detail/9wzdncrfj2wl?hl=el-GR&gl=GR,16,gr
apps.microsoft.com/detail/9wzdncrfj2wl?hl=el-GR&gl=US,41,gr
apps.microsoft.com/detail/9wzdncrfj2wl?hl=en-US&gl=US,18,gr
apps.microsoft.com/detail/9nblggh5l9xt?hl=en-US&gl=US,1,gr
apps.microsoft.com/detail/9wzdncrdn9bv?hl=el-GR&gl=GR,30,gr
apps.microsoft.com/detail/9nbvxznq462v,15,at
apps.microsoft.com/detail/9wzdncrfj140?hl=en-US&gl=US,7,at
apps.microsoft.com/detail/9nblggh18846?hl=de-DE&gl=CZ,11,at
apps.microsoft.com/detail/9wzdncrfj2wl?hl=en-US&gl=US,1,at
apps.microsoft.com/detail/9nblggh1zrpv?hl=de-DE&gl=US,37,at
apps.microsoft.com/detail/9pb359dqfjn6?hl=en-US&gl=US,35,at
apps.microsoft.com/detail/9nrx63209r7b?hl=de-de&gl=US,5,at
apps.microsoft.com/detail/9nblggh5l9xt?hl=en-US&gl=US,68,at
apps.microsoft.com/detail/9nksqgp7f2nh?hl=es-ES&gl=ES,327,pe
apps.microsoft.com/detail/9wzdncrfj2wl?hl=en-US&gl=US,27,pe
apps.microsoft.com/detail/9nh2gph4jzs4?hl=es-ES&gl=AR,28,pe
apps.microsoft.com/detail/9wzdncrfj140?hl=en-US&gl=US,1,pe
apps.microsoft.com/detail/9nblggh5l9xt?hl=en-US&gl=US,3,pe
apps.microsoft.com/detail/9nksqgp7f2nh?hl=he-IL&gl=IL,94,il
apps.microsoft.com/detail/9pfhdsf91b9r?hl=he-IL&gl=IL,44,il
apps.microsoft.com/detail/9nksqgp7f2nh?hl=he-IL&gl=US,8,il
apps.microsoft.com/detail/9nt1r1c2hh7j?hl=he-il&gl=TW,9,il
apps.microsoft.com/detail/9nblggh5l9xt?hl=he-IL&gl=IL,12,il
apps.microsoft.com/detail/9wzdncrfj2wl?hl=en-US&gl=US,16,il
apps.microsoft.com/detail/9wzdncrfj140?hl=he-IL&gl=IL,5,il
apps.microsoft.com/detail/9nblgggz589w?hl=he-IL&gl=IL,2,il
apps.microsoft.com/detail/9p3q8tvcr5tf?hl=he-IL&gl=IL,12,il
apps.microsoft.com/detail/9wzdncrfj140?hl=en-US&gl=US,13,il
apps.microsoft.com/detail/9nb42nc2x167?hl=he-IL&gl=IL,5,il
apps.microsoft.com/detail/9wzdncrfhwd2?hl=en-US&gl=US,58,il
apps.microsoft.com/detail/9ncbcszsjrsb?hl=he-IL&gl=US,2,il
apps.microsoft.com/detail/9pktq5699m62?hl=en-US&gl=US,5,il
apps.microsoft.com/detail/9p8f7jr0dstr?hl=he-IL&gl=IL,11,il
apps.microsoft.com/detail/9nblggh18846?hl=en-US&gl=US,4,il
apps.microsoft.com/detail/9nw3sptz4z9t?hl=he-IL&gl=IL,32,il
apps.microsoft.com/detail/9wzdncrfhwlh?hl=he-IL&gl=IL,21,il
apps.microsoft.com/detail/xpdm1zw6815mqm?hl=en-US&gl=US,6,il
apps.microsoft.com/detail/9mt9t93g2cnt?hl=he-IL&gl=IL,4,il
apps.microsoft.com/detail/9nblggh4t70l?hl=he-IL&gl=IL,12,il
apps.microsoft.com/detail/9p3s8w4049tq?hl=he-IL&gl=IL,32,il
apps.microsoft.com/detail/9mzppbccrgw3?hl=en-US&gl=IL,4,il
apps.microsoft.com/detail/xp8k17rnmm8mtn?hl=en-US&gl=US,8,il
apps.microsoft.com/detail/9wzdncrfj2wl?hl=ar-SA&gl=US,12,il
apps.microsoft.com/detail/9nsf023x0mqs?hl=he-IL&gl=IL,1,il
apps.microsoft.com/detail/9nhzt58qlr7g?hl=he-IL&gl=IL,59,il
apps.microsoft.com/detail/9nrlsxztvrk5?hl=he-IL&gl=IL,1,il
apps.microsoft.com/detail/9wzdncrfjcjg?hl=he-IL&gl=IL,4,il
apps.microsoft.com/detail/9nblggh0fjz1?hl=he-IL&gl=IL,30,il
apps.microsoft.com/detail/xp99j3kp4xz4vv?hl=he-IL&gl=AM,3,il
apps.microsoft.com/detail/9ntm2qc6qws7?hl=en-US&gl=US,3,il
apps.microsoft.com/detail/9mtb9mltbf50?hl=he-IL&gl=IL,5,il
apps.microsoft.com/detail/9nblggh5l9xt?hl=en-US&gl=US,7,il
apps.microsoft.com/detail/9nksqgp7f2nh?hl=ar-SA&gl=EG,22,il
apps.microsoft.com/detail/xp8jn299z9j1m3?hl=en-US&gl=KE,6,il
apps.microsoft.com/detail/9mvfq4lmz6c9?hl=en-US&gl=US,4,il
apps.microsoft.com/detail/9mxjf3f0g38w?hl=he-IL&gl=IL,6,il
apps.microsoft.com/detail/9nm5764dbppg?hl=he-IL&gl=IL,21,il
apps.microsoft.com/detail/9wzdncrfj3pv?hl=he-IL&gl=IL,5,il
apps.microsoft.com/detail/9nlvzbz2wz28?hl=en-US&gl=US,78,il
apps.microsoft.com/detail/9wzdncrdn9kt?hl=he-IL&gl=IL,17,il
apps.microsoft.com/detail/9nhd2vsf7sgd?hl=he-IL&gl=IL,6,il
apps.microsoft.com/detail/9mz95kl8mr0l,3,il
apps.microsoft.com/detail/9n621dm2lvhq?hl=he-IL&gl=IL,2,il
apps.microsoft.com/detail/9nf8h0h7wmlt?hl=en-US&gl=US,11,il
apps.microsoft.com/detail/9wzdncrfjbbg?hl=he-IL&gl=IL,1,il
apps.microsoft.com/detail/9nksqgp7f2nh?hl=en-US&gl=US,5,il
apps.microsoft.com/detail/9nblggh4r2r6?hl=he-IL&gl=IL,11,il
apps.microsoft.com/detail/9nblggh6j02v?hl=he-IL&gl=IL,2,il
apps.microsoft.com/detail/9wzdncrfhwcn?hl=en-US&gl=US,5,il
apps.microsoft.com/detail/9pd9bhglfc7h,9,il
apps.microsoft.com/detail/9pb2mz1zmb1s?hl=he-IL&gl=IL,22,il
apps.microsoft.com/detail/9mz95kl8mr0l?hl=en-US&gl=US,4,il
apps.microsoft.com/detail/9ng6jgcqdssh?hl=he-IL&gl=IL,2,il
apps.microsoft.com/detail/9nblggh5l9xt?hl=en-GB&gl=IN,5,il
apps.microsoft.com/detail/9wzdncrfj3tj?hl=he-IL&gl=IL,5,il
apps.microsoft.com/detail/9nh4f7j77cpd?hl=he-IL&gl=IL,9,il
apps.microsoft.com/detail/9mv4lscdrflt?hl=he-IL&gl=IL,18,il
apps.microsoft.com/detail/9pdv259b9hj1?hl=he-IL&gl=IL,1,il
apps.microsoft.com/detail/9pcll1smmcv3?hl=he-IL&gl=IL,5,il
apps.microsoft.com/detail/9pm1zsq1g246?hl=he-IL&gl=IL,13,il
apps.microsoft.com/detail/9pjvm4fxd2ts?hl=he-IL&gl=IL,12,il
apps.microsoft.com/detail/9wzdncrfhwcn?hl=he-IL&gl=IL,3,il
apps.microsoft.com/detail/9p25d77695c0?hl=he-IL&gl=IL,7,il
apps.microsoft.com/detail/9wzdncrdn9bv?hl=he-IL&gl=IL,2,il
apps.microsoft.com/detail/xpdc2rh70k22mn?hl=he-ILS&gl=IL,14,il
apps.microsoft.com/detail/xp99j3kp4xz4vv?hl=he-IL&gl=IL,5,il
apps.microsoft.com/detail/xpdm17hk323c4x?hl=en-US&gl=US,8,il
apps.microsoft.com/detail/9wzdncrdjm90?hl=he-IL&gl=IL,1,il
apps.microsoft.com/detail/xpfnzksklbp7rj?hl=he-IL&gl=IL,1,il
apps.microsoft.com/detail/xp9m26rsclnt88?hl=en-US&gl=US,15,il
apps.microsoft.com/detail/9wzdncrfjcrd?hl=he-IL&gl=IL,32,il
apps.microsoft.com/detail/9n2wdvkd02gd?hl=he-IL&gl=IL,2,il
apps.microsoft.com/detail/9nf8h0h7wmlt?hl=he-IL&gl=IL,12,il
apps.microsoft.com/detail/9nccdgq9mnmh?hl=he-IL&gl=IL,3,il
apps.microsoft.com/detail/9p6pbj9wzlqs?hl=he-IL&gl=IL,23,il
apps.microsoft.com/detail/9pltngpg3w25?hl=he-IL&gl=IL,7,il
apps.microsoft.com/detail/9wzdncrfj3pt?hl=en-US&gl=US,8,il
apps.microsoft.com/detail/9nztwsqntd0s?hl=en-US&gl=US,2,il
apps.microsoft.com/detail/9wzdncrfj1zv?hl=he-IL&gl=IL,24,il
apps.microsoft.com/detail/9nksqgp7f2nh?hl=ar-SA&gl=US,10,il
apps.microsoft.com/detail/9n1kpx9m78d6?hl=he-IL&gl=IL,1,il
apps.microsoft.com/detail/9pb2mz1zmb1s?hl=en-US&gl=US,3,il
apps.microsoft.com/detail/9pcfs5b6t72h?hl=en-US&gl=US,3,il
apps.microsoft.com/detail/9nksqgp7f2nh?hl=es-ES&gl=ES,11,il
apps.microsoft.com/detail/9n0t2v7s499b?hl=he-IL&gl=IL,4,il
apps.microsoft.com/detail/9nblggh4z1jc?hl=he-IL&gl=IL,4,il
apps.microsoft.com/detail/9nd0g2cn3sf6?hl=he-IL&gl=IL,9,il
apps.microsoft.com/detail/9pp9gzm2gn26,8,il
apps.microsoft.com/detail/9nfc3x6w0wpz?hl=he-IL&gl=IL,7,il
apps.microsoft.com/detail/9nm5764dbppg?hl=en-US&gl=US,7,il
apps.microsoft.com/detail/9pjmtj0wtctz?hl=he-IL&gl=IL,14,il
apps.microsoft.com/detail/9nt1r1c2hh7j?hl=he-IL&gl=IL,175,il
apps.microsoft.com/detail/9n9nnq151c4p?hl=he-IL&gl=IL,174,il
apps.microsoft.com/detail/xpdlpkwg9sw2wd?hl=en-US&gl=US,171,il
apps.microsoft.com/detail/9nvl64d80bvk?hl=he-IL&gl=IL,171,il
apps.microsoft.com/detail/9ns7shnhm33d?hl=he-IL&gl=IL,169,il
apps.microsoft.com/detail/9nst12gmflgw?hl=he-IL&gl=IL,169,il
apps.microsoft.com/detail/9wzdncrdmb27?hl=he-IL&gl=IL,169,il
apps.microsoft.com/detail/9mzj2zd6qqgf?hl=he-IL&gl=IL,162,il
apps.microsoft.com/detail/9mvc3zjsx5z0?hl=he-IL&gl=IL,162,il
apps.microsoft.com/detail/9p56tdxv9ksp?hl=he-IL&gl=RS,158,il
apps.microsoft.com/detail/9mz4b3ms7x6c?hl=he-IL&gl=IL,158,il
apps.microsoft.com/detail/9wzdncrdh6mc?hl=he-IL&gl=EE,157,il
apps.microsoft.com/detail/9nblggh4qghw?hl=he-IL&gl=IL,156,il
apps.microsoft.com/detail/9pb359dqfjn6?hl=en-US&gl=US,155,il
apps.microsoft.com/detail/9p5g2kqcr867?hl=he-IL&gl=IL,154,il
apps.microsoft.com/detail/xp99vr1bpsbqj2?hl=he-IL&gl=US,148,il
apps.microsoft.com/detail/xpdlmkftxtdhsd?hl=he-IL&gl=IL,148,il
apps.microsoft.com/detail/9nzlgcxhnpkx?hl=he-IL&gl=IL,148,il
apps.microsoft.com/detail/9wzdncrfj4mv?hl=en-US&gl=US,147,il
apps.microsoft.com/detail/9p7bp5vnwkx5?hl=en-US&gl=US,146,il
apps.microsoft.com/detail/9mzghjwf4nc4?hl=he-IL&gl=IL,142,il
apps.microsoft.com/detail/9nwlcc08bn0t?hl=he-IL&gl=IL,141,il
apps.microsoft.com/detail/9wzdncrfjbh4?hl=he-IL&gl=IL,140,il
apps.microsoft.com/detail/9wzdncrfj3tj?hl=en-US&gl=US,140,il
apps.microsoft.com/detail/9nblggh18846?hl=he-IL&gl=ZA,139,il
apps.microsoft.com/detail/9nblggh5l9xt?hl=es-ES&gl=ES,135,il
apps.microsoft.com/detail/9n9rsv4f7zr0?hl=he-IL&gl=IL,134,il
apps.microsoft.com/detail/9nzvdkpmr9rd?hl=en-US&gl=US,133,il
apps.microsoft.com/detail/9p8dfb9fbtw4?hl=he-IL&gl=IL,132,il
apps.microsoft.com/detail/9pfhdd62mxs1?hl=en-US&gl=US,132,il
apps.microsoft.com/detail/9nph591hjxkz?hl=he-IL&gl=IL,131,il
apps.microsoft.com/detail/9n4z0pzbzlrn?hl=he-IL&gl=IL,131,il
apps.microsoft.com/detail/xpdp273c0xhqh2?hl=en-US&gl=US,130,il
apps.microsoft.com/detail/9wzdncrfj47x?hl=he-IL&gl=IL,130,il
apps.microsoft.com/detail/9npp4rhwvv66?hl=he-IL&gl=IL,129,il
apps.microsoft.com/detail/9msmlrh6lzf3?hl=he-IL&gl=IL,127,il
apps.microsoft.com/detail/9nblggh4vvnh?hl=he-IL&gl=IL,126,il
apps.microsoft.com/detail/xpdc2rh70k22mn?hl=en-US&gl=US,126,il
apps.microsoft.com/detail/xpfd4t9n395qn6?hl=en-US&gl=US,126,il
apps.microsoft.com/detail/xpffgss4z9m2tx?hl=en-US&gl=US,125,il
apps.microsoft.com/detail/9wzdncrfhwkn?hl=he-IL&gl=IL,123,il
apps.microsoft.com/detail/9nqfzm93dl5x?hl=he-il&gl=US,123,il
apps.microsoft.com/detail/9wzdncrfjbh4?hl=he-IL&gl=US,123,il
apps.microsoft.com/detail/9pp3c07gtvrh?hl=en-US&gl=US,123,il
apps.microsoft.com/detail/9ntm2qc6qws7?hl=he-IL&gl=US,123,il
apps.microsoft.com/detail/9n69cs7d78w6?hl=he-IL&gl=IL,122,il
apps.microsoft.com/detail/9wzdncrfj3pz?hl=he-IL&gl=IL,121,il
apps.microsoft.com/detail/9mv4lscdrflt?hl=en-US&gl=US,120,il
apps.microsoft.com/detail/xpfnzksklbp7rj,120,il
apps.microsoft.com/detail/9wzdncrdr6nx?hl=he-IL&gl=IL,118,il
apps.microsoft.com/detail/9n4jbjnfzc1l?hl=he-IL&gl=IL,115,il
apps.microsoft.com/detail/9nmn2z9tzp22?hl=en-US&gl=US,114,il
apps.microsoft.com/detail/9ng5wbxrjnbq?hl=he-IL&gl=IL,113,il
apps.microsoft.com/detail/xp8bsbgqw2dks0,113,il
apps.microsoft.com/detail/9wzdncrfjbh4,110,il
apps.microsoft.com/detail/9wzdncrfjjk7?hl=he-IL&gl=IL,109,il
apps.microsoft.com/detail/9pndlw19mw8h?hl=en-US&gl=US,109,il
apps.microsoft.com/detail/9nm9sn6hhzw3?hl=he-IL&gl=IL,109,il
apps.microsoft.com/detail/9wzdncrfjcpz?hl=he-IL&gl=IL,109,il
apps.microsoft.com/detail/9p31mzmznw64?hl=he-IL&gl=IL,107,il
apps.microsoft.com/detail/9nblggh51pb3?hl=he-IL&gl=IL,107,il
apps.microsoft.com/detail/9wzdncrfjchj?hl=he-IL&gl=IL,107,il
apps.microsoft.com/detail/9nblggh1nl0p?hl=he-IL&gl=IL,106,il
apps.microsoft.com/detail/9nt1r1c2hh7j?hl=en-US&gl=US,106,il
apps.microsoft.com/detail/xpfm2k6gpv72cr?hl=he-IL&gl=IL,105,il
apps.microsoft.com/detail/9np83lwlpz9k?hl=en-US&gl=US,105,il
apps.microsoft.com/detail/9mwvrv5kj7lp?hl=he-IL&gl=US,104,il
apps.microsoft.com/detail/9ncgztl04vd5?hl=he-IL&gl=US,104,il
apps.microsoft.com/detail/9nxvzbjw50k9?hl=he-IL&gl=IL,104,il
apps.microsoft.com/detail/xp9m26rsclnt88?hl=he-IL&gl=IL,104,il
apps.microsoft.com/detail/9pgz7fjh9w6g?hl=he-IL&gl=IL,103,il
apps.microsoft.com/detail/9mstv9hc7nsv?hl=he-IL&gl=IL,102,il
apps.microsoft.com/detail/9n79sdd9s9jj?hl=he-IL&gl=IL,102,il
apps.microsoft.com/detail/9n9czpthcjgd?hl=he-IL&gl=IL,100,il
apps.microsoft.com/detail/9nblggh08dwp?hl=he-IL&gl=IL,97,il
apps.microsoft.com/detail/9pgn2lvkn2zr?hl=he-IL&gl=IL,97,il
apps.microsoft.com/detail/9nlpqxbbhmgk?hl=he-IL&gl=IL,96,il
apps.microsoft.com/detail/9ngxzg0cdszv?hl=he-IL&gl=IL,95,il
apps.microsoft.com/detail/xpfcwp0sqwxm3v?hl=he-IL&gl=DE,95,il
apps.microsoft.com/detail/9pczx08qg4p9?hl=he-IL&gl=IL,94,il
apps.microsoft.com/detail/9nblggh67jjh?hl=he-IL&gl=IL,94,il
apps.microsoft.com/detail/xpdp273c0xhqh2?hl=he-IL&gl=IL,93,il
apps.microsoft.com/detail/xpfd4t9n395qn6,93,il
apps.microsoft.com/detail/xp8jnqfbqh6pvf,92,il
apps.microsoft.com/detail/9pjxw8p2ctzx?hl=he-IL&gl=IL,92,il
apps.microsoft.com/detail/9p3whb6hjdv8?hl=he-IL&gl=IL,90,il
apps.microsoft.com/detail/9nm4t8b9jqz1?hl=en-US&gl=US,88,il
apps.microsoft.com/detail/9nblggh5l9xt,87,il
apps.microsoft.com/detail/9pfhdsf91b9r?hl=en-US&gl=US,87,il
apps.microsoft.com/detail/9ntt4dxdmhx9?hl=he-IL&gl=IL,87,il
apps.microsoft.com/detail/9pnsjclxdz0v?hl=he-IL&gl=IL,87,il
apps.microsoft.com/detail/xp9kn75rrb9nhs?hl=en-US&gl=US,86,il
apps.microsoft.com/detail/xpdm5vsmtkqlbj?hl=en-US&gl=US,86,il
apps.microsoft.com/detail/9wzdncrdwt3p?hl=he-IL&gl=IL,86,il
apps.microsoft.com/detail/9pbvxf1xv4h3?hl=he-IL&gl=IL,86,il
apps.microsoft.com/detail/9pc3h3v7q9ch?hl=en-US&gl=US,86,il
apps.microsoft.com/detail/9n8kkpd6wbvt?hl=he-IL&gl=IL,86,il
apps.microsoft.com/detail/9phrf187nbfh?hl=he-IL&gl=IL,86,il
apps.microsoft.com/detail/9pfdf2zd4z4n?hl=en-US&gl=US,84,il
apps.microsoft.com/detail/9nb105r35hsp?hl=he-IL&gl=IL,84,il
apps.microsoft.com/detail/9nblggh18846?hl=de-DE&gl=CZ,3,ch
apps.microsoft.com/detail/9nblggh5l9xt?hl=de-ch&gl=CH,2,ch
apps.microsoft.com/detail/9pb359dqfjn6?hl=en-US&gl=US,38,ch
apps.microsoft.com/detail/9nrx63209r7b?hl=de-de&gl=US,7,ch
apps.microsoft.com/detail/9pd9bhglfc7h?hl=de-DE&gl=CH,38,ch
apps.microsoft.com/detail/9wzdncrfj2wl?hl=en-US&gl=US,1,ch
apps.microsoft.com/detail/xp8jnqfbqh6pvf,79,ch
apps.microsoft.com/detail/9wzdncrfhwlh?hl=de-DE&gl=DE,65,ch
apps.microsoft.com/detail/9nksqgp7f2nh?hl=en-US&gl=US,51,ch
apps.microsoft.com/detail/9pktq5699m62?hl=de-DE&gl=DE,5,ch
apps.microsoft.com/detail/9mz95kl8mr0l,16,ch
apps.microsoft.com/detail/9wzdncrfj140?hl=en-US&gl=US,1,ch
apps.microsoft.com/detail/9p8dfb9fbtw4?hl=en-US&gl=US,6,ch
apps.microsoft.com/detail/xp99vr1bpsbqj2?hl=de-ch&gl=CH,46,ch
apps.microsoft.com/detail/9pktq5699m62?hl=en-US&gl=US,21,ch
apps.microsoft.com/detail/xp8k17rnmm8mtn?hl=en-US&gl=US,6,ch
apps.microsoft.com/detail/xpfcwp0sqwxm3v?hl=de-DE&gl=US,1,ch
apps.microsoft.com/detail/9pfhdsf91b9r?hl=de-ch&gl=ch,1,ch
apps.microsoft.com/detail/9wzdncrfj140?hl=de-DE&gl=CH,4,ch
apps.microsoft.com/detail/9wzdncrfjbmp,5,ch
apps.microsoft.com/detail/9wzdncrd29v9?hl=de-DE&gl=CH,1,ch
apps.microsoft.com/detail/9pmhzvm588p4?hl=de-DE&gl=CH,2,ch
apps.microsoft.com/detail/9wzdncrfj3pz?hl=en-US&gl=US,1,ch
apps.microsoft.com/detail/9nsntzljhtx4?hl=de-DE&gl=MM,4,ch
apps.microsoft.com/detail/9wzdncrfj3pv?hl=de-ch&gl=ch,48,ch
apps.microsoft.com/detail/9nksqgp7f2nh?hl=de-DE&gl=DE,3,ch
apps.microsoft.com/detail/9wzdncrfj0cf?hl=de-ch&gl=CH,5,ch
apps.microsoft.com/detail/9wzdncrfjbh4,1,ch
apps.microsoft.com/detail/9p3x6b0qb0pl,3,ch
apps.microsoft.com/detail/9nblggh4sgkm?hl=de-DE&gl=CH,5,ch
apps.microsoft.com/detail/9p0xnf0jhwbv?hl=de-DE&gl=CH,4,ch
apps.microsoft.com/detail/9p90zh32k649?hl=de-DE&gl=CH,8,ch
apps.microsoft.com/detail/9wzdncrdmkb9?hl=de-DE&gl=LU,9,ch
apps.microsoft.com/detail/9wzdncrdkrdt?hl=de-DE&gl=US,13,ch
apps.microsoft.com/detail/xpdm17hk323c4x?hl=de-DE&gl=US,10,ch
apps.microsoft.com/detail/9wzdncrfj26j?hl=en-US&gl=US,6,ch
apps.microsoft.com/detail/9wzdncrfj2wl?hl=de-DE&gl=US,39,ch
apps.microsoft.com/detail/9nblggh5l9xt?hl=en-US&gl=US,15,ch
apps.microsoft.com/detail/9nblggh5z6sr?hl=it-IT&gl=CH,1,ch
apps.microsoft.com/detail/9n252njjqb65?hl=de-DE&gl=DE,3,ch
apps.microsoft.com/detail/9nblggh5l9xt?hl=fa-IR&gl=US,4,ch
apps.microsoft.com/detail/9nw3sptz4z9t?hl=de-DE&gl=AT,6,ch
apps.microsoft.com/detail/9mvfq4lmz6c9?hl=de-DE&gl=CH,4,ch
apps.microsoft.com/detail/9wzdncrfj4mv?hl=de-DE&gl=DE,27,ch
apps.microsoft.com/detail/9pfhdsf91b9r?hl=en-US&gl=US,1,ch
apps.microsoft.com/detail/9nb42nc2x167?hl=de-DE&gl=CH,20,ch
apps.microsoft.com/detail/xpdm1zw6815mqm?hl=en-US&gl=US,5,ch
apps.microsoft.com/detail/9nftnppz33tq?hl=de-DE&gl=CH,1,ch
apps.microsoft.com/detail/9p9lv240kq9r?hl=de-DE&gl=AT,3,ch
apps.microsoft.com/detail/9pb2mz1zmb1s?hl=de-DE&gl=US,4,ch
apps.microsoft.com/detail/9pb2mz1zmb1s?hl=de-DE&gl=CH,1,ch
apps.microsoft.com/detail/9pm860492szd?hl=de-DE&gl=CH,2,ch
apps.microsoft.com/detail/9pp3c07gtvrh?hl=de-DE&gl=DE,7,ch
apps.microsoft.com/detail/9wzdncrdkm20?hl=de-DE&gl=CH,18,ch
apps.microsoft.com/detail/xpfd4t9n395qn6?hl=en-US&gl=US,14,ch
apps.microsoft.com/detail/9wzdncrfj3pt?hl=en-US&gl=US,21,ch
apps.microsoft.com/detail/9nrx63209r7b,2,ch
apps.microsoft.com/detail/9n4jh8ngjr9b?hl=en-US&gl=US,7,ch
apps.microsoft.com/detail/9nksqgp7f2nh?hl=de-DE&gl=US,4,ch
apps.microsoft.com/detail/9n438mzhd3zf?hl=de-ch&gl=CH,2,ch
apps.microsoft.com/detail/9nztwsqntd0s?hl=de-DE&gl=US,3,ch
apps.microsoft.com/detail/9np83lwlpz9k,1,ch
apps.microsoft.com/detail/9nv4bs3l1h4s?hl=de-DE&gl=DE,1,ch
apps.microsoft.com/detail/9n318r854rhh?hl=de-DE&gl=NL,1,ch
apps.microsoft.com/detail/9wzdncrdsmjn?hl=de-DE&gl=CH,5,ch
apps.microsoft.com/detail/xpdls1xbtxvpp4?hl=de-DE&gl=CH,15,ch
apps.microsoft.com/detail/9pgzkjc81q7j?hl=en-US&gl=US,4,ch
apps.microsoft.com/detail/xp8bz39v4j50xj?hl=en-US&gl=US,2,ch
apps.microsoft.com/detail/9nbfmm45tjpt?hl=de-DE&gl=CH,2,ch
apps.microsoft.com/detail/9mvpd3z5n4ql,5,ch
apps.microsoft.com/detail/xpdbvss44r0l9h?hl=en-US&gl=US,1,ch
apps.microsoft.com/detail/9njp3ph1hxl6?hl=en-US&gl=US,40,ch
apps.microsoft.com/detail/xpdp273c0xhqh2?hl=de-ch&gl=ch,1,ch
apps.microsoft.com/detail/9mvvszk43qqw?hl=de-DE&gl=CH,1,ch
apps.microsoft.com/detail/9nblggh4qghw?hl=de-DE&gl=CH,10,ch
apps.microsoft.com/detail/9wzdncrfhwlh,3,ch
apps.microsoft.com/detail/9wzdncrdh6mc?hl=de-DE&gl=CH,1,ch
apps.microsoft.com/detail/9n1k9q56hvxr?hl=de-DE&gl=CH,2,ch
apps.microsoft.com/detail/9p20r5llgpk5?hl=de-li&gl=LI,1,ch
apps.microsoft.com/detail/9ntvrczc1mzz?hl=de-DE&gl=AT,12,ch
apps.microsoft.com/detail/xpdc2rh70k22mn?hl=en-US&gl=US,2,ch
apps.microsoft.com/detail/9nzvdkpmr9rd?hl=de-DE&gl=DE,7,ch
apps.microsoft.com/detail/9nh4f7j77cpd,4,ch
apps.microsoft.com/detail/9mvvszk43qqw?hl=en-US&gl=US,2,ch
apps.microsoft.com/detail/9wzdncrfj2sm?hl=de-DE&gl=CH,2,ch
apps.microsoft.com/detail/xp8lgt18lss4qs?hl=de-DE&gl=AW,1,ch
apps.microsoft.com/detail/9wzdncrfjb3h?hl=de-DE&gl=CH,1,ch
apps.microsoft.com/detail/9wzdncrdmkb9?hl=de-DE&gl=DE,4,ch
apps.microsoft.com/detail/xpfnzksklbp7rj,3,ch
apps.microsoft.com/detail/xp8k0j757hhrdw?hl=de-ch&gl=CH,6,ch
apps.microsoft.com/detail/9nzfk4dcxmz4?hl=de-DE&gl=CH,2,ch
apps.microsoft.com/detail/9p41lgtq6b0k?hl=en-US&gl=US,8,ch
apps.microsoft.com/detail/9wzdncrfj508?hl=de-DE&gl=AT,2,ch
apps.microsoft.com/detail/9nsd9lw1grk2,3,ch
apps.microsoft.com/detail/9pmhzvm588p4?hl=en-US&gl=US,6,ch
apps.microsoft.com/detail/9ntm2qc6qws7?hl=de-DE&gl=US,1,ch
apps.microsoft.com/detail/9nw3sptz4z9t,2,ch
apps.microsoft.com/detail/9wzdncrfjbb1?hl=de-DE&gl=CH,3,ch
apps.microsoft.com/detail/xp9b0bh6t8z7kz?hl=en-US&gl=US,3,ch
apps.microsoft.com/detail/9n1sv6841f0b,54,ch
apps.microsoft.com/detail/9wzdncrdnl2x?hl=de-DE&gl=DE,52,ch
apps.microsoft.com/detail/9pktq5699m62?hl=de-DE&gl=LU,52,ch
apps.microsoft.com/detail/xp8jn299z9j1m3?hl=en-US&gl=KE,52,ch
apps.microsoft.com/detail/9nq9klznv9sh?hl=de-DE&gl=DE,52,ch
apps.microsoft.com/detail/xp99vr1bpsbqj2?hl=en-US&gl=US,51,ch
apps.microsoft.com/detail/9pjj2nmbf0tr?hl=de-DE&gl=CH,51,ch
apps.microsoft.com/detail/9pm3x21nt4vg?hl=de-DE&gl=CH,51,ch
apps.microsoft.com/detail/9wzdncrfj3pz?hl=fr-FR&gl=FR,51,ch
apps.microsoft.com/detail/9nmzlz57r3t7?hl=en-US&gl=US,51,ch
apps.microsoft.com/detail/9nfc3x6w0wpz?hl=en-GB&gl=AU,50,ch
apps.microsoft.com/detail/9nblggh4z1jc,50,ch
apps.microsoft.com/detail/9wzdncrdcwk8?hl=de-DE&gl=CH,50,ch
apps.microsoft.com/detail/9pf4kz2vn4w9?hl=de-DE&gl=DE,50,ch
apps.microsoft.com/detail/9nksqgp7f2nh?hl=en-US&gl=US,79,qa
apps.microsoft.com/detail/9wzdncrfj2wl?hl=en-US&gl=US,49,qa
apps.microsoft.com/detail/9wzdncrfj140?hl=en-US&gl=US,3,qa
apps.microsoft.com/detail/xp8jn299z9j1m3?hl=ar-SA&gl=SA,10,qa
apps.microsoft.com/detail/9nksqgp7f2nh?hl=ar-SA&gl=EG,60,qa
apps.microsoft.com/detail/9wzdncrfj2wl?hl=ar-SA&gl=US,61,qa
apps.microsoft.com/detail/9nblggh5l9xt?hl=en-US&gl=US,4,qa
apps.microsoft.com/detail/9nlvzbz2wz28?hl=en-US&gl=US,21,qa
apps.microsoft.com/detail/9nztwsqntd0s?hl=en-US&gl=US,1,qa
apps.microsoft.com/detail/9wzdncrdn9bv?hl=fi-FI&gl=FI,11,fi
apps.microsoft.com/detail/9pcjj4nvg0nz?hl=fi-FI&gl=FI,7,fi
apps.microsoft.com/detail/9wzdncrfhvn5?hl=fi-FI&gl=US,4,fi
apps.microsoft.com/detail/9wzdncrfj2wl?hl=en-US&gl=US,3,fi
apps.microsoft.com/detail/9nk4sw0114f8?hl=fi-FI&gl=FI,12,fi
apps.microsoft.com/detail/9wzdncrfj140?hl=en-US&gl=US,3,fi
apps.microsoft.com/detail/9pb359dqfjn6?hl=en-US&gl=US,29,fi
apps.microsoft.com/detail/9wzdncrdn9kt?hl=fi-FI&gl=FI,6,fi
apps.microsoft.com/detail/9mz1gkmv1thl?hl=fi-FI&gl=FI,38,fi
apps.microsoft.com/detail/9nblggh5l9xt?hl=en-US&gl=US,5,fi
apps.microsoft.com/detail/9wzdncrfj3pz?hl=fi-FI&gl=FI,3,fi
apps.microsoft.com/detail/9mvfq4lmz6c9?hl=en-US&gl=US,3,fi
apps.microsoft.com/detail/9nblggh5l9xt?hl=en-GB&gl=IN,19,fi
apps.microsoft.com/detail/9nf8h0h7wmlt?hl=fi-FI&gl=FI,13,fi
apps.microsoft.com/detail/9nblggh4rxl5?hl=fi-FI&gl=FI,14,fi
apps.microsoft.com/detail/9pktq5699m62?hl=en-US&gl=US,34,fi
apps.microsoft.com/detail/9njxm50kmnjg?hl=fi-FI&gl=FI,7,fi
apps.microsoft.com/detail/9wzdncrfjcjg?hl=fi-FI&gl=FI,1,fi
apps.microsoft.com/detail/9wzdncrcsv58?hl=fi-FI&gl=FI,2,fi
apps.microsoft.com/detail/9wzdncrfj2wl?hl=fi-FI&gl=US,13,fi
apps.microsoft.com/detail/9np83lwlpz9k,2,fi
apps.microsoft.com/detail/9nblggh1kcc4?hl=en-US&gl=US,14,fi
apps.microsoft.com/detail/9wzdncrfhwlh?hl=fi-FI&gl=FI,1,fi
apps.microsoft.com/detail/9pd9bhglfc7h?hl=fi-FI&gl=US,2,fi
apps.microsoft.com/detail/9pgzkjc81q7j?hl=en-US&gl=US,2,fi
apps.microsoft.com/detail/9nsq9zx3fwkt?hl=fi-FI&gl=FI,3,fi
apps.microsoft.com/detail/9n0dx20hk701,7,fi
apps.microsoft.com/detail/9n1k9q56hvxr?hl=fi-FI&gl=FI,11,fi
apps.microsoft.com/detail/9pcfs5b6t72h?hl=fi-FI&gl=FI,1,fi
apps.microsoft.com/detail/xpdm5vsmtkqlbj?hl=fi-FI&gl=FI,2,fi
apps.microsoft.com/detail/9wzdncrdjktj?hl=fi-FI&gl=FI,17,fi
apps.microsoft.com/detail/9nvc5p0bphgr?hl=fi-FI&gl=FI,4,fi
apps.microsoft.com/detail/9wzdncrfhwcn?hl=en-US&gl=US,5,fi
apps.microsoft.com/detail/9pfhdd62mxs1?hl=en-US&gl=US,18,fi
apps.microsoft.com/detail/9wzdncrfjbh4,3,fi
apps.microsoft.com/detail/9nh4f7j77cpd?hl=fi-FI&gl=FI,1,fi
apps.microsoft.com/detail/xpdm1zw6815mqm?hl=en-US&gl=US,1,fi
apps.microsoft.com/detail/9n1f85v9t8bn,17,fi
apps.microsoft.com/detail/9nblggh42qqp?hl=fi-FI&gl=FI,1,fi
apps.microsoft.com/detail/9nq4ql59xlbf?hl=fi-FI&gl=FI,3,fi
apps.microsoft.com/detail/xp89j5462cmgjd?hl=fi-FI&gl=FI,14,fi
apps.microsoft.com/detail/9n3gq0lmr9bs?hl=fi-FI&gl=FI,2,fi
apps.microsoft.com/detail/9mw6fcv4wcgf?hl=fi-FI&gl=FI,6,fi
apps.microsoft.com/detail/9p9ft3qjn0pk,3,fi
apps.microsoft.com/detail/9wzdncrfjbmp,3,fi
apps.microsoft.com/detail/9wzdncrcv5xn?hl=fi-FI&gl=FI,2,fi
apps.microsoft.com/detail/9mw6fcv4wcgf?hl=en-US&gl=US,2,fi
apps.microsoft.com/detail/9nblggh0c572?hl=fi-FI&gl=FI,3,fi
apps.microsoft.com/detail/9pf85flzscvk?hl=fi-FI&gl=FI,5,fi
apps.microsoft.com/detail/9ng6jgcqdssh?hl=fi-FI&gl=FI,1,fi
apps.microsoft.com/detail/9pf4kz2vn4w9?hl=fi-FI&gl=FI,3,fi
apps.microsoft.com/detail/9mz95kl8mr0l,4,fi
apps.microsoft.com/detail/9msmlrh6lzf3?hl=fi-FI&gl=FI,3,fi
apps.microsoft.com/detail/xpfnzksklbp7rj,1,fi
apps.microsoft.com/detail/9nm9sn6hhzw3?hl=fi-FI&gl=FI,4,fi
apps.microsoft.com/detail/9nk4t08dhq80?hl=fi-FI&gl=FI,7,fi
apps.microsoft.com/detail/9wzdncrfjldl?hl=fi-FI&gl=FI,3,fi
apps.microsoft.com/detail/9nrp2lhsh4mf?hl=fi-FI&gl=FI,7,fi
apps.microsoft.com/detail/9pb2mz1zmb1s?hl=fi-FI&gl=FI,3,fi
apps.microsoft.com/detail/9pn9b16njk3j?hl=en-US&gl=US,5,fi
apps.microsoft.com/detail/9n0866fs04w8?hl=en-US&gl=US,3,fi
apps.microsoft.com/detail/9ntmj8b64f71?hl=fi-FI&gl=FI,14,fi
apps.microsoft.com/detail/9wzdncrfjbh4?hl=fi-FI&gl=FI,2,fi
apps.microsoft.com/detail/9nmzlz57r3t7,2,fi
apps.microsoft.com/detail/xpdc2rh70k22mn?hl=en-US&gl=US,3,fi
apps.microsoft.com/detail/9pp9gzm2gn26?hl=fi-FI&gl=FI,1,fi
apps.microsoft.com/detail/9pd88qb3bgkn?hl=fi-FI&gl=FI,8,fi
apps.microsoft.com/detail/9p6wrds31jh8?hl=fi-FI&gl=FI,5,fi
apps.microsoft.com/detail/9nfzp1g7m2sc?hl=fi-FI&gl=FI,2,fi
apps.microsoft.com/detail/9nsh25lt1f9c?hl=en-US&gl=US,2,fi
apps.microsoft.com/detail/9pjmtj0wtctz?hl=en-GB&gl=IN,5,fi
apps.microsoft.com/detail/9pd9bhglfc7h,8,fi
apps.microsoft.com/detail/9p431k4v97g8?hl=fi-FI&gl=FI,6,fi
apps.microsoft.com/detail/9nzfk4dcxmz4?hl=fi-FI&gl=FI,1,fi
apps.microsoft.com/detail/xp8k4rgx25g3gm?hl=en-US&gl=US,1,fi
apps.microsoft.com/detail/9pfdf2zd4z4n?hl=en-US&gl=US,3,fi
apps.microsoft.com/detail/9pc3h3v7q9ch?hl=fi-FI&gl=LY,17,fi
apps.microsoft.com/detail/9nvsmw47v5nx?hl=fi-FI&gl=FI,4,fi
apps.microsoft.com/detail/9nlpqxbbhmgk?hl=fi-FI&gl=FI,2,fi
apps.microsoft.com/detail/xp99vr1bpsbqj2?hl=en-US&gl=US,24,fi
apps.microsoft.com/detail/9wzdncrfhwd2?hl=fi-FI&gl=FI,2,fi
apps.microsoft.com/detail/9nllq6dlxkmf?hl=fi-FI&gl=FI,11,fi
apps.microsoft.com/detail/9ntm2qc6qws7?hl=en-US&gl=US,4,fi
apps.microsoft.com/detail/9nblggh51pb3?hl=fi-FI&gl=FI,3,fi
apps.microsoft.com/detail/9pctgdfxvzlj?hl=en-US&gl=US,1,fi
apps.microsoft.com/detail/xpdf9vl4d5xr9w?hl=fi-FI&gl=FI,4,fi
apps.microsoft.com/detail/xp8k17rnmm8mtn?hl=fi-FI&gl=FI,3,fi
apps.microsoft.com/detail/9p9lv240kq9r?hl=en-US&gl=US,2,fi
apps.microsoft.com/detail/xpffgss4z9m2tx?hl=en-US&gl=US,1,fi
apps.microsoft.com/detail/9nqgfgr39f7d?hl=en-US&gl=US,4,fi
apps.microsoft.com/detail/9pgprb6f1pln?hl=fi-FI&gl=FI,2,fi
apps.microsoft.com/detail/9n8c8l9mvq89,3,fi
apps.microsoft.com/detail/9wzdncrfj27n?hl=fi-FI&gl=FI,19,fi
apps.microsoft.com/detail/xpfft31d40mgfq?hl=fi-FI&gl=FI,11,fi
apps.microsoft.com/detail/9n9tzxcpz5kj?hl=fi-FI&gl=FI,3,fi
apps.microsoft.com/detail/9nf8h0h7wmlt?hl=en-US&gl=US,5,fi
apps.microsoft.com/detail/9n1k9q56hvxr?hl=en-US&gl=US,3,fi
apps.microsoft.com/detail/xp9kn75rrb9nhs?hl=en-US&gl=US,50,fi
apps.microsoft.com/detail/9nbn8qnlqxdt?hl=fi-FI&gl=FI,50,fi
apps.microsoft.com/detail/9pfdf2zd4z4n?hl=fi-FI&gl=FI,50,fi
apps.microsoft.com/detail/9n1mhd7kl3c4?hl=fi-FI&gl=FI,50,fi
apps.microsoft.com/detail/9nksqgp7f2nh?hl=pt-BR&gl=BR,181,mz
apps.microsoft.com/detail/9n9tzxcpz5kj?hl=pt-BR&gl=MZ,750,mz
apps.microsoft.com/detail/9nblggh5l9xt?hl=pt-BR&gl=BR,734,mz
apps.microsoft.com/detail/9nksqgp7f2nh?hl=en-US&gl=US,615,mz
apps.microsoft.com/detail/9wzdncrfj140?hl=en-US&gl=US,593,mz
apps.microsoft.com/detail/9wzdncrfj2wl?hl=pt-BR&gl=BR,573,mz
apps.microsoft.com/detail/9nksqgp7f2nh?hl=pt-br,449,mz
apps.microsoft.com/detail/9nblggh5l9xt?hl=en-GB&gl=IN,439,mz
apps.microsoft.com/detail/9wzdncrfj2wl?hl=en-US&gl=US,410,mz
apps.microsoft.com/detail/9wzdncrfj2wl?hl=en-US&gl=US,136,af
apps.microsoft.com/detail/9nh2gph4jzs4,968,af
apps.microsoft.com/detail/9nblggh5l9xt?hl=en-US&gl=US,740,af
apps.microsoft.com/detail/9nblggh4v2j6?hl=en-US&gl=US,704,af
apps.microsoft.com/detail/9nksqgp7f2nh?hl=en-US&gl=US,578,af
apps.microsoft.com/detail/9wzdncrfj140?hl=en-US&gl=US,520,af
apps.microsoft.com/detail/9nztwsqntd0s?hl=en-US&gl=US,504,af
apps.microsoft.com/detail/9nblggh5l9xt?hl=fa-IR&gl=US,468,af
apps.microsoft.com/detail/9nksqgp7f2nh?hl=fa-IR&gl=US,385,af
apps.microsoft.com/detail/9mztl2kk24p7?hl=km-KH&gl=KH,39,kh
apps.microsoft.com/detail/9nztwsqntd0s?hl=en-US&gl=US,93,kh
apps.microsoft.com/detail/9wzdncrfj2wl?hl=en-US&gl=US,45,kh
apps.microsoft.com/detail/xpffsrj7q4n302?hl=zh-CN&gl=CN,2,kh
apps.microsoft.com/detail/9nh2gph4jzs4?hl=en-US&gl=US,18,kh
apps.microsoft.com/detail/9nksqgp7f2nh?hl=pt-BR&gl=BR,157,ao
apps.microsoft.com/detail/9wzdncrfj2wl?hl=en-US&gl=US,13,ao
apps.microsoft.com/detail/9nh2gph4jzs4?hl=pt-BR&gl=MZ,824,ao
apps.microsoft.com/detail/9wzdncrfj2wl?hl=pt-BR&gl=BR,803,ao
apps.microsoft.com/detail/9nblggh5l9xt?hl=en-GB&gl=IN,606,ao
apps.microsoft.com/detail/9nblggh5l9xt?hl=en-US&gl=US,444,ao
apps.microsoft.com/detail/9nksqgp7f2nh?hl=pt-br,332,ao
apps.microsoft.com/detail/9wzdncrfhvn5?hl=pt-BR&gl=US,332,ao
apps.microsoft.com/detail/9wzdncrfj2wl?hl=en-US&gl=US,140,bd
apps.microsoft.com/detail/9nh2gph4jzs4?hl=en-US&gl=US,5,bd
apps.microsoft.com/detail/9p222pk8hrls?hl=bn-IN&gl=IN,17,bd
apps.microsoft.com/detail/9nksqgp7f2nh?hl=en-US&gl=US,3,bd
apps.microsoft.com/detail/9nztwsqntd0s?hl=en-US&gl=US,1,bd
apps.microsoft.com/detail/9wzdncrfj140?hl=en-US&gl=US,35,kw
apps.microsoft.com/detail/9nblggh5l9xt?hl=en-US&gl=US,37,kw
apps.microsoft.com/detail/9wzdncrfj2wl?hl=ar-SA&gl=US,69,kw
apps.microsoft.com/detail/9nksqgp7f2nh?hl=en-US&gl=US,52,kw
apps.microsoft.com/detail/9wzdncrfj2wl?hl=en-US&gl=US,8,kw
apps.microsoft.com/detail/9wzdncrfj3tj?hl=ar-SA&gl=SA,4,kw
apps.microsoft.com/detail/9pb359dqfjn6?hl=en-US&gl=US,4,kw
apps.microsoft.com/detail/9nksqgp7f2nh?hl=ar-SA&gl=EG,21,kw
apps.microsoft.com/detail/9nztwsqntd0s?hl=en-US&gl=US,1,kw
apps.microsoft.com/detail/9nh2gph4jzs4?hl=en-US&gl=US,39,et
apps.microsoft.com/detail/9nztwsqntd0s?hl=en-US&gl=US,6,et
apps.microsoft.com/detail/xp88x47z2x9str,5,et
apps.microsoft.com/detail/9wzdncrfj2wl?hl=en-US&gl=US,57,et
apps.microsoft.com/detail/9nh2gph4jzs4,12,et
apps.microsoft.com/detail/9nblggh5l9xt?hl=en-US&gl=US,24,et
apps.microsoft.com/detail/9wzdncrfj2wl?hl=en-US&gl=US,557,mg
apps.microsoft.com/detail/9wzdncrfj2wl?hl=fr-FR&gl=US,328,mg
apps.microsoft.com/detail/9wzdncrfj2wl?hl=fr-FR&gl=FR,274,mg
apps.microsoft.com/detail/9nlvzbz2wz28?hl=en-US&gl=US,226,mg
apps.microsoft.com/detail/9pb2mz1zmb1s?hl=fr-FR&gl=FR,184,mg
apps.microsoft.com/detail/9nksqgp7f2nh?hl=fr-FR&gl=FR,137,mg
apps.microsoft.com/detail/9nksqgp7f2nh?hl=en-US&gl=US,116,mg
apps.microsoft.com/detail/9wzdncrfj2wl,111,mg
apps.microsoft.com/detail/9nblggh4v2j6?hl=en-US&gl=US,95,mg
apps.microsoft.com/detail/9nztwsqntd0s?hl=en-US&gl=US,90,mg
apps.microsoft.com/detail/9wzdncrfj2wl?hl=en-US&gl=US,875,bw
apps.microsoft.com/detail/9nksqgp7f2nh?hl=en-US&gl=US,835,bw
apps.microsoft.com/detail/9nh2gph4jzs4?hl=en-US&gl=US,543,bw
apps.microsoft.com/detail/9nblggh5l9xt?hl=en-US&gl=US,288,bw
apps.microsoft.com/detail/xp8jn299z9j1m3?hl=en-US&gl=ZM,151,bw
apps.microsoft.com/detail/9nblggh4v2j6?hl=en-US&gl=US,127,bw
apps.microsoft.com/detail/9wzdncrfj3pt?hl=en-US&gl=US,117,bw
apps.microsoft.com/detail/9wzdncrfjbmp,112,bw
apps.microsoft.com/detail/9p638w85xxx1?hl=en-US&gl=US,109,bw
apps.microsoft.com/detail/9nlvzbz2wz28?hl=en-US&gl=US,99,bw
apps.microsoft.com/detail/9wzdncrfj3tt?hl=en-US&gl=US,17,ie
apps.microsoft.com/detail/9wzdncrfj2wl?hl=en-US&gl=US,20,ie
apps.microsoft.com/detail/9wzdncrfj140?hl=en-US&gl=US,755,ie
apps.microsoft.com/detail/9n0dx20hk701,705,ie
apps.microsoft.com/detail/9nksqgp7f2nh?hl=en-US&gl=US,694,ie
apps.microsoft.com/detail/9nblggh5l9xt?hl=en-US&gl=US,610,ie
apps.microsoft.com/detail/9pb359dqfjn6?hl=en-US&gl=US,493,ie
apps.microsoft.com/detail/xp8k17rnmm8mtn?hl=en-US&gl=US,388,ie
apps.microsoft.com/detail/9pktq5699m62?hl=en-US&gl=US,319,ie
apps.microsoft.com/detail/9pndvcgvvt9d,277,ie
apps.microsoft.com/detail/9pfdf2zd4z4n?hl=en-US&gl=US,268,ie
apps.microsoft.com/detail/9wzdncrfj3pz,249,ie
apps.microsoft.com/detail/9pfhrwb68bpf,215,ie
apps.microsoft.com/detail/9nkmkxnqv2m8,210,ie
apps.microsoft.com/detail/9mvfq4lmz6c9?hl=en-US&gl=US,199,ie
apps.microsoft.com/detail/9nblggh1kcc4?hl=en-US&gl=US,189,ie
apps.microsoft.com/detail/9nh4f7j77cpd,188,ie
apps.microsoft.com/detail/9p963tt56247?hl=en-US&gl=US,181,ie
apps.microsoft.com/detail/9pfhrwb68bpf?hl=en-US&gl=US,166,ie
apps.microsoft.com/detail/9wzdncrfhwcn?hl=en-US&gl=US,165,ie
apps.microsoft.com/detail/9phnb71mkr4j?hl=en-US&gl=US,163,ie
apps.microsoft.com/detail/xpdm1zw6815mqm?hl=en-US&gl=US,160,ie
apps.microsoft.com/detail/9wzdncrfhvn5?hl=en-US&gl=US,150,ie
apps.microsoft.com/detail/9pb2mz1zmb1s?hl=en-US&gl=US,139,ie
apps.microsoft.com/detail/9p7bp5vnwkx5?hl=en-US&gl=US,133,ie
apps.microsoft.com/detail/9pp3c07gtvrh?hl=en-US&gl=US,127,ie
apps.microsoft.com/detail/9nlvzbz2wz28?hl=en-US&gl=US,120,ie
apps.microsoft.com/detail/9wzdncrfhx4z?hl=en-US&gl=US,112,ie
apps.microsoft.com/detail/9msmlrh6lzf3?hl=en-US&gl=US,112,ie
apps.microsoft.com/detail/9pcfs5b6t72h?hl=en-US&gl=US,112,ie
apps.microsoft.com/detail/xp8jn299z9j1m3?hl=en-US&gl=KE,109,ie
apps.microsoft.com/detail/9wzdncrfjbmp,108,ie
apps.microsoft.com/detail/9pktq5699m62,108,ie
apps.microsoft.com/detail/9mz95kl8mr0l,105,ie
apps.microsoft.com/detail/9pkxkkl4ws2t,104,ie
apps.microsoft.com/detail/9nblggh68ln4?hl=en-US&gl=US,95,ie
apps.microsoft.com/detail/9wzdncrfhwlh?hl=en-US&gl=US,87,ie
apps.microsoft.com/detail/9npj71vrzlbn?hl=en-US&gl=US,85,ie
apps.microsoft.com/detail/9nh2gph4jzs4?hl=en-US&gl=US,80,ie
apps.microsoft.com/detail/xp99vr1bpsbqj2?hl=en-US&gl=US,79,ie
apps.microsoft.com/detail/9nmzlz57r3t7,74,ie
apps.microsoft.com/detail/9n1k9q56hvxr,73,ie
apps.microsoft.com/detail/9n3j2k8w2f0c,72,ie
apps.microsoft.com/detail/xpdm5vsmtkqlbj?hl=en-US&gl=US,71,ie
apps.microsoft.com/detail/9nb94bhphhtv,69,ie
apps.microsoft.com/detail/9nfc3x6w0wpz?hl=en-US&gl=US,67,ie
apps.microsoft.com/detail/9nsd9lw1grk2,65,ie
apps.microsoft.com/detail/9p8569j9gb3s?hl=en-US&gl=US,65,ie
apps.microsoft.com/detail/9np83lwlpz9k,65,ie
apps.microsoft.com/detail/9nq4ql59xlbf,65,ie
apps.microsoft.com/detail/9pfhdsf91b9r?hl=en-US&gl=US,62,ie
apps.microsoft.com/detail/9pp9gzm2gn26?hl=en-US&gl=US,61,ie
apps.microsoft.com/detail/9pc3h3v7q9ch?hl=en-US&gl=US,61,ie
apps.microsoft.com/detail/9nrx63209r7b,61,ie
apps.microsoft.com/detail/9wzdncrfj3tj?hl=en-US&gl=US,60,ie
apps.microsoft.com/detail/9pgprb6f1pln?hl=en-US&gl=US,59,ie
apps.microsoft.com/detail/9nxqxxlfst89?hl=en-US&gl=US,59,ie
apps.microsoft.com/detail/9n74nhxch1n6?hl=en-GB&gl=AU,56,ie
apps.microsoft.com/detail/9nblggh18846?hl=en-US&gl=US,55,ie
apps.microsoft.com/detail/9nblggh1zrpv?hl=en-US&gl=US,53,ie
apps.microsoft.com/detail/9wzdncrfj26j?hl=en-US&gl=US,53,ie
apps.microsoft.com/detail/xpddxx9qw8n9d7?hl=en-US&gl=US,53,ie
apps.microsoft.com/detail/9pn0v3g6pgh5?hl=en-US&gl=US,51,ie
apps.microsoft.com/detail/9wzdncrfj2wl?hl=en-US&gl=US,94,mn
apps.microsoft.com/detail/9n1k9q56hvxr,442,mn
apps.microsoft.com/detail/9nztwsqntd0s?hl=en-US&gl=US,306,mn
apps.microsoft.com/detail/9nblggh5l9xt?hl=en-US&gl=US,292,mn
apps.microsoft.com/detail/9pktq5699m62?hl=en-US&gl=US,288,mn
apps.microsoft.com/detail/9nwgfnb0lkgj?hl=en-US&gl=US,288,mn
apps.microsoft.com/detail/9mvfq4lmz6c9?hl=en-US&gl=US,198,mn
apps.microsoft.com/detail/xp8k17rnmm8mtn,198,mn
apps.microsoft.com/detail/xpfm2k6gpv72cr?hl=en-US&gl=US,163,mn
apps.microsoft.com/detail/9wzdncrfj2wl?hl=en-US&gl=US,178,cv
apps.microsoft.com/detail/9wzdncrfhvn5?hl=pt-BR&gl=US,73,cv
apps.microsoft.com/detail/xp8k17rnmm8mtn?hl=en-US&gl=US,59,cv
apps.microsoft.com/detail/9nksqgp7f2nh?hl=pt-BR&gl=BR,54,cv
apps.microsoft.com/detail/9wzdncrfj2wl?hl=en-US&gl=US,71,zw
apps.microsoft.com/detail/9nksqgp7f2nh?hl=en-US&gl=US,2,zw
apps.microsoft.com/detail/9p6pbj9wzlqs?hl=en-US&gl=US,839,zw
apps.microsoft.com/detail/xp8jn299z9j1m3?hl=en-US&gl=ZM,592,zw
apps.microsoft.com/detail/9p638w85xxx1?hl=en-US&gl=US,544,zw
apps.microsoft.com/detail/9nh2gph4jzs4,481,zw
apps.microsoft.com/detail/9nh2gph4jzs4?hl=en-US&gl=US,231,zw
apps.microsoft.com/detail/9nblggh5l9xt?hl=en-US&gl=US,213,zw
apps.microsoft.com/detail/9wzdncrfj2wl?hl=en-US&gl=US,141,zm
apps.microsoft.com/detail/9nksqgp7f2nh?hl=en-US&gl=US,3,zm
apps.microsoft.com/detail/9p6pbj9wzlqs,909,zm
apps.microsoft.com/detail/xp8jn299z9j1m3?hl=en-US&gl=ZM,785,zm
apps.microsoft.com/detail/9p638w85xxx1?hl=en-US&gl=US,606,zm
apps.microsoft.com/detail/xp88x47z2x9str?hl=en-US&gl=US,462,zm
apps.microsoft.com/detail/9nh2gph4jzs4?hl=id-ID&gl=ID,376,zm
apps.microsoft.com/detail/9nblggh4v2j6?hl=en-US&gl=US,315,zm
apps.microsoft.com/detail/9wzdncrfj2wl?hl=en-US&gl=US,90,np
apps.microsoft.com/detail/9nblggh5l9xt?hl=en-GB&gl=IN,21,np
apps.microsoft.com/detail/9nblggh5l9xt?hl=en-US&gl=US,11,np
apps.microsoft.com/detail/9p5q8rxxnv7x?hl=en-US&gl=US,2,np
apps.microsoft.com/detail/9nztwsqntd0s?hl=en-US&gl=US,4,np
apps.microsoft.com/detail/9nblggh5l9xt?hl=en-GB&gl=IN,6,az
apps.microsoft.com/detail/9nh2gph4jzs4?hl=id-ID&gl=ID,51,az
apps.microsoft.com/detail/9nblggh5l9xt?hl=en-US&gl=US,16,az
apps.microsoft.com/detail/9wzdncrfj2wl?hl=en-US&gl=US,36,az
apps.microsoft.com/detail/9nztwsqntd0s?hl=en-US&gl=US,843,az
apps.microsoft.com/detail/9nksqgp7f2nh?hl=az-Latn-AZ&gl=AZ,677,az
apps.microsoft.com/detail/9nksqgp7f2nh?hl=en-US&gl=US,100,lk
apps.microsoft.com/detail/9wzdncrfj2wl?hl=en-US&gl=US,2,lk
apps.microsoft.com/detail/9p6pbj9wzlqs,8,lk
apps.microsoft.com/detail/9nblggh5l9xt?hl=en-GB&gl=IN,19,lk
apps.microsoft.com/detail/9p638w85xxx1?hl=en-US&gl=US,14,lk
apps.microsoft.com/detail/9wzdncrfj2wl?hl=ar-SA&gl=US,127,ly
apps.microsoft.com/detail/9nksqgp7f2nh?hl=ar-SA&gl=EG,68,ly
apps.microsoft.com/detail/9wzdncrfj2wl?hl=en-US&gl=US,595,ly
apps.microsoft.com/detail/9n97zckpd60q?hl=ar-SA&gl=SA,585,ly
apps.microsoft.com/detail/9pfhdsf91b9r?hl=ar-SA&gl=SA,532,ly
apps.microsoft.com/detail/9nksqgp7f2nh?hl=ar-SA&gl=US,419,ly
apps.microsoft.com/detail/9wzdncrfj140?hl=en-US&gl=US,349,ly
apps.microsoft.com/detail/xpfd8tkwzdh43m?hl=ar-SA&gl=SA,339,ly
apps.microsoft.com/detail/9nksqgp7f2nh?hl=fr-FR&gl=FR,742,cd
apps.microsoft.com/detail/9nksqgp7f2nh?hl=fr-FR&gl=US,701,cd
apps.microsoft.com/detail/9wzdncrfj3b4,694,cd
apps.microsoft.com/detail/9wzdncrfj2wl?hl=fr-FR&gl=FR,546,cd
apps.microsoft.com/detail/9wzdncrfj2wl?hl=fr-FR&gl=US,530,cd
apps.microsoft.com/detail/9p6pbj9wzlqs,484,cd
apps.microsoft.com/detail/9nh2gph4jzs4?hl=en-US&gl=US,362,cd
apps.microsoft.com/detail/9nh2gph4jzs4?hl=fr-FR&gl=TN,315,cd
apps.microsoft.com/detail/9nksqgp7f2nh?hl=en-US&gl=US,298,cd
apps.microsoft.com/detail/9wzdncrfj2wl?hl=fr-FR&gl=NE,279,cd
apps.microsoft.com/detail/9wzdncrfj2wl?hl=en-US&gl=US,49,na
apps.microsoft.com/detail/9nksqgp7f2nh?hl=en-US&gl=US,65,na
apps.microsoft.com/detail/9nblggh5l9xt?hl=en-US&gl=US,32,na
apps.microsoft.com/detail/xp8jn299z9j1m3?hl=en-US&gl=ZM,5,na
apps.microsoft.com/detail/9p638w85xxx1?hl=en-US&gl=US,3,na
apps.microsoft.com/detail/9nh2gph4jzs4,2,na
apps.microsoft.com/detail/9nblggh4v2j6?hl=en-US&gl=US,2,na
apps.microsoft.com/detail/9nh2gph4jzs4?hl=en-US&gl=US,11,na
apps.microsoft.com/detail/9pb359dqfjn6?hl=en-US&gl=US,3,na
apps.microsoft.com/detail/xpdm1zw6815mqm?hl=en-US&gl=US,14,na
apps.microsoft.com/detail/9nksqgp7f2nh?hl=fr-FR&gl=FR,158,cm
apps.microsoft.com/detail/9wzdncrfj2wl?hl=fr-FR&gl=US,962,cm
apps.microsoft.com/detail/9wzdncrfj2wl?hl=fr-FR&gl=FR,955,cm
apps.microsoft.com/detail/9wzdncrfj2wl?hl=en-US&gl=US,596,cm
apps.microsoft.com/detail/9nksqgp7f2nh?hl=fr-FR&gl=US,268,cm
apps.microsoft.com/detail/xpdm1zw6815mqm?hl=en-US&gl=US,243,cm
apps.microsoft.com/detail/9nblggh4v2j6?hl=fr-FR&gl=FR,233,cm
apps.microsoft.com/detail/9pb2mz1zmb1s?hl=fr-FR&gl=FR,196,cm
apps.microsoft.com/detail/xp8jn299z9j1m3?hl=en-US&gl=KE,195,cm
apps.microsoft.com/detail/9nksqgp7f2nh?hl=fr-FR&gl=FR,110,ht
apps.microsoft.com/detail/9wzdncrfj2wl?hl=en-US&gl=US,75,ht
apps.microsoft.com/detail/9wzdncrfj140?hl=en-US&gl=US,20,ht
apps.microsoft.com/detail/xp88x47z2x9str?hl=fr-CA&gl=CA,1,ht
apps.microsoft.com/detail/9nblggh5l9xt?hl=en-US&gl=US,23,ht
apps.microsoft.com/detail/9nksqgp7f2nh?hl=en-US&gl=US,78,ht
apps.microsoft.com/detail/9nblggh4v2j6?hl=fr-FR&gl=FR,2,ht
apps.microsoft.com/detail/9wzdncrfj2wl?hl=fr-FR&gl=FR,15,ht
apps.microsoft.com/detail/xp88x47z2x9str?hl=fr-FR&gl=BI,1,ht
apps.microsoft.com/detail/9nh2gph4jzs4?hl=fr-FR&gl=TN,3,ht
apps.microsoft.com/detail/9wzdncrfj2wl?hl=en-US&gl=US,44,ge
apps.microsoft.com/detail/9nh2gph4jzs4?hl=en-US&gl=US,12,ge
apps.microsoft.com/detail/9nblggh4p1wg?hl=ka-GE&gl=GE,993,ge
apps.microsoft.com/detail/9ppc40hmmsmv?hl=ka-GE&gl=GE,696,ge
apps.microsoft.com/detail/9nh2gph4jzs4,689,ge
apps.microsoft.com/detail/9nblggh5l9xt?hl=en-GB&gl=IN,455,ge
apps.microsoft.com/detail/9nblggh5l9xt?hl=en-US&gl=US,444,ge
apps.microsoft.com/detail/9wzdncrfj140?hl=en-US&gl=US,420,ge
apps.microsoft.com/detail/9wzdncrfj2wl?hl=ar-SA&gl=US,90,dz
apps.microsoft.com/detail/9nblggh5l9xt?hl=en-GB&gl=IN,3,dz
apps.microsoft.com/detail/9nksqgp7f2nh?hl=ar-SA&gl=EG,1,dz
apps.microsoft.com/detail/9wzdncrfj2wl?hl=en-US&gl=US,1,dz
apps.microsoft.com/detail/9mx2v0tqt6rm?hl=fr-fr&gl=FR,31,dz
apps.microsoft.com/detail/9nksqgp7f2nh?hl=ar-SA&gl=EG,3,ma
apps.microsoft.com/detail/9nblggh5l9xt?hl=en-GB&gl=IN,34,ma
apps.microsoft.com/detail/9wzdncrfj2wl?hl=ar-SA&gl=US,77,ma
apps.microsoft.com/detail/9nksqgp7f2nh?hl=ar-SA&gl=US,1,ma
apps.microsoft.com/detail/9nksqgp7f2nh?hl=fr-FR&gl=FR,21,ma
apps.microsoft.com/detail/9wzdncrfj2wl?hl=en-US&gl=US,65,gh
apps.microsoft.com/detail/xp88x47z2x9str,5,gh
apps.microsoft.com/detail/9nblggh5l9xt?hl=en-GB&gl=IN,102,gh
apps.microsoft.com/detail/9nblggh5l9xt?hl=en-US&gl=US,15,gh
apps.microsoft.com/detail/9nksqgp7f2nh?hl=en-US&gl=US,15,gh
apps.microsoft.com/detail/9nztwsqntd0s?hl=en-US&gl=US,21,ng
apps.microsoft.com/detail/9wzdncrfj2wl?hl=en-US&gl=US,116,ng
apps.microsoft.com/detail/9nksqgp7f2nh?hl=en-US&gl=US,9,ng
apps.microsoft.com/detail/xp88x47z2x9str,21,ng
apps.microsoft.com/detail/9nh2gph4jzs4?hl=id-ID&gl=ID,27,ng
apps.microsoft.com/detail/9nblggh5l9xt?hl=en-US&gl=US,475,bn
apps.microsoft.com/detail/9nh2gph4jzs4?hl=en-US&gl=US,456,bn
apps.microsoft.com/detail/9wzdncrfj140?hl=en-US&gl=US,432,bn
apps.microsoft.com/detail/xp8k17rnmm8mtn?hl=en-US&gl=US,402,bn
apps.microsoft.com/detail/9wzdncrfj2wl?hl=en-US&gl=US,288,bn
apps.microsoft.com/detail/9pb359dqfjn6?hl=en-US&gl=US,207,bn
apps.microsoft.com/detail/9nksqgp7f2nh?hl=en-US&gl=US,140,bn
apps.microsoft.com/detail/9p6pbj9wzlqs?hl=en-US&gl=US,132,bn
apps.microsoft.com/detail/xp8jn299z9j1m3?hl=en-US&gl=ZM,89,bn
apps.microsoft.com/detail/9pfdf2zd4z4n?hl=en-US&gl=US,83,bn
apps.microsoft.com/detail/9wzdncrfj2wl?hl=en-US&gl=US,729,gy
apps.microsoft.com/detail/9nksqgp7f2nh?hl=en-US&gl=US,332,gy
apps.microsoft.com/detail/9nblggh5l9xt?hl=en-US&gl=US,176,gy
apps.microsoft.com/detail/9wzdncrfj26j?hl=en-US&gl=US,176,gy
apps.microsoft.com/detail/xp8jn299z9j1m3?hl=en-US&gl=ZM,110,gy
apps.microsoft.com/detail/9nztwsqntd0s?hl=en-US&gl=US,90,gy
apps.microsoft.com/detail/9n201kqxs5bm?hl=en-US&gl=US,76,gy
apps.microsoft.com/detail/9wzdncrfhwd2?hl=en-US&gl=US,64,gy
apps.microsoft.com/detail/9nh4f7j77cpd,50,gy
apps.microsoft.com/detail/9wzdncrfj2wl?hl=ar-SA&gl=EG,2,tn
apps.microsoft.com/detail/9nblggh5l9xt?hl=en-GB&gl=IN,34,tn
apps.microsoft.com/detail/9nksqgp7f2nh?hl=en-US&gl=US,30,tn
apps.microsoft.com/detail/9nksqgp7f2nh?hl=ar-SA&gl=EG,2,tn
apps.microsoft.com/detail/9nh2gph4jzs4?hl=en-US&gl=US,22,tn
apps.microsoft.com/detail/9wzdncrfj2wl?hl=ar-SA&gl=US,14,tn
apps.microsoft.com/detail/9wzdncrfj2wl?hl=en-US&gl=US,42,am
apps.microsoft.com/detail/9nblggh5l9xt?hl=en-US&gl=US,694,am
apps.microsoft.com/detail/xp8k17rnmm8mtn?hl=en-US&gl=US,381,am
apps.microsoft.com/detail/9wzdncrfj2wl?hl=ru-RU&gl=RU,277,am
apps.microsoft.com/detail/9n0dx20hk701,274,am
apps.microsoft.com/detail/9pktq5699m62?hl=en-US&gl=US,243,am
apps.microsoft.com/detail/xpfm5p5kdwf0jp?hl=en-US&gl=US,219,am
apps.microsoft.com/detail/9nksqgp7f2nh?hl=en-US&gl=US,203,am
apps.microsoft.com/detail/9wzdncrfj140?hl=en-US&gl=US,160,am
apps.microsoft.com/detail/9nksqgp7f2nh?hl=en-US&gl=US,67,lb
apps.microsoft.com/detail/9wzdncrfj2wl?hl=ar-SA&gl=US,2,lb
apps.microsoft.com/detail/9nksqgp7f2nh?hl=ar-SA&gl=EG,29,lb
apps.microsoft.com/detail/9nblggh5l9xt?hl=en-GB&gl=IN,26,lb
apps.microsoft.com/detail/9wzdncrfj2wl?hl=en-US&gl=US,2,lb
apps.microsoft.com/detail/9nblggh5l9xt?hl=en-US&gl=US,18,lb
apps.microsoft.com/detail/9wzdncrfj2wl?hl=en-US&gl=US,985,al
apps.microsoft.com/detail/9nblggh5l9xt?hl=en-US&gl=US,621,al
apps.microsoft.com/detail/9wzdncrfhwd2?hl=en-US&gl=US,546,al
apps.microsoft.com/detail/9wzdncrfj140?hl=en-US&gl=US,375,al
apps.microsoft.com/detail/9wzdncrfjcjg?hl=en-GB&gl=GB,364,al
apps.microsoft.com/detail/9pktq5699m62?hl=en-US&gl=US,261,al
apps.microsoft.com/detail/9nlvzbz2wz28?hl=en-US&gl=US,258,al
apps.microsoft.com/detail/xpdc2rh70k22mn?hl=en-US&gl=US,225,al
apps.microsoft.com/detail/9nh2gph4jzs4?hl=en-US&gl=US,179,al
apps.microsoft.com/detail/9p54ddgkxxxh?hl=sq-AL&gl=AL,153,al
apps.microsoft.com/detail/9wzdncrfj2wl?hl=en-US&gl=US,28,lv
apps.microsoft.com/detail/9pgwf6lbx4s4?hl=lv-LV&gl=LV,995,lv
apps.microsoft.com/detail/9wzdncrfhwd2?hl=en-US&gl=US,567,lv
apps.microsoft.com/detail/9pb359dqfjn6?hl=en-US&gl=US,546,lv
apps.microsoft.com/detail/xp8k17rnmm8mtn?hl=en-US&gl=US,423,lv
apps.microsoft.com/detail/9nblggh5l9xt?hl=en-GB&gl=IN,386,lv
apps.microsoft.com/detail/9nksqgp7f2nh?hl=en-US&gl=US,316,lv
apps.microsoft.com/detail/9nztwsqntd0s?hl=en-US&gl=US,239,lv
apps.microsoft.com/detail/9mz95kl8mr0l,217,lv
apps.microsoft.com/detail/9nh2gph4jzs4?hl=en-US&gl=US,507,md
apps.microsoft.com/detail/9phkk2rgrw7j?hl=ro-RO&gl=RO,484,md
apps.microsoft.com/detail/9nh2gph4jzs4?hl=ru-RU&gl=UZ,389,md
apps.microsoft.com/detail/9wzdncrfj2wl?hl=en-US&gl=US,368,md
apps.microsoft.com/detail/xpfm5p5kdwf0jp?hl=en-US&gl=US,275,md
apps.microsoft.com/detail/9wzdncrfj26j?hl=en-US&gl=US,259,md
apps.microsoft.com/detail/9wzdncrfj140?hl=en-US&gl=US,245,md
apps.microsoft.com/detail/9mv4lscdrflt?hl=en-US&gl=US,210,md
apps.microsoft.com/detail/9n4thxhl44t9?hl=ro-RO&gl=RO,180,md
apps.microsoft.com/detail/9nblggh5l9xt?hl=en-US&gl=US,166,md
apps.microsoft.com/detail/9nb42nc2x167?hl=bg-BG&gl=BG,4,bg
apps.microsoft.com/detail/xpfm5p5kdwf0jp?hl=bg-BG&gl=US,1,bg
apps.microsoft.com/detail/9wzdncrfhwd2?hl=en-US&gl=US,5,bg
apps.microsoft.com/detail/9pj63f1m0jx8?hl=bg-BG&gl=BG,895,bg
apps.microsoft.com/detail/9wzdncrfjcjg?hl=bg-BG&gl=BG,887,bg
apps.microsoft.com/detail/9nblggh528f5?hl=bg-BG&gl=BG,820,bg
apps.microsoft.com/detail/9wzdncrfj140?hl=en-US&gl=US,716,bg
apps.microsoft.com/detail/9wzdncrfj2wl?hl=en-US&gl=US,867,bz
apps.microsoft.com/detail/9nksqgp7f2nh?hl=es-ES&gl=ES,243,bz
apps.microsoft.com/detail/9wzdncrfj140?hl=en-US&gl=US,160,bz
apps.microsoft.com/detail/9nblggh5l9xt?hl=es-ES&gl=ES,156,bz
apps.microsoft.com/detail/9wzdncrfj26j,113,bz
apps.microsoft.com/detail/9nblggh1zrpv?hl=es-ES&gl=US,112,bz
apps.microsoft.com/detail/9pb359dqfjn6?hl=en-US&gl=US,99,bz
apps.microsoft.com/detail/9nblggh5l9xt?hl=en-US&gl=US,64,bz
apps.microsoft.com/detail/9nksqgp7f2nh?hl=en-US&gl=US,46,om
apps.microsoft.com/detail/9nblggh5l9xt?hl=en-US&gl=US,33,om
apps.microsoft.com/detail/9wzdncrfj2wl?hl=en-US&gl=US,19,om
apps.microsoft.com/detail/9pfhdsf91b9r?hl=ar-SA&gl=DZ,12,om
apps.microsoft.com/detail/9wzdncrfj2wl?hl=ar-SA&gl=US,4,om
apps.microsoft.com/detail/9wzdncrfj3tj?hl=ar-SA&gl=SA,2,om
apps.microsoft.com/detail/9nlvzbz2wz28?hl=en-US&gl=US,1,om
apps.microsoft.com/detail/9pb359dqfjn6?hl=en-US&gl=US,23,om
apps.microsoft.com/detail/9nrjv5d2qs7m?hl=lt-LT&gl=LT,1,lt
apps.microsoft.com/detail/9wzdncrfhwd2?hl=en-US&gl=US,816,lt
apps.microsoft.com/detail/xp8k17rnmm8mtn?hl=en-US&gl=US,792,lt
apps.microsoft.com/detail/9wzdncrfj140?hl=en-US&gl=US,379,lt
apps.microsoft.com/detail/9pb359dqfjn6?hl=en-US&gl=US,373,lt
apps.microsoft.com/detail/9wzdncrfj2wl?hl=en-US&gl=US,361,lt
apps.microsoft.com/detail/9nrlsxztvrk5?hl=lt-LT&gl=LT,338,lt
apps.microsoft.com/detail/9n1k9q56hvxr?hl=lt-LT&gl=LT,290,lt
apps.microsoft.com/detail/9mvfq4lmz6c9?hl=en-US&gl=US,277,lt
apps.microsoft.com/detail/9nksqgp7f2nh?hl=es-ES&gl=ES,82,pa
apps.microsoft.com/detail/9wzdncrfj140?hl=en-US&gl=US,18,pa
apps.microsoft.com/detail/9nblggh5l9xt?hl=en-US&gl=US,28,pa
apps.microsoft.com/detail/9nblggh5l9xt?hl=es-ES&gl=ES,14,pa
apps.microsoft.com/detail/9nh2gph4jzs4?hl=en-US&gl=US,13,pa
apps.microsoft.com/detail/9pktq5699m62?hl=en-US&gl=US,12,pa
apps.microsoft.com/detail/9wzdncrfj2wl?hl=es-ES&gl=ES,2,pa
apps.microsoft.com/detail/9pfdf2zd4z4n?hl=es-ES&gl=US,16,pa
apps.microsoft.com/detail/9wzdncrfj3tj?hl=es-ES&gl=ES,2,pa
apps.microsoft.com/detail/xp88x47z2x9str?hl=fr-CA&gl=MO,2,sn
apps.microsoft.com/detail/9nblggh5l9xt?hl=en-US&gl=US,17,sn
apps.microsoft.com/detail/9pktq5699m62?hl=en-US&gl=US,19,sn
apps.microsoft.com/detail/9nblggh42d09?hl=en-US&gl=US,5,sn
apps.microsoft.com/detail/9nksqgp7f2nh?hl=fr-FR&gl=FR,89,sn
apps.microsoft.com/detail/9wzdncrfj140?hl=en-US&gl=US,14,sn
apps.microsoft.com/detail/xp8k17rnmm8mtn?hl=fr-fr&gl=OM,2,sn
apps.microsoft.com/detail/9p24lr5nw89q?hl=en-US&gl=US,4,sn
apps.microsoft.com/detail/9wzdncrfj2wl?hl=en-US&gl=US,33,sn
apps.microsoft.com/detail/9nksqgp7f2nh?hl=en-US&gl=US,57,sn
apps.microsoft.com/detail/9nblggh5l9xt?hl=en-US&gl=US,18,kz
apps.microsoft.com/detail/9nksqgp7f2nh?hl=ru-RU&gl=US,37,kz
apps.microsoft.com/detail/9nksqgp7f2nh?hl=ru-RU&gl=RU,4,kz
apps.microsoft.com/detail/9nh2gph4jzs4?hl=ru-RU&gl=UZ,9,kz
apps.microsoft.com/detail/9wzdncrdcwk8?hl=en-US&gl=US,5,kz
apps.microsoft.com/detail/9nblggh5l9xt?hl=en-GB&gl=IN,2,kz
apps.microsoft.com/detail/9wzdncrfj2wl?hl=ar-SA&gl=US,49,jo
apps.microsoft.com/detail/9nblggh5l9xt?hl=en-GB&gl=IN,6,jo
apps.microsoft.com/detail/9nksqgp7f2nh?hl=ar-SA&gl=EG,24,jo
apps.microsoft.com/detail/9nksqgp7f2nh?hl=en-US&gl=US,4,jo
apps.microsoft.com/detail/9nblggh5l9xt?hl=en-US&gl=US,3,jo
apps.microsoft.com/detail/9nksqgp7f2nh?hl=es-ES&gl=ES,86,do
apps.microsoft.com/detail/9nblggh5l9xt?hl=en-GB&gl=IN,3,do
apps.microsoft.com/detail/9nblggh1kcc4?hl=en-US&gl=US,12,do
apps.microsoft.com/detail/9nh2gph4jzs4?hl=es-ES&gl=AR,7,do
apps.microsoft.com/detail/9pktq5699m62?hl=en-US&gl=US,24,do
apps.microsoft.com/detail/9wzdncrfj140?hl=en-US&gl=US,20,do
apps.microsoft.com/detail/9nh2gph4jzs4?hl=en-US&gl=US,12,do
apps.microsoft.com/detail/9nblggh5l9xt?hl=en-US&gl=US,2,do
apps.microsoft.com/detail/9pgwf6lbx4s4?hl=sk-SK&gl=RS,1,sk
apps.microsoft.com/detail/9n6sn0bxb13d?hl=sk-SK&gl=SK,5,sk
apps.microsoft.com/detail/9wzdncrfhwd2?hl=en-US&gl=US,2,sk
apps.microsoft.com/detail/9pd9bhglfc7h?hl=sk-SK&gl=SK,4,sk
apps.microsoft.com/detail/9p59cckx7c5x?hl=sk-SK&gl=SK,3,sk
apps.microsoft.com/detail/9nblggh5l9xt?hl=en-GB&gl=IN,24,sk
apps.microsoft.com/detail/9wzdncrfj140?hl=en-US&gl=US,7,sk
apps.microsoft.com/detail/9wzdncrfj2wl?hl=en-US&gl=US,2,sk
apps.microsoft.com/detail/9nksqgp7f2nh?hl=es-ES&gl=ES,98,hn
apps.microsoft.com/detail/9wzdncrfhvn5?hl=es-MX&gl=MX,847,hn
apps.microsoft.com/detail/9wzdncrfj2wl?hl=en-US&gl=US,847,hn
apps.microsoft.com/detail/xp88x47z2x9str?hl=es-mx&gl=MX,793,hn
apps.microsoft.com/detail/9wzdncrfj2wl?hl=es-ES&gl=ES,567,hn
apps.microsoft.com/detail/9wzdncrfj140?hl=en-US&gl=US,527,hn
apps.microsoft.com/detail/9nh2gph4jzs4?hl=es-ES&gl=AR,407,hn
apps.microsoft.com/detail/9pktq5699m62?hl=en-US&gl=US,381,hn
apps.microsoft.com/detail/9nblggh5l9xt?hl=en-US&gl=US,320,hn
apps.microsoft.com/detail/9nksqgp7f2nh?hl=en-US&gl=US,50,bh
apps.microsoft.com/detail/9nblggh5l9xt?hl=en-US&gl=US,27,bh
apps.microsoft.com/detail/9nh2gph4jzs4?hl=en-US&gl=US,19,bh
apps.microsoft.com/detail/9nksqgp7f2nh?hl=ar-SA&gl=EG,2,bh
apps.microsoft.com/detail/9wzdncrfj2wl?hl=en-US&gl=US,24,bh
apps.microsoft.com/detail/9wzdncrfj140?hl=en-US&gl=US,27,bh
apps.microsoft.com/detail/9nlvzbz2wz28?hl=en-US&gl=KH,1,bh
apps.microsoft.com/detail/xpdbw109bt0d89?hl=ar-SA&gl=SA,1,bh
apps.microsoft.com/detail/9wzdncrfj3tj?hl=ar-SA&gl=SA,6,bh
apps.microsoft.com/detail/9nztwsqntd0s?hl=en-US&gl=US,5,bh
apps.microsoft.com/detail/9nksqgp7f2nh?hl=es-ES&gl=ES,87,ve
apps.microsoft.com/detail/xp88x47z2x9str?hl=es-mx&gl=MX,3,ve
apps.microsoft.com/detail/9nblggh5l9xt?hl=en-GB&gl=IN,2,ve
apps.microsoft.com/detail/9wzdncrfj2wl?hl=en-US&gl=US,16,ve
apps.microsoft.com/detail/9wzdncrfhvn5?hl=es-MX&gl=MX,19,ve
apps.microsoft.com/detail/9nksqgp7f2nh?hl=es-ES&gl=ES,111,ni
apps.microsoft.com/detail/xp88x47z2x9str?hl=es-mx&gl=MX,598,ni
apps.microsoft.com/detail/9wzdncrfj2wl?hl=en-US&gl=US,571,ni
apps.microsoft.com/detail/9wzdncrfj2wl?hl=es-ES&gl=ES,315,ni
apps.microsoft.com/detail/9ntpjw96tsc0?hl=en-US&gl=US,271,ni
apps.microsoft.com/detail/9wzdncrfhvn5?hl=es-MX&gl=MX,267,ni
apps.microsoft.com/detail/9pktq5699m62?hl=en-US&gl=US,206,ni
apps.microsoft.com/detail/9wzdncrdv0l0?hl=es-ES&gl=CO,201,ni
apps.microsoft.com/detail/9pb2mz1zmb1s?hl=es-ES&gl=ES,166,ni
apps.microsoft.com/detail/9nksqgp7f2nh?hl=es-ES&gl=ES,74,sv
apps.microsoft.com/detail/9nblggh1zrpv?hl=es-ES&gl=US,3,sv
apps.microsoft.com/detail/9wzdncrfj140?hl=en-US&gl=US,10,sv
apps.microsoft.com/detail/9wzdncrfhvn5?hl=es-MX&gl=MX,3,sv
apps.microsoft.com/detail/9wzdncrfj2wl?hl=en-US&gl=US,28,sv
apps.microsoft.com/detail/9nblggh1kcc4?hl=en-US&gl=US,2,sv
apps.microsoft.com/detail/9nblggh5l9xt?hl=es-ES&gl=ES,21,sv
apps.microsoft.com/detail/9pktq5699m62?hl=en-US&gl=US,13,sv
apps.microsoft.com/detail/xp8k17rnmm8mtn?hl=en-US&gl=US,10,sv
apps.microsoft.com/detail/9wzdncrfj2wl?hl=es-ES&gl=ES,23,sv
apps.microsoft.com/detail/9wzdncrfj2wl?hl=en-US&gl=US,29,tt
apps.microsoft.com/detail/9wzdncrfj140?hl=en-US&gl=US,724,tt
apps.microsoft.com/detail/9nblggh5l9xt?hl=en-US&gl=US,201,tt
apps.microsoft.com/detail/9p6pbj9wzlqs?hl=en-US&gl=US,179,tt
apps.microsoft.com/detail/xp99vr1bpsbqj2?hl=en-US&gl=US,166,tt
apps.microsoft.com/detail/9pfdf2zd4z4n?hl=en-US&gl=US,138,tt
apps.microsoft.com/detail/9pb359dqfjn6?hl=en-US&gl=US,132,tt
apps.microsoft.com/detail/9p59cckx7c5x?hl=en-US&gl=SL,122,tt
apps.microsoft.com/detail/9nksqgp7f2nh?hl=en-US&gl=US,118,tt
apps.microsoft.com/detail/9nksqgp7f2nh?hl=es-ES&gl=ES,75,ec
apps.microsoft.com/detail/9nblggh5l9xt?hl=en-GB&gl=IN,5,ec
apps.microsoft.com/detail/9nblggh1zrpv?hl=es-ES&gl=US,16,ec
apps.microsoft.com/detail/9nlvzbz2wz28?hl=es-ES&gl=AR,15,ec
apps.microsoft.com/detail/9nblggh5l9xt?hl=es-ES&gl=ES,950,ec
apps.microsoft.com/detail/9pktq5699m62,922,ec
apps.microsoft.com/detail/9nksqgp7f2nh?hl=es-ES&gl=ES,89,bo
apps.microsoft.com/detail/9wzdncrfj2wl?hl=en-US&gl=US,15,bo
apps.microsoft.com/detail/9nh2gph4jzs4?hl=es-ES&gl=AR,8,bo
apps.microsoft.com/detail/9nblggh5l9xt?hl=en-GB&gl=IN,23,bo
apps.microsoft.com/detail/9wzdncrfj140?hl=en-US&gl=US,19,bo
apps.microsoft.com/detail/9nblggh5l9xt?hl=es-ES&gl=ES,3,bo
apps.microsoft.com/detail/9wzdncrfj2wl?hl=es-ES&gl=ES,13,bo
apps.microsoft.com/detail/9pfdf2zd4z4n?hl=es-ES&gl=US,6,bo
apps.microsoft.com/detail/9wzdncrfhwd2?hl=en-US&gl=US,993,ba
apps.microsoft.com/detail/9wzdncrfj140?hl=en-US&gl=US,768,ba
apps.microsoft.com/detail/9nh2gph4jzs4?hl=en-US&gl=US,700,ba
apps.microsoft.com/detail/9wzdncrfj2wl?hl=en-US&gl=US,616,ba
apps.microsoft.com/detail/xpfm5p5kdwf0jp?hl=hr-hr&gl=HR,580,ba
apps.microsoft.com/detail/9nksqgp7f2nh?hl=en-US&gl=US,564,ba
apps.microsoft.com/detail/9nblggh5l9xt?hl=en-GB&gl=IN,544,ba
apps.microsoft.com/detail/9nblggh5l9xt?hl=en-US&gl=US,524,ba
apps.microsoft.com/detail/9nblggh1kcc4?hl=en-US&gl=US,390,ba
apps.microsoft.com/detail/xp99vr1bpsbqj2?hl=en-US&gl=US,315,ba
apps.microsoft.com/detail/9nblggh5l9xt?hl=en-GB&gl=IN,8,rs
apps.microsoft.com/detail/9wzdncrfj140?hl=en-US&gl=US,5,rs
apps.microsoft.com/detail/9wzdncrfhwd2?hl=en-US&gl=US,29,rs
apps.microsoft.com/detail/9nblggh5l9xt?hl=en-US&gl=US,752,rs
apps.microsoft.com/detail/9wzdncrfj2wl?hl=en-US&gl=US,693,rs
apps.microsoft.com/detail/9nw3sptz4z9t?hl=en-GB&gl=GB,681,rs
apps.microsoft.com/detail/9pd9bhglfc7h?hl=sr-Latn-RS&gl=US,671,rs
apps.microsoft.com/detail/9wzdncrfj140?hl=en-US&gl=US,332,me
apps.microsoft.com/detail/9wzdncrfhvn5?hl=sr-Latn-RS&gl=US,297,me
apps.microsoft.com/detail/9wzdncrfj2wl?hl=en-US&gl=US,287,me
apps.microsoft.com/detail/9nblggh5l9xt?hl=en-US&gl=US,283,me
apps.microsoft.com/detail/9wzdncrfhwd2?hl=en-US&gl=US,249,me
apps.microsoft.com/detail/xpfm5p5kdwf0jp?hl=sr-cyrl-rs&gl=PH,168,me
apps.microsoft.com/detail/9nh2gph4jzs4?hl=en-US&gl=US,126,me
apps.microsoft.com/detail/9nw3sptz4z9t?hl=en-GB&gl=GB,90,me
apps.microsoft.com/detail/9nblggh3vrmz?hl=en-US&gl=US,89,me
apps.microsoft.com/detail/xp99vr1bpsbqj2?hl=en-US&gl=US,76,me
apps.microsoft.com/detail/9wzdncrfj2wl?hl=en-US&gl=US,34,mu
apps.microsoft.com/detail/9nh2gph4jzs4,1,mu
apps.microsoft.com/detail/9nksqgp7f2nh?hl=en-US&gl=US,38,mu
apps.microsoft.com/detail/9nblggh1kcc4?hl=en-US&gl=US,2,mu
apps.microsoft.com/detail/xp8jn299z9j1m3?hl=en-US&gl=ZM,2,mu
apps.microsoft.com/detail/xp8k17rnmm8mtn?hl=en-US&gl=US,15,mu
apps.microsoft.com/detail/9nblggh5l9xt?hl=en-US&gl=US,16,mu
apps.microsoft.com/detail/9nlvzbz2wz28?hl=en-US&gl=US,3,mu
apps.microsoft.com/detail/9nh2gph4jzs4?hl=en-US&gl=US,14,mu
apps.microsoft.com/detail/9nztwsqntd0s?hl=en-US&gl=US,5,mu
apps.microsoft.com/detail/9nblggh5l9xt?hl=en-US&gl=US,7,by
apps.microsoft.com/detail/9p15s8pwmq8c?hl=ru-RU&gl=US,2,by
apps.microsoft.com/detail/9wzdncrfj140?hl=en-US&gl=US,7,by
apps.microsoft.com/detail/9nh2gph4jzs4?hl=ru-RU&gl=UZ,7,by
apps.microsoft.com/detail/9wzdncrfj2wl?hl=ru-RU&gl=RU,12,by
apps.microsoft.com/detail/9nztwsqntd0s?hl=ru-RU&gl=ET,13,by
apps.microsoft.com/detail/9nztwsqntd0s?hl=en-US&gl=US,7,by
apps.microsoft.com/detail/xp99vr1bpsbqj2?hl=ru-RU&gl=US,11,by
apps.microsoft.com/detail/9wzdncrfhwd2?hl=en-US&gl=US,7,ee
apps.microsoft.com/detail/9wzdncrfj2wl?hl=en-US&gl=US,273,ee
apps.microsoft.com/detail/9wzdncrfj140?hl=en-US&gl=US,241,ee
apps.microsoft.com/detail/9mz95kl8mr0l,190,ee
apps.microsoft.com/detail/9mvfq4lmz6c9?hl=en-US&gl=US,189,ee
apps.microsoft.com/detail/9pktq5699m62?hl=en-US&gl=US,167,ee
apps.microsoft.com/detail/9nblggh5l9xt?hl=en-GB&gl=IN,165,ee
apps.microsoft.com/detail/xpfm2k6gpv72cr?hl=en-US&gl=US,125,ee
apps.microsoft.com/detail/9pb359dqfjn6?hl=en-US&gl=US,120,ee
apps.microsoft.com/detail/9np6ps51g6m7?hl=hr-HR&gl=HR,3,hr
apps.microsoft.com/detail/9nblggh5l9xt?hl=en-GB&gl=IN,3,hr
apps.microsoft.com/detail/9wzdncrfhwd2?hl=en-US&gl=US,962,hr
apps.microsoft.com/detail/9pb359dqfjn6?hl=en-US&gl=US,900,hr
apps.microsoft.com/detail/9wzdncrfj140?hl=en-US&gl=US,788,hr
apps.microsoft.com/detail/9nblggh18846?hl=en-US&gl=US,626,hr
apps.microsoft.com/detail/9wzdncrfj2wl?hl=en-US&gl=US,585,hr
apps.microsoft.com/detail/9nblggh5l9xt?hl=en-US&gl=US,491,hr
apps.microsoft.com/detail/9wzdncrfj2wl?hl=en-US&gl=US,28,mt
apps.microsoft.com/detail/9n0dx20hk701,1,mt
apps.microsoft.com/detail/9nblggh5l9xt?hl=en-US&gl=US,12,mt
apps.microsoft.com/detail/9nblggh402j4?hl=mt-MT&gl=MT,1,mt
apps.microsoft.com/detail/9pb359dqfjn6?hl=en-US&gl=US,1,mt
apps.microsoft.com/detail/9wzdncrfhwd2?hl=en-US&gl=US,3,mt
apps.microsoft.com/detail/9pktq5699m62?hl=en-US&gl=US,7,mt
apps.microsoft.com/detail/9nlvzbz2wz28?hl=en-US&gl=US,2,mt
apps.microsoft.com/detail/9nksqgp7f2nh?hl=en-US&gl=US,19,mt
apps.microsoft.com/detail/9p75jxkw32zt?hl=en-GB&gl=CA,1,mt
apps.microsoft.com/detail/9nblggh5l9xt?hl=en-US&gl=US,17,jm
apps.microsoft.com/detail/9wzdncrfj2wl?hl=en-US&gl=US,13,jm
apps.microsoft.com/detail/9wzdncrfj140?hl=en-US&gl=US,11,jm
apps.microsoft.com/detail/9nblggh1kcc4?hl=en-US&gl=US,2,jm
apps.microsoft.com/detail/9p6pbj9wzlqs,2,jm
apps.microsoft.com/detail/9nh2gph4jzs4?hl=id-ID&gl=ID,9,jm
apps.microsoft.com/detail/9p638w85xxx1?hl=en-US&gl=US,4,jm
apps.microsoft.com/detail/9nztwsqntd0s?hl=en-US&gl=US,5,jm
apps.microsoft.com/detail/xp8k17rnmm8mtn?hl=en-US&gl=US,12,jm
apps.microsoft.com/detail/9nksqgp7f2nh?hl=en-US&gl=US,30,jm
apps.microsoft.com/detail/9nksqgp7f2nh?hl=es-ES&gl=ES,66,cr
apps.microsoft.com/detail/9wzdncrfj2wl?hl=en-US&gl=US,868,cr
apps.microsoft.com/detail/9wzdncrfj140?hl=en-US&gl=US,735,cr
apps.microsoft.com/detail/9nblggh5l9xt?hl=en-GB&gl=IN,595,cr
apps.microsoft.com/detail/9pktq5699m62,567,cr
apps.microsoft.com/detail/xp88x47z2x9str?hl=es-mx&gl=MX,474,cr
apps.microsoft.com/detail/9nq9klznv9sh?hl=en-US&gl=US,405,cr
apps.microsoft.com/detail/9wzdncrfhvn5?hl=es-MX&gl=MX,388,cr
apps.microsoft.com/detail/9nblggh1zrpv?hl=es-ES&gl=US,381,cr
apps.microsoft.com/detail/9nksqgp7f2nh?hl=es-ES&gl=ES,55,gt
apps.microsoft.com/detail/9nblggh5l9xt?hl=en-GB&gl=IN,7,gt
apps.microsoft.com/detail/9wzdncrfj140?hl=en-US&gl=US,891,gt
apps.microsoft.com/detail/9wzdncrfj2wl?hl=en-US&gl=US,729,gt
apps.microsoft.com/detail/9nghp3dx8hdx?hl=es-ES&gl=DO,717,gt
apps.microsoft.com/detail/9pktq5699m62,693,gt
apps.microsoft.com/detail/9wzdncrfj2wl?hl=es-ES&gl=ES,651,gt
apps.microsoft.com/detail/xp88x47z2x9str?hl=es-mx&gl=MX,478,gt
apps.microsoft.com/detail/9njjkw6cj4wt?hl=sl-sI&gl=SI,1,si
apps.microsoft.com/detail/9wzdncrfhwd2?hl=en-US&gl=US,7,si
apps.microsoft.com/detail/9wzdncrfj140?hl=en-US&gl=US,495,si
apps.microsoft.com/detail/9nvs2mwwb3kz?hl=sl-SI&gl=SI,495,si
apps.microsoft.com/detail/9n4z0pzbzlrn?hl=sl-sI&gl=SI,315,si
apps.microsoft.com/detail/9pb359dqfjn6?hl=en-US&gl=US,308,si
apps.microsoft.com/detail/9njxm50kmnjg?hl=sl-sI&gl=SI,247,si
apps.microsoft.com/detail/9n0dx20hk701,238,si
apps.microsoft.com/detail/9nksqgp7f2nh?hl=en-US&gl=US,190,bs
apps.microsoft.com/detail/9wzdncrfj2wl?hl=en-US&gl=US,145,bs
apps.microsoft.com/detail/9nblggh5l9xt?hl=en-GB&gl=IN,133,bs
apps.microsoft.com/detail/xp8k17rnmm8mtn,72,bs
apps.microsoft.com/detail/9nblggh5l9xt?hl=en-US&gl=US,53,bs
apps.microsoft.com/detail/9wzdncrfj2wl?hl=en-US&gl=US,25,cy
apps.microsoft.com/detail/9nq9klznv9sh?hl=en-US&gl=US,1,cy
apps.microsoft.com/detail/9nblggh5l9xt?hl=en-US&gl=US,20,cy
apps.microsoft.com/detail/9nvq4zljgmdv?hl=en-US&gl=US,2,cy
apps.microsoft.com/detail/9wzdncrfj140?hl=en-US&gl=US,11,cy
apps.microsoft.com/detail/9n5xf17cx44z,1,cy
apps.microsoft.com/detail/xp8k17rnmm8mtn?hl=en-US&gl=US,7,cy
apps.microsoft.com/detail/9pktq5699m62?hl=en-US&gl=US,11,cy
apps.microsoft.com/detail/9nh2gph4jzs4?hl=en-US&gl=US,13,cy
apps.microsoft.com/detail/9wzdncrfj2wl?hl=el-GR&gl=US,3,cy
apps.microsoft.com/detail/9nksqgp7f2nh?hl=es-ES&gl=ES,49,uy
apps.microsoft.com/detail/9wzdncrfj140?hl=en-US&gl=US,3,uy
apps.microsoft.com/detail/9nblggh5l9xt?hl=en-GB&gl=IN,800,uy
apps.microsoft.com/detail/9wzdncrfj2wl?hl=en-US&gl=US,399,uy
apps.microsoft.com/detail/9nblggh1zrpv?hl=en-US&gl=US,379,uy
apps.microsoft.com/detail/9pktq5699m62,338,uy
apps.microsoft.com/detail/9nblggh5l9xt?hl=en-US&gl=US,336,uy
apps.microsoft.com/detail/9nkmkxnqv2m8?hl=en-US&gl=US,328,uy
apps.microsoft.com/detail/9nksqgp7f2nh?hl=es-ES&gl=ES,66,py
apps.microsoft.com/detail/9p8569j9gb3s?hl=es-MX&gl=VN,830,py
apps.microsoft.com/detail/9nblggh5l9xt?hl=en-GB&gl=IN,745,py
apps.microsoft.com/detail/9wzdncrfj2wl?hl=en-US&gl=US,717,py
apps.microsoft.com/detail/9nblggh5l9xt?hl=es-ES&gl=ES,430,py
apps.microsoft.com/detail/9nh2gph4jzs4?hl=es-ES&gl=AR,409,py
apps.microsoft.com/detail/9pktq5699m62?hl=en-US&gl=US,312,py
apps.microsoft.com/detail/9nblggh3vrmz?hl=en-US&gl=US,305,py
apps.microsoft.com/detail/9wzdncrfj2wl?hl=es-ES&gl=ES,302,py
apps.microsoft.com/detail/9n0dx20hk701,495,is
apps.microsoft.com/detail/9wzdncrfj2wl?hl=en-US&gl=US,268,is
apps.microsoft.com/detail/9wzdncrfhwd2?hl=en-US&gl=US,108,is
apps.microsoft.com/detail/9nbn8qnlqxdt?hl=is-IS&gl=IS,89,is
apps.microsoft.com/detail/xp8k17rnmm8mtn?hl=en-US&gl=US,72,is
apps.microsoft.com/detail/9nblggh4t68g?hl=is-IS&gl=US,61,is
apps.microsoft.com/detail/9nw3sptz4z9t?hl=en-GB&gl=GB,52,is
apps.microsoft.com/detail/xp8k17rnmm8mtn,50,is
