Selector,Traffic,Region
addons.mozilla.org/en-US/firefox/addon/ublock-origin/,271,us
addons.mozilla.org/en-US/firefox/addon/to-google-translate/,492,us
addons.mozilla.org/en-US/firefox/addon/video-downloadhelper/,354,us
addons.mozilla.org/en-US/firefox/addon/easy-youtube-video-download/,213,us
addons.mozilla.org/en-US/firefox/addon/adblock-for-firefox/,19,us
addons.mozilla.org/en-US/firefox/addon/adblock-plus/,102,us
addons.mozilla.org/en-US/firefox/addon/duckduckgo-for-firefox/,125,us
addons.mozilla.org/en-US/firefox/addon/veepn-free-fast-security-vpn/,31,us
addons.mozilla.org/en-US/firefox/addon/browsec/,158,us
addons.mozilla.org/en-US/firefox/addon/adblock-for-youtube/,34,us
addons.mozilla.org/en-US/firefox/addon/btroblox/,30,us
addons.mozilla.org/en-US/firefox/addon/darkreader/,115,us
addons.mozilla.org/en-US/firefox/addon/thetvapp/versions/,91,us
addons.mozilla.org/en-US/firefox/addon/tampermonkey/,118,us
addons.mozilla.org/en-US/firefox/addon/better-canvas/,323,us
addons.mozilla.org/en-US/firefox/addon/greasemonkey/,5,us
addons.mozilla.org/en-US/firefox/addon/uaswitcher/,50,us
addons.mozilla.org/en-US/firefox/addon/honey/,71,us
addons.mozilla.org/en-US/firefox/addon/metastream-remote/,122,us
addons.mozilla.org/en-US/firefox/addon/video-downloader-profession/,348,us
addons.mozilla.org/en-US/android/addon/ublock-origin/,5,us
addons.mozilla.org/en-US/firefox/addon/foxyproxy-standard/,11,us
addons.mozilla.org/en-US/firefox/addon/cookiebro/,10,us
addons.mozilla.org/en-US/firefox/addon/user-agent-string-switcher/,84,us
addons.mozilla.org/en-CA/firefox/addon/prodigy_x/versions/,249,us
addons.mozilla.org/en-US/firefox/addon/cookie-editor/,84,us
addons.mozilla.org/en-US/firefox/addon/simple-translate/,137,us
addons.mozilla.org/en-US/firefox/addon/redgifs-downloader-for-ff/,2,us
addons.mozilla.org/en-US/firefox/addon/reddit-enhancement-suite/,248,us
addons.mozilla.org/en-US/firefox/addon/savefromnet-helper/,52,us
addons.mozilla.org/en-US/firefox/addon/font-inspect/,8,us
addons.mozilla.org/en-US/firefox/addon/fireshot/,28,us
addons.mozilla.org/en-US/firefox/addon/grammarly-1/,29,us
addons.mozilla.org/en-US/firefox/addon/snaplinksplus/,22,us
addons.mozilla.org/en-US/firefox/addon/lightbeam-chikl/,83,us
addons.mozilla.org/en-US/firefox/addon/flash-player-emulator/,172,us
addons.mozilla.org/en-US/firefox/addon/دانلود-فیلم-سکسی/versions/,77,us
addons.mozilla.org/en-US/firefox/addon/mywape-url-updater/versions/,565,us
addons.mozilla.org/en-US/firefox/addon/noscript/,2,us
addons.mozilla.org/en-US/firefox/addon/auto-bypasser/,50,us
addons.mozilla.org/en-US/firefox/addon/setupvpn/,2,us
addons.mozilla.org/en-US/firefox/addon/tab-auto-refresh/,60,us
addons.mozilla.org/en-US/firefox/addon/wayback-machine_new/,42,us
addons.mozilla.org/en-US/firefox/addon/google-translator-for-firefox/,118,us
addons.mozilla.org/en-US/firefox/addon/iwara_downloader/,143,us
addons.mozilla.org/en-US/firefox/addon/myinstants/,1,us
addons.mozilla.org/en-US/android/addon/pstream-extension/,170,us
addons.mozilla.org/en-US/firefox/addon/return-youtube-dislikes/,4,us
addons.mozilla.org/en-US/firefox/addon/ytmp4-downloader/reviews/,74,us
addons.mozilla.org/en-US/firefox/addon/free-download-manager-addon/,195,us
addons.mozilla.org/en-US/firefox/addon/prodigy_x/,285,us
addons.mozilla.org/en-US/firefox/addon/traduzir-paginas-web/,62,us
addons.mozilla.org/en-US/firefox/addon/block-website/,100,us
addons.mozilla.org/en-US/firefox/addon/mp3juices-cc/,95,us
addons.mozilla.org/en-US/firefox/addon/twitch_5/,119,us
addons.mozilla.org/en-US/firefox/addon/sky-follower-bridge/,54,us
addons.mozilla.org/en-US/firefox/addon/youtube-to-mp3-wext/,5,us
addons.mozilla.org/en-GB/firefox/addon/basket-random-unblocked/versions/,129,us
addons.mozilla.org/en-US/firefox/addon/purpleadblock/,50,us
addons.mozilla.org/en-US/firefox/addon/multi-account-containers/,106,us
addons.mozilla.org/en-US/firefox/addon/discrub/,11,us
addons.mozilla.org/en-US/firefox/addon/allow-copy-plus/,212,us
addons.mozilla.org/en-US/firefox/addon/sidebery/,68,us
addons.mozilla.org/en-US/firefox/addon/firebug-and-web-development/,107,us
addons.mozilla.org/en-US/firefox/addon/tree-style-tab/,2,us
addons.mozilla.org/en-US/firefox/addon/downthemall/,130,us
addons.mozilla.org/en-US/firefox/addon/switchyomega/,277,us
addons.mozilla.org/en-US/firefox/addon/read-aloud/,64,us
addons.mozilla.org/en-US/firefox/addon/9anime-companion/,191,us
addons.mozilla.org/en-US/firefox/addon/tasks-for-canvas/,100,us
addons.mozilla.org/en-US/firefox/addon/imginn/versions/,573,us
addons.mozilla.org/en-US/firefox/addon/talkie/,562,us
addons.mozilla.org/en-US/firefox/addon/coomer_downloader/,560,us
addons.mozilla.org/en-US/firefox/addon/colorzilla/,552,us
addons.mozilla.org/en-US/firefox/addon/urban-shield/versions/,550,us
addons.mozilla.org/en-US/firefox/addon/keepa/,541,us
addons.mozilla.org/en-US/firefox/addon/600-sound-volume/,521,us
addons.mozilla.org/en-US/firefox/addon/downloader-4-reddit-redditsave/,502,us
addons.mozilla.org/en-US/firefox/addon/sponsorblock/,499,us
addons.mozilla.org/en-US/firefox/addon/دانلود-فیلم-سکسی/,492,us
addons.mozilla.org/en-US/firefox/addon/youtube-downloader-udl-helper/,489,us
addons.mozilla.org/en-US/firefox/addon/twinehacker/,471,us
addons.mozilla.org/en-US/firefox/addon/vidmo/,462,us
addons.mozilla.org/en-US/firefox/addon/download-with-jdownloader/,461,us
addons.mozilla.org/en-US/firefox/addon/betterttv/,451,us
addons.mozilla.org/en-US/firefox/addon/wappalyzer/,450,us
addons.mozilla.org/en-US/firefox/addon/cat-catch/,449,us
addons.mozilla.org/en-US/firefox/addon/ublock-origin/versions/,448,us
addons.mozilla.org/en-US/firefox/addon/download-accelerator/,445,us
addons.mozilla.org/en-US/firefox/addon/better-roblox-extension/,444,us
addons.mozilla.org/en-US/firefox/addon/zzup-downloader/,439,us
addons.mozilla.org/en-US/firefox/addon/ins-downloader/,437,us
addons.mozilla.org/en-US/firefox/addon/brocoflix-episode-navigator/reviews/,431,us
addons.mozilla.org/en-US/firefox/addon/surfshark-vpn-proxy/,422,us
addons.mozilla.org/en-US/firefox/addon/webrtc-control/,417,us
addons.mozilla.org/en-US/firefox/addon/popup-blocker/,416,us
addons.mozilla.org/en-US/firefox/addon/location-guard/,415,us
addons.mozilla.org/en-US/firefox/addon/vnnet/,406,us
addons.mozilla.org/en-US/firefox/addon/audio-downloader-prime/,406,us
addons.mozilla.org/en-US/firefox/addon/d2-season-pass-wayback-machine/,404,us
addons.mozilla.org/en-US/firefox/addon/blocksite/,393,us
addons.mozilla.org/en-US/firefox/addon/re-enable-right-click/,391,us
addons.mozilla.org/en-US/firefox/addon/onetab/,388,us
addons.mozilla.org/en-US/firefox/addon/old-twitter-layout-2024/,387,us
addons.mozilla.org/en-US/firefox/addon/ropro-pay-gorn/,386,us
addons.mozilla.org/en-US/firefox/addon/dictionary-anyvhere/,383,us
addons.mozilla.org/en-US/firefox/addon/raditional-east-asian-mountain/,382,us
addons.mozilla.org/en-US/firefox/addon/buster-captcha-solver/,382,us
addons.mozilla.org/en-US/firefox/addon/roblox-plus-firefox/,381,us
addons.mozilla.org/en-US/firefox/addon/search_by_image/,377,us
addons.mozilla.org/en-US/firefox/addon/torrentz2-magnet-links/reviews/?score=5&page=2,369,us
addons.mozilla.org/en-US/firefox/addon/private-internet-access-ext/,361,us
addons.mozilla.org/en-US/firefox/addon/animepahe-auto-downloader/,361,us
addons.mozilla.org/en-US/firefox/addon/prodigy_x/reviews/,356,us
addons.mozilla.org/en-US/firefox/addon/a-cookie-manager/,354,us
addons.mozilla.org/en-US/firefox/addon/saucenao/,352,us
addons.mozilla.org/en-US/firefox/addon/tetrys/,352,us
addons.mozilla.org/en-CA/firefox/addon/kickassist/,351,us
addons.mozilla.org/en-US/firefox/addon/sprinter-unblocked-html5-game/,350,us
addons.mozilla.org/en-US/firefox/addon/linkvertise/,347,us
addons.mozilla.org/en-US/firefox/addon/auto-refresh-page/,346,us
addons.mozilla.org/en-US/firefox/addon/loader-to-all-in-1-downloader/,338,us
addons.mozilla.org/ru/firefox/addon/обход-блокировок-рунета/,338,us
addons.mozilla.org/en-US/firefox/addon/clippings/,337,us
addons.mozilla.org/en-US/firefox/addon/whoervpn/,336,us
addons.mozilla.org/en-US/firefox/addon/cookie-quick-manager/,335,us
addons.mozilla.org/en-US/firefox/addon/ppspy/,332,us
addons.mozilla.org/en-US/firefox/addon/soundcloud-dl/,329,us
addons.mozilla.org/en-US/firefox/addon/free-vpn-usa-planet-vpn-proxy/,324,us
addons.mozilla.org/en-US/firefox/addon/don-t-fuck-with-paste/,320,us
addons.mozilla.org/en-US/firefox/addon/watch-free-anime-at-gogoanime/versions/,317,us
addons.mozilla.org/en-US/firefox/addon/temporary-email-emailondeck/,316,us
addons.mozilla.org/en-US/firefox/addon/paladinvpn-unlimited-free-vpn/versions/,316,us
addons.mozilla.org/en-US/firefox/addon/lastpass-password-manager/,314,us
addons.mozilla.org/en-US/firefox/addon/4chanx/,313,us
addons.mozilla.org/en-US/firefox/addon/my-cv-creator/,312,us
addons.mozilla.org/en-US/firefox/addon/simple-mass-downloader/,310,us
addons.mozilla.org/en-US/firefox/addon/adguard-adblocker/,309,us
addons.mozilla.org/en-US/firefox/addon/screen-recorder/,306,us
addons.mozilla.org/en-US/firefox/addon/icloud-passwords/,305,us
addons.mozilla.org/en-US/firefox/addon/smart-rss-reader/,304,us
addons.mozilla.org/en-US/firefox/addon/fetch-video-downloader/,299,us
addons.mozilla.org/en-US/firefox/addon/domain-appraisal-by-atom-com/,292,us
addons.mozilla.org/en-US/firefox/addon/1vpn/,284,us
addons.mozilla.org/en-US/firefox/addon/kproxy-extension/,283,us
addons.mozilla.org/en-GB/firefox/addon/wefwef/versions/,283,us
addons.mozilla.org/en-US/firefox/addon/cai-tools/,282,us
addons.mozilla.org/en-US/firefox/addon/vimium-ff/,282,us
addons.mozilla.org/en-US/firefox/addon/tpb-proxy-resolver/reviews/,282,us
addons.mozilla.org/en-US/firefox/addon/bitchute-download/versions/,279,us
addons.mozilla.org/en-US/firefox/addon/selenium-ide/,276,us
addons.mozilla.org/en-US/firefox/addon/tab-reloader/,274,us
addons.mozilla.org/en-US/firefox/addon/roseal/,274,us
addons.mozilla.org/en-US/firefox/addon/ghostery/,273,us
addons.mozilla.org/en-US/firefox/addon/hls-downloader/,272,us
addons.mozilla.org/en-US/firefox/addon/youtube-unblock-nikolaevevge/,272,us
addons.mozilla.org/en-US/firefox/addon/adblocker-ultimate/,271,us
addons.mozilla.org/en-US/firefox/addon/siat/,269,us
addons.mozilla.org/en-US/firefox/addon/get-cookies-txt-locally/,268,us
addons.mozilla.org/en-US/firefox/addon/youtube-ad-auto-skipper/,267,us
addons.mozilla.org/en-US/firefox/addon/دانلود-فیلم-سکسی/reviews/,266,us
addons.mozilla.org/en-US/firefox/addon/discrub/versions/,266,us
addons.mozilla.org/en-US/firefox/addon/image-reverse-search/,262,us
addons.mozilla.org/en-US/firefox/addon/styl-us/,261,us
addons.mozilla.org/en-US/firefox/addon/detailed-seo-extension/,260,us
addons.mozilla.org/en-US/firefox/addon/user-agent-switcher-revived/,258,us
addons.mozilla.org/en-US/firefox/addon/downr-youtube-downloader/reviews/,258,us
addons.mozilla.org/en-US/firefox/addon/editthiscookie-lastest-edition/,257,us
addons.mozilla.org/en-US/firefox/addon/xkit-rewritten/,255,us
addons.mozilla.org/en-US/firefox/addon/chesscheat/,254,us
addons.mozilla.org/de/firefox/addon/video-downloadhelper/,324,de
addons.mozilla.org/de/firefox/addon/adblock-plus/,203,de
addons.mozilla.org/de/firefox/addon/ublock-origin/,406,de
addons.mozilla.org/en-US/firefox/addon/ublock-origin/,103,de
addons.mozilla.org/en-US/firefox/addon/video-downloadhelper/,97,de
addons.mozilla.org/de/firefox/addon/easy-youtube-video-download/,126,de
addons.mozilla.org/en-US/firefox/addon/easy-youtube-video-download/,99,de
addons.mozilla.org/de/firefox/addon/adblock-for-youtube/,66,de
addons.mozilla.org/de/firefox/addon/video-downloader-profession/,3,de
addons.mozilla.org/de/firefox/addon/browsec/,30,de
addons.mozilla.org/de/android/addon/ublock-origin/,62,de
addons.mozilla.org/de/firefox/addon/youtube-to-mp3-wext/,164,de
addons.mozilla.org/de/firefox/addon/anonymous-story-viewer/,7,de
addons.mozilla.org/en-US/firefox/addon/duckduckgo-for-firefox/,41,de
addons.mozilla.org/de/firefox/addon/savefromnet-helper/,14,de
addons.mozilla.org/de/firefox/addon/foxyproxy-standard/,3,de
addons.mozilla.org/en-US/firefox/addon/firefox-personas/,2,de
addons.mozilla.org/de/firefox/addon/languagetool/,44,de
addons.mozilla.org/en-US/firefox/addon/video-downloader-profession/,20,de
addons.mozilla.org/de/firefox/addon/downloader-instagram/,131,de
addons.mozilla.org/de/firefox/addon/facebook-video-downloader-onli/,41,de
addons.mozilla.org/en-US/firefox/addon/manganelo-downloader/,8,de
addons.mozilla.org/de/firefox/addon/auto-bypasser/,16,de
addons.mozilla.org/de/firefox/addon/tum-moodle-login/,51,de
addons.mozilla.org/en-US/firefox/addon/storiesig/versions/,1,de
addons.mozilla.org/de/firefox/addon/firefox-personas/,113,de
addons.mozilla.org/en-US/firefox/addon/soundcloud-dl/,16,de
addons.mozilla.org/en-US/firefox/addon/cookie-editor/,52,de
addons.mozilla.org/de/firefox/addon/adblock-for-firefox/,17,de
addons.mozilla.org/en-US/firefox/addon/ether-metamask/,15,de
addons.mozilla.org/de/firefox/addon/delta-executor-script-manager/,6,de
addons.mozilla.org/de/firefox/addon/rutracker-add-on/reviews/?page=12,2,de
addons.mozilla.org/de/firefox/addon/ghostery/,20,de
addons.mozilla.org/de/firefox/addon/kickassist/,12,de
addons.mozilla.org/de/firefox/addon/download-twitter-videos-down/,11,de
addons.mozilla.org/en-US/firefox/addon/browsec/,15,de
addons.mozilla.org/de/firefox/addon/insta-viewer/,98,de
addons.mozilla.org/de/firefox/addon/redgifs-downloader-for-ff/,47,de
addons.mozilla.org/de/firefox/addon/animepahe-auto-downloader/,35,de
addons.mozilla.org/de/firefox/addon/scrolller-saver/,3,de
addons.mozilla.org/de/firefox/addon/channel-myanmar-cleaner/,9,de
addons.mozilla.org/en-US/firefox/addon/btroblox/,20,de
addons.mozilla.org/en-US/firefox/addon/noscript/,20,de
addons.mozilla.org/en-US/firefox/addon/w2g/,86,de
addons.mozilla.org/en-US/firefox/addon/i-dont-care-about-cookies/,9,de
addons.mozilla.org/de/firefox/addon/flash-player-emulator/,28,de
addons.mozilla.org/de/firefox/addon/serienstream-controls/,10,de
addons.mozilla.org/de/firefox/addon/myfreemp3/,24,de
addons.mozilla.org/de/firefox/addon/vidmo/,36,de
addons.mozilla.org/de/firefox/addon/pin-downloader/,13,de
addons.mozilla.org/de/firefox/addon/seasonvar-unlock/,6,de
addons.mozilla.org/en-US/firefox/addon/rutracker_torrent_search/,38,de
addons.mozilla.org/de/firefox/addon/free-youtube-video-downloader/,22,de
addons.mozilla.org/en-US/firefox/addon/دانلود-فیلم-سکسی/versions/,14,de
addons.mozilla.org/de/firefox/addon/wappalyzer/,7,de
addons.mozilla.org/en-US/firefox/addon/twitch_5/,72,de
addons.mozilla.org/en-US/firefox/addon/1password-x-password-manager/,4,de
addons.mozilla.org/de/firefox/addon/darkreader/,64,de
addons.mozilla.org/de/firefox/addon/frag-caesar-suche-erweiterung/,26,de
addons.mozilla.org/de/firefox/addon/müllmail-schnellzugriff/,38,de
addons.mozilla.org/de/firefox/addon/youtube_downloader/,15,de
addons.mozilla.org/de/firefox/addon/gelbooru-image-only/,35,de
addons.mozilla.org/en-US/firefox/addon/foxyproxy-standard/,10,de
addons.mozilla.org/en-US/firefox/addon/archive-ph-oneclick/,53,de
addons.mozilla.org/de/firefox/addon/traduzir-paginas-web/,21,de
addons.mozilla.org/de/firefox/addon/elvebredd/,34,de
addons.mozilla.org/de/firefox/addon/video-downloadhelper/versions/,49,de
addons.mozilla.org/de/firefox/addon/1password-x-password-manager/,24,de
addons.mozilla.org/de/firefox/addon/cookie-editor/,8,de
addons.mozilla.org/en-US/firefox/addon/lastpass-password-manager/,24,de
addons.mozilla.org/en-US/firefox/addon/search-on-anime-loads-org/,27,de
addons.mozilla.org/de/firefox/addon/sponsorblock/,8,de
addons.mozilla.org/de/firefox/addon/bitwarden-password-manager/,8,de
addons.mozilla.org/en-US/firefox/addon/youtube_downloader/,12,de
addons.mozilla.org/de/firefox/addon/free-vpn-proxy-planetvpn/,14,de
addons.mozilla.org/de/firefox/addon/free-download-manager-addon/,75,de
addons.mozilla.org/en-US/firefox/addon/fireshot/,26,de
addons.mozilla.org/de/firefox/addon/youtube-shorts-downloader/,50,de
addons.mozilla.org/de/firefox/addon/linkvertise/,13,de
addons.mozilla.org/de/firefox/addon/uaswitcher/,127,de
addons.mozilla.org/de/firefox/addon/dictzone-angol-magyar-szótár/,36,de
addons.mozilla.org/de/firefox/addon/onlymp3/,34,de
addons.mozilla.org/en-US/firefox/addon/istilldontcareaboutcookies/,56,de
addons.mozilla.org/de/firefox/addon/telegram-downloader/,36,de
addons.mozilla.org/de/firefox/addon/twitch-ad-blocker/,6,de
addons.mozilla.org/de/firefox/addon/tab-auto-refresh/,15,de
addons.mozilla.org/en-US/firefox/addon/adblock-plus/,100,de
addons.mozilla.org/en-GB/firefox/addon/instazoom-mobi/,5,de
addons.mozilla.org/de/firefox/addon/online-youtube-videodownloader/,43,de
addons.mozilla.org/en-US/firefox/addon/font-inspect/,27,de
addons.mozilla.org/de/firefox/addon/betterttv/,37,de
addons.mozilla.org/de/firefox/addon/fireshot/,268,de
addons.mozilla.org/de/firefox/addon/download-youtube-subtitles/,263,de
addons.mozilla.org/en-US/firefox/addon/bitwarden-password-manager/,261,de
addons.mozilla.org/de/firefox/addon/privacy-badger17/,260,de
addons.mozilla.org/de/firefox/addon/soundcloud-dl/,257,de
addons.mozilla.org/de/firefox/addon/popup-blocker-ultimate/,254,de
addons.mozilla.org/en-US/firefox/addon/uaswitcher/,252,de
addons.mozilla.org/de/firefox/addon/backgroundimg/,248,de
addons.mozilla.org/de/firefox/addon/youtube-high-definition/,247,de
addons.mozilla.org/en-US/firefox/addon/colorzilla/,244,de
addons.mozilla.org/de/firefox/addon/ytmp3-youtube-mp3/,242,de
addons.mozilla.org/de/firefox/addon/loader-to-all-in-1-downloader/,242,de
addons.mozilla.org/de/firefox/addon/mywape-url-updater/,242,de
addons.mozilla.org/de/firefox/addon/torrentz2-magnet-links/,241,de
addons.mozilla.org/de/firefox/addon/vidmo/reviews/,239,de
addons.mozilla.org/en-US/firefox/addon/emojipad-emoji-keyboard/,237,de
addons.mozilla.org/en-US/firefox/addon/soundcloud-to-mp3-downloader/,234,de
addons.mozilla.org/de/firefox/addon/tonec-idm-integration-module/,234,de
addons.mozilla.org/en-US/firefox/addon/tineye-reverse-image-search/,233,de
addons.mozilla.org/de/firefox/addon/to-google-translate/,232,de
addons.mozilla.org/de/firefox/addon/noscript/,231,de
addons.mozilla.org/de/firefox/addon/dark-mode-webextension/,229,de
addons.mozilla.org/de/firefox/addon/greasemonkey/,229,de
addons.mozilla.org/en-US/firefox/addon/flash-player-emulator/,228,de
addons.mozilla.org/de/firefox/addon/download-video-and-flash/,223,de
addons.mozilla.org/de/firefox/addon/tampermonkey/,222,de
addons.mozilla.org/de/firefox/addon/lightbeam-chikl/,222,de
addons.mozilla.org/de/firefox/addon/trashmailnet/,220,de
addons.mozilla.org/de/firefox/addon/windscribe/,217,de
addons.mozilla.org/de/firefox/addon/veepn-free-fast-security-vpn/,212,de
addons.mozilla.org/en-US/firefox/addon/vipleague/versions/,206,de
addons.mozilla.org/de/android/addon/imginn/reviews/,206,de
addons.mozilla.org/de/firefox/addon/download-pinterest-videos/,202,de
addons.mozilla.org/de/firefox/addon/ublock-origin/versions/,202,de
addons.mozilla.org/de/firefox/addon/auto-refresh-page/,201,de
addons.mozilla.org/en-US/firefox/addon/block-website/,200,de
addons.mozilla.org/en-US/firefox/addon/score808-watch-free-football/,199,de
addons.mozilla.org/de/firefox/addon/ig-downloader-insta-downloader/,199,de
addons.mozilla.org/de/firefox/addon/apk-downloader-for-android/,196,de
addons.mozilla.org/en-US/firefox/addon/faceit-finder-фейсит-по-стиму/,195,de
addons.mozilla.org/en-US/firefox/addon/absolute-enable-right-click/,194,de
addons.mozilla.org/de/firefox/addon/youtube-downloader-udl-helper/,194,de
addons.mozilla.org/de/firefox/addon/futemax-live-football/reviews/,194,de
addons.mozilla.org/de/firefox/addon/block-website/,192,de
addons.mozilla.org/de/firefox/addon/torrentz2-magnet-links/reviews/,191,de
addons.mozilla.org/de/firefox/addon/simple-translate/,189,de
addons.mozilla.org/de/firefox/addon/epubreader/,186,de
addons.mozilla.org/de/firefox/addon/whoervpn/,186,de
addons.mozilla.org/de/firefox/addon/adblocker-ultimate/,184,de
addons.mozilla.org/ru/firefox/addon/rutracker-add-on/,182,de
addons.mozilla.org/de/firefox/addon/def-not-a-pronhub-theme/,181,de
addons.mozilla.org/en-US/firefox/addon/traduzir-paginas-web/,180,de
addons.mozilla.org/en-US/firefox/addon/free-youtube-video-downloader/,179,de
addons.mozilla.org/de/firefox/addon/vipleague/,179,de
addons.mozilla.org/en-US/firefox/addon/veepn-free-fast-security-vpn/,175,de
addons.mozilla.org/en-US/firefox/addon/etc2/,173,de
addons.mozilla.org/de/firefox/addon/pstream-extension/,172,de
addons.mozilla.org/en-US/firefox/addon/return-youtube-dislikes/,171,de
addons.mozilla.org/en-US/firefox/addon/user-agent-string-switcher/,170,de
addons.mozilla.org/de/firefox/addon/watch-free-anime-at-gogoanime/,169,de
addons.mozilla.org/de/firefox/addon/csgofloat/,168,de
addons.mozilla.org/de/firefox/addon/video-downloader-player/,168,de
addons.mozilla.org/de/firefox/addon/download-mp3-youtube/,167,de
addons.mozilla.org/de/firefox/addon/vumoo-lat/,164,de
addons.mozilla.org/de/firefox/addon/youtube-ad-auto-skipper/,163,de
addons.mozilla.org/de/firefox/addon/download-with-jdownloader/,162,de
addons.mozilla.org/de/firefox/addon/embed-bs-to/,160,de
addons.mozilla.org/de/firefox/addon/temp-gmail-pro/,159,de
addons.mozilla.org/de/firefox/addon/manganato-keyboard-command/,158,de
addons.mozilla.org/de/firefox/addon/foe-helper/,157,de
addons.mozilla.org/de/firefox/addon/vipleague/reviews/,157,de
addons.mozilla.org/de/firefox/addon/young-pussy/versions/,156,de
addons.mozilla.org/de/firefox/addon/video-downloader-prime/,155,de
addons.mozilla.org/en-US/firefox/addon/looti-net/reviews/,155,de
addons.mozilla.org/de/android/addon/remove-paywall/,154,de
addons.mozilla.org/de/firefox/addon/downloader-4-reddit-redditsave/,153,de
addons.mozilla.org/de/firefox/addon/startpage-private-search/,149,de
addons.mozilla.org/de/firefox/addon/animedao-city/reviews/,148,de
addons.mozilla.org/de/firefox/addon/iwara-downloader/,147,de
addons.mozilla.org/de/android/addon/noscript/,147,de
addons.mozilla.org/de/firefox/addon/dark-theme-for-firefox/,146,de
addons.mozilla.org/de/firefox/addon/setupvpn/,145,de
addons.mozilla.org/de/firefox/addon/pinterest-downloader/,144,de
addons.mozilla.org/de/firefox/addon/aniworld_downloader/,140,de
addons.mozilla.org/de/firefox/addon/honey/,139,de
addons.mozilla.org/de/firefox/addon/image-downloader-addon/,138,de
addons.mozilla.org/en-US/firefox/addon/to-google-translate/,138,de
addons.mozilla.org/de/firefox/addon/zjm-whatfont/,136,de
addons.mozilla.org/de/firefox/addon/streamcloud-pro-oficial/,135,de
addons.mozilla.org/de/firefox/addon/netflux/,134,de
addons.mozilla.org/en-US/firefox/addon/poetrade-fuzzy-search/,132,de
addons.mozilla.org/de/firefox/addon/hentai-foundry--390737-2/,132,de
addons.mozilla.org/de/firefox/addon/get-cookies-txt-locally/,132,de
addons.mozilla.org/en-US/firefox/addon/stylish/,131,de
addons.mozilla.org/en-US/firefox/addon/editthiscookie-lastest-edition/,131,de
addons.mozilla.org/de/firefox/addon/purpleadblock/,131,de
addons.mozilla.org/de/firefox/addon/reddit-enhancement-suite/,130,de
addons.mozilla.org/de/firefox/addon/chat4/reviews/,128,de
addons.mozilla.org/de/firefox/addon/paywall-umgehen/,128,de
addons.mozilla.org/de/firefox/addon/coin-master-free-spins/,128,de
addons.mozilla.org/fr/firefox/addon/adblock-plus/,499,fr
addons.mozilla.org/fr/firefox/addon/video-downloadhelper/,266,fr
addons.mozilla.org/fr/firefox/addon/ublock-origin/,123,fr
addons.mozilla.org/fr/firefox/addon/snaptik-tiktok-video-download/,340,fr
addons.mozilla.org/fr/firefox/addon/scribens-correcteur/,61,fr
addons.mozilla.org/fr/firefox/addon/easy-youtube-video-download/,318,fr
addons.mozilla.org/en-US/firefox/addon/video-downloadhelper/,15,fr
addons.mozilla.org/fr/firefox/addon/adblock-for-youtube/,12,fr
addons.mozilla.org/fr/firefox/addon/browsec/,51,fr
addons.mozilla.org/fr/firefox/addon/download-twitter-videos-down/,2,fr
addons.mozilla.org/fr/firefox/addon/adblock-for-firefox/,60,fr
addons.mozilla.org/fr/firefox/addon/savefromnet-helper/,6,fr
addons.mozilla.org/fr/firefox/addon/pix-companion/,47,fr
addons.mozilla.org/fr/android/addon/ppcine-apk/reviews/,5,fr
addons.mozilla.org/en-US/firefox/addon/twitch_5/,29,fr
addons.mozilla.org/fr/firefox/addon/wappalyzer/,3,fr
addons.mozilla.org/fr/firefox/addon/utube/,50,fr
addons.mozilla.org/fr/firefox/addon/languagetool/,2,fr
addons.mozilla.org/fr/firefox/addon/wplace-live/,21,fr
addons.mozilla.org/fr/firefox/addon/free-vpn-proxy-planetvpn/,10,fr
addons.mozilla.org/fr/firefox/addon/ytmp3-youtube-mp3/reviews/,7,fr
addons.mozilla.org/fr/firefox/addon/foxyproxy-standard/,15,fr
addons.mozilla.org/en-US/firefox/addon/firefox-personas/,3,fr
addons.mozilla.org/fr/firefox/addon/ghostery/,4,fr
addons.mozilla.org/fr/firefox/addon/anime-sama-style/,69,fr
addons.mozilla.org/fr/firefox/addon/cinepulse-add-ons/,4,fr
addons.mozilla.org/fr/firefox/addon/ublock-origin-lite-proxy/,38,fr
addons.mozilla.org/en-US/firefox/addon/rutracker_torrent_search/,46,fr
addons.mozilla.org/fr/firefox/addon/delta-executor-script-manager/,72,fr
addons.mozilla.org/fr/firefox/addon/firefox-personas/,9,fr
addons.mozilla.org/en-US/firefox/addon/open-in-tor-browser/,18,fr
addons.mozilla.org/en-US/firefox/addon/easy-youtube-video-download/,6,fr
addons.mozilla.org/en-US/firefox/addon/foxyproxy-standard/,3,fr
addons.mozilla.org/en-US/firefox/addon/adblock-plus/,8,fr
addons.mozilla.org/fr/firefox/addon/scdl/,41,fr
addons.mozilla.org/fr/firefox/addon/video-downloader-profession/,7,fr
addons.mozilla.org/fr/firefox/addon/zlibrary-searcher/,16,fr
addons.mozilla.org/en-US/firefox/addon/ghostery/,6,fr
addons.mozilla.org/en-US/firefox/addon/hdss/,17,fr
addons.mozilla.org/fr/firefox/addon/gofile-bypasser/,52,fr
addons.mozilla.org/fr/firefox/addon/rutracker_torrent_search/,29,fr
addons.mozilla.org/fr/firefox/addon/insta-viewer/,4,fr
addons.mozilla.org/fr/firefox/addon/scrolller-saver/reviews/,90,fr
addons.mozilla.org/en-US/firefox/addon/btroblox/,76,fr
addons.mozilla.org/fr/firefox/addon/manganelo-downloader/,25,fr
addons.mozilla.org/en-US/firefox/addon/uaswitcher/,40,fr
addons.mozilla.org/fr/android/addon/ublock-origin/,2,fr
addons.mozilla.org/fr/firefox/addon/auto-bypasser/,23,fr
addons.mozilla.org/fr/firefox/addon/exhentai-小幫手/versions/,63,fr
addons.mozilla.org/fr/firefox/addon/adblocker-ultimate/,7,fr
addons.mozilla.org/fr/firefox/addon/youtube-2-mp4-downloader/,7,fr
addons.mozilla.org/fr/firefox/addon/ublock-origin/reviews/,16,fr
addons.mozilla.org/fr/firefox/addon/tampermonkey/,2,fr
addons.mozilla.org/fr/firefox/addon/animepahe-auto-downloader/,28,fr
addons.mozilla.org/fr/firefox/addon/torrentz2-magnet-links/,105,fr
addons.mozilla.org/fr/firefox/addon/youtube_downloader/,54,fr
addons.mozilla.org/fr/firefox/addon/greasemonkey/,15,fr
addons.mozilla.org/fr/firefox/addon/lightbeam-chikl/,41,fr
addons.mozilla.org/fr/firefox/addon/imginn/reviews/,4,fr
addons.mozilla.org/fr/firefox/addon/personal-firefox/,1,fr
addons.mozilla.org/fr/firefox/addon/rarbg-helper/,40,fr
addons.mozilla.org/fr/android/addon/adblock-plus/,36,fr
addons.mozilla.org/fr/firefox/addon/videos-downloadhelper/,16,fr
addons.mozilla.org/en-US/firefox/addon/user-agent-string-switcher/,442,fr
addons.mozilla.org/fr/firefox/addon/youtube-to-mp3-wext/,89,fr
addons.mozilla.org/en-US/firefox/addon/tortm-browser-button/,9,fr
addons.mozilla.org/fr/firefox/addon/uptostream-link-converter/,41,fr
addons.mozilla.org/fr/firefox/addon/dashlane/,6,fr
addons.mozilla.org/fr/firefox/addon/darkreader/,6,fr
addons.mozilla.org/en-US/firefox/addon/tampermonkey/,8,fr
addons.mozilla.org/en-US/firefox/addon/ublock-origin/,28,fr
addons.mozilla.org/fr/firefox/addon/qwantcom-for-firefox/,12,fr
addons.mozilla.org/en-US/firefox/addon/animepahe-auto-downloader/,32,fr
addons.mozilla.org/fr/firefox/addon/bonpatron/,20,fr
addons.mozilla.org/fr/firefox/addon/personas-for-mozilla/,32,fr
addons.mozilla.org/fr/firefox/addon/twiter-x-video-downloader/,47,fr
addons.mozilla.org/en-US/firefox/addon/browsec/,45,fr
addons.mozilla.org/fr/firefox/addon/vipleague/reviews/,6,fr
addons.mozilla.org/en-US/firefox/addon/cookie-editor/,4,fr
addons.mozilla.org/fr/firefox/addon/cookie-editor/,102,fr
addons.mozilla.org/fr/firefox/addon/whoervpn/,14,fr
addons.mozilla.org/en-US/firefox/addon/rutracker-add-on/,12,fr
addons.mozilla.org/en-US/firefox/addon/soundcloud-dl/,44,fr
addons.mozilla.org/fr/firefox/addon/veepn-free-fast-security-vpn/,11,fr
addons.mozilla.org/fr/firefox/addon/firebug-and-web-development/,122,fr
addons.mozilla.org/fr/firefox/addon/1337x-magnet-links/reviews/,6,fr
addons.mozilla.org/fr/firefox/addon/traduzir-paginas-web/,10,fr
addons.mozilla.org/fr/firefox/addon/parcelsapp-integration/,15,fr
addons.mozilla.org/fr/firefox/addon/futemax-live-football/reviews/,2,fr
addons.mozilla.org/en-US/android/addon/ublock-origin/,2,fr
addons.mozilla.org/fr/firefox/addon/opensubtitles/,3,fr
addons.mozilla.org/fr/firefox/addon/adguard-adblocker/,14,fr
addons.mozilla.org/en-US/firefox/addon/i-dont-care-about-cookies/,13,fr
addons.mozilla.org/fr/firefox/addon/télécharger-youtube-mp3/,247,fr
addons.mozilla.org/fr/firefox/addon/fmovie-random-episode-generato/,247,fr
addons.mozilla.org/fr/firefox/addon/telegramdownloader/,244,fr
addons.mozilla.org/fr/firefox/addon/torrentz2-magnet-links/reviews/?score=5&page=2,237,fr
addons.mozilla.org/fr/firefox/addon/zeus-persist/,237,fr
addons.mozilla.org/fr/firefox/addon/ytmp3/,237,fr
addons.mozilla.org/fr/firefox/addon/score808-watch-free-football/versions/,237,fr
addons.mozilla.org/fr/firefox/addon/toxcancel/,236,fr
addons.mozilla.org/fr/firefox/addon/rutracker-add-on/reviews/?page=3,233,fr
addons.mozilla.org/en-US/firefox/addon/lastpass-password-manager/,230,fr
addons.mozilla.org/fr/firefox/addon/free-video-downloader/,229,fr
addons.mozilla.org/fr/firefox/addon/gelbooru-batch-upload-tools/,224,fr
addons.mozilla.org/en-US/firefox/addon/auto-bypasser/,224,fr
addons.mozilla.org/fr/firefox/addon/video-background-play-fix/,218,fr
addons.mozilla.org/fr/firefox/addon/ssstik-tiktok-downloader/reviews/,216,fr
addons.mozilla.org/fr/firefox/addon/anime-anoboy-life/reviews/,216,fr
addons.mozilla.org/fr/firefox/addon/mepco-bill-online-checker/,211,fr
addons.mozilla.org/en-US/firefox/addon/video-downloader-profession/,211,fr
addons.mozilla.org/en-US/firefox/addon/cookies-txt/,211,fr
addons.mozilla.org/fr/firefox/addon/myfreemp3/,206,fr
addons.mozilla.org/fr/firefox/addon/to-google-translate/,206,fr
addons.mozilla.org/fr/firefox/addon/tab-auto-refresh/,203,fr
addons.mozilla.org/fr/firefox/addon/pstream-extension/,202,fr
addons.mozilla.org/fr/firefox/addon/web-developer/,200,fr
addons.mozilla.org/fr/firefox/addon/startpage-private-search/,197,fr
addons.mozilla.org/fr/firefox/addon/elvebredd/,195,fr
addons.mozilla.org/fr/firefox/addon/gayromeo/,192,fr
addons.mozilla.org/fr/firefox/addon/onlymp3/,192,fr
addons.mozilla.org/fr/firefox/addon/hentai-foundry--390737-2/,192,fr
addons.mozilla.org/fr/firefox/addon/torrentz2-magnet-links/reviews/,190,fr
addons.mozilla.org/fr/firefox/addon/download-pinterest-videos/,188,fr
addons.mozilla.org/fr/firefox/addon/ez-twitter-x-video-downloader/,188,fr
addons.mozilla.org/fr/firefox/addon/wayback-machine_new/,184,fr
addons.mozilla.org/en-US/firefox/addon/free-video-downloader/,182,fr
addons.mozilla.org/fr/firefox/addon/eztv-tools/,182,fr
addons.mozilla.org/fr/firefox/addon/netflix-prime-auto-skip/,181,fr
addons.mozilla.org/fr/firefox/addon/hoxx-vpn-proxy/,180,fr
addons.mozilla.org/fr/firefox/addon/mega-debrid-plugin/,178,fr
addons.mozilla.org/fr/firefox/addon/flash-player-emulator/,173,fr
addons.mozilla.org/fr/firefox/addon/ygg-plus/,169,fr
addons.mozilla.org/fr/firefox/addon/image-search-for-tineye/,166,fr
addons.mozilla.org/fr/firefox/addon/youtube-transcript-copier/,165,fr
addons.mozilla.org/fr/firefox/addon/alldebrid-addon/,163,fr
addons.mozilla.org/fr/firefox/addon/styl-us/,163,fr
addons.mozilla.org/en-US/firefox/addon/voiranime-darkmod/,162,fr
addons.mozilla.org/fr/firefox/addon/japscan-downloader/,158,fr
addons.mozilla.org/fr/firefox/addon/fireshot/,157,fr
addons.mozilla.org/fr/firefox/addon/cnfans-warm-reminder-remover/,156,fr
addons.mozilla.org/fr/firefox/addon/simple-translate/,155,fr
addons.mozilla.org/fr/firefox/addon/board-game-arena-bga-extension/,154,fr
addons.mozilla.org/fr/firefox/addon/ytmp4-downloader/,154,fr
addons.mozilla.org/fr/firefox/addon/ggs-site/,153,fr
addons.mozilla.org/fr/firefox/addon/1v1-lol-unblocked/versions/,153,fr
addons.mozilla.org/fr/firefox/addon/eurosaver/,152,fr
addons.mozilla.org/fr/firefox/addon/yupoo-tools/,151,fr
addons.mozilla.org/fr/firefox/addon/hd-youtube-downloader/,151,fr
addons.mozilla.org/fr/firefox/addon/bitchute-download/,148,fr
addons.mozilla.org/fr/firefox/addon/y2mate-youtube-to-mp3-convert/,147,fr
addons.mozilla.org/fr/firefox/addon/recherche-zt-za/reviews/,146,fr
addons.mozilla.org/en-GB/firefox/addon/chaat-fr-helper/,146,fr
addons.mozilla.org/fr/firefox/addon/sidebery/,145,fr
addons.mozilla.org/fr/firefox/addon/find-font/,145,fr
addons.mozilla.org/fr/firefox/addon/sexy-model/,144,fr
addons.mozilla.org/en-US/firefox/addon/absolute-enable-right-click/,143,fr
addons.mozilla.org/fr/firefox/addon/fmhy-safeguard/,141,fr
addons.mozilla.org/en-US/firefox/addon/gogoanime-plus/,141,fr
addons.mozilla.org/fr/firefox/addon/loader-to-all-in-1-downloader/reviews/,141,fr
addons.mozilla.org/fr/firefox/addon/btroblox/reviews/,140,fr
addons.mozilla.org/fr/firefox/addon/betterttv/,137,fr
addons.mozilla.org/en-US/firefox/addon/opensubtitles/,137,fr
addons.mozilla.org/fr/firefox/addon/epubreader/,135,fr
addons.mozilla.org/fr/firefox/addon/video-downloader-prime/,135,fr
addons.mozilla.org/fr/firefox/addon/cps-test-click-test/,134,fr
addons.mozilla.org/fr/firefox/addon/privacy-badger17/,134,fr
addons.mozilla.org/fr/firefox/addon/discord-status/,133,fr
addons.mozilla.org/en-US/firefox/addon/twitch_5/reviews/,132,fr
addons.mozilla.org/fr/firefox/addon/qompar/,132,fr
addons.mozilla.org/fr/firefox/addon/ecoledirecte-plus-plus/,132,fr
addons.mozilla.org/en-US/firefox/addon/w2g/,131,fr
addons.mozilla.org/en-US/firefox/addon/stylish/,131,fr
addons.mozilla.org/fr/firefox/addon/rutor_torrent_search/,131,fr
addons.mozilla.org/fr/firefox/addon/y99-chat/,130,fr
addons.mozilla.org/fr/firefox/addon/download-mp3-youtube/,129,fr
addons.mozilla.org/fr/firefox/addon/1password-x-password-manager/,128,fr
addons.mozilla.org/en-US/firefox/addon/adblock-for-firefox/,127,fr
addons.mozilla.org/fr/firefox/addon/csgofloat/,126,fr
addons.mozilla.org/fr/firefox/addon/sponsorblock/,123,fr
addons.mozilla.org/fr/firefox/addon/mp3juices-free-music/,123,fr
addons.mozilla.org/fr/firefox/addon/remove-paywall/,123,fr
addons.mozilla.org/fr/firefox/addon/bitwarden-password-manager/,122,fr
addons.mozilla.org/fr/firefox/addon/tonec-idm-integration-module/,122,fr
addons.mozilla.org/fr/firefox/addon/customdirecte/,121,fr
addons.mozilla.org/en-US/firefox/addon/chesscheat/,121,fr
addons.mozilla.org/fr/firefox/addon/google-uk-search/,121,fr
addons.mozilla.org/fr/firefox/addon/fb-downloader-ultimate/,120,fr
addons.mozilla.org/fr/firefox/addon/twitch_5/,119,fr
addons.mozilla.org/fr/firefox/addon/youtube-shorts-downloader/,119,fr
addons.mozilla.org/fr/firefox/addon/colorzilla/,118,fr
addons.mozilla.org/fr/android/addon/redgifs-downloader-for-ff/,117,fr
addons.mozilla.org/fr/firefox/addon/setupvpn/,117,fr
addons.mozilla.org/en-US/firefox/addon/faceit-finder-фейсит-по-стиму/,4,ru
addons.mozilla.org/en-US/firefox/addon/rutracker-add-on/,186,ru
addons.mozilla.org/ru/firefox/addon/savefromnet-helper/,215,ru
addons.mozilla.org/ru/firefox/addon/adblock-plus/,1,ru
addons.mozilla.org/ru/firefox/addon/rutracker-add-on/,5,ru
addons.mozilla.org/ru/firefox/addon/keonhacai/reviews/,194,ru
addons.mozilla.org/ru/firefox/addon/xvideoac/,3,ru
addons.mozilla.org/ru/firefox/addon/скачать-музыку-с-вк-vkd/,30,ru
addons.mozilla.org/ru/firefox/addon/cookiebro/,338,ru
addons.mozilla.org/en-US/firefox/addon/ublock-origin/,65,ru
addons.mozilla.org/ru/firefox/addon/mywape-url-updater/,37,ru
addons.mozilla.org/ru/firefox/addon/ublock-origin/,131,ru
addons.mozilla.org/ru/firefox/addon/скачать-музыку-и-видео-с-вк/,3,ru
addons.mozilla.org/ru/firefox/addon/доступ-к-рутрекеру/,27,ru
addons.mozilla.org/ru/firefox/addon/lostfilm-tv-официальный-плагин/,12,ru
addons.mozilla.org/ru/firefox/addon/browsec/,196,ru
addons.mozilla.org/ru/firefox/addon/instasave-pro/,9,ru
addons.mozilla.org/ru/firefox/addon/betterttv/,319,ru
addons.mozilla.org/ru/firefox/addon/animebest_life/,99,ru
addons.mozilla.org/ru/firefox/addon/video-downloadhelper/,132,ru
addons.mozilla.org/ru/firefox/addon/stylish/,7,ru
addons.mozilla.org/ru/firefox/addon/flash-player-emulator/,2,ru
addons.mozilla.org/ru/firefox/addon/fastproxy-россия/,131,ru
addons.mozilla.org/ru/firefox/addon/обход-блокировок-рунета/,3,ru
addons.mozilla.org/ru/firefox/addon/greasemonkey/,187,ru
addons.mozilla.org/ru/firefox/addon/spend-bill-gates-money-tab/reviews/,592,ru
addons.mozilla.org/ru/firefox/addon/adblock-for-firefox/,6,ru
addons.mozilla.org/ru/android/addon/ytmp3-youtube-mp3/,93,ru
addons.mozilla.org/ru/android/addon/adblock-plus/,3,ru
addons.mozilla.org/ru/firefox/addon/vk-music-saver/,1,ru
addons.mozilla.org/ru/firefox/addon/vidmo/,15,ru
addons.mozilla.org/ru/firefox/addon/adguard-adblocker/,37,ru
addons.mozilla.org/ru/firefox/addon/faceit-finder-фейсит-по-стиму/versions/,1,ru
addons.mozilla.org/ru/firefox/addon/ez-twitter-x-video-downloader/,7,ru
addons.mozilla.org/ru/firefox/addon/repeek/,13,ru
addons.mozilla.org/ru/firefox/addon/zenmate-free-vpn-best/,2,ru
addons.mozilla.org/ru/firefox/addon/scrolller-saver/reviews/,58,ru
addons.mozilla.org/ru/firefox/addon/faceit-finder-фейсит-по-стиму/,22,ru
addons.mozilla.org/en-US/firefox/addon/soundcloud-dl/,1,ru
addons.mozilla.org/ru/firefox/addon/better-web-orioks/,11,ru
addons.mozilla.org/ru/firefox/addon/free-vpn-proxy-planetvpn/,9,ru
addons.mozilla.org/en-US/firefox/addon/lightshot/,3,ru
addons.mozilla.org/ru/firefox/addon/fdsfdsfdsf/reviews/,2,ru
addons.mozilla.org/en-US/firefox/addon/repeek/,32,ru
addons.mozilla.org/ru/firefox/addon/pbit_ru/,61,ru
addons.mozilla.org/ru/firefox/addon/gooool/versions/,4,ru
addons.mozilla.org/ru/firefox/addon/42-intra-beautifier/versions/,10,ru
addons.mozilla.org/en-US/firefox/addon/flash-player-emulator/,17,ru
addons.mozilla.org/en-US/firefox/addon/adblock-plus/,14,ru
addons.mozilla.org/en-US/firefox/addon/editthis-cookie/,42,ru
addons.mozilla.org/en-US/firefox/addon/cookie-editor/,1,ru
addons.mozilla.org/en-US/firefox/addon/betterttv/,18,ru
addons.mozilla.org/ru/firefox/addon/foxyproxy-standard/,21,ru
addons.mozilla.org/en-US/firefox/addon/easy-youtube-video-download/,9,ru
addons.mozilla.org/ru/firefox/addon/json-beautifier-js/,22,ru
addons.mozilla.org/ru/firefox/addon/darkreader/,16,ru
addons.mozilla.org/en-US/firefox/addon/рутор-торрент-rutor-torrent/,5,ru
addons.mozilla.org/en-US/firefox/addon/btroblox/,5,ru
addons.mozilla.org/ru/firefox/addon/1vpn/,19,ru
addons.mozilla.org/ru/android/addon/ublock-origin/,35,ru
addons.mozilla.org/ru/firefox/addon/umatrix/,12,ru
addons.mozilla.org/fr/firefox/addon/rutracker-add-on/reviews/?page=3,1,ru
addons.mozilla.org/ru/firefox/addon/yandex-music-fisher/,1,ru
addons.mozilla.org/ru/firefox/addon/youtube-downloader-udl-helper/,50,ru
addons.mozilla.org/ru/firefox/addon/russian-ru-language-pack/,49,ru
addons.mozilla.org/ru/firefox/addon/youtube-converter-downloader/reviews/,5,ru
addons.mozilla.org/es-ES/firefox/addon/rutracker-add-on/reviews/,76,ru
addons.mozilla.org/ru/firefox/addon/traduzir-paginas-web/,1,ru
addons.mozilla.org/ru/firefox/addon/addon-letyshops/,21,ru
addons.mozilla.org/en-US/firefox/addon/speed-dial-fast/,6,ru
addons.mozilla.org/ru/firefox/addon/поиск-людей-в-vk-по-фото/,91,ru
addons.mozilla.org/en-US/firefox/addon/bbviewer/,16,ru
addons.mozilla.org/ru/firefox/addon/hoxx-vpn-proxy/,31,ru
addons.mozilla.org/ru/firefox/addon/project-centurion-stea/,44,ru
addons.mozilla.org/ru/firefox/addon/okmusicpro/,6,ru
addons.mozilla.org/en-US/firefox/addon/uaswitcher/,33,ru
addons.mozilla.org/ru/firefox/addon/linguist-translator/,35,ru
addons.mozilla.org/ru/firefox/addon/yandex-search-engine/,22,ru
addons.mozilla.org/ru/firefox/addon/apidog-plus/,1,ru
addons.mozilla.org/ru/firefox/addon/i-n-s-tagram-media-downloader/,1,ru
addons.mozilla.org/ru/firefox/addon/savefromnet-helper/versions/,21,ru
addons.mozilla.org/en-US/firefox/addon/tampermonkey/,18,ru
addons.mozilla.org/ru/firefox/addon/1trackings-new-tab/reviews/,21,ru
addons.mozilla.org/en-US/firefox/addon/tab-stats/,10,ru
addons.mozilla.org/ru/firefox/addon/tampermonkey/,33,ru
addons.mozilla.org/ru/firefox/addon/anonymox/,20,ru
addons.mozilla.org/ru/firefox/addon/download-twitter-videos/,1,ru
addons.mozilla.org/en-US/firefox/addon/video-downloader-profession/,67,ru
addons.mozilla.org/ru/firefox/addon/easy-youtube-video-download/,2,ru
addons.mozilla.org/ru/firefox/addon/zenmate-free-vpn-best/reviews/,7,ru
addons.mozilla.org/ru/firefox/addon/torrentz2-magnet-links/reviews/?score=5&page=2,17,ru
addons.mozilla.org/en-US/firefox/addon/savefromnet-helper/,89,ru
addons.mozilla.org/en-US/firefox/addon/location-guard/,8,ru
addons.mozilla.org/ru/firefox/addon/miwifi/,2,ru
addons.mozilla.org/ru/firefox/addon/download-fb-videos/,40,ru
addons.mozilla.org/en-US/firefox/addon/video-downloadhelper/,52,ru
addons.mozilla.org/ru/firefox/addon/ip-logger/,108,ru
addons.mozilla.org/ru/firefox/addon/spend-bill-gates-money-tab/versions/,107,ru
addons.mozilla.org/ru/firefox/addon/обход-блокировок-рунета/reviews/,105,ru
addons.mozilla.org/ru/firefox/addon/sound-booster-increase-sound/,105,ru
addons.mozilla.org/ru/firefox/addon/tineye-reverse-image-search/reviews/?page=2,101,ru
addons.mozilla.org/ru/firefox/addon/rds-bar/,101,ru
addons.mozilla.org/ru/firefox/addon/flash-player-for-firefox/,101,ru
addons.mozilla.org/ru/firefox/addon/kinozal-unofficial/,99,ru
addons.mozilla.org/ru/firefox/addon/clearurls/,98,ru
addons.mozilla.org/ru/firefox/addon/lostfilm-tv-официальный-плагин/reviews/,96,ru
addons.mozilla.org/ru/firefox/addon/adblocker-ultimate/,95,ru
addons.mozilla.org/en-US/firefox/addon/vipleague/,94,ru
addons.mozilla.org/ru/firefox/addon/2ch-design/,94,ru
addons.mozilla.org/en-US/firefox/addon/bestchange/,94,ru
addons.mozilla.org/ru/firefox/addon/djvu-js-viewer/,93,ru
addons.mozilla.org/ru/android/addon/cookie-editor/,93,ru
addons.mozilla.org/ru/firefox/addon/zenmate-free-vpn-best/versions/,93,ru
addons.mozilla.org/ru/firefox/addon/easy-auto-refresh/,91,ru
addons.mozilla.org/ru/firefox/addon/lastpass-password-manager/,91,ru
addons.mozilla.org/ru/firefox/addon/noscript/,90,ru
addons.mozilla.org/ru/firefox/addon/facebook-friend-anonymizer/,89,ru
addons.mozilla.org/en-US/firefox/addon/cookie-quick-manager/,88,ru
addons.mozilla.org/en-US/firefox/addon/how-long-to-beat-search/,87,ru
addons.mozilla.org/ru/firefox/addon/обход-блокировки-вк-яндекс/,87,ru
addons.mozilla.org/en-US/firefox/addon/flash-debugger/,86,ru
addons.mozilla.org/ru/firefox/addon/android-online-emulator/,86,ru
addons.mozilla.org/ru/firefox/addon/tonec-idm-integration-module/,84,ru
addons.mozilla.org/ru/firefox/addon/audio-equalizer-wext/,83,ru
addons.mozilla.org/ru/firefox/addon/cookie-quick-manager/,82,ru
addons.mozilla.org/en-US/firefox/addon/storiesig-downloader/,81,ru
addons.mozilla.org/ru/firefox/addon/igrab/,81,ru
addons.mozilla.org/en-US/firefox/addon/download-video-and-flash/,80,ru
addons.mozilla.org/en-US/firefox/addon/vpn-free-betternet-proxy/,80,ru
addons.mozilla.org/ru/firefox/addon/switips/,80,ru
addons.mozilla.org/ru/firefox/addon/jhgjhg/versions/,79,ru
addons.mozilla.org/en-US/firefox/addon/proxy-switchyomega-3-omegalite/,79,ru
addons.mozilla.org/ru/firefox/addon/parcelsapp-integration/,79,ru
addons.mozilla.org/ru/firefox/addon/hentai-foundry--390737-2/reviews/,78,ru
addons.mozilla.org/en-US/firefox/addon/greasemonkey/,77,ru
addons.mozilla.org/ru/firefox/addon/styl-us/,77,ru
addons.mozilla.org/ru/android/addon/btroblox/,77,ru
addons.mozilla.org/ru/firefox/addon/violentmonkey/,76,ru
addons.mozilla.org/en-US/firefox/addon/noscript/,76,ru
addons.mozilla.org/ru/firefox/addon/kproxy-extension/reviews/,76,ru
addons.mozilla.org/en-US/firefox/addon/facebook-container/,74,ru
addons.mozilla.org/en-US/firefox/addon/to-google-translate/,74,ru
addons.mozilla.org/ru/firefox/addon/fastproxy-россия/reviews/,74,ru
addons.mozilla.org/ru/firefox/addon/rusvpn-free-vpn/,74,ru
addons.mozilla.org/ru/firefox/addon/youtube-to-mp3-wext/,74,ru
addons.mozilla.org/ru/firefox/addon/referercontrol/,74,ru
addons.mozilla.org/en-US/firefox/addon/better-battlelog-fix-bblog/,74,ru
addons.mozilla.org/ru/firefox/addon/video-downloadhelper/versions/,73,ru
addons.mozilla.org/en-US/firefox/addon/fireshot/,73,ru
addons.mozilla.org/ru/firefox/addon/apk-downloader-appstia-com/,72,ru
addons.mozilla.org/ru/firefox/addon/adfly-skipper/,72,ru
addons.mozilla.org/en-US/firefox/addon/windowed/,72,ru
addons.mozilla.org/ru/firefox/addon/rutracker-add-on/versions/,72,ru
addons.mozilla.org/en-US/firefox/addon/anonymous-story-viewer/,72,ru
addons.mozilla.org/en-US/firefox/addon/youtube-unblocker-plus/,72,ru
addons.mozilla.org/ru/firefox/addon/the-great-suspender-lite/,71,ru
addons.mozilla.org/ru/android/addon/flash-player-emulator/,71,ru
addons.mozilla.org/en-US/firefox/addon/sqlite-manager-webext/,71,ru
addons.mozilla.org/ru/firefox/addon/tabstats/,70,ru
addons.mozilla.org/en-US/firefox/addon/absolute-enable-right-click/,69,ru
addons.mozilla.org/ru/firefox/addon/nosquint-plus/,69,ru
addons.mozilla.org/ru/firefox/addon/tunnelbear-vpn-firefox/,69,ru
addons.mozilla.org/en-US/firefox/addon/magic-actions-for-youtube2022/,68,ru
addons.mozilla.org/ru/firefox/addon/vipleague/reviews/,68,ru
addons.mozilla.org/ru/firefox/addon/setupvpn/,68,ru
addons.mozilla.org/en-US/firefox/addon/cyberghost-vpn-free-proxy/,67,ru
addons.mozilla.org/ru/firefox/addon/censor-tracker/,67,ru
addons.mozilla.org/en-US/firefox/addon/tree-style-tab/,66,ru
addons.mozilla.org/ru/firefox/addon/multi-account-containers/,66,ru
addons.mozilla.org/en-US/firefox/addon/alexa-rank/,66,ru
addons.mozilla.org/ru/firefox/addon/redtbe/reviews/,65,ru
addons.mozilla.org/en-US/firefox/addon/youtube-flash-html5/,65,ru
addons.mozilla.org/ru/firefox/addon/youtube_downloader/,65,ru
addons.mozilla.org/ru/firefox/addon/prozen/,65,ru
addons.mozilla.org/ru/firefox/addon/epochconverter/,65,ru
addons.mozilla.org/ru/firefox/addon/decentraleyes/,65,ru
addons.mozilla.org/ru/firefox/addon/exhentai-小幫手/,65,ru
addons.mozilla.org/ru/firefox/addon/speed-dial-fast/,64,ru
addons.mozilla.org/en-US/firefox/addon/web-editor/,64,ru
addons.mozilla.org/ru/firefox/addon/vpn-holahola/,64,ru
addons.mozilla.org/ru/firefox/addon/btroblox/,64,ru
addons.mozilla.org/en-US/firefox/addon/pbit_ru/,64,ru
addons.mozilla.org/ru/firefox/addon/yandex-wordstat-assistant/,63,ru
addons.mozilla.org/en-US/firefox/addon/seoquake-seo-extension/,63,ru
addons.mozilla.org/en-US/firefox/addon/scdl/,63,ru
addons.mozilla.org/ru/firefox/addon/skeet-cc-solution/reviews/,62,ru
addons.mozilla.org/ru/android/addon/rutracker-add-on/,62,ru
addons.mozilla.org/ru/firefox/addon/open-in-tor-browser/,61,ru
addons.mozilla.org/en-US/firefox/addon/rutracker-add-on/reviews/?page=13,61,ru
addons.mozilla.org/en-US/firefox/addon/hide-my-ip-free/,61,ru
addons.mozilla.org/ru/firefox/addon/exloader/,60,ru
addons.mozilla.org/en-US/firefox/addon/firebug-and-web-development/,60,ru
addons.mozilla.org/ru/firefox/addon/new-tab-speed-dial/,60,ru
addons.mozilla.org/en-US/firefox/addon/dark-theme-for-firefox/,60,ru
addons.mozilla.org/en-US/firefox/addon/w2g/,59,ru
addons.mozilla.org/ru/android/addon/rusvpn-free-vpn/reviews/?score=5&page=3,59,ru
addons.mozilla.org/es-ES/firefox/addon/ublock-origin/,192,es
addons.mozilla.org/es-ES/firefox/addon/adblock-plus/,229,es
addons.mozilla.org/es-ES/firefox/addon/video-downloadhelper/,399,es
addons.mozilla.org/es-ES/firefox/addon/adblock-for-firefox/,8,es
addons.mozilla.org/en-US/firefox/addon/ublock-origin/,4,es
addons.mozilla.org/es-ES/firefox/addon/firebug-and-web-development/,18,es
addons.mozilla.org/es-ES/firefox/addon/google-snake-game/,31,es
addons.mozilla.org/es-ES/firefox/addon/42-intra-beautifier/,39,es
addons.mozilla.org/es-ES/firefox/addon/mp3xd/,164,es
addons.mozilla.org/es-ES/firefox/addon/rutracker-add-on/versions/,18,es
addons.mozilla.org/es-ES/firefox/addon/foxyproxy-standard/,234,es
addons.mozilla.org/es-ES/firefox/addon/browsec/,135,es
addons.mozilla.org/es-ES/firefox/addon/adblock-for-youtube/,24,es
addons.mozilla.org/es-ES/firefox/addon/imginn/,8,es
addons.mozilla.org/en-US/firefox/addon/video-downloadhelper/,9,es
addons.mozilla.org/es-ES/firefox/addon/easy-youtube-video-download/,42,es
addons.mozilla.org/es-ES/firefox/addon/koora-live-adblock/,46,es
addons.mozilla.org/en-US/firefox/addon/selenium-ide/,28,es
addons.mozilla.org/en-US/firefox/addon/insta-viewer/,7,es
addons.mozilla.org/es-ES/firefox/addon/storiesig-downloader/,6,es
addons.mozilla.org/en-US/firefox/addon/ether-metamask/,9,es
addons.mozilla.org/en-US/firefox/addon/adblock-plus/,17,es
addons.mozilla.org/es-ES/firefox/addon/youtube-ad-auto-skipper/,60,es
addons.mozilla.org/en-US/firefox/addon/twitch_5/,1,es
addons.mozilla.org/es-ES/firefox/addon/animepahe-auto-downloader/,12,es
addons.mozilla.org/es-ES/firefox/addon/torrentz2-magnet-links/,24,es
addons.mozilla.org/es-ES/firefox/addon/video-downloader-profession/,2,es
addons.mozilla.org/es-CL/firefox/addon/lpsg-video-link-converter/,9,es
addons.mozilla.org/es-ES/firefox/addon/mp3hub/,79,es
addons.mozilla.org/es-ES/firefox/addon/anime-de-calidad-en-tioanime/,12,es
addons.mozilla.org/en-US/firefox/addon/firebug-and-web-development/,4,es
addons.mozilla.org/es-ES/firefox/addon/vipleague/reviews/,6,es
addons.mozilla.org/es-ES/firefox/addon/savefromnet-helper/,10,es
addons.mozilla.org/en-US/firefox/addon/btroblox/,40,es
addons.mozilla.org/es-ES/firefox/addon/vidmo/,3,es
addons.mozilla.org/es-ES/firefox/addon/moto-x3m-2-game/,3,es
addons.mozilla.org/en-US/firefox/addon/1v1-lol-unblocked/,2,es
addons.mozilla.org/en-US/firefox/addon/soundcloud-dl/,2,es
addons.mozilla.org/en-US/firefox/addon/numberle/,7,es
addons.mozilla.org/es-ES/firefox/addon/firebug-persona/,3,es
addons.mozilla.org/es-ES/firefox/addon/tiroalpaloes/,2,es
addons.mozilla.org/es-ES/firefox/addon/bzbuz/reviews/,7,es
addons.mozilla.org/es-ES/firefox/addon/boxel-rebound-game/,11,es
addons.mozilla.org/es-ES/firefox/addon/download-accelerator/,40,es
addons.mozilla.org/es-ES/firefox/addon/reddit-enhancement-suite/,42,es
addons.mozilla.org/en-US/firefox/addon/adblock-for-firefox/,3,es
addons.mozilla.org/es-ES/firefox/addon/eztv-fast-and-easy/versions/,2,es
addons.mozilla.org/es-ES/firefox/addon/video-downloadhelper/versions/,5,es
addons.mozilla.org/es-ES/firefox/addon/youtube_downloader/,10,es
addons.mozilla.org/es-ES/firefox/addon/ytmp4-downloader/versions/,42,es
addons.mozilla.org/es-ES/firefox/addon/mp3hub/versions/?utm_content=search&utm_medium=referral&utm_source=addons.mozilla.org,26,es
addons.mozilla.org/es-ES/firefox/addon/firefox-personas/,10,es
addons.mozilla.org/es-ES/firefox/addon/ublock-origin-lite-proxy/,38,es
addons.mozilla.org/es-ES/firefox/addon/rutracker-add-on/reviews/?page=2,10,es
addons.mozilla.org/es-ES/firefox/addon/cps-test-click-test/,38,es
addons.mozilla.org/es-AR/firefox/addon/steam-database/,19,es
addons.mozilla.org/es-ES/android/addon/adblock-plus/,36,es
addons.mozilla.org/es-ES/firefox/addon/bigconv/,8,es
addons.mozilla.org/es-ES/firefox/addon/wappalyzer/,5,es
addons.mozilla.org/es-ES/firefox/addon/1v1-lol-unblocked/versions/,1,es
addons.mozilla.org/es-ES/firefox/addon/twitter-download-video/,49,es
addons.mozilla.org/en-US/firefox/addon/video-downloader-profession/,89,es
addons.mozilla.org/es-ES/firefox/addon/greasemonkey/,13,es
addons.mozilla.org/es-ES/firefox/addon/score808-watch-free-football/versions/,23,es
addons.mozilla.org/es-ES/firefox/addon/adblocker-ultimate/,9,es
addons.mozilla.org/es-ES/firefox/addon/anonymous-story-viewer/,26,es
addons.mozilla.org/es-ES/firefox/addon/ytmp3-youtube-mp3/,8,es
addons.mozilla.org/en-US/firefox/addon/web-telegram-online/,57,es
addons.mozilla.org/es-ES/firefox/addon/autosbc/,9,es
addons.mozilla.org/es-ES/firefox/addon/free-vpn-proxy-planetvpn/,39,es
addons.mozilla.org/es-ES/firefox/addon/youtube-audio-downloader/,9,es
addons.mozilla.org/es-ES/firefox/addon/selenium-ide/,3,es
addons.mozilla.org/es-ES/firefox/addon/character-ai-old-ifier/,11,es
addons.mozilla.org/en-US/firefox/addon/easy-youtube-video-download/,1,es
addons.mozilla.org/es-ES/firefox/addon/delta-executor-script-manager/,145,es
addons.mozilla.org/es-ES/firefox/addon/gayromeo/,34,es
addons.mozilla.org/es-ES/firefox/addon/animepahe-plus/,1,es
addons.mozilla.org/es-ES/firefox/addon/onlymp3/versions/,2,es
addons.mozilla.org/es-ES/firefox/addon/download-twitter-videos-down/,1,es
addons.mozilla.org/es-ES/firefox/addon/darkreader/,49,es
addons.mozilla.org/es-MX/firefox/addon/mywape-url-updater/versions/,128,es
addons.mozilla.org/en-US/firefox/addon/archive-ph-oneclick/,14,es
addons.mozilla.org/es-ES/firefox/addon/foxchat/,6,es
addons.mozilla.org/es-ES/firefox/addon/twitch-ad-block/,27,es
addons.mozilla.org/es-ES/firefox/addon/languagetool/,8,es
addons.mozilla.org/en-US/firefox/addon/ghostery/,1,es
addons.mozilla.org/en-US/firefox/addon/bitwarden-password-manager/,1,es
addons.mozilla.org/es-ES/firefox/addon/cookie-editor/,1,es
addons.mozilla.org/es-ES/firefox/addon/rutracker-add-on/reviews/,45,es
addons.mozilla.org/es-ES/firefox/addon/automatic-adskipper/,5,es
addons.mozilla.org/es-AR/firefox/addon/neobuxox/,29,es
addons.mozilla.org/es-ES/firefox/addon/ad-skipy-skip-ads-on-youtube/,21,es
addons.mozilla.org/es-ES/android/addon/ublock-origin/,14,es
addons.mozilla.org/es-ES/firefox/addon/erome-video-only/,33,es
addons.mozilla.org/es-ES/firefox/addon/tampermonkey/,10,es
addons.mozilla.org/es-ES/firefox/addon/csgofloat/,2,es
addons.mozilla.org/es-ES/firefox/addon/clipconverter-lite/,107,es
addons.mozilla.org/es-ES/firefox/addon/saucenao/,106,es
addons.mozilla.org/en-CA/firefox/addon/kickassist/,104,es
addons.mozilla.org/es-AR/firefox/addon/ok-downloader-idl-helper/,101,es
addons.mozilla.org/es-ES/firefox/addon/whoervpn/,100,es
addons.mozilla.org/es-ES/firefox/addon/sugarqc-search-qc-on-cnfans/,100,es
addons.mozilla.org/es-ES/firefox/addon/website-image-downloader/,99,es
addons.mozilla.org/en-US/firefox/addon/selenium_ide/,99,es
addons.mozilla.org/es-ES/firefox/addon/summertime-saga/versions/,99,es
addons.mozilla.org/es-ES/firefox/addon/loader-to-all-in-1-downloader/versions/,98,es
addons.mozilla.org/es-ES/firefox/addon/myinstants/,97,es
addons.mozilla.org/es-ES/android/addon/telegramdownloader/,95,es
addons.mozilla.org/es-ES/firefox/addon/video-downloader-prime/,94,es
addons.mozilla.org/es-ES/firefox/addon/sky-follower-bridge/,91,es
addons.mozilla.org/es-ES/firefox/addon/myfreemp3/versions/,90,es
addons.mozilla.org/es-ES/firefox/addon/startpage-private-search/,90,es
addons.mozilla.org/es-ES/firefox/addon/shotacon/,88,es
addons.mozilla.org/es-ES/firefox/addon/libgen-search/,88,es
addons.mozilla.org/es-ES/firefox/addon/scrolller-saver/reviews/,87,es
addons.mozilla.org/es-ES/firefox/addon/web-developer/,87,es
addons.mozilla.org/es-ES/android/addon/video-downloadhelper/,86,es
addons.mozilla.org/es-CL/firefox/addon/animeflix-buzz/,84,es
addons.mozilla.org/en-US/firefox/addon/torrentz2-magnet-links/,82,es
addons.mozilla.org/es-MX/firefox/addon/torrentz2-magnet-links/,81,es
addons.mozilla.org/es-ES/firefox/addon/y99-chat/,79,es
addons.mozilla.org/es-ES/firefox/addon/stylish/,79,es
addons.mozilla.org/es-ES/firefox/addon/cakhiatv/reviews/,79,es
addons.mozilla.org/es-ES/firefox/addon/colorzilla/,78,es
addons.mozilla.org/es-ES/firefox/addon/twitter-bird-logo/,77,es
addons.mozilla.org/en-US/firefox/addon/jsonview/,77,es
addons.mozilla.org/es-ES/firefox/addon/kproxy-extension/,77,es
addons.mozilla.org/en-US/firefox/addon/animepahe-auto-downloader/,77,es
addons.mozilla.org/es-ES/firefox/addon/ghostery/,75,es
addons.mozilla.org/es-ES/firefox/addon/saucenao-fetcher/,74,es
addons.mozilla.org/es-ES/firefox/addon/youtube-shorts-downloader/,73,es
addons.mozilla.org/en-US/firefox/addon/linkvertise/,73,es
addons.mozilla.org/en-US/firefox/addon/cute-fox-girl/,72,es
addons.mozilla.org/es-ES/firefox/addon/seasonvar-unlock/,72,es
addons.mozilla.org/es-ES/firefox/addon/lightbeam-chikl/,71,es
addons.mozilla.org/es-ES/firefox/addon/eztv-tools/,70,es
addons.mozilla.org/es-ES/firefox/addon/wayback-machine_new/,69,es
addons.mozilla.org/es-ES/firefox/addon/opensubtitles/,68,es
addons.mozilla.org/es-ES/firefox/addon/tineye-reverse-image-search/,68,es
addons.mozilla.org/es-ES/firefox/addon/sidebery/,67,es
addons.mozilla.org/en-US/firefox/addon/veepn-free-fast-security-vpn/,67,es
addons.mozilla.org/es-ES/firefox/addon/xuxen/,67,es
addons.mozilla.org/es-ES/firefox/addon/bannerbanner/,67,es
addons.mozilla.org/es-ES/firefox/addon/alldebrid-addon/,66,es
addons.mozilla.org/es-ES/firefox/addon/mozilla-personas/,66,es
addons.mozilla.org/es-ES/firefox/addon/vumoo-lat/,66,es
addons.mozilla.org/es-ES/firefox/addon/steam-game-downloader/,66,es
addons.mozilla.org/es-ES/firefox/addon/soundcloud-dl/,65,es
addons.mozilla.org/es-ES/firefox/addon/personal-command-center/,64,es
addons.mozilla.org/es-ES/firefox/addon/ig-downloader-insta-downloader/,64,es
addons.mozilla.org/es-ES/firefox/addon/5e-tools-enhancer/,64,es
addons.mozilla.org/es-ES/firefox/addon/forcey-force-download/,64,es
addons.mozilla.org/es-ES/firefox/addon/abuse-ip-check/,64,es
addons.mozilla.org/en-US/android/addon/re-enable-right-click/,63,es
addons.mozilla.org/es-ES/firefox/addon/xxxxxxxxxxxxxxxxxx/versions/,63,es
addons.mozilla.org/es-ES/firefox/addon/ok-downloader-idl-helper/,63,es
addons.mozilla.org/es-MX/firefox/addon/soundcloud-dl/,63,es
addons.mozilla.org/es-ES/firefox/addon/foxyproxy-basic/,63,es
addons.mozilla.org/es-ES/firefox/addon/ftab/,63,es
addons.mozilla.org/es-ES/firefox/addon/twitch-ad-blocker/,62,es
addons.mozilla.org/es-ES/firefox/addon/brocoflix-episode-navigator/versions/,62,es
addons.mozilla.org/en-US/firefox/addon/user-agent-switcher-revived/,62,es
addons.mozilla.org/es-ES/firefox/addon/youtube-converter-downloader/,60,es
addons.mozilla.org/es-ES/firefox/addon/pstream-extension/,60,es
addons.mozilla.org/es-ES/android/addon/hentai-foundry--390737-2/,59,es
addons.mozilla.org/en-US/firefox/addon/scdl/,59,es
addons.mozilla.org/es-ES/firefox/addon/dark-mode-webextension/,58,es
addons.mozilla.org/es-ES/firefox/addon/docer-downloader/,57,es
addons.mozilla.org/es-ES/firefox/addon/web-player-for-spotify/,57,es
addons.mozilla.org/es-ES/firefox/addon/free-video-downloader/,57,es
addons.mozilla.org/es-AR/firefox/addon/basket-random-unblocked/,57,es
addons.mozilla.org/en-US/firefox/addon/youtube_downloader/,56,es
addons.mozilla.org/es-ES/firefox/addon/zlibrary-searcher/,56,es
addons.mozilla.org/es-ES/firefox/addon/rutracker-add-on/,56,es
addons.mozilla.org/es/firefox/addon/fireshot/,56,es
addons.mozilla.org/es-ES/firefox/addon/volume-master-increase-volume/,56,es
addons.mozilla.org/es-AR/firefox/addon/savefromnet-helper/,55,es
addons.mozilla.org/es-ES/firefox/addon/selenium_ide/,55,es
addons.mozilla.org/en-US/firefox/addon/reddit-enhancement-suite/,55,es
addons.mozilla.org/es-AR/firefox/addon/soundcloud-to-mp3-downloader/,55,es
addons.mozilla.org/en-US/firefox/addon/corrector-de-galego/,53,es
addons.mozilla.org/es-ES/firefox/addon/twitch_5/versions/,52,es
addons.mozilla.org/es-ES/firefox/addon/12ft-io-redirector/,52,es
addons.mozilla.org/es-ES/firefox/addon/vipleague/,52,es
addons.mozilla.org/en-US/firefox/addon/simple-tab-groups/,51,es
addons.mozilla.org/en-US/firefox/addon/foxyproxy-standard/,50,es
addons.mozilla.org/es-ES/firefox/addon/adblock-for-youtube-tm/,50,es
addons.mozilla.org/es-ES/firefox/addon/yt-dlp-downloader/,50,es
addons.mozilla.org/pt-BR/firefox/addon/savefromnet-helper/,154,br
addons.mozilla.org/pt-BR/firefox/addon/adblock-plus/,257,br
addons.mozilla.org/en-US/firefox/addon/ublock-origin/,82,br
addons.mozilla.org/pt-BR/firefox/addon/video-downloadhelper/,35,br
addons.mozilla.org/pt-BR/firefox/addon/ublock-origin/,49,br
addons.mozilla.org/en-US/firefox/addon/video-downloadhelper/,57,br
addons.mozilla.org/pt-BR/firefox/addon/volume-booster-pro/,7,br
addons.mozilla.org/pt-BR/firefox/addon/storiesig-downloader/versions/,47,br
addons.mozilla.org/pt-BR/firefox/addon/darkreader/,34,br
addons.mozilla.org/pt-BR/firefox/addon/adblock-for-firefox/,6,br
addons.mozilla.org/pt-BR/firefox/addon/steam-database/,8,br
addons.mozilla.org/en-US/firefox/addon/rutracker-add-on/,23,br
addons.mozilla.org/pt-BR/firefox/addon/ssstik-video-downloader/,13,br
addons.mozilla.org/pt-BR/firefox/addon/youcine-premium-apk/,3,br
addons.mozilla.org/pt-BR/firefox/addon/browsec/,147,br
addons.mozilla.org/en-US/firefox/addon/adblock-plus/,116,br
addons.mozilla.org/pt-BR/firefox/addon/delta-executor-script-manager/versions/,19,br
addons.mozilla.org/en-US/firefox/addon/zjm-whatfont/,24,br
addons.mozilla.org/pt-BR/firefox/addon/opensubtitles/,125,br
addons.mozilla.org/pt-BR/firefox/addon/ropro-pay-gorn/,58,br
addons.mozilla.org/pt-BR/firefox/addon/vidmo/,42,br
addons.mozilla.org/pt-BR/firefox/addon/adblock-for-youtube/,62,br
addons.mozilla.org/pt-BR/firefox/addon/easy-youtube-video-download/,2,br
addons.mozilla.org/pt-BR/firefox/addon/torrentz2-magnet-links/,9,br
addons.mozilla.org/en-US/firefox/addon/bitwarden-password-manager/,2,br
addons.mozilla.org/en-US/firefox/addon/easy-youtube-video-download/,10,br
addons.mozilla.org/pt-BR/firefox/addon/unitv-pro-apk-mod/,3,br
addons.mozilla.org/pt-BR/firefox/addon/remove-paywall/,13,br
addons.mozilla.org/pt-BR/firefox/addon/download-twitter-videos/,19,br
addons.mozilla.org/en-US/firefox/addon/1v1-lol-unblocked/,5,br
addons.mozilla.org/pt-BR/firefox/addon/y2mate-video-downloader/,55,br
addons.mozilla.org/pt-BR/firefox/addon/savefrom-youtube-downloader/reviews/,42,br
addons.mozilla.org/pt-BR/firefox/addon/nitter/versions/,19,br
addons.mozilla.org/pt-BR/firefox/addon/character-ai-old-ifier/,10,br
addons.mozilla.org/pt-BR/firefox/addon/direct-apk-downloader-2018/reviews/,4,br
addons.mozilla.org/en-US/android/addon/btroblox/,1,br
addons.mozilla.org/pt-BR/firefox/addon/direct-apk-downloader-2018/,56,br
addons.mozilla.org/pt-BR/firefox/addon/pinterest-downloader/,23,br
addons.mozilla.org/pt-BR/firefox/addon/cookie-editor/,12,br
addons.mozilla.org/pt-BR/firefox/addon/imginn/,24,br
addons.mozilla.org/pt-BR/firefox/addon/insta-viewer/,25,br
addons.mozilla.org/pt-BR/firefox/addon/firefox-personas/,53,br
addons.mozilla.org/pt-BR/firefox/addon/mywape-url-updater/versions/,46,br
addons.mozilla.org/pt-BR/android/addon/ublock-origin/,13,br
addons.mozilla.org/pt-BR/firefox/addon/colorzilla/,8,br
addons.mozilla.org/pt-BR/firefox/addon/sejda-pdf-editor/,9,br
addons.mozilla.org/pt-BR/firefox/addon/wappalyzer/,38,br
addons.mozilla.org/pt-BR/firefox/addon/gelbooru-image-only/,6,br
addons.mozilla.org/pt-BR/firefox/addon/tampermonkey/,89,br
addons.mozilla.org/pt-BR/firefox/addon/ppcine-apk/,31,br
addons.mozilla.org/pt-BR/firefox/addon/foxyproxy-standard/,20,br
addons.mozilla.org/pt-BR/firefox/addon/greasemonkey/,4,br
addons.mozilla.org/pt-BR/firefox/addon/linkvertise/,28,br
addons.mozilla.org/en-US/firefox/addon/btroblox/,46,br
addons.mozilla.org/pt-BR/firefox/addon/tineye-reverse-image-search/reviews/,3,br
addons.mozilla.org/pt-BR/firefox/addon/twitter-videos-downloader/,22,br
addons.mozilla.org/en-US/firefox/addon/watch-moana-2-gratis-pt/versions/,48,br
addons.mozilla.org/en-US/firefox/addon/cookie-editor/,29,br
addons.mozilla.org/pt-BR/firefox/addon/twitch_5/,37,br
addons.mozilla.org/pt-BR/firefox/addon/sei/,58,br
addons.mozilla.org/pt-BR/firefox/addon/anonymous-story-viewer/,3,br
addons.mozilla.org/pt-BR/firefox/addon/elvebredd/,2,br
addons.mozilla.org/pt-BR/firefox/addon/my-ad-finder/,14,br
addons.mozilla.org/pt-BR/firefox/addon/adblocker-ultimate/,21,br
addons.mozilla.org/pt-BR/firefox/addon/ssstik-tiktok-downloader/,5,br
addons.mozilla.org/pt-BR/firefox/addon/android-online-emulator/,17,br
addons.mozilla.org/pt-BR/firefox/addon/video-downloadhelper/versions/,3,br
addons.mozilla.org/pt-BR/firefox/addon/purple-yellow5764884/,1,br
addons.mozilla.org/pt-BR/firefox/addon/nikflix/,8,br
addons.mozilla.org/pt-BR/android/addon/video-downloadhelper/,9,br
addons.mozilla.org/en-US/firefox/addon/adblock-for-firefox/,6,br
addons.mozilla.org/pt-BR/firefox/addon/character-headcanon-generator/,26,br
addons.mozilla.org/pt-BR/firefox/addon/youtube-shorts-downloader/,11,br
addons.mozilla.org/en-US/firefox/addon/myinstants/,78,br
addons.mozilla.org/pt-BR/firefox/addon/33windental/,18,br
addons.mozilla.org/pt-BR/firefox/addon/pje-mais-r/,16,br
addons.mozilla.org/en-US/firefox/addon/augmented-steam/,38,br
addons.mozilla.org/pt-BR/firefox/addon/rutracker-add-on/,12,br
addons.mozilla.org/pt-BR/firefox/addon/delta-executor-script-manager/,62,br
addons.mozilla.org/en-US/firefox/addon/opensubtitles/,16,br
addons.mozilla.org/pt-BR/firefox/addon/tonec-idm-integration-module/,22,br
addons.mozilla.org/pt-BR/firefox/addon/allow-copy-plus/,6,br
addons.mozilla.org/pt-BR/firefox/addon/allow-copy-right-click/,10,br
addons.mozilla.org/pt-BR/firefox/addon/volume-booster-enhance-sound/,6,br
addons.mozilla.org/pt-BR/firefox/addon/yandex-image-search-yandex-com/versions/,45,br
addons.mozilla.org/pt-BR/firefox/addon/x-twitter-video-downloader/,3,br
addons.mozilla.org/en-US/android/addon/ublock-origin/,4,br
addons.mozilla.org/pt-BR/firefox/addon/vidiq-vision-youtube/,27,br
addons.mozilla.org/pt-BR/firefox/addon/zjm-whatfont/,3,br
addons.mozilla.org/en-US/firefox/addon/telegramdownloader/,37,br
addons.mozilla.org/pt-BR/firefox/addon/rutracker-add-on/reviews/?score=5&utm_content=search&utm_medium=referral&utm_source=addons.mozilla.org&page=13,4,br
addons.mozilla.org/pt-BR/firefox/addon/btroblox/,17,br
addons.mozilla.org/pt-BR/firefox/addon/doceru-fetcher/,13,br
addons.mozilla.org/pt-BR/firefox/addon/re-enable-right-click/,186,br
addons.mozilla.org/pt-BR/firefox/addon/youtube-to-mp3-wext/,186,br
addons.mozilla.org/en-US/firefox/addon/absolute-enable-right-click/,183,br
addons.mozilla.org/pt-BR/firefox/addon/youtubedl/,182,br
addons.mozilla.org/pt-BR/firefox/addon/download-video-and-flash/,182,br
addons.mozilla.org/en-US/firefox/addon/twitch_5/,182,br
addons.mozilla.org/en-US/firefox/addon/traduzir-paginas-web/,181,br
addons.mozilla.org/en-US/firefox/addon/firefox-personas/,178,br
addons.mozilla.org/pt-BR/firefox/addon/storiesig/reviews/,167,br
addons.mozilla.org/pt-BR/firefox/addon/hls-downloader/,166,br
addons.mozilla.org/en-US/firefox/addon/animepahe-auto-downloader/,163,br
addons.mozilla.org/pt-BR/firefox/addon/convertidor-video-a-mp3/,162,br
addons.mozilla.org/pt-BR/firefox/addon/veepn-free-fast-security-vpn/,161,br
addons.mozilla.org/pt-BR/firefox/addon/video-downloader-player/,160,br
addons.mozilla.org/pt-BR/firefox/addon/print-friendly-pdf/,159,br
addons.mozilla.org/pt-BR/firefox/addon/fetch-video-downloader/,159,br
addons.mozilla.org/pt-BR/firefox/addon/roblox-multiple-accounts/,157,br
addons.mozilla.org/pt-BR/firefox/addon/ytmp3/,157,br
addons.mozilla.org/pt-BR/firefox/addon/traduzir-paginas-web/,156,br
addons.mozilla.org/en-US/firefox/addon/urban_proxy/,156,br
addons.mozilla.org/en-US/firefox/addon/getfvid-fvideo-downloader/,156,br
addons.mozilla.org/pt-BR/firefox/addon/uaswitcher/,155,br
addons.mozilla.org/en-US/firefox/addon/rutracker-add-on/reviews/?page=13,155,br
addons.mozilla.org/pt-BR/firefox/addon/video-privacy/,153,br
addons.mozilla.org/pt-BR/android/addon/roblox-plus-firefox/,153,br
addons.mozilla.org/pt-BR/firefox/addon/adguard-adblocker/,151,br
addons.mozilla.org/en-US/firefox/addon/save-as-gif/,149,br
addons.mozilla.org/pt-BR/android/addon/direct-apk-downloader-2018/,148,br
addons.mozilla.org/en-US/firefox/addon/ssstik-tiktok-downloader/reviews/,147,br
addons.mozilla.org/pt-BR/firefox/addon/free-download-manager-addon/,147,br
addons.mozilla.org/pt-BR/firefox/addon/download-fb-videos/,144,br
addons.mozilla.org/pt-BR/firefox/addon/buster-captcha-solver/,142,br
addons.mozilla.org/pt-BR/firefox/addon/bj-share/versions/,142,br
addons.mozilla.org/pt-BR/firefox/addon/online-youtube-videodownloader/,138,br
addons.mozilla.org/pt-BR/firefox/addon/corretor/,137,br
addons.mozilla.org/en-US/firefox/addon/read-aloud/,137,br
addons.mozilla.org/pt-BR/firefox/addon/absolute-enable-right-click/,137,br
addons.mozilla.org/pt-BR/firefox/addon/mozilla-firefox-36/,136,br
addons.mozilla.org/pt-BR/firefox/addon/thumbnail-downloader/,135,br
addons.mozilla.org/pt-BR/firefox/addon/adblock-for-youtube-tm/,131,br
addons.mozilla.org/pt-BR/firefox/addon/f8betcomde/,131,br
addons.mozilla.org/pt-BR/firefox/addon/v9betwin/,131,br
addons.mozilla.org/pt-BR/firefox/addon/redgifs-downloader-for-ff/,131,br
addons.mozilla.org/pt-BR/firefox/addon/fireshot/,129,br
addons.mozilla.org/pt-BR/firefox/addon/ublock-origin-lite-proxy/,129,br
addons.mozilla.org/pt-BR/firefox/addon/sponsorblock/,129,br
addons.mozilla.org/en-US/firefox/addon/adblock-for-youtube/,129,br
addons.mozilla.org/pt-BR/firefox/addon/song-identifier/,127,br
addons.mozilla.org/en-US/firefox/addon/browsec/,127,br
addons.mozilla.org/pt-BR/firefox/addon/ghunt-companion/,126,br
addons.mozilla.org/en-US/firefox/addon/user-agent-string-switcher/,126,br
addons.mozilla.org/pt-BR/firefox/addon/scrolller-saver/,126,br
addons.mozilla.org/pt-BR/firefox/addon/autosbc/,125,br
addons.mozilla.org/pt-BR/firefox/addon/vpn-unlimited-secure-proxy/,125,br
addons.mozilla.org/pt-BR/android/addon/rutracker-add-on/,125,br
addons.mozilla.org/pt-BR/firefox/addon/youtube-ad-auto-skipper/,125,br
addons.mozilla.org/en-US/android/addon/adblock-plus/,122,br
addons.mozilla.org/pt-BR/firefox/addon/rutracker_torrent_search/,120,br
addons.mozilla.org/en-US/firefox/addon/vt4browsers/versions/,118,br
addons.mozilla.org/pt-BR/firefox/addon/round-6-o-ceu-e-o-limite-apk/,117,br
addons.mozilla.org/pt-BR/firefox/addon/hentai-foundry--390737-2/,116,br
addons.mozilla.org/pt-BR/firefox/addon/spotify-web-search-update/,114,br
addons.mozilla.org/en-US/firefox/addon/urban-shield/versions/,114,br
addons.mozilla.org/en-US/firefox/addon/multi-account-containers/,112,br
addons.mozilla.org/en-US/firefox/addon/uaswitcher/,111,br
addons.mozilla.org/pt-BR/firefox/addon/ok-downloader-idl-helper/,109,br
addons.mozilla.org/pt-BR/firefox/addon/web-apps-by-123apps/,109,br
addons.mozilla.org/pt-BR/firefox/addon/bitwarden-password-manager/,108,br
addons.mozilla.org/en-US/firefox/addon/absolute-enable-right-click/versions/,108,br
addons.mozilla.org/pt-BR/firefox/addon/firebug-and-web-development/,107,br
addons.mozilla.org/en-US/firefox/addon/tab-rotator/,106,br
addons.mozilla.org/pt-BR/firefox/addon/youtube_adblock/,105,br
addons.mozilla.org/en-US/firefox/addon/twitch_5/reviews/,105,br
addons.mozilla.org/pt-BR/firefox/addon/volume-master-increase-volume/,104,br
addons.mozilla.org/pt-BR/firefox/addon/languagetool/,103,br
addons.mozilla.org/en-US/firefox/addon/soundcloud-dl/,103,br
addons.mozilla.org/pt-BR/firefox/addon/coomer_downloader/,102,br
addons.mozilla.org/pt-BR/firefox/addon/chat7/,101,br
addons.mozilla.org/en-US/firefox/addon/lightshot/,101,br
addons.mozilla.org/en-US/firefox/addon/stylish/,100,br
addons.mozilla.org/pt-BR/firefox/addon/spend-bill-gates-money-tab/versions/,99,br
addons.mozilla.org/en-US/firefox/addon/re-enable-right-click/,99,br
addons.mozilla.org/en-US/firefox/addon/colorzilla/,99,br
addons.mozilla.org/pt-BR/firefox/addon/csgofloat/,98,br
addons.mozilla.org/pt-BR/firefox/addon/bilômetro/,98,br
addons.mozilla.org/en-US/firefox/addon/auto-bypasser/,96,br
addons.mozilla.org/en-US/firefox/addon/free-download-manager-addon/,95,br
addons.mozilla.org/pt-BR/firefox/addon/youtube-downloader-udl-helper/,95,br
addons.mozilla.org/en-US/firefox/addon/mozilla-personas/,95,br
addons.mozilla.org/pt-BR/firefox/addon/videospeed/,94,br
addons.mozilla.org/pt-BR/firefox/addon/enable-mouse-right-click/,93,br
addons.mozilla.org/pt-BR/firefox/addon/auto-bypasser/,93,br
addons.mozilla.org/pt-BR/firefox/addon/rutracker-add-on/reviews/,93,br
addons.mozilla.org/pt-BR/firefox/addon/telegram-downloader/,92,br
addons.mozilla.org/pt-BR/firefox/addon/session-share-motgame/,91,br
addons.mozilla.org/en-US/firefox/addon/slither-io-mods-hack/,91,br
addons.mozilla.org/pt-BR/firefox/addon/popup-torrent-search/,90,br
addons.mozilla.org/ru/firefox/addon/rutracker-add-on/,90,br
addons.mozilla.org/pt-BR/firefox/addon/snaplinksplus/,89,br
addons.mozilla.org/en-US/firefox/addon/webtoepub-for-baka-tsuki/,88,br
addons.mozilla.org/en-CA/firefox/addon/ublock-origin/,181,ca
addons.mozilla.org/en-CA/firefox/addon/ether-metamask/,104,ca
addons.mozilla.org/en-CA/firefox/addon/video-downloadhelper/,193,ca
addons.mozilla.org/en-CA/firefox/addon/adblock-plus/,86,ca
addons.mozilla.org/en-CA/firefox/addon/adblock-for-firefox/,110,ca
addons.mozilla.org/en-CA/firefox/addon/score808-watch-free-football/reviews/,4,ca
addons.mozilla.org/en-CA/firefox/addon/easy-youtube-video-download/,8,ca
addons.mozilla.org/en-CA/firefox/addon/adblock-for-youtube/,36,ca
addons.mozilla.org/en-CA/firefox/addon/firefox-personas/,24,ca
addons.mozilla.org/en-CA/firefox/addon/metastream/,26,ca
addons.mozilla.org/en-CA/firefox/addon/tampermonkey/,2,ca
addons.mozilla.org/en-CA/firefox/addon/btroblox/,29,ca
addons.mozilla.org/en-CA/firefox/addon/darkreader/,29,ca
addons.mozilla.org/en-CA/firefox/addon/pstream-extension/,26,ca
addons.mozilla.org/en-CA/firefox/addon/browsec/,39,ca
addons.mozilla.org/en-CA/firefox/addon/torrentz2-magnet-links/,18,ca
addons.mozilla.org/en-CA/firefox/addon/free-video-downloader/,114,ca
addons.mozilla.org/en-CA/firefox/addon/video-downloader-profession/,15,ca
addons.mozilla.org/en-CA/android/addon/imginn/,55,ca
addons.mozilla.org/en-US/firefox/addon/duckduckgo-for-firefox/,19,ca
addons.mozilla.org/en-US/firefox/addon/gogoanime-plus/,29,ca
addons.mozilla.org/en-CA/android/addon/ublock-origin/,95,ca
addons.mozilla.org/en-CA/firefox/addon/font-inspect/,1,ca
addons.mozilla.org/en-CA/firefox/addon/uaswitcher/,35,ca
addons.mozilla.org/en-CA/firefox/addon/honey/,9,ca
addons.mozilla.org/en-CA/firefox/addon/vidmo/reviews/,2,ca
addons.mozilla.org/en-CA/firefox/addon/tineye-reverse-image-search/,24,ca
addons.mozilla.org/en-CA/firefox/addon/twitch_5/,30,ca
addons.mozilla.org/en-US/firefox/addon/wowhead-language-change-button/,31,ca
addons.mozilla.org/en-US/firefox/addon/veepn-free-fast-security-vpn/,43,ca
addons.mozilla.org/en-CA/firefox/addon/simple-translate/,29,ca
addons.mozilla.org/en-US/firefox/addon/vipleague/versions/,47,ca
addons.mozilla.org/en-CA/android/addon/adblock-plus/,3,ca
addons.mozilla.org/en-CA/firefox/addon/reddit-enhancement-suite/,11,ca
addons.mozilla.org/en-CA/firefox/addon/block-website/,8,ca
addons.mozilla.org/en-CA/firefox/addon/score808-watch-free-football/versions/,25,ca
addons.mozilla.org/en-CA/firefox/addon/dark-mode-webextension/,12,ca
addons.mozilla.org/en-CA/firefox/addon/sponsorblock/,4,ca
addons.mozilla.org/en-CA/firefox/addon/youtube-to-mp3-wext/,35,ca
addons.mozilla.org/en-CA/firefox/addon/redgifs-downloader-for-ff/,2,ca
addons.mozilla.org/en-CA/firefox/addon/lightbeam-chikl/,9,ca
addons.mozilla.org/en-CA/firefox/addon/youtube-downloader-udl-helper/,4,ca
addons.mozilla.org/en-US/firefox/addon/brocoflix-episode-navigator/reviews/,15,ca
addons.mozilla.org/en-CA/firefox/addon/prodigy_x/versions/,2,ca
addons.mozilla.org/en-CA/firefox/addon/imgops-photo-finder/,24,ca
addons.mozilla.org/en-CA/firefox/addon/soundcloud-dl/,6,ca
addons.mozilla.org/en-CA/firefox/addon/sidebery/,7,ca
addons.mozilla.org/en-CA/firefox/addon/linkvertise/,2,ca
addons.mozilla.org/en-CA/firefox/addon/firebug-and-web-development/,1,ca
addons.mozilla.org/en-CA/firefox/addon/youtube-ad-auto-skipper/,59,ca
addons.mozilla.org/en-US/android/addon/youtube-converter-downloader/reviews/?score=5&page=2,33,ca
addons.mozilla.org/en-CA/firefox/addon/webcricket/,10,ca
addons.mozilla.org/en-CA/firefox/addon/traduzir-paginas-web/,5,ca
addons.mozilla.org/en-CA/firefox/addon/youtube_downloader/,2,ca
addons.mozilla.org/en-CA/firefox/addon/foxyproxy-standard/,4,ca
addons.mozilla.org/en-CA/firefox/addon/insta-viewer/,42,ca
addons.mozilla.org/en-US/firefox/addon/mywape-url-updater/versions/,10,ca
addons.mozilla.org/en-CA/firefox/addon/btroblox/reviews/,14,ca
addons.mozilla.org/en-US/firefox/addon/anonymous-story-viewer/,5,ca
addons.mozilla.org/en-CA/firefox/addon/free-download-manager-addon/,8,ca
addons.mozilla.org/en-CA/firefox/addon/download-mp3-youtube/,23,ca
addons.mozilla.org/en-CA/firefox/addon/absolute-enable-right-click/,2,ca
addons.mozilla.org/en-CA/firefox/addon/opensubtitles/,21,ca
addons.mozilla.org/en-CA/firefox/addon/web-telegram-online/,29,ca
addons.mozilla.org/en-CA/firefox/addon/recherche-tirexo/versions/,7,ca
addons.mozilla.org/en-CA/firefox/addon/blox-fruits-trade-calculator/,901,ca
addons.mozilla.org/en-CA/firefox/addon/to-google-translate/,3,ca
addons.mozilla.org/en-CA/firefox/addon/greasemonkey/,5,ca
addons.mozilla.org/en-US/firefox/addon/ublock-origin/,2,ca
addons.mozilla.org/en-CA/firefox/addon/numberle/,9,ca
addons.mozilla.org/en-US/firefox/addon/cookie-editor/,24,ca
addons.mozilla.org/en-US/firefox/addon/iwara_downloader/,11,ca
addons.mozilla.org/en-CA/firefox/addon/privacy-badger17/,79,ca
addons.mozilla.org/en-CA/firefox/addon/scdl/,3,ca
addons.mozilla.org/en-CA/firefox/addon/downthemall/,4,ca
addons.mozilla.org/en-US/firefox/addon/savefromnet-helper/,64,ca
addons.mozilla.org/en-CA/firefox/addon/sejda-pdf-editor/,3,ca
addons.mozilla.org/en-CA/android/addon/pstream-extension/,3,ca
addons.mozilla.org/en-CA/firefox/addon/adblocker-ultimate/,1,ca
addons.mozilla.org/en-CA/firefox/addon/download-reddit-videos-sound/,11,ca
addons.mozilla.org/en-CA/firefox/addon/fmhy-safeguard/,11,ca
addons.mozilla.org/en-CA/android/addon/webcricket/reviews/,59,ca
addons.mozilla.org/en-CA/firefox/addon/multi-account-containers/,3,ca
addons.mozilla.org/en-CA/firefox/addon/stands-fair-adblocker/,19,ca
addons.mozilla.org/en-CA/firefox/addon/1password-x-password-manager/,9,ca
addons.mozilla.org/en-US/firefox/addon/ublock-origin/reviews/?page=653,11,ca
addons.mozilla.org/en-CA/firefox/addon/animepahe-auto-downloader/,10,ca
addons.mozilla.org/en-CA/firefox/addon/noscript/,22,ca
addons.mozilla.org/en-US/firefox/addon/animepahe-plus/,9,ca
addons.mozilla.org/en-CA/firefox/addon/bitwarden-password-manager/,9,ca
addons.mozilla.org/en-CA/firefox/addon/veepn-free-fast-security-vpn/,12,ca
addons.mozilla.org/en-CA/firefox/addon/2048-cupcake/,1,ca
addons.mozilla.org/en-CA/firefox/addon/enhancer-for-youtube/,12,ca
addons.mozilla.org/en-CA/firefox/addon/auto-bypasser/,15,ca
addons.mozilla.org/en-CA/android/addon/wefwef/versions/,1,ca
addons.mozilla.org/en-CA/firefox/addon/return-youtube-dislikes/,1,ca
addons.mozilla.org/en-CA/firefox/addon/1v1-lol-unblocked/,394,ca
addons.mozilla.org/en-CA/firefox/addon/prodigy_x/,79,ca
addons.mozilla.org/en-CA/firefox/addon/lastpass-password-manager/,79,ca
addons.mozilla.org/en-CA/firefox/addon/boxel-rebound-game/,79,ca
addons.mozilla.org/en-CA/firefox/addon/rosearcher/versions/,77,ca
addons.mozilla.org/en-CA/firefox/addon/dark-theme-for-firefox/,76,ca
addons.mozilla.org/en-US/firefox/addon/talkie/,74,ca
addons.mozilla.org/en-US/firefox/addon/urban-shield/versions/,73,ca
addons.mozilla.org/en-CA/firefox/addon/scrolller-saver/,73,ca
addons.mozilla.org/en-US/firefox/addon/video-downloadhelper/,72,ca
addons.mozilla.org/en-CA/firefox/addon/docsafterdark/,72,ca
addons.mozilla.org/en-CA/firefox/addon/location-guard/,72,ca
addons.mozilla.org/en-CA/firefox/addon/better-canvas/,71,ca
addons.mozilla.org/en-CA/firefox/addon/video-hunter-downloader/,70,ca
addons.mozilla.org/en-CA/firefox/addon/user-agent-string-switcher/,69,ca
addons.mozilla.org/en-CA/firefox/addon/ok-downloader-idl-helper/,69,ca
addons.mozilla.org/en-CA/firefox/addon/uflix-next-button/,66,ca
addons.mozilla.org/en-CA/firefox/addon/facebook-video-downloader-onli/,66,ca
addons.mozilla.org/en-CA/firefox/addon/telegramdownloader/,65,ca
addons.mozilla.org/en-CA/firefox/addon/myfreemp3/reviews/,65,ca
addons.mozilla.org/en-US/firefox/addon/ytmp4-downloader/,65,ca
addons.mozilla.org/en-CA/firefox/addon/google-calendar-on-new-tab/,64,ca
addons.mozilla.org/en-CA/android/addon/torrentz2-magnet-links/reviews/,63,ca
addons.mozilla.org/en-CA/firefox/addon/mywape-url-updater/reviews/,63,ca
addons.mozilla.org/en-CA/firefox/addon/loader-to-all-in-1-downloader/reviews/,63,ca
addons.mozilla.org/en-CA/firefox/addon/savefromnet-helper/,62,ca
addons.mozilla.org/en-CA/firefox/addon/vipleague/,62,ca
addons.mozilla.org/en-CA/firefox/addon/video-downloader-prime/,62,ca
addons.mozilla.org/en-CA/firefox/addon/autoclicker-automatic-tap/,61,ca
addons.mozilla.org/en-CA/firefox/addon/animedao-city/,60,ca
addons.mozilla.org/en-CA/firefox/addon/stylish/,60,ca
addons.mozilla.org/en-US/firefox/addon/i-m-gay/,59,ca
addons.mozilla.org/en-CA/firefox/addon/bzbuz/reviews/,59,ca
addons.mozilla.org/en-CA/firefox/addon/adblock-for-youtube-tm/,58,ca
addons.mozilla.org/en-CA/firefox/addon/yt1s/versions/,57,ca
addons.mozilla.org/en-CA/firefox/addon/fb-downloader-ultimate/,57,ca
addons.mozilla.org/en-CA/android/addon/torrentz2-magnet-links/,56,ca
addons.mozilla.org/en-CA/firefox/addon/yandex-eu-search/,56,ca
addons.mozilla.org/en-CA/firefox/addon/4chanx/,56,ca
addons.mozilla.org/en-CA/firefox/addon/twitch-ad-blocker/,56,ca
addons.mozilla.org/en-CA/firefox/addon/youtube_adblock/,55,ca
addons.mozilla.org/en-CA/firefox/addon/ytomp3-cc-youtube-to-mp3-mp4/,55,ca
addons.mozilla.org/en-US/firefox/addon/tab-auto-refresh/,54,ca
addons.mozilla.org/en-CA/firefox/addon/infinite-fusion-calculator/,54,ca
addons.mozilla.org/en-CA/firefox/addon/cookie-editor-addon/,53,ca
addons.mozilla.org/en-US/firefox/addon/mp3juices-cc/,53,ca
addons.mozilla.org/en-CA/firefox/addon/free-vpn-proxy-planetvpn/,53,ca
addons.mozilla.org/en-US/firefox/addon/user-agent-string-switcher/,52,ca
addons.mozilla.org/en-CA/firefox/addon/thumbnail-downloader/,52,ca
addons.mozilla.org/en-CA/firefox/addon/youtube-shorts-downloader/,51,ca
addons.mozilla.org/en-CA/firefox/addon/betterttv/,51,ca
addons.mozilla.org/en-CA/firefox/addon/animepahe-plus/,51,ca
addons.mozilla.org/en-CA/firefox/addon/sky-follower-bridge/,50,ca
addons.mozilla.org/it/firefox/addon/ublock-origin/,71,it
addons.mozilla.org/it/firefox/addon/adblock-plus/,351,it
addons.mozilla.org/en-US/firefox/addon/ublock-origin/,341,it
addons.mozilla.org/it/firefox/addon/reverso-context-beta/,38,it
addons.mozilla.org/it/firefox/addon/video-downloadhelper/,37,it
addons.mozilla.org/en-US/firefox/addon/video-downloadhelper/,111,it
addons.mozilla.org/it/firefox/addon/vipleague/versions/,20,it
addons.mozilla.org/it/firefox/addon/deepl-translate/,45,it
addons.mozilla.org/it/firefox/addon/insta-viewer/,12,it
addons.mozilla.org/en-US/firefox/addon/adblock-plus/,338,it
addons.mozilla.org/it/firefox/addon/adblock-for-firefox/,9,it
addons.mozilla.org/en-US/firefox/addon/rutracker-add-on/,204,it
addons.mozilla.org/it/firefox/addon/zlibrary-searcher/,14,it
addons.mozilla.org/it/firefox/addon/torrentz2-magnet-links/reviews/,41,it
addons.mozilla.org/it/firefox/addon/easy-youtube-video-download/,17,it
addons.mozilla.org/it/firefox/addon/manganelo-downloader/,4,it
addons.mozilla.org/it/firefox/addon/youtube-to-mp3-wext/,25,it
addons.mozilla.org/it/firefox/addon/imginn/reviews/,82,it
addons.mozilla.org/it/firefox/addon/rarbg-helper/,37,it
addons.mozilla.org/it/firefox/addon/ublock-origin-lite-proxy/,1,it
addons.mozilla.org/it/firefox/addon/vidmo/,25,it
addons.mozilla.org/en-US/firefox/addon/video-downloader-profession/,16,it
addons.mozilla.org/it/firefox/addon/adblock-for-youtube/,20,it
addons.mozilla.org/it/firefox/addon/video-downloader-profession/,23,it
addons.mozilla.org/it/firefox/addon/copylinksplusplus/,9,it
addons.mozilla.org/it/firefox/addon/cps-test-click-test/,4,it
addons.mozilla.org/en-US/firefox/addon/adblock-for-firefox/,1,it
addons.mozilla.org/it/firefox/addon/opensubtitles/,106,it
addons.mozilla.org/it/firefox/addon/torrentz2-magnet-links/,12,it
addons.mozilla.org/it/firefox/addon/youtube-ad-auto-skipper/,3,it
addons.mozilla.org/it/firefox/addon/lpsg-video-link-converter/,15,it
addons.mozilla.org/en-US/firefox/addon/reproductor-hls-dash/,3,it
addons.mozilla.org/it/firefox/addon/youtube_downloader/,37,it
addons.mozilla.org/it/firefox/addon/rutracker-add-on/reviews/?page=6,6,it
addons.mozilla.org/it/firefox/addon/coomer_downloader/,5,it
addons.mozilla.org/it/firefox/addon/linkvertise/versions/,5,it
addons.mozilla.org/it/firefox/addon/reddit-enhancement-suite/,70,it
addons.mozilla.org/it/firefox/addon/youtube-shorts-downloader/,104,it
addons.mozilla.org/it/firefox/addon/ppcine-apk/versions/,19,it
addons.mozilla.org/it/firefox/addon/greasemonkey/,1,it
addons.mozilla.org/it/firefox/addon/eztv-tools/,3,it
addons.mozilla.org/it/android/addon/ublock-origin/,5,it
addons.mozilla.org/it/firefox/addon/anonymous-story-viewer/,37,it
addons.mozilla.org/it/android/addon/savefromnet-helper/,16,it
addons.mozilla.org/it/firefox/addon/xxxxxxxxxxxxxxxxxx/versions/,24,it
addons.mozilla.org/it/firefox/addon/noptcha/,8,it
addons.mozilla.org/it/firefox/addon/rutracker-add-on/versions/,26,it
addons.mozilla.org/en-US/firefox/addon/soundcloud-dl/,6,it
addons.mozilla.org/en-US/android/addon/ublock-origin/,3,it
addons.mozilla.org/it/firefox/addon/tampermonkey/,21,it
addons.mozilla.org/it/firefox/addon/foxyproxy-standard/,11,it
addons.mozilla.org/it/firefox/addon/ytmp3-youtube-mp3/,19,it
addons.mozilla.org/it/firefox/addon/yupoo-tools/,2,it
addons.mozilla.org/en-US/firefox/addon/i-dont-care-about-cookies/,2,it
addons.mozilla.org/it/firefox/addon/fitgirl-repack-search/,4,it
addons.mozilla.org/en-US/firefox/addon/btroblox/,38,it
addons.mozilla.org/it/firefox/addon/kodi-online-xbmc-media-center/,8,it
addons.mozilla.org/it/android/addon/ropro-pay-gorn/?utm_source=addons.mozilla.org&utm_medium=referral&utm_content=featured,33,it
addons.mozilla.org/it/firefox/addon/twitter-image-video-downloader/,27,it
addons.mozilla.org/en-US/firefox/addon/stylish/,5,it
addons.mozilla.org/it/firefox/addon/download-youtube-subtitles/,16,it
addons.mozilla.org/en-US/firefox/addon/auto-bypasser/,24,it
addons.mozilla.org/it/firefox/addon/web-telegram-online/,11,it
addons.mozilla.org/it/firefox/addon/download-with-fdm/,67,it
addons.mozilla.org/en-US/firefox/addon/twitch_5/,31,it
addons.mozilla.org/it/firefox/addon/loader-to-all-in-1-downloader/,6,it
addons.mozilla.org/it/firefox/addon/watch-free-anime-at-gogoanime/,32,it
addons.mozilla.org/it/firefox/addon/tineye-reverse-image-search/reviews/,2,it
addons.mozilla.org/it/firefox/addon/storiesig/,57,it
addons.mozilla.org/it/firefox/addon/video-downloadhelper/versions/,12,it
addons.mozilla.org/it/firefox/addon/loader-to-all-in-1-downloader/reviews/,19,it
addons.mozilla.org/en-US/firefox/addon/vipleague/,23,it
addons.mozilla.org/en-US/firefox/addon/automatic-adskipper/,56,it
addons.mozilla.org/en-US/firefox/addon/easy-youtube-video-download/,24,it
addons.mozilla.org/it/firefox/addon/1v1-lol-unblocked/,6,it
addons.mozilla.org/it/firefox/addon/darkreader/,4,it
addons.mozilla.org/it/firefox/addon/free-video-downloader/,12,it
addons.mozilla.org/it/firefox/addon/popup-torrent-search/,35,it
addons.mozilla.org/it/firefox/addon/download-twitter-videos/,2,it
addons.mozilla.org/en-US/firefox/addon/browsec/,66,it
addons.mozilla.org/it/firefox/addon/roll20-enhancement-suite/,18,it
addons.mozilla.org/it/android/addon/remove-paywall/,1,it
addons.mozilla.org/it/firefox/addon/download-mp3-youtube/,79,it
addons.mozilla.org/it/firefox/addon/keepa-price-tracker/,58,it
addons.mozilla.org/it/firefox/addon/ssstwitter-downloader/,36,it
addons.mozilla.org/it/firefox/addon/gayromeo/,12,it
addons.mozilla.org/en-US/firefox/addon/cookies-txt/,11,it
addons.mozilla.org/it/firefox/addon/youtube-2-mp4-downloader/,1,it
addons.mozilla.org/it/android/addon/adblock-plus/,38,it
addons.mozilla.org/it/firefox/addon/skype-web-messenger/,19,it
addons.mozilla.org/it/firefox/addon/delta-executor-script-manager/,2,it
addons.mozilla.org/it/firefox/addon/telegramdownloader/,10,it
addons.mozilla.org/it/firefox/addon/animepahe-auto-downloader/,52,it
addons.mozilla.org/it/firefox/addon/free-download-manager-addon/,30,it
addons.mozilla.org/it/firefox/addon/wikifeetforeuropeans/,8,it
addons.mozilla.org/it/firefox/addon/twitter-to-nitter/,112,it
addons.mozilla.org/en-US/android/addon/reddit-enhancement-suite/,111,it
addons.mozilla.org/it/firefox/addon/download-fb-videos/,109,it
addons.mozilla.org/en-US/firefox/addon/time-stamper/,105,it
addons.mozilla.org/it/firefox/addon/savefromnet-helper/,105,it
addons.mozilla.org/en-US/firefox/addon/firefox-personas/,104,it
addons.mozilla.org/en-US/firefox/addon/myinstants/,102,it
addons.mozilla.org/it/firefox/addon/exhentai-小幫手/,101,it
addons.mozilla.org/it/firefox/addon/rutracker-add-on/reviews/?page=7,101,it
addons.mozilla.org/it/firefox/addon/video-downloader-prime/,100,it
addons.mozilla.org/it/firefox/addon/kissanime-anime-online/,100,it
addons.mozilla.org/en-US/firefox/addon/youtube_downloader/,99,it
addons.mozilla.org/it/firefox/addon/browsec/,97,it
addons.mozilla.org/en-US/firefox/addon/absolute-enable-right-click/,95,it
addons.mozilla.org/it/firefox/addon/gelbooru-batch-upload-tools/,94,it
addons.mozilla.org/it/firefox/addon/distanze-chilometriche/,91,it
addons.mozilla.org/it/firefox/addon/pdf-drive-search/,91,it
addons.mozilla.org/it/firefox/addon/istilldontcareaboutcookies/,87,it
addons.mozilla.org/it/firefox/addon/online-youtube2mp3-converter/,87,it
addons.mozilla.org/en-US/firefox/addon/w2g/,86,it
addons.mozilla.org/it/firefox/addon/bbo-helper/,86,it
addons.mozilla.org/it/firefox/addon/firefox-personas/,86,it
addons.mozilla.org/it/firefox/addon/pixeldrain-url-uploader/,85,it
addons.mozilla.org/en-US/firefox/addon/user-agent-switcher-revived/,84,it
addons.mozilla.org/it/firefox/addon/adskipper-for-youtube-news/,84,it
addons.mozilla.org/en-US/firefox/addon/user-agent-string-switcher/,83,it
addons.mozilla.org/en-US/firefox/addon/the-skipper/,83,it
addons.mozilla.org/it/firefox/addon/download-video-and-flash/,81,it
addons.mozilla.org/en-US/firefox/addon/tonec-idm-integration-module/,81,it
addons.mozilla.org/en-US/firefox/addon/foxyproxy-standard/,79,it
addons.mozilla.org/it/firefox/addon/pinterest-video-dotsave-app/,79,it
addons.mozilla.org/en-US/firefox/addon/video-injector/,79,it
addons.mozilla.org/it/firefox/addon/firebug-and-web-development/,79,it
addons.mozilla.org/it/firefox/addon/sidebery/,78,it
addons.mozilla.org/it/android/addon/torrentz2-magnet-links/,77,it
addons.mozilla.org/it/firefox/addon/threads-video-downloader/,77,it
addons.mozilla.org/it/firefox/addon/cookie-editor/,76,it
addons.mozilla.org/it/firefox/addon/ssstik-tiktok-downloader/,74,it
addons.mozilla.org/sq/firefox/addon/vipleague/,74,it
addons.mozilla.org/it/firefox/addon/linkvertise/,73,it
addons.mozilla.org/it/firefox/addon/myfreemp3/versions/,70,it
addons.mozilla.org/it/firefox/addon/raiplay-downloader/,69,it
addons.mozilla.org/it/firefox/addon/coin-master-free-spins/,69,it
addons.mozilla.org/it/firefox/addon/youtube-massdownloader/,69,it
addons.mozilla.org/it/firefox/addon/temp-mail-turbo/,68,it
addons.mozilla.org/it/firefox/addon/mp3juice/,68,it
addons.mozilla.org/it/firefox/addon/bitwarden-password-manager/,66,it
addons.mozilla.org/it/firefox/addon/netflix-prime-auto-skip/,66,it
addons.mozilla.org/it/firefox/addon/iwara_downloader/,66,it
addons.mozilla.org/it/firefox/addon/soundcloud-mp3-song-downloader/,66,it
addons.mozilla.org/it/firefox/addon/onlymp3/,65,it
addons.mozilla.org/it/firefox/addon/myinstants/,65,it
addons.mozilla.org/it/firefox/addon/direct-apk-downloader-2018/reviews/,65,it
addons.mozilla.org/it/firefox/addon/fmhy-safeguard/,64,it
addons.mozilla.org/en-US/firefox/addon/youtube-high-definition/,63,it
addons.mozilla.org/it/firefox/addon/ttv-lol-pro/,63,it
addons.mozilla.org/it/firefox/addon/live-stream-downloader/,62,it
addons.mozilla.org/it/firefox/addon/video-downloader-player/,60,it
addons.mozilla.org/en-US/firefox/addon/zjm-whatfont/,60,it
addons.mozilla.org/en-US/firefox/addon/andre-bradshaw/,60,it
addons.mozilla.org/en-US/firefox/addon/12ft-ladder-for-firefox/,59,it
addons.mozilla.org/it/firefox/addon/rutracker-add-on/reviews/?score=5&page=3,58,it
addons.mozilla.org/it/firefox/addon/adnauseam/,57,it
addons.mozilla.org/en-US/firefox/addon/veepn-free-fast-security-vpn/,57,it
addons.mozilla.org/it/firefox/addon/video-to-animated-gif/,57,it
addons.mozilla.org/it/firefox/addon/imgbb-image-hosting/,57,it
addons.mozilla.org/en-US/firefox/addon/ultraviner/,56,it
addons.mozilla.org/en-US/firefox/addon/cookie-editor/,56,it
addons.mozilla.org/it/firefox/addon/download-youtube-subtitles-pro/,56,it
addons.mozilla.org/it/firefox/addon/free-spins-coins-coin-master/,56,it
addons.mozilla.org/en-US/firefox/addon/csgofloat/,56,it
addons.mozilla.org/it/firefox/addon/whoervpn/,56,it
addons.mozilla.org/de/firefox/addon/instazoom-mobi/,56,it
addons.mozilla.org/it/firefox/addon/gematria-calculator/,55,it
addons.mozilla.org/en-US/firefox/addon/whatsfont/,55,it
addons.mozilla.org/en-US/firefox/addon/tineye-reverse-image-search/,55,it
addons.mozilla.org/it/android/addon/video-downloadhelper/,54,it
addons.mozilla.org/en-US/firefox/addon/insta-viewer/,54,it
addons.mozilla.org/it/firefox/addon/ublock-origin/reviews/,54,it
addons.mozilla.org/it/firefox/addon/bomb-party-buddy/,54,it
addons.mozilla.org/en-US/firefox/addon/free-download-manager-addon/,53,it
addons.mozilla.org/en-US/firefox/addon/linkvertise/,53,it
addons.mozilla.org/en-US/firefox/addon/savefromnet-helper/,53,it
addons.mozilla.org/it/firefox/addon/sponsorblock/,52,it
addons.mozilla.org/en-CA/firefox/addon/mypodcast/,52,it
addons.mozilla.org/it/firefox/addon/cookie-autodelete/,52,it
addons.mozilla.org/it/firefox/addon/downloader-instagram/,52,it
addons.mozilla.org/it/firefox/addon/dexonline/,52,it
addons.mozilla.org/it/firefox/addon/hggggggggg/versions/,52,it
addons.mozilla.org/it/firefox/addon/loader-to-all-in-1-downloader/reviews/?page=3,52,it
addons.mozilla.org/it/firefox/addon/frag-caesar-suche-erweiterung/versions/,51,it
addons.mozilla.org/it/firefox/addon/futemax-live-football/,50,it
addons.mozilla.org/en-US/firefox/addon/duckduckgo-for-firefox/,50,it
addons.mozilla.org/en-US/firefox/addon/ublock-origin/,783,nl
addons.mozilla.org/en-US/firefox/addon/video-downloadhelper/,70,nl
addons.mozilla.org/nl/firefox/addon/ublock-origin/,221,nl
addons.mozilla.org/en-US/firefox/addon/adblock-plus/,783,nl
addons.mozilla.org/nl/firefox/addon/adblock-plus/,688,nl
addons.mozilla.org/en-US/firefox/addon/easy-youtube-video-download/,620,nl
addons.mozilla.org/nl/android/addon/ublock-origin/,555,nl
addons.mozilla.org/en-US/firefox/addon/archive-ph-oneclick/,512,nl
addons.mozilla.org/nl/android/addon/somtoday-mod/,441,nl
addons.mozilla.org/en-US/firefox/addon/adblock-for-youtube/,364,nl
addons.mozilla.org/nl/firefox/addon/studytools/,361,nl
addons.mozilla.org/nl/firefox/addon/adblock-for-youtube/,355,nl
addons.mozilla.org/en-US/firefox/addon/adblock-for-firefox/,340,nl
addons.mozilla.org/nl/firefox/addon/elvebredd/,332,nl
addons.mozilla.org/en-US/firefox/addon/video-downloader-profession/,327,nl
addons.mozilla.org/en-US/firefox/addon/browsec/,298,nl
addons.mozilla.org/en-US/firefox/addon/tampermonkey/,281,nl
addons.mozilla.org/nl/firefox/addon/serienstream-controls/,271,nl
addons.mozilla.org/nl/firefox/addon/greasemonkey/,262,nl
addons.mozilla.org/nl/firefox/addon/browsec/,261,nl
addons.mozilla.org/en-US/firefox/addon/btroblox/,258,nl
addons.mozilla.org/nl/android/addon/imginn/,225,nl
addons.mozilla.org/nl/firefox/addon/video-downloadhelper/,216,nl
addons.mozilla.org/nl/firefox/addon/rutracker-add-on/,209,nl
addons.mozilla.org/en-US/firefox/addon/1password-x-password-manager/,205,nl
addons.mozilla.org/en-US/firefox/addon/dpstream/versions/,200,nl
addons.mozilla.org/nl/firefox/addon/x-facebook-video-downloader/,199,nl
addons.mozilla.org/en-US/firefox/addon/score808-watch-free-football/,198,nl
addons.mozilla.org/en-US/firefox/addon/studytools/,197,nl
addons.mozilla.org/nl/firefox/addon/vidmo/,191,nl
addons.mozilla.org/en-US/firefox/addon/simple-translate/,190,nl
addons.mozilla.org/nl/firefox/addon/rutracker-add-on/reviews/,184,nl
addons.mozilla.org/nl/firefox/addon/ytmp3-youtube-mp3/,183,nl
addons.mozilla.org/en-US/firefox/addon/torrentz2-magnet-links/,176,nl
addons.mozilla.org/en-US/firefox/addon/ghostery/,175,nl
addons.mozilla.org/en-US/firefox/addon/redgifs-downloader-for-ff/,163,nl
addons.mozilla.org/nl/firefox/addon/adblock-for-firefox/,162,nl
addons.mozilla.org/en-US/firefox/addon/vipleague/,160,nl
addons.mozilla.org/en-US/firefox/addon/uaswitcher/,155,nl
addons.mozilla.org/nl/firefox/addon/savefromnet-helper/,152,nl
addons.mozilla.org/nl/firefox/addon/anoboy2/,149,nl
addons.mozilla.org/nl/firefox/addon/firefox-personas/,147,nl
addons.mozilla.org/en-US/firefox/addon/firebug-and-web-development/,146,nl
addons.mozilla.org/en-US/firefox/addon/soundcloud-dl/,143,nl
addons.mozilla.org/nl/firefox/addon/youtube-ad-auto-skipper/,141,nl
addons.mozilla.org/nl/firefox/addon/skype-web-messenger/,134,nl
addons.mozilla.org/en-US/firefox/addon/cookie-editor/,133,nl
addons.mozilla.org/nl/firefox/addon/easy-youtube-video-download/,128,nl
addons.mozilla.org/nl/firefox/addon/looti-net/reviews/,126,nl
addons.mozilla.org/en-US/firefox/addon/yt1s-youtube-to-mp3-converter/,124,nl
addons.mozilla.org/en-US/firefox/addon/foxyproxy-standard/,121,nl
addons.mozilla.org/nl/firefox/addon/instazoom-mobi/,111,nl
addons.mozilla.org/nl/firefox/addon/veepn-free-fast-security-vpn/,111,nl
addons.mozilla.org/en-US/firefox/addon/lastpass-password-manager/,110,nl
addons.mozilla.org/nl/firefox/addon/opensubtitles/,108,nl
addons.mozilla.org/en-US/firefox/addon/duckduckgo-for-firefox/,106,nl
addons.mozilla.org/nl/firefox/addon/download-fb-videos/,105,nl
addons.mozilla.org/nl/firefox/addon/translater-gt/,99,nl
addons.mozilla.org/nl/firefox/addon/sidebery/,98,nl
addons.mozilla.org/en-US/firefox/addon/block-website/,97,nl
addons.mozilla.org/nl/firefox/addon/facebook-video-downloader-onli/,97,nl
addons.mozilla.org/nl/firefox/addon/wareztuga/,95,nl
addons.mozilla.org/en-US/firefox/addon/veepn-free-fast-security-vpn/,94,nl
addons.mozilla.org/nl/firefox/addon/looti-net/,94,nl
addons.mozilla.org/en-US/firefox/addon/onlymp3/,90,nl
addons.mozilla.org/en-US/firefox/addon/linkvertise/,89,nl
addons.mozilla.org/en-US/firefox/addon/dark-mode-webextension/,89,nl
addons.mozilla.org/en-US/firefox/addon/gogoanime-plus/,88,nl
addons.mozilla.org/nl/firefox/addon/twitter-x-video-downloader/,86,nl
addons.mozilla.org/nl/firefox/addon/gayromeo/versions/,85,nl
addons.mozilla.org/nl/firefox/addon/rutor_torrent_search/,84,nl
addons.mozilla.org/en-US/firefox/addon/sponsorblock/,83,nl
addons.mozilla.org/en-US/firefox/addon/tineye-reverse-image-search/,83,nl
addons.mozilla.org/en-US/firefox/addon/savefromnet-helper/,83,nl
addons.mozilla.org/nl/android/addon/rutracker-add-on/,83,nl
addons.mozilla.org/en-US/firefox/addon/mozilla-personas/,78,nl
addons.mozilla.org/nl/firefox/addon/tribal-wars-plemiona/reviews/?score=2,77,nl
addons.mozilla.org/nl/firefox/addon/storiesig/,77,nl
addons.mozilla.org/nl/firefox/addon/animedao-city/versions/,77,nl
addons.mozilla.org/en-US/firefox/addon/automatic-adskipper/,76,nl
addons.mozilla.org/en-US/firefox/addon/reddit-enhancement-suite/,76,nl
addons.mozilla.org/ru/firefox/addon/rutracker-add-on/,76,nl
addons.mozilla.org/nl/firefox/addon/mp3juices/,76,nl
addons.mozilla.org/en-US/firefox/addon/stylish/,75,nl
addons.mozilla.org/en-US/firefox/addon/popup-blocker-ultimate/,73,nl
addons.mozilla.org/nl/firefox/addon/kadaza-the-ultimate-homepage/,71,nl
addons.mozilla.org/nl/firefox/addon/coin-master-free-spins/,70,nl
addons.mozilla.org/nl/firefox/addon/youtube-converter-downloader/,70,nl
addons.mozilla.org/en-US/android/addon/ublock-origin/,69,nl
addons.mozilla.org/en-US/firefox/addon/free-video-downloader/,68,nl
addons.mozilla.org/en-US/firefox/addon/tonec-idm-integration-module/,68,nl
addons.mozilla.org/en-US/firefox/addon/auto-bypasser/,66,nl
addons.mozilla.org/en-US/firefox/addon/firefox-personas/,66,nl
addons.mozilla.org/nl/firefox/addon/google-uk-search/,63,nl
addons.mozilla.org/en-US/firefox/addon/darkreader/,63,nl
addons.mozilla.org/en-US/firefox/addon/rutracker-add-on/,63,nl
addons.mozilla.org/en-CA/firefox/addon/roduo-new-experience-of-roblox/reviews/,62,nl
addons.mozilla.org/en-US/firefox/addon/notionfarsi-rtl/,62,nl
addons.mozilla.org/en-US/firefox/addon/myfreemp3/,61,nl
addons.mozilla.org/en-GB/firefox/addon/wefwef/versions/,57,nl
addons.mozilla.org/nl/firefox/addon/xxxxxxxxxxxxxxxxxx/reviews/?score=2,57,nl
addons.mozilla.org/nl/firefox/addon/roll20-enhancement-suite/,57,nl
addons.mozilla.org/en-US/firefox/addon/bitwarden-password-manager/,57,nl
addons.mozilla.org/nl/firefox/addon/openload/reviews/,56,nl
addons.mozilla.org/en-US/firefox/addon/user-agent-string-switcher/,55,nl
addons.mozilla.org/nl/firefox/addon/reddit-enhancement-suite/,55,nl
addons.mozilla.org/nl/firefox/addon/boxel-rebound-game/,54,nl
addons.mozilla.org/en-CA/firefox/addon/shankar-kewat/reviews/?score=5,54,nl
addons.mozilla.org/nl/firefox/addon/tonec-idm-integration-module/,54,nl
addons.mozilla.org/kab/firefox/addon/studytools/?utm_source=addons.mozilla.org&utm_medium=referral&utm_content=search,54,nl
addons.mozilla.org/nl/firefox/addon/video-downloader-prime/,53,nl
addons.mozilla.org/en-US/firefox/addon/bannerbanner/,51,nl
addons.mozilla.org/en-US/firefox/addon/website-image-downloader/,50,nl
addons.mozilla.org/nl/firefox/addon/betrap-de-makelaar/,50,nl
addons.mozilla.org/en-GB/firefox/addon/ublock-origin/,111,uk
addons.mozilla.org/en-GB/firefox/addon/vipleague/,170,uk
addons.mozilla.org/en-GB/firefox/addon/adblock-plus/,65,uk
addons.mozilla.org/en-GB/firefox/addon/video-downloadhelper/,51,uk
addons.mozilla.org/en-GB/firefox/addon/easy-youtube-video-download/,4,uk
addons.mozilla.org/en-GB/firefox/addon/ether-metamask/,993,uk
addons.mozilla.org/en-GB/firefox/addon/browsec/,875,uk
addons.mozilla.org/en-GB/firefox/addon/adblock-for-firefox/,859,uk
addons.mozilla.org/en-GB/firefox/addon/firebug-and-web-development/,699,uk
addons.mozilla.org/en-US/firefox/addon/duckduckgo-for-firefox/,615,uk
addons.mozilla.org/en-GB/firefox/addon/animepahe-auto-downloader/,550,uk
addons.mozilla.org/en-GB/firefox/addon/adblock-for-youtube/,542,uk
addons.mozilla.org/en-GB/firefox/addon/imginn/reviews/,500,uk
addons.mozilla.org/en-GB/android/addon/pstream-extension/,494,uk
addons.mozilla.org/en-GB/firefox/addon/torrentz2-magnet-links/,481,uk
addons.mozilla.org/en-US/firefox/addon/netflix-movie-ratings/,462,uk
addons.mozilla.org/en-GB/firefox/addon/vidmo/,434,uk
addons.mozilla.org/en-GB/firefox/addon/font-inspect/,418,uk
addons.mozilla.org/en-GB/firefox/addon/mywape-url-updater/,411,uk
addons.mozilla.org/en-GB/firefox/addon/block-website/,398,uk
addons.mozilla.org/en-GB/firefox/addon/veepn-free-fast-security-vpn/,393,uk
addons.mozilla.org/en-GB/firefox/addon/auto-bypasser/,383,uk
addons.mozilla.org/en-GB/firefox/addon/uaswitcher/,344,uk
addons.mozilla.org/en-GB/firefox/addon/btroblox/,321,uk
addons.mozilla.org/en-GB/firefox/addon/tampermonkey/,299,uk
addons.mozilla.org/en-GB/firefox/addon/darkreader/,299,uk
addons.mozilla.org/en-GB/firefox/addon/temp-email/,294,uk
addons.mozilla.org/en-GB/firefox/addon/linkvertise/,283,uk
addons.mozilla.org/en-GB/firefox/addon/foxyproxy-standard/,278,uk
addons.mozilla.org/en-GB/firefox/addon/cookie-editor/,273,uk
addons.mozilla.org/en-US/firefox/addon/nitter/,273,uk
addons.mozilla.org/en-GB/android/addon/ublock-origin/,272,uk
addons.mozilla.org/en-GB/firefox/addon/pbit_ru/reviews/,272,uk
addons.mozilla.org/en-GB/firefox/addon/video-downloader-profession/,271,uk
addons.mozilla.org/en-US/firefox/addon/vidstream/versions/,269,uk
addons.mozilla.org/en-GB/firefox/addon/lightbeam-chikl/,267,uk
addons.mozilla.org/en-GB/firefox/addon/numberle/,264,uk
addons.mozilla.org/en-GB/firefox/addon/tab-auto-refresh/,255,uk
addons.mozilla.org/en-GB/firefox/addon/ublock-origin/versions/,253,uk
addons.mozilla.org/en-GB/firefox/addon/sponsorblock/,249,uk
addons.mozilla.org/en-GB/firefox/addon/youtube-downloader-udl-helper/,247,uk
addons.mozilla.org/en-US/firefox/addon/vipleague/,243,uk
addons.mozilla.org/en-GB/firefox/addon/honey/,240,uk
addons.mozilla.org/en-GB/firefox/addon/fmhy-safeguard/,236,uk
addons.mozilla.org/en-GB/firefox/addon/rutracker_torrent_search/,235,uk
addons.mozilla.org/en-GB/firefox/addon/stylish/,235,uk
addons.mozilla.org/en-GB/firefox/addon/insta-viewer/,233,uk
addons.mozilla.org/en-GB/firefox/addon/coin-master-free-spins/,231,uk
addons.mozilla.org/en-GB/firefox/addon/audiobookbay-magnet-assistant/,224,uk
addons.mozilla.org/en-GB/firefox/addon/audio-downloader-prime/,215,uk
addons.mozilla.org/en-GB/firefox/addon/redgifs-downloader-for-ff/,213,uk
addons.mozilla.org/en-GB/firefox/addon/loader-to-all-in-1-downloader/,212,uk
addons.mozilla.org/en-GB/firefox/addon/mybib-citation-generator/,207,uk
addons.mozilla.org/en-GB/firefox/addon/privacy-badger17/,205,uk
addons.mozilla.org/en-GB/firefox/addon/dark-mode-webextension/,201,uk
addons.mozilla.org/en-GB/firefox/addon/youtube-to-mp3-wext/,198,uk
addons.mozilla.org/en-GB/firefox/addon/simple-translate/,198,uk
addons.mozilla.org/en-GB/firefox/addon/location-guard/,192,uk
addons.mozilla.org/en-GB/firefox/addon/twitch_5/,190,uk
addons.mozilla.org/en-GB/firefox/addon/soundgasm-downloader/,186,uk
addons.mozilla.org/en-GB/firefox/addon/looti-net/versions/,181,uk
addons.mozilla.org/en-GB/firefox/addon/sidebery/,178,uk
addons.mozilla.org/en-US/firefox/addon/دانلود-فیلم-سکسی/versions/,178,uk
addons.mozilla.org/en-GB/firefox/addon/web-telegram-online/,176,uk
addons.mozilla.org/en-US/firefox/addon/vipleague/versions/,171,uk
addons.mozilla.org/en-GB/firefox/addon/tineye-reverse-image-search/,162,uk
addons.mozilla.org/en-GB/firefox/addon/download-mp3-youtube/,160,uk
addons.mozilla.org/en-GB/firefox/addon/ropro-pay-gorn/,160,uk
addons.mozilla.org/en-US/firefox/addon/veepn-free-fast-security-vpn/,156,uk
addons.mozilla.org/en-GB/firefox/addon/download-images-from-tabs/,155,uk
addons.mozilla.org/en-GB/firefox/addon/old-reddit-viewer/,155,uk
addons.mozilla.org/en-US/firefox/addon/gogoanime-plus/,155,uk
addons.mozilla.org/en-GB/firefox/addon/multi-account-containers/,153,uk
addons.mozilla.org/en-GB/firefox/addon/septle/reviews/,153,uk
addons.mozilla.org/en-GB/firefox/addon/zzup-downloader/,152,uk
addons.mozilla.org/en-GB/firefox/addon/netflix-ad-skipper/,150,uk
addons.mozilla.org/en-GB/firefox/addon/minerblock-origin/,150,uk
addons.mozilla.org/en-GB/firefox/addon/sci-hub-se-now/,148,uk
addons.mozilla.org/en-GB/firefox/addon/soundcloud-dl/,146,uk
addons.mozilla.org/en-GB/android/addon/adblock-plus/,140,uk
addons.mozilla.org/en-GB/firefox/addon/user-agent-string-switcher/,136,uk
addons.mozilla.org/en-GB/firefox/addon/vipleague/versions/,135,uk
addons.mozilla.org/en-GB/firefox/addon/csgofloat/,135,uk
addons.mozilla.org/en-GB/firefox/addon/twitter-x-video-downloader/,134,uk
addons.mozilla.org/en-GB/firefox/addon/video-hunter-downloader/,132,uk
addons.mozilla.org/en-GB/firefox/addon/react-devtools/,131,uk
addons.mozilla.org/en-GB/firefox/addon/download-accelerator/,131,uk
addons.mozilla.org/en-GB/firefox/addon/downloader-4-reddit-redditsave/,129,uk
addons.mozilla.org/en-GB/firefox/addon/advanced-image-search/,127,uk
addons.mozilla.org/en-US/firefox/addon/roblox-game-downloader/,126,uk
addons.mozilla.org/en-GB/firefox/addon/to-anna-s-archive/,123,uk
addons.mozilla.org/en-GB/firefox/addon/turbo_vpn/,123,uk
addons.mozilla.org/pa-IN/android/addon/sumering/reviews/,123,uk
addons.mozilla.org/en-GB/firefox/addon/traduzir-paginas-web/,120,uk
addons.mozilla.org/en-GB/firefox/addon/scrolller-saver/,119,uk
addons.mozilla.org/en-GB/firefox/addon/tpb-proxy-resolver/reviews/,119,uk
addons.mozilla.org/en-GB/firefox/addon/reddit-enhancement-suite/,118,uk
addons.mozilla.org/en-GB/firefox/addon/change-geolocation-locguard/,117,uk
addons.mozilla.org/en-GB/firefox/addon/setupvpn/,116,uk
addons.mozilla.org/en-GB/firefox/addon/sky-follower-bridge/,116,uk
addons.mozilla.org/en-US/firefox/addon/cookie-editor/,113,uk
addons.mozilla.org/en-GB/firefox/addon/free-vpn-proxy-planetvpn/,113,uk
addons.mozilla.org/en-GB/firefox/addon/adblocker-ultimate/,108,uk
addons.mozilla.org/en-GB/firefox/addon/x-change-life-helper/,107,uk
addons.mozilla.org/en-GB/firefox/addon/viewstats-youtube-analytics/,106,uk
addons.mozilla.org/en-GB/firefox/addon/animepahe-plus/,102,uk
addons.mozilla.org/en-GB/firefox/addon/telegramdownloader/,101,uk
addons.mozilla.org/en-GB/firefox/addon/ok-downloader-idl-helper/,101,uk
addons.mozilla.org/en-GB/firefox/addon/videochat-extension-ip-locator/,98,uk
addons.mozilla.org/en-GB/firefox/addon/video-downloader-prime/,98,uk
addons.mozilla.org/en-US/firefox/addon/savefromnet-helper/,98,uk
addons.mozilla.org/en-GB/firefox/addon/clippings/,95,uk
addons.mozilla.org/en-GB/firefox/addon/1v1-lol-unblocked/,89,uk
addons.mozilla.org/en-GB/firefox/addon/4chanx/,89,uk
addons.mozilla.org/en-GB/firefox/addon/return-youtube-dislikes/,87,uk
addons.mozilla.org/en-GB/firefox/addon/ytmp3convert/,87,uk
addons.mozilla.org/en-GB/firefox/addon/basket-random-unblocked/versions/,86,uk
addons.mozilla.org/en-GB/firefox/addon/mp3juice/,84,uk
addons.mozilla.org/en-GB/firefox/addon/onlymp3/versions/,84,uk
addons.mozilla.org/en-GB/firefox/addon/greasemonkey/,83,uk
addons.mozilla.org/en-US/firefox/addon/no-seen/,82,uk
addons.mozilla.org/en-GB/firefox/addon/scdl/,82,uk
addons.mozilla.org/en-GB/firefox/addon/animeflix-buzz/,81,uk
addons.mozilla.org/en-GB/firefox/addon/free-download-manager-addon/,80,uk
addons.mozilla.org/en-GB/firefox/addon/i-dont-care-about-cookies/,78,uk
addons.mozilla.org/en-GB/firefox/addon/rosearcher/,78,uk
addons.mozilla.org/en-GB/firefox/addon/the-terabox-downloader/,78,uk
addons.mozilla.org/en-GB/firefox/addon/torrentz2-magnet-links/reviews/?score=5&page=2,77,uk
addons.mozilla.org/en-GB/firefox/addon/cookie-remover/,77,uk
addons.mozilla.org/en-US/firefox/addon/pokémon-fusion-generator/,76,uk
addons.mozilla.org/en-US/firefox/addon/ublock-origin/,76,uk
addons.mozilla.org/en-GB/firefox/addon/purpleadblock/,73,uk
addons.mozilla.org/en-GB/firefox/addon/styl-us/,73,uk
addons.mozilla.org/ia/android/addon/torrentz2-magnet-links/,72,uk
addons.mozilla.org/en-GB/firefox/addon/docsafterdark/,72,uk
addons.mozilla.org/en-GB/firefox/addon/firemonkey/,72,uk
addons.mozilla.org/en-US/firefox/addon/metastream/,71,uk
addons.mozilla.org/en-GB/firefox/addon/gematria-calculator/,70,uk
addons.mozilla.org/en-GB/android/addon/savetube/,70,uk
addons.mozilla.org/en-GB/firefox/addon/video-downloader-player/,70,uk
addons.mozilla.org/en-GB/firefox/addon/cat-catch/,70,uk
addons.mozilla.org/en-GB/firefox/addon/facebook-video-downloader-onli/,70,uk
addons.mozilla.org/en-GB/firefox/addon/opensubtitles/,70,uk
addons.mozilla.org/en-US/firefox/addon/soundcloud-dl/,69,uk
addons.mozilla.org/en-US/firefox/addon/wayback-machine_new/,68,uk
addons.mozilla.org/en-GB/firefox/addon/roblox-plus-firefox/,66,uk
addons.mozilla.org/en-GB/android/addon/rutracker_torrent_search/,66,uk
addons.mozilla.org/en-GB/firefox/addon/1password-x-password-manager/,66,uk
addons.mozilla.org/en-GB/firefox/addon/disposable-temporary-email/,66,uk
addons.mozilla.org/en-GB/firefox/addon/cnfans-vladreps/,65,uk
addons.mozilla.org/en-GB/firefox/addon/sz-games-portable/,64,uk
addons.mozilla.org/en-GB/firefox/addon/redgifs-downloader-for-ff/versions/,64,uk
addons.mozilla.org/en-GB/firefox/addon/ytmp4-downloader/reviews/,63,uk
addons.mozilla.org/en-GB/firefox/addon/discrub/,63,uk
addons.mozilla.org/en-GB/firefox/addon/mozilla-personas/,63,uk
addons.mozilla.org/en-GB/firefox/addon/youtube_adblock/,62,uk
addons.mozilla.org/en-GB/firefox/addon/anonymous-story-viewer/,62,uk
addons.mozilla.org/en-GB/firefox/addon/infamous-gangsters/versions/,62,uk
addons.mozilla.org/en-GB/firefox/addon/saucenao/,61,uk
addons.mozilla.org/en-GB/firefox/addon/score808-watch-free-football/reviews/,60,uk
addons.mozilla.org/en-GB/firefox/addon/cobalt-downloader-for-youtube/,60,uk
addons.mozilla.org/en-US/firefox/addon/wareztuga/versions/,59,uk
addons.mozilla.org/en-GB/firefox/addon/adguard-adblocker/,59,uk
addons.mozilla.org/en-GB/firefox/addon/movie-web-extension/,59,uk
addons.mozilla.org/en-GB/firefox/addon/downthemall/,59,uk
addons.mozilla.org/en-GB/firefox/addon/youtube-ad-auto-skipper/,58,uk
addons.mozilla.org/en-GB/firefox/addon/madalin-stunt-cars-2-basic/,58,uk
addons.mozilla.org/en-GB/firefox/addon/tab-image-saver/,57,uk
addons.mozilla.org/en-US/firefox/addon/thumbnail-downloader/,57,uk
addons.mozilla.org/en-GB/firefox/addon/dogpile-search/,57,uk
addons.mozilla.org/en-GB/firefox/addon/leechblock-ng/,57,uk
addons.mozilla.org/en-GB/firefox/addon/temporary-email-emailondeck/,56,uk
addons.mozilla.org/en-US/firefox/addon/w2g/,54,uk
addons.mozilla.org/en-GB/firefox/addon/etc2/,54,uk
addons.mozilla.org/en-GB/firefox/addon/wappalyzer/,54,uk
addons.mozilla.org/en-GB/firefox/addon/proxtube/,54,uk
addons.mozilla.org/en-GB/firefox/addon/hoxx-vpn-proxy/,54,uk
addons.mozilla.org/en-GB/firefox/addon/chesscheat/,53,uk
addons.mozilla.org/en-GB/firefox/addon/editthiscookie-lastest-edition/,52,uk
addons.mozilla.org/en-GB/firefox/addon/open-multiple-urls/,52,uk
addons.mozilla.org/en-GB/firefox/addon/septle/,52,uk
addons.mozilla.org/en-GB/firefox/addon/telegram-downloader/,52,uk
addons.mozilla.org/en-GB/firefox/addon/webcricket/reviews/,52,uk
addons.mozilla.org/en-GB/firefox/addon/bannerbanner/,51,uk
addons.mozilla.org/en-US/firefox/addon/link-bypass-safe-clean-expand/,51,uk
addons.mozilla.org/en-GB/firefox/addon/localcdn-fork-of-decentraleyes/,51,uk
addons.mozilla.org/en-GB/firefox/addon/auto-refresh-page/,51,uk
addons.mozilla.org/en-GB/firefox/addon/just-monika-screen-saver/,51,uk
addons.mozilla.org/en-US/firefox/addon/coinmastervillage-cost-calcula/,50,uk
addons.mozilla.org/en-GB/firefox/addon/buster-captcha-solver/,50,uk
addons.mozilla.org/en-GB/firefox/addon/1080-bilibili-video-downloader/,50,uk
addons.mozilla.org/en-GB/firefox/addon/imgops-photo-finder/,50,uk
addons.mozilla.org/en-GB/firefox/addon/looti-net/reviews/,50,uk
addons.mozilla.org/en-US/firefox/addon/ublock-origin/,449,au
addons.mozilla.org/en-US/firefox/addon/video-downloadhelper/,998,au
addons.mozilla.org/en-US/firefox/addon/adblock-plus/,838,au
addons.mozilla.org/en-US/firefox/addon/easy-youtube-video-download/,755,au
addons.mozilla.org/en-US/firefox/addon/adblock-for-youtube/,558,au
addons.mozilla.org/en-US/firefox/addon/tampermonkey/,377,au
addons.mozilla.org/en-US/firefox/addon/adblock-for-firefox/,285,au
addons.mozilla.org/en-GB/firefox/addon/imginn/reviews/,271,au
addons.mozilla.org/en-US/firefox/addon/browsec/,270,au
addons.mozilla.org/en-US/firefox/addon/myinstants/,259,au
addons.mozilla.org/en-US/firefox/addon/btroblox/,229,au
addons.mozilla.org/en-US/firefox/addon/video-downloader-profession/,222,au
addons.mozilla.org/en-US/firefox/addon/firefox-personas/,216,au
addons.mozilla.org/en-US/firefox/addon/reddit-enhancement-suite/,213,au
addons.mozilla.org/en-US/firefox/addon/mis-webmail/,200,au
addons.mozilla.org/en-US/firefox/addon/duckduckgo-for-firefox/,194,au
addons.mozilla.org/en-US/firefox/addon/cookiebro/,194,au
addons.mozilla.org/en-US/android/addon/pstream-extension/,188,au
addons.mozilla.org/en-US/firefox/addon/numberle/,187,au
addons.mozilla.org/en-US/firefox/addon/darkreader/,186,au
addons.mozilla.org/en-US/firefox/addon/ublock-origin/versions/,182,au
addons.mozilla.org/en-US/firefox/addon/1password-x-password-manager/,176,au
addons.mozilla.org/en-US/firefox/addon/simple-translate/,161,au
addons.mozilla.org/en-US/firefox/addon/greasemonkey/,159,au
addons.mozilla.org/en-US/firefox/addon/vipleague/versions/,158,au
addons.mozilla.org/en-US/firefox/addon/firebug-and-web-development/,139,au
addons.mozilla.org/en-US/android/addon/mywape-url-updater/reviews/?utm_content=search&utm_medium=referral&utm_source=addons.mozilla.org,134,au
addons.mozilla.org/en-US/firefox/addon/sponsorblock/,130,au
addons.mozilla.org/en-US/firefox/addon/foxyproxy-standard/,122,au
addons.mozilla.org/en-US/firefox/addon/redgifs-downloader-for-ff/,120,au
addons.mozilla.org/en-US/firefox/addon/auto-bypasser/,119,au
addons.mozilla.org/en-US/firefox/addon/uaswitcher/,115,au
addons.mozilla.org/en-US/firefox/addon/soundcloud-dl/,112,au
addons.mozilla.org/en-US/firefox/addon/block-website/,106,au
addons.mozilla.org/en-US/firefox/addon/torrentz2-magnet-links/,105,au
addons.mozilla.org/en-US/firefox/addon/tetrys/,104,au
addons.mozilla.org/en-US/firefox/addon/font-inspect/,103,au
addons.mozilla.org/en-US/firefox/addon/vipleague/,99,au
addons.mozilla.org/en-US/android/addon/adblock-plus/,96,au
addons.mozilla.org/en-US/firefox/addon/iwara_downloader/,95,au
addons.mozilla.org/en-US/firefox/addon/ether-metamask/,93,au
addons.mozilla.org/en-US/firefox/addon/veepn-free-fast-security-vpn/,92,au
addons.mozilla.org/en-US/firefox/addon/stylish/,88,au
addons.mozilla.org/en-US/firefox/addon/honey/,87,au
addons.mozilla.org/en-US/firefox/addon/privacy-badger17/,86,au
addons.mozilla.org/en-US/firefox/addon/woolworths-trend/,85,au
addons.mozilla.org/en-US/firefox/addon/ytmp4-downloader/,83,au
addons.mozilla.org/en-US/firefox/addon/video-downloader-player/,81,au
addons.mozilla.org/en-US/firefox/addon/youtube-to-mp3-wext/,81,au
addons.mozilla.org/en-US/android/addon/ublock-origin/,79,au
addons.mozilla.org/en-US/firefox/addon/anonymous-story-viewer/,79,au
addons.mozilla.org/en-US/firefox/addon/sidebery/,79,au
addons.mozilla.org/en-US/firefox/addon/automatic-adskipper/,78,au
addons.mozilla.org/es-AR/firefox/addon/basket-random-unblocked/,75,au
addons.mozilla.org/en-US/firefox/addon/mozilla-personas/,74,au
addons.mozilla.org/en-US/firefox/addon/tpb-proxy-resolver/reviews/,72,au
addons.mozilla.org/en-US/firefox/addon/user-agent-string-switcher/,71,au
addons.mozilla.org/en-US/firefox/addon/video-downloadhelper/versions/,71,au
addons.mozilla.org/en-US/firefox/addon/gogoanime-plus/,69,au
addons.mozilla.org/en-US/firefox/addon/lastpass-password-manager/,68,au
addons.mozilla.org/en-US/firefox/addon/brocoflix-episode-navigator/reviews/,65,au
addons.mozilla.org/en-US/firefox/addon/ytmp3-youtube-mp3/versions/,63,au
addons.mozilla.org/en-US/firefox/addon/return-youtube-dislikes/,60,au
addons.mozilla.org/en-US/firefox/addon/free-video-downloader/,59,au
addons.mozilla.org/en-US/firefox/addon/betterseqta-plus/,57,au
addons.mozilla.org/en-US/firefox/addon/traduzir-paginas-web/,57,au
addons.mozilla.org/en-US/firefox/addon/lightbeam-chikl/,56,au
addons.mozilla.org/en-US/firefox/addon/insta-viewer/,55,au
addons.mozilla.org/en-US/firefox/addon/snaplinksplus/,55,au
addons.mozilla.org/en-US/firefox/addon/video-downloader-prime/,55,au
addons.mozilla.org/en-GB/firefox/addon/slither-io-unblocked-mods/versions/,54,au
addons.mozilla.org/en-US/firefox/addon/ublock-origin-lite-proxy/,53,au
addons.mozilla.org/en-US/firefox/addon/download-mp3-youtube/,51,au
addons.mozilla.org/en-US/firefox/addon/youtube_downloader/,51,au
addons.mozilla.org/en-US/firefox/addon/cookie-editor/,50,au
addons.mozilla.org/en-US/firefox/addon/instasave-pro/,2,tr
addons.mozilla.org/tr/firefox/addon/browsec/,3,tr
addons.mozilla.org/tr/firefox/addon/vidmo/,23,tr
addons.mozilla.org/en-US/firefox/addon/ether-metamask/,949,tr
addons.mozilla.org/tr/firefox/addon/ublock-origin/,905,tr
addons.mozilla.org/en-US/firefox/addon/btroblox/,880,tr
addons.mozilla.org/tr/firefox/addon/adguard-adblocker/,850,tr
addons.mozilla.org/en-US/firefox/addon/storiesig/,784,tr
addons.mozilla.org/tr/firefox/addon/adblock-plus/,693,tr
addons.mozilla.org/tr/firefox/addon/zenmate-free-vpn-best/,636,tr
addons.mozilla.org/tr/firefox/addon/adblock-for-firefox/,558,tr
addons.mozilla.org/tr/firefox/addon/free-es/versions/,511,tr
addons.mozilla.org/tr/firefox/addon/veepn-free-fast-security-vpn/,462,tr
addons.mozilla.org/tr/firefox/addon/free-vpn-proxy-planetvpn/,448,tr
addons.mozilla.org/tr/firefox/addon/rusvpn-free-vpn/,442,tr
addons.mozilla.org/tr/firefox/addon/instazoom/versions/,407,tr
addons.mozilla.org/tr/firefox/addon/imacros-for-chrome/reviews/,406,tr
addons.mozilla.org/en-US/firefox/addon/uaswitcher/,383,tr
addons.mozilla.org/en-US/firefox/addon/ublock-origin/,351,tr
addons.mozilla.org/tr/firefox/addon/adblock-for-youtube/,336,tr
addons.mozilla.org/en-US/firefox/addon/kproxy-extension/,328,tr
addons.mozilla.org/tr/firefox/addon/video-downloadhelper/,311,tr
addons.mozilla.org/tr/firefox/addon/zenmate-free-vpn-best/versions/,308,tr
addons.mozilla.org/tr/firefox/addon/x-twitter-video-downloader/,308,tr
addons.mozilla.org/tr/firefox/addon/torrentz2-magnet-links/reviews/?score=5&page=2,297,tr
addons.mozilla.org/en-US/firefox/addon/worm-world-connect/,262,tr
addons.mozilla.org/tr/firefox/addon/linkvertise/,243,tr
addons.mozilla.org/tr/firefox/addon/tonec-idm-integration-module/,243,tr
addons.mozilla.org/tr/firefox/addon/warez-bb/reviews/?score=3,225,tr
addons.mozilla.org/en-US/firefox/addon/myinstants/,221,tr
addons.mozilla.org/tr/firefox/addon/cps-test-clicks-per-second/,220,tr
addons.mozilla.org/en-US/firefox/addon/filterbypass/,220,tr
addons.mozilla.org/tr/firefox/addon/imacros-for-chrome/,217,tr
addons.mozilla.org/tr/firefox/addon/xxxxxxxxxxxxxxxxxx/versions/,215,tr
addons.mozilla.org/en-US/firefox/addon/zjm-whatfont/,199,tr
addons.mozilla.org/tr/firefox/addon/volumemasterplus/,180,tr
addons.mozilla.org/tr/firefox/addon/easy-youtube-video-download/,177,tr
addons.mozilla.org/en-US/firefox/addon/video-downloadhelper/,177,tr
addons.mozilla.org/tr/firefox/addon/soundcloud-dl/,173,tr
addons.mozilla.org/tr/firefox/addon/tampermonkey/,168,tr
addons.mozilla.org/es-MX/firefox/addon/uzak-sehir-13-bolum-izle-full/,166,tr
addons.mozilla.org/tr/firefox/addon/direct-apk-downloader-2018/reviews/,159,tr
addons.mozilla.org/tr/firefox/addon/rusvpn-free-vpn/versions/,152,tr
addons.mozilla.org/tr/firefox/addon/betterttv/,150,tr
addons.mozilla.org/tr/firefox/addon/darkreader/,148,tr
addons.mozilla.org/tr/firefox/addon/delta-executor-script-manager/,145,tr
addons.mozilla.org/tr/firefox/addon/clipconverter-lite/,141,tr
addons.mozilla.org/tr/firefox/addon/ssstik-tiktok-downloader/,140,tr
addons.mozilla.org/en-US/firefox/addon/easy-youtube-video-download/,138,tr
addons.mozilla.org/tr/firefox/addon/spend-bill-gates-money-tab/reviews/,134,tr
addons.mozilla.org/tr/firefox/addon/sejda-pdf-editor/,133,tr
addons.mozilla.org/en-US/firefox/addon/adblock-plus/,131,tr
addons.mozilla.org/tr/firefox/addon/nano-defender-firefox/,131,tr
addons.mozilla.org/tr/firefox/addon/ferp/,131,tr
addons.mozilla.org/en-US/firefox/addon/cookie-editor/,130,tr
addons.mozilla.org/tr/firefox/addon/traduzir-paginas-web/,127,tr
addons.mozilla.org/tr/firefox/addon/wappalyzer/,126,tr
addons.mozilla.org/en-US/firefox/addon/tineye-reverse-image-search/,125,tr
addons.mozilla.org/tr/firefox/addon/temp-gmail-pro/,123,tr
addons.mozilla.org/en-US/firefox/addon/foxyproxy-standard/,122,tr
addons.mozilla.org/tr/firefox/addon/savefromnet-helper/,122,tr
addons.mozilla.org/en-US/firefox/addon/flash-player-emulator/,122,tr
addons.mozilla.org/tr/firefox/addon/worm-world-connect/versions/,120,tr
addons.mozilla.org/tr/firefox/addon/adguard-vpn/,119,tr
addons.mozilla.org/tr/firefox/addon/japscan-downloader/reviews/,117,tr
addons.mozilla.org/en-US/firefox/addon/how-long-to-beat-search/,114,tr
addons.mozilla.org/en-US/firefox/addon/absolute-enable-right-click/,111,tr
addons.mozilla.org/tr/firefox/addon/skype-web-messenger/,108,tr
addons.mozilla.org/en-US/firefox/addon/sakir-pasa-ailesi-6-bolum/,108,tr
addons.mozilla.org/en-US/firefox/addon/adblock-for-firefox/,105,tr
addons.mozilla.org/tr/firefox/addon/botrix/,104,tr
addons.mozilla.org/en-US/firefox/addon/tonec-idm-integration-module/,103,tr
addons.mozilla.org/tr/firefox/addon/vkontakte-download/,100,tr
addons.mozilla.org/tr/firefox/addon/600-sound-volume/,99,tr
addons.mozilla.org/tr/firefox/addon/y2mate-youtube-to-mp3-convert/,99,tr
addons.mozilla.org/tr/firefox/addon/cookie-quick-manager/,98,tr
addons.mozilla.org/en-US/firefox/addon/udemy-downloader/,98,tr
addons.mozilla.org/tr/firefox/addon/adblocker-ultimate/,96,tr
addons.mozilla.org/tr/firefox/addon/vpn-free-betternet-proxy/,95,tr
addons.mozilla.org/tr/firefox/addon/btroblox/,95,tr
addons.mozilla.org/tr/firefox/addon/eztv-tools/,95,tr
addons.mozilla.org/en-US/firefox/addon/uzak-sehir-13-bolum-izle-full/,92,tr
addons.mozilla.org/tr/firefox/addon/ropro-pay-gorn/,90,tr
addons.mozilla.org/en-US/firefox/addon/i-dont-care-about-cookies/,88,tr
addons.mozilla.org/tr/firefox/addon/mp3-downloader-youtube/,87,tr
addons.mozilla.org/en-US/firefox/addon/vipleague/,84,tr
addons.mozilla.org/tr/firefox/addon/y2mate-youtube-to-mp3-convert/reviews/,80,tr
addons.mozilla.org/tr/android/addon/kproxy-extension/reviews/?page=2,79,tr
addons.mozilla.org/tr/firefox/addon/basket-random-unblocked/,79,tr
addons.mozilla.org/tr/firefox/addon/aliexpress-search-by-image-ext/,76,tr
addons.mozilla.org/en-US/firefox/addon/tampermonkey/,76,tr
addons.mozilla.org/tr/firefox/addon/download-pinterest-videos/,75,tr
addons.mozilla.org/tr/firefox/addon/ublock-origin/reviews/?score=1&page=6,75,tr
addons.mozilla.org/tr/firefox/addon/find-it-pro-search/,74,tr
addons.mozilla.org/tr/firefox/addon/windscribe/,71,tr
addons.mozilla.org/tr/firefox/addon/w2g/,68,tr
addons.mozilla.org/en-US/firefox/addon/uvpn-unlimited-vpn/,67,tr
addons.mozilla.org/tr/firefox/addon/proton-vpn-firefox-extension/,67,tr
addons.mozilla.org/tr/firefox/addon/foxyproxy-standard/,66,tr
addons.mozilla.org/en-US/firefox/addon/multithreaded-download-manager/,65,tr
addons.mozilla.org/en-US/firefox/addon/etc2/,65,tr
addons.mozilla.org/tr/firefox/addon/youtube-multi-download/,65,tr
addons.mozilla.org/tr/firefox/addon/torrentz2-magnet-links/,65,tr
addons.mozilla.org/en-US/firefox/addon/intodns-dns-analiz-aracı/,64,tr
addons.mozilla.org/en-US/firefox/addon/darkreader/,63,tr
addons.mozilla.org/en-US/firefox/addon/to-google-translate/,63,tr
addons.mozilla.org/en-US/firefox/addon/youtube-mp4-viewer/,63,tr
addons.mozilla.org/en-US/firefox/addon/dark-mode-webextension/,62,tr
addons.mozilla.org/en-US/firefox/addon/sakir-pasa-ailesi-6-bolum/versions/,60,tr
addons.mozilla.org/tr/firefox/addon/twitter-x-video-gif-downloader/,60,tr
addons.mozilla.org/en-US/firefox/addon/user-agent-string-switcher/,58,tr
addons.mozilla.org/tr/firefox/addon/flash-player-emulator/,58,tr
addons.mozilla.org/tr/firefox/addon/cyberghost-vpn-free-proxy/,57,tr
addons.mozilla.org/tr/firefox/addon/old-design-vk-gold/,57,tr
addons.mozilla.org/en-US/firefox/addon/advanced-image-search/,57,tr
addons.mozilla.org/en-US/firefox/addon/youtube-playlist-duration-calc/,56,tr
addons.mozilla.org/en-US/firefox/addon/hoxx-vpn-proxy/,56,tr
addons.mozilla.org/tr/firefox/addon/vidiq-vision-youtube/,55,tr
addons.mozilla.org/tr/firefox/addon/anonymox/,55,tr
addons.mozilla.org/tr/firefox/addon/cookie-editor/,55,tr
addons.mozilla.org/tr/firefox/addon/snaptube-mp3-youtube-download/,54,tr
addons.mozilla.org/tr/firefox/addon/proxtube/,54,tr
addons.mozilla.org/tr/firefox/addon/free-residential-tuxler-vpn/,53,tr
addons.mozilla.org/en-US/firefox/addon/double-click-image-download/,53,tr
addons.mozilla.org/tr/firefox/addon/adblock-for-youtube-tm/,52,tr
addons.mozilla.org/tr/firefox/addon/dark-mode-webextension/,51,tr
addons.mozilla.org/en-US/firefox/addon/simple-translate/,51,tr
addons.mozilla.org/tr/firefox/addon/buster-captcha-solver/reviews/,51,tr
addons.mozilla.org/en-US/firefox/addon/rusvpn-free-vpn/,51,tr
addons.mozilla.org/en-US/firefox/addon/omegle-webcam-filters/,50,tr
addons.mozilla.org/tr/firefox/addon/twitter-video-indir/,50,tr
addons.mozilla.org/en-US/firefox/addon/absolute-enable-right-click/versions/,50,tr
addons.mozilla.org/tr/firefox/addon/tubidy/,50,tr
addons.mozilla.org/tr/firefox/addon/kingofsat-net-channel-search/,50,tr
addons.mozilla.org/en-US/firefox/addon/savefromnet-helper/,388,in
addons.mozilla.org/en-US/firefox/addon/ublock-origin/,1,in
addons.mozilla.org/en-US/android/addon/torrentz2-magnet-links/reviews/,10,in
addons.mozilla.org/en-US/firefox/addon/easy-youtube-video-download/,1,in
addons.mozilla.org/en-US/firefox/addon/greasemonkey/,1,in
addons.mozilla.org/en-US/firefox/addon/video-downloadhelper/,47,in
addons.mozilla.org/en-GB/firefox/addon/xxxxxxxxxx/,29,in
addons.mozilla.org/en-CA/firefox/addon/animepahe-plus/,76,in
addons.mozilla.org/en-GB/firefox/addon/ytmp4-downloader/,6,in
addons.mozilla.org/en-US/firefox/addon/the-terabox-downloader/,3,in
addons.mozilla.org/en-US/firefox/addon/browsec/,23,in
addons.mozilla.org/en-US/firefox/addon/kproxy-extension/,996,in
addons.mozilla.org/en-US/firefox/addon/foxyproxy-standard/,834,in
addons.mozilla.org/en-US/firefox/addon/download-hub/,830,in
addons.mozilla.org/en-US/firefox/addon/adblock-plus/,825,in
addons.mozilla.org/en-US/android/addon/ublock-origin/,813,in
addons.mozilla.org/en-US/firefox/addon/location-guard/,806,in
addons.mozilla.org/en-US/firefox/addon/mp3skulls-video-to-mp3/,803,in
addons.mozilla.org/en-US/firefox/addon/mp3juice/,758,in
addons.mozilla.org/en-US/firefox/addon/wappalyzer/,737,in
addons.mozilla.org/en-US/firefox/addon/video-downloader-profession/,660,in
addons.mozilla.org/en-US/firefox/addon/veepn-free-fast-security-vpn/,660,in
addons.mozilla.org/en-US/firefox/addon/kuttipencil/,656,in
addons.mozilla.org/en-US/firefox/addon/getfvid-fvideo-downloader/,611,in
addons.mozilla.org/en-US/firefox/addon/gogoanime-plus/,600,in
addons.mozilla.org/en-US/firefox/addon/adblock-for-firefox/,599,in
addons.mozilla.org/en-US/firefox/addon/xsxsxs/versions/,576,in
addons.mozilla.org/en-US/firefox/addon/compress-pdf-to-200kb/,543,in
addons.mozilla.org/en-US/firefox/addon/a-cookie-manager/,505,in
addons.mozilla.org/en-US/firefox/addon/setupvpn/,486,in
addons.mozilla.org/en-US/firefox/addon/tonec-idm-integration-module/,468,in
addons.mozilla.org/en-US/firefox/addon/online-pdf-editor-pdf2go-com/,468,in
addons.mozilla.org/en-US/firefox/addon/ether-metamask/,451,in
addons.mozilla.org/en-US/firefox/addon/manganelo-downloader/,451,in
addons.mozilla.org/en-US/firefox/addon/don-t-fuck-with-paste/,444,in
addons.mozilla.org/en-US/firefox/addon/darkreader/,410,in
addons.mozilla.org/en-US/firefox/addon/vidmo/,408,in
addons.mozilla.org/en-US/firefox/addon/ytmp3-mu/,407,in
addons.mozilla.org/en-US/firefox/addon/wordtune-ai-writing-assistant/,400,in
addons.mozilla.org/en-US/firefox/addon/adblock-for-youtube/,396,in
addons.mozilla.org/en-US/firefox/addon/tampermonkey/,396,in
addons.mozilla.org/en-US/firefox/addon/cookie-editor/,394,in
addons.mozilla.org/en-US/firefox/addon/vid99-by-levscaya/reviews/,392,in
addons.mozilla.org/en-US/firefox/addon/absolute-enable-right-click/,392,in
addons.mozilla.org/en-US/firefox/addon/xxxxxxxxxxxxxxxxxx/reviews/,391,in
addons.mozilla.org/en-US/firefox/addon/save-in/,381,in
addons.mozilla.org/en-US/firefox/addon/youtube-to-mp3-wext/,378,in
addons.mozilla.org/en-US/firefox/addon/ytmp4-downloader/,361,in
addons.mozilla.org/en-US/firefox/addon/myinstants/,357,in
addons.mozilla.org/en-US/firefox/addon/free-youtube-video-downloader/,350,in
addons.mozilla.org/en-US/firefox/addon/download-mp3-youtube/,347,in
addons.mozilla.org/en-US/firefox/addon/zzzwww/reviews/,331,in
addons.mozilla.org/en-US/firefox/addon/font-inspect/,330,in
addons.mozilla.org/en-US/firefox/addon/react-devtools/,330,in
addons.mozilla.org/en-US/firefox/addon/absolute-enable-right-click/versions/,326,in
addons.mozilla.org/en-US/android/addon/darkreader/,322,in
addons.mozilla.org/en-US/firefox/addon/videochat-extension-ip-locator/,314,in
addons.mozilla.org/en-GB/firefox/addon/zzup-downloader/,314,in
addons.mozilla.org/en-US/firefox/addon/savefromnet-helper/versions/,307,in
addons.mozilla.org/en-US/firefox/addon/cookie-quick-manager/,301,in
addons.mozilla.org/en-US/firefox/addon/adguard-adblocker/,297,in
addons.mozilla.org/en-US/firefox/addon/lightshot/,297,in
addons.mozilla.org/en-US/firefox/addon/snaplinksplus/,297,in
addons.mozilla.org/en-US/firefox/addon/ytomp3-online/reviews/,289,in
addons.mozilla.org/en-US/firefox/addon/image-downloader-plus/,286,in
addons.mozilla.org/en-US/firefox/addon/privacy-extension-for-whatsapp/,279,in
addons.mozilla.org/en-US/firefox/addon/colorzilla/,277,in
addons.mozilla.org/en-US/firefox/addon/codeplugin/,270,in
addons.mozilla.org/en-US/firefox/addon/dark-mode-webextension/,267,in
addons.mozilla.org/en-CA/firefox/addon/torrentz2-magnet-links/,266,in
addons.mozilla.org/en-US/firefox/addon/tab-auto-refresh/,245,in
addons.mozilla.org/en-CA/firefox/addon/yt1s/versions/,238,in
addons.mozilla.org/en-US/firefox/addon/auth-helper/,236,in
addons.mozilla.org/en-US/firefox/addon/mp3juices-cc/,232,in
addons.mozilla.org/en-US/firefox/addon/lightning-autofill/,232,in
addons.mozilla.org/en-US/firefox/addon/savetube/,228,in
addons.mozilla.org/en-US/firefox/addon/always-visible/,224,in
addons.mozilla.org/en-US/firefox/addon/youtube-hd-1/,220,in
addons.mozilla.org/en-US/firefox/addon/simple-translate/,214,in
addons.mozilla.org/en-US/firefox/addon/free-download-manager-addon/,207,in
addons.mozilla.org/en-US/firefox/addon/firebug-and-web-development/,203,in
addons.mozilla.org/en-US/firefox/addon/open-multiple-urls/,202,in
addons.mozilla.org/en-US/firefox/addon/multi-account-containers/,200,in
addons.mozilla.org/en-US/firefox/addon/reduxdevtools/,198,in
addons.mozilla.org/en-US/firefox/addon/temp-mail/,197,in
addons.mozilla.org/en-US/firefox/addon/appmia-app/versions/,186,in
addons.mozilla.org/en-US/firefox/addon/etc2/,185,in
addons.mozilla.org/en-US/firefox/addon/hoxx-vpn-proxy/,183,in
addons.mozilla.org/en-US/firefox/addon/zzzwww/versions/,180,in
addons.mozilla.org/en-US/firefox/addon/bfcom-14/versions/,176,in
addons.mozilla.org/en-US/firefox/addon/user-agent-string-switcher/,176,in
addons.mozilla.org/en-US/firefox/addon/seedr-download-manager/,175,in
addons.mozilla.org/en-US/firefox/addon/duckduckgo-for-firefox/,174,in
addons.mozilla.org/en-US/firefox/addon/deepbrid-browser-extension/,171,in
addons.mozilla.org/en-US/firefox/addon/re-enable-right-click/,166,in
addons.mozilla.org/en-US/firefox/addon/access-control-allow-origin/,166,in
addons.mozilla.org/en-US/firefox/addon/fireshot/,165,in
addons.mozilla.org/en-US/firefox/addon/youtube-playlist-duration-calc/,163,in
addons.mozilla.org/en-US/firefox/addon/privacy-badger17/,158,in
addons.mozilla.org/en-US/firefox/addon/btroblox/,156,in
addons.mozilla.org/en-US/firefox/addon/windscribe/,156,in
addons.mozilla.org/en-US/firefox/addon/youtube-tag-extractor/,155,in
addons.mozilla.org/en-US/firefox/addon/change-geolocation-locguard/,153,in
addons.mozilla.org/en-US/firefox/addon/videochat-extension-ip-locator/versions/,152,in
addons.mozilla.org/en-US/firefox/addon/imacros-for-chrome/versions/,152,in
addons.mozilla.org/en-US/firefox/addon/storiesig/versions/,148,in
addons.mozilla.org/en-US/firefox/addon/hide-me-vpn-free-proxy/,148,in
addons.mozilla.org/en-US/firefox/addon/uaswitcher/,148,in
addons.mozilla.org/en-US/firefox/addon/signalhire-best-contact-finder/,145,in
addons.mozilla.org/en-US/firefox/addon/lastpass-password-manager/,145,in
addons.mozilla.org/en-US/firefox/addon/tree-style-tab/,144,in
addons.mozilla.org/en-US/firefox/addon/xxxxxx2/,144,in
addons.mozilla.org/en-US/firefox/addon/sci-hub-se-now/,140,in
addons.mozilla.org/en-US/firefox/addon/mynt/,137,in
addons.mozilla.org/en-US/firefox/addon/free-video-downloader/,136,in
addons.mozilla.org/en-US/firefox/addon/saml-tracer/,135,in
addons.mozilla.org/en-CA/firefox/addon/direct-apk-downloader-2018/,135,in
addons.mozilla.org/en-US/firefox/addon/ytmp4-downloader/reviews/,135,in
addons.mozilla.org/en-US/firefox/addon/chartink-to-tradingview/,133,in
addons.mozilla.org/en-US/firefox/addon/zenmate-free-vpn-best/,133,in
addons.mozilla.org/en-CA/firefox/addon/2048-cupcake/,132,in
addons.mozilla.org/en-US/firefox/addon/phantom-app/,129,in
addons.mozilla.org/en-US/firefox/addon/tpb-proxy-resolver/reviews/,129,in
addons.mozilla.org/en-US/firefox/addon/vidstream/versions/,128,in
addons.mozilla.org/en-US/firefox/addon/simple-mass-downloader/,126,in
addons.mozilla.org/en-US/firefox/addon/sdfsdfds/versions/,122,in
addons.mozilla.org/en-US/firefox/addon/keepa/,122,in
addons.mozilla.org/en-US/firefox/addon/emojikeyboard/,121,in
addons.mozilla.org/en-US/firefox/addon/chropath-for-firefox/,120,in
addons.mozilla.org/en-US/firefox/addon/cexxx/versions/,120,in
addons.mozilla.org/en-US/firefox/addon/wa-direct-message/,111,in
addons.mozilla.org/en-US/firefox/addon/downthemall/,110,in
addons.mozilla.org/en-US/firefox/addon/facebook-video-downloader-onli/,110,in
addons.mozilla.org/en-US/firefox/addon/auto-refresh-page/,109,in
addons.mozilla.org/en-US/firefox/addon/ahrefs-traffic-checker/,106,in
addons.mozilla.org/en-US/firefox/addon/filefoxpl/,104,in
addons.mozilla.org/en-US/firefox/addon/newtab-wallpaper/,100,in
addons.mozilla.org/en-US/firefox/addon/open-in-internet-explorer/,99,in
addons.mozilla.org/en-US/firefox/addon/social-top-vdsxxx-1/,98,in
addons.mozilla.org/en-US/firefox/addon/aip-amazon-price-tracker/,97,in
addons.mozilla.org/en-US/firefox/addon/to-google-translate/,96,in
addons.mozilla.org/en-US/android/addon/wecompress-file-compressor/,95,in
addons.mozilla.org/en-US/firefox/addon/ab-download-manager/,93,in
addons.mozilla.org/en-US/firefox/addon/locoloader/,93,in
addons.mozilla.org/en-CA/firefox/addon/one-click-android-/,93,in
addons.mozilla.org/en-US/firefox/addon/sponsorblock/,91,in
addons.mozilla.org/en-US/firefox/addon/animedao-city/reviews/,90,in
addons.mozilla.org/en-US/firefox/addon/jeevanrekha-formatter/,90,in
addons.mozilla.org/en-US/firefox/addon/editthiscookie-lastest-edition/,89,in
addons.mozilla.org/en-US/firefox/addon/filterbypass/,89,in
addons.mozilla.org/en-US/firefox/addon/cors-everywhere/,88,in
addons.mozilla.org/en-US/firefox/addon/madalin-stunt-cars-2-basic/,87,in
addons.mozilla.org/en-GB/firefox/addon/the-terabox-downloader/,87,in
addons.mozilla.org/en-US/firefox/addon/better-volume-booster/,87,in
addons.mozilla.org/en-US/firefox/addon/copyfish-ocr-software/,86,in
addons.mozilla.org/en-US/firefox/addon/tap_counter/,85,in
addons.mozilla.org/en-US/firefox/addon/buster-captcha-solver/,85,in
addons.mozilla.org/en-US/firefox/addon/fonts-ninja/,84,in
addons.mozilla.org/en-US/firefox/addon/traffic-ad-bar-surf-bar/,83,in
addons.mozilla.org/en-US/firefox/addon/stands-fair-adblocker/,82,in
addons.mozilla.org/en-US/firefox/addon/ins-downloader/,81,in
addons.mozilla.org/en-CA/android/addon/xsxsxs/,81,in
addons.mozilla.org/en-US/firefox/addon/videospeed/,81,in
addons.mozilla.org/en-US/firefox/addon/fetch-video-downloader/,80,in
addons.mozilla.org/en-US/firefox/addon/loudtronix-youtube-converter/versions/,80,in
addons.mozilla.org/en-CA/firefox/addon/enhancer-for-youtube/,79,in
addons.mozilla.org/fur/firefox/addon/enhancer-for-youtube/,79,in
addons.mozilla.org/en-US/firefox/addon/tamper-data-for-ff-quantum/,79,in
addons.mozilla.org/en-US/firefox/addon/similarsites/,78,in
addons.mozilla.org/en-US/firefox/addon/bitwarden-password-manager/,76,in
addons.mozilla.org/en-US/firefox/addon/youtube_downloader_webx/,76,in
addons.mozilla.org/en-US/firefox/addon/covid-19-world-tracker/,75,in
addons.mozilla.org/en-US/firefox/addon/animepahe-plus/,73,in
addons.mozilla.org/en-GB/firefox/addon/savefrom-youtube-to-mp3-conver/versions/,73,in
addons.mozilla.org/en-US/firefox/addon/save-all-images-webextension/,72,in
addons.mozilla.org/en-US/firefox/addon/moto-x3m-2-game/,72,in
addons.mozilla.org/en-US/firefox/addon/read-aloud/,72,in
addons.mozilla.org/en-US/firefox/addon/onlymp3/,70,in
addons.mozilla.org/en-US/firefox/addon/random-vin-generator/,70,in
addons.mozilla.org/en-US/firefox/addon/leechblock-ng/,67,in
addons.mozilla.org/en-US/firefox/addon/colorpick-eyedropper/,67,in
addons.mozilla.org/en-US/firefox/addon/youtube-enhancer-vc/,67,in
addons.mozilla.org/en-US/firefox/addon/surfshark-vpn-proxy/,66,in
addons.mozilla.org/en-US/firefox/addon/qqqqaa/versions/,65,in
addons.mozilla.org/en-US/firefox/addon/wizdler/,65,in
addons.mozilla.org/en-US/firefox/addon/chameleon-ext/,65,in
addons.mozilla.org/en-US/firefox/addon/photoshow/,65,in
addons.mozilla.org/en-US/firefox/addon/fxfxfx/versions/,65,in
addons.mozilla.org/en-US/firefox/addon/sisjar-theme/versions/,64,in
addons.mozilla.org/pl/firefox/addon/adblock-plus/,82,pl
addons.mozilla.org/pl/firefox/addon/ublock-origin/,11,pl
addons.mozilla.org/pl/firefox/addon/youtube-downloader-plus/,6,pl
addons.mozilla.org/pl/firefox/addon/vider-downloader/,4,pl
addons.mozilla.org/pl/firefox/addon/greasemonkey/,4,pl
addons.mozilla.org/pl/firefox/addon/kalkulator-frekwencji-online/,4,pl
addons.mozilla.org/pl/firefox/addon/antitestportal/,5,pl
addons.mozilla.org/pl/firefox/addon/cda_downloader/,2,pl
addons.mozilla.org/pl/firefox/addon/pinterest-downloader/,134,pl
addons.mozilla.org/pl/firefox/addon/twitter-videos-downloader/,28,pl
addons.mozilla.org/pl/firefox/addon/nano-defender-firefox/,96,pl
addons.mozilla.org/pl/firefox/addon/bajeczki-org-fix/,8,pl
addons.mozilla.org/pl/firefox/addon/ig-download/,103,pl
addons.mozilla.org/pl/firefox/addon/rutracker_torrent_search/versions/,3,pl
addons.mozilla.org/pl/firefox/addon/video-downloadhelper/,2,pl
addons.mozilla.org/pl/firefox/addon/facebook-video-downloader-onli/,31,pl
addons.mozilla.org/pl/firefox/addon/youtube-to-mp3-wext/,3,pl
addons.mozilla.org/en-US/firefox/addon/btroblox/,22,pl
addons.mozilla.org/pl/firefox/addon/easy-youtube-video-download/,135,pl
addons.mozilla.org/en-US/firefox/addon/vipleague/,2,pl
addons.mozilla.org/pl/firefox/addon/mywape-url-updater/versions/,1,pl
addons.mozilla.org/pl/firefox/addon/adblock-for-youtube/,28,pl
addons.mozilla.org/pl/firefox/addon/opensubtitles/,20,pl
addons.mozilla.org/en-US/firefox/addon/easy-youtube-video-download/,11,pl
addons.mozilla.org/en-US/firefox/addon/ublock-origin/,1,pl
addons.mozilla.org/ru/firefox/addon/hdrezka-zen/,2,pl
addons.mozilla.org/pl/firefox/addon/social-tournaments/,6,pl
addons.mozilla.org/pl/android/addon/adblock-plus/,53,pl
addons.mozilla.org/pl/firefox/addon/browsec/,1,pl
addons.mozilla.org/pl/firefox/addon/savefromnet-helper/,1,pl
addons.mozilla.org/pl/firefox/addon/funpay-phrase-pal/,3,pl
addons.mozilla.org/en-US/firefox/addon/score808-watch-free-football/versions/,69,pl
addons.mozilla.org/pl/firefox/addon/bajeczki-org-fix/reviews/,2,pl
addons.mozilla.org/pl/firefox/addon/cda-pl-auto-downloader-pro/,2,pl
addons.mozilla.org/pl/firefox/addon/ytmp3/,4,pl
addons.mozilla.org/pl/firefox/addon/storiesig/,18,pl
addons.mozilla.org/pl/firefox/addon/foxyproxy-standard/,4,pl
addons.mozilla.org/en-US/firefox/addon/video-downloadhelper/,13,pl
addons.mozilla.org/en-US/firefox/addon/ytmp4-downloader/,4,pl
addons.mozilla.org/pl/firefox/addon/youtube-downloader-lite/,14,pl
addons.mozilla.org/pl/firefox/addon/torrentz2-magnet-links/,1,pl
addons.mozilla.org/pl/firefox/addon/simple-translate/,7,pl
addons.mozilla.org/pl/firefox/addon/ikorektor/,5,pl
addons.mozilla.org/pl/firefox/addon/libruspro/,7,pl
addons.mozilla.org/en-US/firefox/addon/soundcloud-dl/,10,pl
addons.mozilla.org/pl/firefox/addon/darkreader/,25,pl
addons.mozilla.org/pl/firefox/addon/scrolller-saver/,1,pl
addons.mozilla.org/pl/firefox/addon/tampermonkey/,2,pl
addons.mozilla.org/en-US/firefox/addon/browsec/,8,pl
addons.mozilla.org/pl/firefox/addon/online-ms-paint-image-editor/,7,pl
addons.mozilla.org/pl/firefox/addon/csgofloat/,11,pl
addons.mozilla.org/pl/firefox/addon/betterttv/,3,pl
addons.mozilla.org/pl/firefox/addon/cai-tools/,1,pl
addons.mozilla.org/en-US/firefox/addon/steam-skin-trade-helper/,3,pl
addons.mozilla.org/en-US/firefox/addon/uaswitcher/,1,pl
addons.mozilla.org/pl/firefox/addon/libplus-srednia-na-librusie/,6,pl
addons.mozilla.org/en-US/firefox/addon/betterttv/,4,pl
addons.mozilla.org/pl/firefox/addon/clearurls/,34,pl
addons.mozilla.org/pl/firefox/addon/bitwarden-password-manager/,2,pl
addons.mozilla.org/pl/firefox/addon/twitter-x-video-gif-download/,2,pl
addons.mozilla.org/en-US/firefox/addon/zjm-whatfont/,13,pl
addons.mozilla.org/pl/firefox/addon/video-downloader-profession/,17,pl
addons.mozilla.org/pl/firefox/addon/1v1-lol-unblocked/,2,pl
addons.mozilla.org/pl/firefox/addon/temp-mail/,37,pl
addons.mozilla.org/pl/firefox/addon/live-cat/,3,pl
addons.mozilla.org/pl/firefox/addon/ssstik-video-downloader/,1,pl
addons.mozilla.org/pl/firefox/addon/docer-downloader/,1,pl
addons.mozilla.org/pl/firefox/addon/google-translator-for-firefox/,7,pl
addons.mozilla.org/pl/android/addon/rutracker-add-on/,21,pl
addons.mozilla.org/pl/android/addon/youtube-video-downloader-max/,5,pl
addons.mozilla.org/pl/android/addon/greasemonkey/,6,pl
addons.mozilla.org/pl/firefox/addon/streamus-bypasser/,2,pl
addons.mozilla.org/en-US/firefox/addon/opensubtitles/,14,pl
addons.mozilla.org/pl/firefox/addon/skribbl-helper-pl/,31,pl
addons.mozilla.org/pl/firefox/addon/adblock-for-firefox/,3,pl
addons.mozilla.org/pl/firefox/addon/lostfilm-tv-официальный-плагин/,2,pl
addons.mozilla.org/en-US/firefox/addon/tineye-reverse-image-search/,14,pl
addons.mozilla.org/pl/firefox/addon/btroblox/reviews/,22,pl
addons.mozilla.org/pl/firefox/addon/cps-test-clicks-per-second/,1,pl
addons.mozilla.org/pl/firefox/addon/flash-player-emulator/,1,pl
addons.mozilla.org/en-US/firefox/addon/dark-mode-webextension/,13,pl
addons.mozilla.org/pl/firefox/addon/openload/reviews/,7,pl
addons.mozilla.org/pl/firefox/addon/ghostery/,5,pl
addons.mozilla.org/pl/firefox/addon/youtube_downloader/,18,pl
addons.mozilla.org/en-US/firefox/addon/live-cat/,2,pl
addons.mozilla.org/en-US/firefox/addon/warez-bb/versions/,3,pl
addons.mozilla.org/pl/android/addon/ublock-origin/,28,pl
addons.mozilla.org/pl/firefox/addon/gladiatus-crazy-add-on/,1,pl
addons.mozilla.org/pl/firefox/addon/downloader-4-reddit-redditsave/,1,pl
addons.mozilla.org/pl/firefox/addon/adguard-adblocker/,1,pl
addons.mozilla.org/en-US/firefox/addon/privacy-badger17/,3,pl
addons.mozilla.org/pl/firefox/addon/skype-web-messenger/,2,pl
addons.mozilla.org/pl/firefox/addon/cda-downloader/,4,pl
addons.mozilla.org/en-US/firefox/addon/myinstants/,3,pl
addons.mozilla.org/pl/firefox/addon/song-identifier/,98,pl
addons.mozilla.org/en-US/firefox/addon/sponsorblock/,96,pl
addons.mozilla.org/pl/firefox/addon/free-video-downloader/,95,pl
addons.mozilla.org/pl/firefox/addon/languagetool/,92,pl
addons.mozilla.org/pl/firefox/addon/anonymous-story-viewer/,91,pl
addons.mozilla.org/ru/firefox/addon/seasonvar-unlock/reviews/,91,pl
addons.mozilla.org/pl/firefox/addon/mp3juice/,90,pl
addons.mozilla.org/en-US/firefox/addon/augmented-steam/,89,pl
addons.mozilla.org/pl/firefox/addon/paywall-remover-2025/,87,pl
addons.mozilla.org/pl/firefox/addon/torrentz2-magnet-links/versions/,87,pl
addons.mozilla.org/pl/firefox/addon/basket-random-unblocked/,87,pl
addons.mozilla.org/pl/firefox/addon/coin-master-free-spins/,87,pl
addons.mozilla.org/pl/firefox/addon/privacy-badger17/,86,pl
addons.mozilla.org/pl/firefox/addon/speed-dial-fast/,86,pl
addons.mozilla.org/pl/firefox/addon/delta-executor-script-manager/,86,pl
addons.mozilla.org/pl/firefox/addon/esuit-video-downloader-fb/,85,pl
addons.mozilla.org/en-US/firefox/addon/loader-to-all-in-1-downloader/,85,pl
addons.mozilla.org/pl/firefox/addon/youtube-2-mp4-downloader/,84,pl
addons.mozilla.org/en-US/firefox/addon/rarbg-helper/,84,pl
addons.mozilla.org/en-US/firefox/addon/opera-install-chrome-extension/,84,pl
addons.mozilla.org/en-US/firefox/addon/fortnite-account-generator/,83,pl
addons.mozilla.org/en-US/firefox/addon/skribbl-helper-pl/,83,pl
addons.mozilla.org/pl/firefox/addon/ytmp3convert/,83,pl
addons.mozilla.org/pl/firefox/addon/rarbg-helper/,81,pl
addons.mozilla.org/pl/firefox/addon/exhentai-小幫手/,80,pl
addons.mozilla.org/pl/firefox/addon/flagfox/,79,pl
addons.mozilla.org/pl/firefox/addon/how-long-to-beat-search/,79,pl
addons.mozilla.org/pl/firefox/addon/facebook-container/,79,pl
addons.mozilla.org/pl/firefox/addon/download-liveleak-video/,78,pl
addons.mozilla.org/en-US/firefox/addon/free-download-manager-addon/,77,pl
addons.mozilla.org/pl/firefox/addon/apkgk-downloader/,76,pl
addons.mozilla.org/pl/firefox/addon/myfreemp3/,75,pl
addons.mozilla.org/pl/firefox/addon/youtube-download-plus/,72,pl
addons.mozilla.org/pl/firefox/addon/eztv-fast-and-easy/versions/,72,pl
addons.mozilla.org/pl/firefox/addon/exloader/versions/,72,pl
addons.mozilla.org/pl/firefox/addon/scratch-mit-edu-theme/versions/,72,pl
addons.mozilla.org/en-US/firefox/addon/veepn-free-fast-security-vpn/,71,pl
addons.mozilla.org/pl/firefox/addon/onetab/,70,pl
addons.mozilla.org/de/firefox/addon/instazoom-mobi/,70,pl
addons.mozilla.org/en-US/firefox/addon/download-video-and-flash/,69,pl
addons.mozilla.org/pl/firefox/addon/рутор-торрент-rutor-torrent/,69,pl
addons.mozilla.org/en-US/firefox/addon/spin-safe-browser-web-filter/,68,pl
addons.mozilla.org/pl/firefox/addon/adblocker-ultimate/,68,pl
addons.mozilla.org/pl/firefox/addon/foe-helper/,66,pl
addons.mozilla.org/pl/firefox/addon/y2mate-youtube-to-mp3/,66,pl
addons.mozilla.org/en-US/firefox/addon/duckduckgo-for-firefox/,66,pl
addons.mozilla.org/en-US/firefox/addon/iwara_downloader/,66,pl
addons.mozilla.org/pl/firefox/addon/vash-the-stampede-trigun/,66,pl
addons.mozilla.org/pl/firefox/addon/temp-gmail-pro/,66,pl
addons.mozilla.org/en-US/firefox/addon/multi-account-containers/,65,pl
addons.mozilla.org/pl/firefox/addon/600-sound-volume/,65,pl
addons.mozilla.org/en-US/firefox/addon/volume-control-boost-volume/,65,pl
addons.mozilla.org/pl/firefox/addon/sugarqc-search-qc-on-cnfans/,65,pl
addons.mozilla.org/en-US/firefox/addon/awesome-vimeo-downloader/,64,pl
addons.mozilla.org/en-US/firefox/addon/facebook-container/,64,pl
addons.mozilla.org/pl/firefox/addon/popup-torrent-search/,62,pl
addons.mozilla.org/pl/firefox/addon/enhanced-h264ify/,62,pl
addons.mozilla.org/en-US/firefox/addon/tonec-idm-integration-module/,62,pl
addons.mozilla.org/pl/firefox/addon/direct-apk-downloader-2018/reviews/,62,pl
addons.mozilla.org/pl/firefox/addon/download-hub/,62,pl
addons.mozilla.org/pl/firefox/addon/addon-letyshops/,61,pl
addons.mozilla.org/pl/firefox/addon/old-layout-for-facebook/,61,pl
addons.mozilla.org/en-US/android/addon/ublock-origin/,61,pl
addons.mozilla.org/pl/firefox/addon/cookie-quick-manager/,60,pl
addons.mozilla.org/pl/firefox/addon/strawpage-frames/,59,pl
addons.mozilla.org/en-US/firefox/addon/i-m-gay/,58,pl
addons.mozilla.org/pl/firefox/addon/youtube-video-downloader-max/,58,pl
addons.mozilla.org/en-US/firefox/addon/instadp-fast-secure-anonymous/,57,pl
addons.mozilla.org/pl/firefox/addon/vumoo-lat/,57,pl
addons.mozilla.org/pl/firefox/addon/download-pinterest-videos/,56,pl
addons.mozilla.org/pl/firefox/addon/buster-captcha-solver/,56,pl
addons.mozilla.org/pl/android/addon/ropro-pay-gorn/?utm_source=addons.mozilla.org&utm_medium=referral&utm_content=featured,54,pl
addons.mozilla.org/en-US/firefox/addon/user-agent-string-switcher/,54,pl
addons.mozilla.org/en-US/firefox/addon/vipleague/versions/,54,pl
addons.mozilla.org/en-US/firefox/addon/youtube_downloader/,53,pl
addons.mozilla.org/pl/firefox/addon/libplus-rozszerzenieouy/,53,pl
addons.mozilla.org/pl/firefox/addon/animedao-city/versions/,53,pl
addons.mozilla.org/pl/firefox/addon/kinozal-unofficial/versions/,53,pl
addons.mozilla.org/pl/firefox/addon/encyclopedia-dramatica/versions/,53,pl
addons.mozilla.org/en-US/firefox/addon/repeek/,53,pl
addons.mozilla.org/en-US/firefox/addon/anoboy2/reviews/,52,pl
addons.mozilla.org/pl/firefox/addon/yandex-image-search-yandex-com/versions/,52,pl
addons.mozilla.org/en-US/firefox/addon/block-website/,52,pl
addons.mozilla.org/pl/firefox/addon/cookiebro/,51,pl
addons.mozilla.org/pl/firefox/addon/umatrix/,51,pl
addons.mozilla.org/pl/firefox/addon/youtube-shorts-downloader/,51,pl
addons.mozilla.org/pl/firefox/addon/docer-downloader/versions/,50,pl
addons.mozilla.org/pl/android/addon/remove-paywall/,50,pl
addons.mozilla.org/en-US/firefox/addon/twitchclipdownloader/,50,pl
addons.mozilla.org/en-US/firefox/addon/andre-bradshaw/,50,pl
addons.mozilla.org/en-US/firefox/addon/location-guard/,50,pl
addons.mozilla.org/es-ES/android/addon/mp3xd/,5,mx
addons.mozilla.org/es-ES/firefox/addon/anime-de-calidad-en-tioanime/,29,mx
addons.mozilla.org/es-ES/firefox/addon/savefromnet-helper/,14,mx
addons.mozilla.org/es-MX/firefox/addon/instasave-pro/,6,mx
addons.mozilla.org/es-MX/firefox/addon/ublock-origin/,2,mx
addons.mozilla.org/es-MX/firefox/addon/adblock-plus/,10,mx
addons.mozilla.org/es-ES/firefox/addon/uach-sega-average/,3,mx
addons.mozilla.org/es-ES/firefox/addon/ssstik-video-downloader-tiktok/,2,mx
addons.mozilla.org/es-MX/firefox/addon/adblock-for-firefox/,28,mx
addons.mozilla.org/es-MX/firefox/addon/mp3hub/,1,mx
addons.mozilla.org/es-MX/firefox/addon/ytmp3-youtube-mp3/,7,mx
addons.mozilla.org/es-MX/firefox/addon/video-downloadhelper/,1,mx
addons.mozilla.org/es-ES/firefox/addon/techgara/reviews/,1,mx
addons.mozilla.org/en-US/firefox/addon/btroblox/,1,mx
addons.mozilla.org/en-US/firefox/addon/semalt/,16,mx
addons.mozilla.org/es-ES/firefox/addon/lpsg-video-link-converter/,1,mx
addons.mozilla.org/es-CL/firefox/addon/loader-to-all-in-1-downloader/reviews/,8,mx
addons.mozilla.org/es-MX/firefox/addon/mp3xd/,1,mx
addons.mozilla.org/es-MX/firefox/addon/scrolller-saver/,28,mx
addons.mozilla.org/es-MX/firefox/addon/gelbooru-image-only/,1,mx
addons.mozilla.org/es-ES/firefox/addon/zlibrary-searcher/,71,mx
addons.mozilla.org/es-MX/firefox/addon/savefromnet-helper/,2,mx
addons.mozilla.org/es-CL/firefox/addon/character-ai-old-ifier/,3,mx
addons.mozilla.org/en-US/firefox/addon/ublock-origin/,9,mx
addons.mozilla.org/es-MX/firefox/addon/getfvid-fvideo-downloader/,3,mx
addons.mozilla.org/es-MX/firefox/addon/promodescuentos/,1,mx
addons.mozilla.org/es-MX/firefox/addon/snaptube-mp3-youtube-download/,7,mx
addons.mozilla.org/es-ES/firefox/addon/rutracker-add-on/versions/,3,mx
addons.mozilla.org/es-MX/firefox/addon/zjm-whatfont/,1,mx
addons.mozilla.org/es-MX/firefox/addon/browsec/,6,mx
addons.mozilla.org/es-MX/firefox/addon/storiesig-downloader/,63,mx
addons.mozilla.org/es-MX/firefox/addon/vipleague/reviews/,6,mx
addons.mozilla.org/en-US/firefox/addon/y2mate-youtube-to-mp3/,1,mx
addons.mozilla.org/es-MX/firefox/addon/descarga-masiva-facturas/,1,mx
addons.mozilla.org/es-ES/firefox/addon/moto-x3m-2-game/,3,mx
addons.mozilla.org/es-ES/firefox/addon/nopr-filter/,8,mx
addons.mozilla.org/es-MX/firefox/addon/torrentz2-magnet-links/,1,mx
addons.mozilla.org/es-ES/firefox/addon/deepbrid-browser-extension/,5,mx
addons.mozilla.org/es-MX/firefox/addon/x-twitter-video-downloader/,13,mx
addons.mozilla.org/es-ES/firefox/addon/animepahe-auto-downloader/,12,mx
addons.mozilla.org/es-MX/firefox/addon/video-downloader-profession/,3,mx
addons.mozilla.org/es-MX/firefox/addon/easy-youtube-video-download/,3,mx
addons.mozilla.org/es-MX/firefox/addon/flash-player-emulator/,2,mx
addons.mozilla.org/es-ES/firefox/addon/play-store-apk-downloader/,1,mx
addons.mozilla.org/es-ES/firefox/addon/online-pdf-editor-pdf2go-com/versions/,7,mx
addons.mozilla.org/es-ES/firefox/addon/manganelo-downloader/,1,mx
addons.mozilla.org/en-US/firefox/addon/twitch-theater-youtube-live/,3,mx
addons.mozilla.org/en-US/firefox/addon/ether-metamask/,37,mx
addons.mozilla.org/es-MX/firefox/addon/exhentai-小幫手/,1,mx
addons.mozilla.org/es-ES/firefox/addon/y2mate-youtube-to-mp3-convert/versions/,1,mx
addons.mozilla.org/es-ES/firefox/addon/snaptube-mp3-youtube-download/,1,mx
addons.mozilla.org/es-ES/firefox/addon/1v1-lol-unblocked/versions/,9,mx
addons.mozilla.org/es-ES/firefox/addon/youtube-mp4-viewer/,5,mx
addons.mozilla.org/es-MX/firefox/addon/wappalyzer/,2,mx
addons.mozilla.org/es-MX/firefox/addon/adblock-for-youtube/,2,mx
addons.mozilla.org/es-MX/firefox/addon/btroblox/,1,mx
addons.mozilla.org/es-MX/firefox/addon/dark-theme-for-firefox/,1,mx
addons.mozilla.org/en-US/firefox/addon/kproxy-extension/,2,mx
addons.mozilla.org/es-ES/firefox/addon/youtube-audio-downloader/,6,mx
addons.mozilla.org/es-MX/firefox/addon/youtube-converter/,1,mx
addons.mozilla.org/es-MX/firefox/addon/facebook-container/,1,mx
addons.mozilla.org/en-US/firefox/addon/1password-x-password-manager/,3,mx
addons.mozilla.org/es-ES/firefox/addon/ytmp4-downloader/reviews/,10,mx
addons.mozilla.org/es-MX/firefox/addon/hide-my-ip-free/,1,mx
addons.mozilla.org/en-US/firefox/addon/windscribe/,1,mx
addons.mozilla.org/es-ES/firefox/addon/vpn-unlimited-secure-proxy/,5,mx
addons.mozilla.org/es-MX/firefox/addon/vidmo/,2,mx
addons.mozilla.org/en-US/firefox/addon/myinstants/,3,mx
addons.mozilla.org/es-MX/firefox/addon/netflix-party-is-now-teleparty/,5,mx
addons.mozilla.org/en-US/firefox/addon/editthis-cookie/,4,mx
addons.mozilla.org/es-ES/firefox/addon/tubidy/,1,mx
addons.mozilla.org/es-MX/firefox/addon/foxyproxy-standard/,5,mx
addons.mozilla.org/es-MX/firefox/addon/tineye-reverse-image-search/,49,mx
addons.mozilla.org/es-ES/android/addon/re-enable-right-click/,1,mx
addons.mozilla.org/es-MX/firefox/addon/adblocker-ultimate/,4,mx
addons.mozilla.org/en-US/firefox/addon/video-downloadhelper/,8,mx
addons.mozilla.org/es-CL/firefox/addon/direct-apk-downloader-2018/,2,mx
addons.mozilla.org/en-US/firefox/addon/honey/,1,mx
addons.mozilla.org/es-MX/firefox/addon/volume-master-increase-volume/,1,mx
addons.mozilla.org/es-MX/firefox/addon/private-video-downloader/,6,mx
addons.mozilla.org/es-AR/firefox/addon/eztv-tools/,3,mx
addons.mozilla.org/en-US/firefox/addon/native_hls_playback/,4,mx
addons.mozilla.org/es-MX/firefox/addon/darkreader/,3,mx
addons.mozilla.org/es-MX/firefox/addon/violentmonkey/,4,mx
addons.mozilla.org/es-MX/firefox/addon/stylish/,2,mx
addons.mozilla.org/en-US/firefox/addon/duckduckgo-for-firefox/,1,mx
addons.mozilla.org/en-US/firefox/addon/react-devtools/,9,mx
addons.mozilla.org/es-MX/firefox/addon/audio-equalizer-wext/,10,mx
addons.mozilla.org/es-MX/firefox/addon/2048-cupcake/,2,mx
addons.mozilla.org/es-MX/firefox/addon/tonec-idm-integration-module/,1,mx
addons.mozilla.org/en-US/firefox/addon/duckduckgo-for-firefox/,32,id
addons.mozilla.org/en-GB/firefox/addon/y2mate_mobi_downloader/,134,id
addons.mozilla.org/en-US/firefox/addon/ublock-origin/,10,id
addons.mozilla.org/en-US/firefox/addon/adblock-plus/,37,id
addons.mozilla.org/en-US/firefox/addon/btroblox/,993,id
addons.mozilla.org/ID/firefox/addon/easy-youtube-video-download/,905,id
addons.mozilla.org/ja/firefox/addon/adblock-plus/,131,jp
addons.mozilla.org/ja/firefox/addon/iwara_downloader/,1,jp
addons.mozilla.org/ja/firefox/addon/anime-anoboy-life/,1,jp
addons.mozilla.org/ja/firefox/addon/ublock-origin/,28,jp
addons.mozilla.org/ja/firefox/addon/channel-myanmar-cleaner/,1,jp
addons.mozilla.org/ja/firefox/addon/video-downloadhelper/,905,jp
addons.mozilla.org/ja/firefox/addon/easy-youtube-video-download/,891,jp
addons.mozilla.org/ja/firefox/addon/storiesig/,835,jp
addons.mozilla.org/ja/firefox/addon/animevsub-helper/,798,jp
addons.mozilla.org/ja/firefox/addon/free-video-downloader/,740,jp
addons.mozilla.org/ja/firefox/addon/ether-metamask/,740,jp
addons.mozilla.org/ja/firefox/addon/youtube-to-mp3-wext/,740,jp
addons.mozilla.org/ja/firefox/addon/traduzir-paginas-web/,701,jp
addons.mozilla.org/ja/firefox/addon/downthemall/,660,jp
addons.mozilla.org/ja/firefox/addon/animepahe-plus/,576,jp
addons.mozilla.org/ja/firefox/addon/animeflv-actual-chapter/,572,jp
addons.mozilla.org/ja/firefox/addon/score808-watch-free-football/reviews/,552,jp
addons.mozilla.org/ja/firefox/addon/adblock-for-youtube/,518,jp
addons.mozilla.org/fr/firefox/addon/mailnow/,496,jp
addons.mozilla.org/ja/firefox/addon/gesturefy/,495,jp
addons.mozilla.org/ja/firefox/addon/styl-us/,492,jp
addons.mozilla.org/ja/firefox/addon/niconico-downloader/,458,jp
addons.mozilla.org/ja/firefox/addon/anoboy2/,454,jp
addons.mozilla.org/ja/firefox/addon/sidebery/,439,jp
addons.mozilla.org/ja/firefox/addon/watch-free-anime-at-gogoanime/versions/,426,jp
addons.mozilla.org/ja/android/addon/video-downloadhelper/versions/,413,jp
addons.mozilla.org/ja/firefox/addon/darkreader/,379,jp
addons.mozilla.org/ja/firefox/addon/youtube-downloader-udl-helper/,363,jp
addons.mozilla.org/ja/firefox/addon/adguard-adblocker/,345,jp
addons.mozilla.org/ja/firefox/addon/keepa/,338,jp
addons.mozilla.org/ja/firefox/addon/imgding/,338,jp
addons.mozilla.org/ja/firefox/addon/42-intra-beautifier/,336,jp
addons.mozilla.org/ja/firefox/addon/exhentai-小幫手/,331,jp
addons.mozilla.org/ja/firefox/addon/youtube_downloader/,297,jp
addons.mozilla.org/en-US/firefox/addon/easy-youtube-video-download/,297,jp
addons.mozilla.org/ja/firefox/addon/ublacklist/,296,jp
addons.mozilla.org/ja/firefox/addon/steam-database/,273,jp
addons.mozilla.org/ja/firefox/addon/greasemonkey/,272,jp
addons.mozilla.org/ja/firefox/addon/vipleague/versions/,270,jp
addons.mozilla.org/en-US/android/addon/animevsub-helper/,269,jp
addons.mozilla.org/ja/firefox/addon/stream-recorder/,263,jp
addons.mozilla.org/ja/firefox/addon/oldtweetdeck/,243,jp
addons.mozilla.org/ja/firefox/addon/gelbooru-image-only/,243,jp
addons.mozilla.org/ja/firefox/addon/quick_links/,240,jp
addons.mozilla.org/ja/firefox/addon/px-downloader/,238,jp
addons.mozilla.org/en-US/firefox/addon/video-downloadhelper/,237,jp
addons.mozilla.org/ja/firefox/addon/wt-wiki-unit-converter/,227,jp
addons.mozilla.org/ja/firefox/addon/1337x-magnet-links/reviews/,223,jp
addons.mozilla.org/ja/firefox/addon/adblock-for-firefox/,216,jp
addons.mozilla.org/ja/firefox/addon/foxyproxy-standard/,216,jp
addons.mozilla.org/ja/firefox/addon/duckduckgo-for-firefox/,213,jp
addons.mozilla.org/ja/firefox/addon/video-downloader-profession/,209,jp
addons.mozilla.org/ja/firefox/addon/uaswitcher/,199,jp
addons.mozilla.org/ja/firefox/addon/onetab/,198,jp
addons.mozilla.org/fr/firefox/addon/ascii2d-image-search/,196,jp
addons.mozilla.org/ja/firefox/addon/savefromnet-helper/,183,jp
addons.mozilla.org/en-US/firefox/addon/google-translator-for-firefox/,180,jp
addons.mozilla.org/ja/firefox/addon/snaptik-tiktok-downloader/reviews/?score=1,175,jp
addons.mozilla.org/ja/firefox/addon/bitwarden-password-manager/,170,jp
addons.mozilla.org/ja/firefox/addon/tree-style-tab/,168,jp
addons.mozilla.org/ja/firefox/addon/tab-mix-plus-webextension/,167,jp
addons.mozilla.org/ja/firefox/addon/tampermonkey/,161,jp
addons.mozilla.org/ja/firefox/addon/noscript/,157,jp
addons.mozilla.org/ja/firefox/addon/ニコニコダウンローダ/,156,jp
addons.mozilla.org/ja/firefox/addon/1password-x-password-manager/,155,jp
addons.mozilla.org/ja/firefox/addon/soundcloud-dl/,154,jp
addons.mozilla.org/ja/firefox/addon/enhancer-for-youtube/,148,jp
addons.mozilla.org/en-US/firefox/addon/keonhacai/reviews/,145,jp
addons.mozilla.org/ja/firefox/addon/violentmonkey/,144,jp
addons.mozilla.org/ja/firefox/addon/image-picka/,141,jp
addons.mozilla.org/ja/firefox/addon/private-video-downloader/,139,jp
addons.mozilla.org/ja/firefox/addon/fireshot/,138,jp
addons.mozilla.org/ja/firefox/addon/wappalyzer/,138,jp
addons.mozilla.org/ja/firefox/addon/savetube/,134,jp
addons.mozilla.org/ja/firefox/addon/tineye-reverse-image-search/,133,jp
addons.mozilla.org/ja/firefox/addon/snaplinksplus/,130,jp
addons.mozilla.org/ja/firefox/addon/hls-downloader/,130,jp
addons.mozilla.org/ja/android/addon/ublock-origin/,129,jp
addons.mozilla.org/ja/firefox/addon/ytmp3-youtube-mp3/,128,jp
addons.mozilla.org/ja/firefox/addon/x-zombie-killer-fork/,123,jp
addons.mozilla.org/en-US/firefox/addon/multi-account-containers/,122,jp
addons.mozilla.org/ja/firefox/addon/twitter-media-assist-ff/,120,jp
addons.mozilla.org/ja/firefox/addon/flash-player-emulator/,119,jp
addons.mozilla.org/ja/firefox/addon/control-panel-for-twitter/,119,jp
addons.mozilla.org/ja/firefox/addon/youtube-livechat-flusher/,118,jp
addons.mozilla.org/ja/firefox/addon/video-downloader-player/,118,jp
addons.mozilla.org/ja/firefox/addon/クリック画像ダウンローダ/,117,jp
addons.mozilla.org/ja/firefox/addon/nano-defender-firefox/,114,jp
addons.mozilla.org/ja/firefox/addon/stars-123/reviews/,113,jp
addons.mozilla.org/ja/firefox/addon/switchyomega/,111,jp
addons.mozilla.org/ja/firefox/addon/autopagerizeadvanced/,111,jp
addons.mozilla.org/ja/android/addon/torrentz2-magnet-links/,109,jp
addons.mozilla.org/ja/firefox/addon/gibiru-2024/,108,jp
addons.mozilla.org/ja/firefox/addon/mouse-gestures/,107,jp
addons.mozilla.org/ja/firefox/addon/facebook-video-downloader-onli/,107,jp
addons.mozilla.org/ja/firefox/addon/amzorderhistoryfilter/,107,jp
addons.mozilla.org/ja/firefox/addon/iwara-downloader/,105,jp
addons.mozilla.org/ja/firefox/addon/fantia-downloader/,105,jp
addons.mozilla.org/ja/firefox/addon/editthiscookie-lastest-edition/,102,jp
addons.mozilla.org/ja/firefox/addon/tonec-idm-integration-module/,102,jp
addons.mozilla.org/ja/firefox/addon/clearurls/,98,jp
addons.mozilla.org/ja/firefox/addon/nekopoi-apk-new-tab/,97,jp
addons.mozilla.org/ja/firefox/addon/scrolller-saver/,95,jp
addons.mozilla.org/ja/firefox/addon/ascii2d-image-search/,95,jp
addons.mozilla.org/ja/firefox/addon/mobiblog/reviews/,91,jp
addons.mozilla.org/ja/firefox/addon/voz-next/,91,jp
addons.mozilla.org/ja/firefox/addon/blocktube/,90,jp
addons.mozilla.org/ja/firefox/addon/web-chatgpt/,87,jp
addons.mozilla.org/ja/firefox/addon/lady-gaga-002/reviews/?score=4,87,jp
addons.mozilla.org/ja/firefox/addon/referercontrol/,84,jp
addons.mozilla.org/ja/firefox/addon/image-downloader-addon/,84,jp
addons.mozilla.org/ja/firefox/addon/new-tab-speed-dial/,84,jp
addons.mozilla.org/ja/firefox/addon/internet_archive_downloader/,83,jp
addons.mozilla.org/ja/firefox/addon/5ch-style-format-2017-ff/,82,jp
addons.mozilla.org/ja/firefox/addon/twitter-image-downloader/,80,jp
addons.mozilla.org/ja/firefox/addon/umatrix/,79,jp
addons.mozilla.org/en-US/firefox/addon/adblock-for-youtube/,79,jp
addons.mozilla.org/ja/firefox/addon/我们需要微信网页版/,75,jp
addons.mozilla.org/ja/firefox/addon/twitch-ad-blocker/,75,jp
addons.mozilla.org/ja/firefox/addon/save-all-images-webextension/,72,jp
addons.mozilla.org/ja/firefox/addon/animefreak/versions/,72,jp
addons.mozilla.org/ja/firefox/addon/rima-duello/,72,jp
addons.mozilla.org/ja/firefox/addon/ytmp4-downloader/reviews/,70,jp
addons.mozilla.org/ja/firefox/addon/videospeed/,70,jp
addons.mozilla.org/ja/firefox/addon/tab-session-manager/,67,jp
addons.mozilla.org/ja/firefox/addon/saucenao/,66,jp
addons.mozilla.org/ja/firefox/addon/whoervpn/,66,jp
addons.mozilla.org/ja/firefox/addon/hls-stream-player/,65,jp
addons.mozilla.org/ja/firefox/addon/popup-blocker-ultimate/,65,jp
addons.mozilla.org/ja/firefox/addon/pwas-for-firefox/,65,jp
addons.mozilla.org/ja/firefox/addon/age-tv-agefans动漫追番扩展/reviews/,65,jp
addons.mozilla.org/en-US/firefox/addon/youtube-enhancer-vc/,65,jp
addons.mozilla.org/ja/firefox/addon/cookie-autodelete/,65,jp
addons.mozilla.org/ja/firefox/addon/youtube-enhancer-vc/,65,jp
addons.mozilla.org/ja/firefox/addon/vidmo/,64,jp
addons.mozilla.org/en-US/firefox/addon/control-panel-for-twitter/,64,jp
addons.mozilla.org/ja/firefox/addon/download-video-and-flash/,62,jp
addons.mozilla.org/en-US/firefox/addon/gogoanime-plus/,62,jp
addons.mozilla.org/ja/firefox/addon/ghostery/,62,jp
addons.mozilla.org/ja/firefox/addon/deepbrid-browser-extension/reviews/,62,jp
addons.mozilla.org/ja/firefox/addon/adblocker-ultimate/,62,jp
addons.mozilla.org/ja/firefox/addon/popup-torrent-search/,60,jp
addons.mozilla.org/en-US/firefox/addon/ether-metamask/,60,jp
addons.mozilla.org/ja/firefox/addon/buster-captcha-solver/,58,jp
addons.mozilla.org/en-US/firefox/addon/gmailsend-address-checker/,58,jp
addons.mozilla.org/ja/firefox/addon/block-website/,57,jp
addons.mozilla.org/ja/firefox/addon/vimium-ff/,57,jp
addons.mozilla.org/ja/firefox/addon/nano-defender-firefox/reviews/,57,jp
addons.mozilla.org/ja/firefox/addon/rakutenwebsearch/,56,jp
addons.mozilla.org/ja/firefox/addon/life-science-dictionary-tool/,56,jp
addons.mozilla.org/ja/firefox/addon/text-link/,55,jp
addons.mozilla.org/ja/firefox/addon/single-file/,54,jp
addons.mozilla.org/ja/firefox/addon/privacy-badger17/,53,jp
addons.mozilla.org/ja/firefox/addon/stylebot-web/,53,jp
addons.mozilla.org/ja/android/addon/video-downloadhelper/,53,jp
addons.mozilla.org/ja/firefox/addon/rajiko/,52,jp
addons.mozilla.org/ja/firefox/addon/shortkeys/,52,jp
addons.mozilla.org/en-US/firefox/addon/simple-translate/,51,jp
addons.mozilla.org/ja/firefox/addon/webscrapbook/,51,jp
addons.mozilla.org/ja/firefox/addon/multi-account-containers/,51,jp
addons.mozilla.org/ja/firefox/addon/viewtube/,50,jp
addons.mozilla.org/en-US/firefox/addon/tructiepbongda-tv-xem-bong-da/,50,jp
addons.mozilla.org/ja/firefox/addon/alltube-download-free/,50,jp
addons.mozilla.org/ja/firefox/addon/location-guard/,50,jp
addons.mozilla.org/ja/firefox/addon/online-youtube-videodownloader/,50,jp
addons.mozilla.org/de/firefox/addon/ae888-io/,1,vn
addons.mozilla.org/en-US/firefox/addon/mobiblog/,1,vn
addons.mozilla.org/es-ES/firefox/addon/ae888-io/,1,vn
addons.mozilla.org/fr/firefox/addon/link-fun88/,3,vn
addons.mozilla.org/en-GB/firefox/addon/ae888-app/,7,vn
addons.mozilla.org/en-US/firefox/addon/sv368-mobi/,7,vn
addons.mozilla.org/vi/firefox/addon/ku-casino/,4,vn
addons.mozilla.org/vi/firefox/addon/vuighe/,5,vn
addons.mozilla.org/en-US/firefox/addon/coastal-twilight/versions/,10,vn
addons.mozilla.org/en-US/firefox/addon/kubet88/,9,vn
addons.mozilla.org/vi/firefox/addon/tructiepbongda-tv-xem-bong-da/,60,vn
addons.mozilla.org/de/firefox/addon/xoso66vnwin/,3,vn
addons.mozilla.org/vi/firefox/addon/kubetzz/,1,vn
addons.mozilla.org/vi/firefox/addon/choi-ca-cuoc-tai-sv388/,906,vn
addons.mozilla.org/vi/firefox/addon/pluginanimevsub/,823,vn
addons.mozilla.org/nb-NO/firefox/addon/da-ga-thomo-io/,740,vn
addons.mozilla.org/en-US/firefox/addon/btroblox/,718,vn
addons.mozilla.org/de/firefox/addon/jun88v1/,679,vn
addons.mozilla.org/vi/firefox/addon/ublock-origin/,594,vn
addons.mozilla.org/en-US/firefox/addon/sv388-bet-tv/versions/,567,vn
addons.mozilla.org/en-US/firefox/addon/ublock-origin/,495,vn
addons.mozilla.org/en-US/firefox/addon/adblock-plus/,488,vn
addons.mozilla.org/hu/firefox/addon/vn88goat/,471,vn
addons.mozilla.org/en-US/firefox/addon/cakhiatv/reviews/,471,vn
addons.mozilla.org/cs/firefox/addon/features-delicate-chrysanthemu/,460,vn
addons.mozilla.org/de/firefox/addon/vn88goat/,447,vn
addons.mozilla.org/vi/firefox/addon/adblock-plus/,437,vn
addons.mozilla.org/vi/firefox/addon/sv388-bet-tv/,405,vn
addons.mozilla.org/vi/firefox/addon/ssstwitter-downloader/,338,vn
addons.mozilla.org/vi/firefox/addon/link-fun88/,320,vn
addons.mozilla.org/vi/firefox/addon/anonymox/,300,vn
addons.mozilla.org/en-US/firefox/addon/dang-ky-w88-dee/,297,vn
addons.mozilla.org/vi/firefox/addon/xxxxxxxxxxxxxxxxxx/versions/,294,vn
addons.mozilla.org/en-US/firefox/addon/user-agent-string-switcher/,283,vn
addons.mozilla.org/fr/firefox/addon/kubet-ku-casino/,279,vn
addons.mozilla.org/en-US/firefox/addon/y2mate-youtube-to-mp3/,277,vn
addons.mozilla.org/en-US/firefox/addon/pluginanimevsub/reviews/,266,vn
addons.mozilla.org/en-US/firefox/addon/hocbeauty/,247,vn
addons.mozilla.org/en-US/firefox/addon/cookie-editor/,239,vn
addons.mozilla.org/vi/firefox/addon/foxyproxy-standard/,234,vn
addons.mozilla.org/de/firefox/addon/sv388-bet-tv/,226,vn
addons.mozilla.org/vi/firefox/addon/antitestportal/,223,vn
addons.mozilla.org/vi/firefox/addon/direct-apk-downloader-2018/,209,vn
addons.mozilla.org/vi/firefox/addon/google-translate-0/,209,vn
addons.mozilla.org/vi/firefox/addon/youtube-converter-downloader/,204,vn
addons.mozilla.org/vi/firefox/addon/da-ga-thomo-io/,203,vn
addons.mozilla.org/es-ES/firefox/addon/choi-ca-cuoc-tai-sv388/,202,vn
addons.mozilla.org/vi/firefox/addon/slither-io-mods-hack/,202,vn
addons.mozilla.org/it/firefox/addon/tructiepbongda-tv-xem-bong-da/,201,vn
addons.mozilla.org/vi/firefox/addon/ytgbh/,197,vn
addons.mozilla.org/cs/firefox/addon/topnhacai/,188,vn
addons.mozilla.org/en-US/firefox/addon/soundcloud-dl/,181,vn
addons.mozilla.org/en-US/firefox/addon/kubet-ku-casino/,181,vn
addons.mozilla.org/vi/firefox/addon/apkgk-downloader/,181,vn
addons.mozilla.org/vi/firefox/addon/tonec-idm-integration-module/,178,vn
addons.mozilla.org/vi/firefox/addon/topnhacai/,177,vn
addons.mozilla.org/en-US/firefox/addon/zeroomega/,173,vn
addons.mozilla.org/en-US/android/addon/pluginanimevsub/,171,vn
addons.mozilla.org/vi/firefox/addon/switchyomega/,171,vn
addons.mozilla.org/es-MX/firefox/addon/vuighe/,168,vn
addons.mozilla.org/en-GB/firefox/addon/tructiepbongda-tv-xem-bong-da/reviews/,167,vn
addons.mozilla.org/fr/firefox/addon/bongdatructuyen-link/,165,vn
addons.mozilla.org/vi/firefox/addon/adguard-adblocker/,153,vn
addons.mozilla.org/en-US/firefox/addon/ether-metamask/,150,vn
addons.mozilla.org/en-US/firefox/addon/nordvpn-proxy-extension/,144,vn
addons.mozilla.org/vi/firefox/addon/vietphrase-extension/,144,vn
addons.mozilla.org/vi/firefox/addon/voz-next/,133,vn
addons.mozilla.org/vi/firefox/addon/browsec/,130,vn
addons.mozilla.org/vi/firefox/addon/ssstik-video-downloader-tiktok/versions/,126,vn
addons.mozilla.org/vi/firefox/addon/facebook-video-downloader-onli/,122,vn
addons.mozilla.org/en-GB/firefox/addon/topnhacai/,120,vn
addons.mozilla.org/cs/firefox/addon/m88-thegioicacuocbongda/,117,vn
addons.mozilla.org/vi/firefox/addon/video-downloadhelper/,116,vn
addons.mozilla.org/vi/firefox/addon/adblock-for-youtube/,116,vn
addons.mozilla.org/vi/firefox/addon/dinosaur-game/,105,vn
addons.mozilla.org/vi/firefox/addon/v9betwin/,103,vn
addons.mozilla.org/vi/firefox/addon/xssl-url-shortener/,97,vn
addons.mozilla.org/vi/firefox/addon/xxxxxxxxxxxxxx/versions/,96,vn
addons.mozilla.org/pt-BR/firefox/addon/v9betwin/,95,vn
addons.mozilla.org/en-US/firefox/addon/myinstants/,94,vn
addons.mozilla.org/en-US/firefox/addon/savefromnet-helper/,87,vn
addons.mozilla.org/en-GB/firefox/addon/hocbeauty/versions/,86,vn
addons.mozilla.org/vi/firefox/addon/simple-translate/,83,vn
addons.mozilla.org/vi/firefox/addon/cookie-quick-manager/,83,vn
addons.mozilla.org/en-US/firefox/addon/hitclubtopcomm/,83,vn
addons.mozilla.org/vi/firefox/addon/nordvpn-proxy-extension/,83,vn
addons.mozilla.org/vi/firefox/addon/zenmate-free-vpn-best/,81,vn
addons.mozilla.org/en-US/firefox/addon/laban-dictionary/,81,vn
addons.mozilla.org/vi/firefox/addon/etc2/,81,vn
addons.mozilla.org/vi/firefox/addon/windscribe/,81,vn
addons.mozilla.org/vi/android/addon/btroblox/,79,vn
addons.mozilla.org/en-US/firefox/addon/proxy-checker/,72,vn
addons.mozilla.org/ru/firefox/addon/google-translator-for-firefox/,70,vn
addons.mozilla.org/vi/firefox/addon/wappalyzer/,70,vn
addons.mozilla.org/vi/firefox/addon/w88vnz/,69,vn
addons.mozilla.org/vi/firefox/addon/greasemonkey/,67,vn
addons.mozilla.org/en-US/firefox/addon/mbasicfb/,67,vn
addons.mozilla.org/en-US/firefox/addon/casino-truc-tuyen/,65,vn
addons.mozilla.org/vi/firefox/addon/temp-mail-by-smailpro/,65,vn
addons.mozilla.org/vi/firefox/addon/saucenao/,64,vn
addons.mozilla.org/en-US/firefox/addon/repeek/,64,vn
addons.mozilla.org/en-US/firefox/addon/anivn-com-faster-watch-videos/,61,vn
addons.mozilla.org/vi/firefox/addon/tab-auto-refresh/,61,vn
addons.mozilla.org/vi/firefox/addon/ether-metamask/,60,vn
addons.mozilla.org/en-US/firefox/addon/features-delicate-chrysanthemu/,60,vn
addons.mozilla.org/vi/firefox/addon/lightshot/,59,vn
addons.mozilla.org/en-US/firefox/addon/getfvid-fvideo-downloader/versions/,57,vn
addons.mozilla.org/en-US/firefox/addon/video-downloadhelper/,57,vn
addons.mozilla.org/vi/firefox/addon/block-website/,57,vn
addons.mozilla.org/de/firefox/addon/m88-qkqtb/,57,vn
addons.mozilla.org/en-US/firefox/addon/web-component-devtools/,56,vn
addons.mozilla.org/en-US/firefox/addon/shopback-extension/,56,vn
addons.mozilla.org/vi/firefox/addon/detective-conan-movie-16-ii/reviews/?score=2,55,vn
addons.mozilla.org/vi/firefox/addon/web-archive/,54,vn
addons.mozilla.org/vi/firefox/addon/happy-bonobo-disable-webrtc/,51,vn
addons.mozilla.org/en-US/firefox/addon/thethao88/,50,vn
addons.mozilla.org/cs/firefox/addon/hocbeauty/,50,vn
addons.mozilla.org/vi/firefox/addon/adblock-for-firefox/,50,vn
addons.mozilla.org/en-US/firefox/addon/btroblox/,30,ph
addons.mozilla.org/en-US/firefox/addon/ublock-origin/,8,ph
addons.mozilla.org/en-US/firefox/addon/volumemasterplus/,1,ph
addons.mozilla.org/en-US/firefox/addon/fire-football/,993,ph
addons.mozilla.org/en-GB/firefox/addon/yt1s/reviews/,760,ph
addons.mozilla.org/en-US/firefox/addon/دانلود-فیلم-سکسی/versions/,519,ph
addons.mozilla.org/en-US/firefox/addon/golden-dunes/,512,ph
addons.mozilla.org/es-AR/firefox/addon/savefromnet-helper/,30,ar
addons.mozilla.org/es-AR/firefox/addon/adblock-plus/,8,ar
addons.mozilla.org/es-AR/firefox/addon/ublock-origin/,1,ar
addons.mozilla.org/es-ES/android/addon/mp3xd/,2,ar
addons.mozilla.org/es-AR/firefox/addon/anime-de-calidad-en-tioanime/,3,ar
addons.mozilla.org/es-AR/firefox/addon/ssstik-tiktok-downloader/versions/,11,ar
addons.mozilla.org/es-ES/firefox/addon/storiesig-downloader/,7,ar
addons.mozilla.org/es-ES/firefox/addon/savefromnet-helper/,1,ar
addons.mozilla.org/es-AR/firefox/addon/adblock-for-firefox/,6,ar
addons.mozilla.org/es-AR/firefox/addon/mp3hub/,12,ar
addons.mozilla.org/es-AR/firefox/addon/volume-master-increase-volume/,3,ar
addons.mozilla.org/es-AR/firefox/addon/browsec/,2,ar
addons.mozilla.org/es-ES/firefox/addon/rutracker-add-on/versions/,1,ar
addons.mozilla.org/es-ES/firefox/addon/lightshot/,1,ar
addons.mozilla.org/es-CL/firefox/addon/lpsg-video-link-converter/,9,ar
addons.mozilla.org/es-MX/firefox/addon/torrentz2-magnet-links/,2,ar
addons.mozilla.org/es-ES/firefox/addon/anonymous-story-viewer/,1,ar
addons.mozilla.org/es-AR/firefox/addon/impuestito/,10,ar
addons.mozilla.org/es-ES/firefox/addon/character-ai-old-ifier/,2,ar
addons.mozilla.org/es-AR/firefox/addon/video-downloadhelper/,2,ar
addons.mozilla.org/es-AR/firefox/addon/ytmp3-mu/,1,ar
addons.mozilla.org/es-AR/firefox/addon/vidmo/,1,ar
addons.mozilla.org/es-AR/firefox/addon/twitter-to-nitter/,1,ar
addons.mozilla.org/es-MX/firefox/addon/mywape-url-updater/versions/,1,ar
addons.mozilla.org/es-AR/firefox/addon/vipleague/reviews/,1,ar
addons.mozilla.org/es-AR/firefox/addon/foxyproxy-standard/,1,ar
addons.mozilla.org/es-ES/firefox/addon/scrolller-saver/,1,ar
addons.mozilla.org/es-ES/firefox/addon/youtube-audio-downloader/,2,ar
addons.mozilla.org/es-AR/firefox/addon/eztv-tools/,3,ar
addons.mozilla.org/en-US/android/addon/btroblox/,1,ar
addons.mozilla.org/es-AR/firefox/addon/tineye-reverse-image-search/,5,ar
addons.mozilla.org/es-ES/firefox/addon/zlibrary-searcher/,1,ar
addons.mozilla.org/es-AR/firefox/addon/google-snake-game/,1,ar
addons.mozilla.org/es-AR/firefox/addon/saucenao/,2,ar
addons.mozilla.org/en-US/firefox/addon/iwara_downloader/,1,ar
addons.mozilla.org/es-AR/firefox/addon/delta-executor-script-manager/,1,ar
addons.mozilla.org/es-CL/firefox/addon/exhentai-小幫手/,25,ar
addons.mozilla.org/es-AR/firefox/addon/live-cat/,5,ar
addons.mozilla.org/en-US/firefox/addon/video-downloadhelper/,8,ar
addons.mozilla.org/es-AR/firefox/addon/adblock-for-youtube/,2,ar
addons.mozilla.org/es-AR/firefox/addon/to-google-translate/,5,ar
addons.mozilla.org/es-AR/firefox/addon/x-twitter-video-downloader/,2,ar
addons.mozilla.org/es-ES/firefox/addon/cps-test-click-test/,2,ar
addons.mozilla.org/es-ES/android/addon/re-enable-right-click/,1,ar
addons.mozilla.org/en-US/firefox/addon/soundcloud-dl/,1,ar
addons.mozilla.org/es-AR/firefox/addon/loader-to-all-in-1-downloader/,7,ar
addons.mozilla.org/es-AR/firefox/addon/wappalyzer/,7,ar
addons.mozilla.org/es-AR/firefox/addon/free-vpn-proxy-planetvpn/,1,ar
addons.mozilla.org/es-AR/firefox/addon/darkreader/,1,ar
addons.mozilla.org/es-ES/firefox/addon/animepahe-auto-downloader/,2,ar
addons.mozilla.org/es-ES/firefox/addon/scrolller-saver/versions/,2,ar
addons.mozilla.org/es-CL/firefox/addon/storiesig/,6,ar
addons.mozilla.org/es-AR/firefox/addon/docer-downloader/,1,ar
addons.mozilla.org/es-ES/firefox/addon/vpn-unlimited-secure-proxy/,1,ar
addons.mozilla.org/es-ES/firefox/addon/manganelo-downloader/,7,ar
addons.mozilla.org/es-ES/firefox/addon/ropro-pay-gorn/,6,ar
addons.mozilla.org/es-AR/firefox/addon/adguard-adblocker/,6,ar
addons.mozilla.org/es-AR/firefox/addon/ok-downloader-idl-helper/,3,ar
addons.mozilla.org/es-ES/firefox/addon/frankerfacez/,2,ar
addons.mozilla.org/es-ES/firefox/addon/minerblock-origin/,2,ar
addons.mozilla.org/es-AR/firefox/addon/direct-apk-downloader-2018/,1,ar
addons.mozilla.org/es-ES/firefox/addon/savefromnet-helper/,45,co
addons.mozilla.org/es-ES/firefox/addon/anime-de-calidad-en-tioanime/,3,co
addons.mozilla.org/es-ES/android/addon/mp3xd/,1,co
addons.mozilla.org/en-US/firefox/addon/ether-metamask/,5,co
addons.mozilla.org/es-ES/firefox/addon/adblock-plus/,61,co
addons.mozilla.org/es-ES/firefox/addon/ublock-origin/,11,co
addons.mozilla.org/en-US/firefox/addon/btroblox/,3,co
addons.mozilla.org/en-US/firefox/addon/ublock-origin/,47,co
addons.mozilla.org/es-ES/firefox/addon/browsec/,10,co
addons.mozilla.org/es-ES/firefox/addon/mp3hub/,1,co
addons.mozilla.org/en-US/firefox/addon/mepco-bill-online-checker/,1,pk
addons.mozilla.org/en-US/firefox/addon/english-into-urdu-translate/,47,pk
addons.mozilla.org/en-US/firefox/addon/browsec/,119,pk
addons.mozilla.org/en-US/firefox/addon/veepn-free-fast-security-vpn/,26,pk
addons.mozilla.org/en-US/firefox/addon/savefromnet-helper/,61,pk
addons.mozilla.org/en-US/firefox/addon/ublock-origin/,12,pk
addons.mozilla.org/en-US/firefox/addon/easy-youtube-video-download/,6,pk
addons.mozilla.org/en-US/firefox/addon/ublock-origin/,90,be
addons.mozilla.org/nl/firefox/addon/smarter_smartschool/,13,be
addons.mozilla.org/nl/firefox/addon/adblock-plus/,29,be
addons.mozilla.org/en-US/firefox/addon/adblock-plus/,35,be
addons.mozilla.org/en-US/firefox/addon/video-downloadhelper/,85,be
addons.mozilla.org/nl/firefox/addon/scribens-correcteur/,9,be
addons.mozilla.org/nl/firefox/addon/ublock-origin/,20,be
addons.mozilla.org/nl/firefox/addon/hdss/,10,be
addons.mozilla.org/nl/firefox/addon/storiesig/,1,be
addons.mozilla.org/en-US/firefox/addon/vipleague/,2,be
addons.mozilla.org/en-US/firefox/addon/adblock-for-firefox/,18,be
addons.mozilla.org/en-US/firefox/addon/myinstants/,6,be
addons.mozilla.org/en-US/firefox/addon/recherche-tirexo/reviews/,2,be
addons.mozilla.org/en-US/firefox/addon/redgif-video-downloader/,1,be
addons.mozilla.org/nl/firefox/addon/youtube-converter-downloader/,5,be
addons.mozilla.org/en-US/firefox/addon/ublock-origin/versions/,4,be
addons.mozilla.org/en-GB/firefox/addon/dpstream2/reviews/?score=4,1,be
addons.mozilla.org/en-US/firefox/addon/old-twitter-layout-2024/,1,be
addons.mozilla.org/en-US/firefox/addon/tampermonkey/,2,be
addons.mozilla.org/nl/firefox/addon/youtube-ad-auto-skipper/,1,be
addons.mozilla.org/nl/firefox/addon/adblock-for-firefox/,6,be
addons.mozilla.org/nl/firefox/addon/elvebredd/,1,be
addons.mozilla.org/en-US/firefox/addon/onlymp3/,1,be
addons.mozilla.org/nl/android/addon/imginn/,2,be
addons.mozilla.org/en-US/firefox/addon/btroblox/,9,be
addons.mozilla.org/nl/android/addon/savefromnet-helper/,3,be
addons.mozilla.org/en-US/firefox/addon/japscan-dark-mode-p/versions/,1,be
addons.mozilla.org/nl/firefox/addon/greasemonkey/,1,be
addons.mozilla.org/nl/firefox/addon/torrentz2-magnet-links/reviews/?score=5&page=2,2,be
addons.mozilla.org/nl/android/addon/pstream-extension/,2,be
addons.mozilla.org/nl/firefox/addon/browsec/,6,be
addons.mozilla.org/en-US/firefox/addon/foxyproxy-standard/,3,be
addons.mozilla.org/en-US/firefox/addon/cadeauclic-com/,2,be
addons.mozilla.org/en-US/firefox/addon/automatic-adskipper/,1,be
addons.mozilla.org/en-US/firefox/addon/video-downloader-profession/,10,be
addons.mozilla.org/en-US/firefox/addon/tiger711/,2,th
addons.mozilla.org/en-US/firefox/addon/dk7/,1,th
addons.mozilla.org/en-US/firefox/addon/uwin789/,12,th
addons.mozilla.org/en-US/firefox/addon/fun88-thai/,30,th
addons.mozilla.org/en-US/firefox/addon/btroblox/,2,th
addons.mozilla.org/en-US/firefox/addon/tonec-idm-integration-module/,98,th
addons.mozilla.org/en-US/firefox/addon/wagbpro/versions/,1,th
addons.mozilla.org/en-US/firefox/addon/ublock-origin/,27,th
addons.mozilla.org/en-US/firefox/addon/ublock-origin/,78,se
addons.mozilla.org/sv-SE/firefox/addon/ublock-origin/,822,se
addons.mozilla.org/sv-SE/firefox/addon/adblock-plus/,414,se
addons.mozilla.org/sv-SE/firefox/addon/vidmo/,243,se
addons.mozilla.org/sv-SE/firefox/addon/ytmp3-youtube-mp3/,226,se
addons.mozilla.org/sv-SE/android/addon/ublock-origin/,160,se
addons.mozilla.org/en-US/firefox/addon/darkreader/,144,se
addons.mozilla.org/en-US/firefox/addon/video-downloadhelper/,132,se
addons.mozilla.org/en-US/firefox/addon/vipleague/,132,se
addons.mozilla.org/sv-SE/android/addon/farsi-1/,128,se
addons.mozilla.org/sv-SE/firefox/addon/adblock-for-firefox/,123,se
addons.mozilla.org/en-US/firefox/addon/foxyproxy-standard/,120,se
addons.mozilla.org/en-US/firefox/addon/audiobookbay-magnet-assistant/,117,se
addons.mozilla.org/sv-SE/firefox/addon/instazoom/reviews/?score=2,108,se
addons.mozilla.org/sv-SE/firefox/addon/storiesig-downloader/,98,se
addons.mozilla.org/sv-SE/firefox/addon/adblock-for-youtube/,91,se
addons.mozilla.org/sv-SE/firefox/addon/ytmp4-downloader/,88,se
addons.mozilla.org/sv-SE/firefox/addon/savefromnet-helper/,88,se
addons.mozilla.org/en-US/firefox/addon/gelbooru-image-only/versions/,74,se
addons.mozilla.org/en-US/firefox/addon/score808-watch-free-football/,72,se
addons.mozilla.org/sv-SE/firefox/addon/scrolller-saver/,72,se
addons.mozilla.org/sv-SE/firefox/addon/anime-sama-style/,70,se
addons.mozilla.org/en-US/firefox/addon/btroblox/,68,se
addons.mozilla.org/en-US/firefox/addon/ytmp4-downloader/,58,se
addons.mozilla.org/sv-SE/firefox/addon/eztv-fast-and-easy/,56,se
addons.mozilla.org/en-US/firefox/addon/honey/,54,se
addons.mozilla.org/sv-SE/firefox/addon/snaptik-tiktok-video-download/,52,se
addons.mozilla.org/sv-SE/firefox/addon/coin-master-free-spins/,52,se
addons.mozilla.org/en-US/firefox/addon/startpage-private-search/,51,se
addons.mozilla.org/cs/firefox/addon/ytmp3/,813,cz
addons.mozilla.org/en-US/firefox/addon/ublock-origin/,792,cz
addons.mozilla.org/ru/firefox/addon/hdrezka-zen/,518,cz
addons.mozilla.org/cs/firefox/addon/adblock-plus/,442,cz
addons.mozilla.org/cs/firefox/addon/ublock-origin/,326,cz
addons.mozilla.org/cs/firefox/addon/rutor_torrent_search/,269,cz
addons.mozilla.org/cs/firefox/addon/watch-free-anime-at-gogoanime/,254,cz
addons.mozilla.org/en-US/firefox/addon/kproxy-extension/,244,cz
addons.mozilla.org/cs/firefox/addon/snaptik-tiktok-video-download/,235,cz
addons.mozilla.org/cs/firefox/addon/mywape-url-updater/,224,cz
addons.mozilla.org/es-ES/firefox/addon/xvideoac/reviews/,1,cl
addons.mozilla.org/es-CL/firefox/addon/adblock-plus/,7,cl
addons.mozilla.org/es-CL/firefox/addon/savefromnet-helper/,1,cl
addons.mozilla.org/es-ES/firefox/addon/anime-de-calidad-en-tioanime/,5,cl
addons.mozilla.org/es-CL/firefox/addon/ublock-origin/,19,cl
addons.mozilla.org/en-US/firefox/addon/ublock-origin/,5,cl
addons.mozilla.org/es-ES/firefox/addon/rutracker-add-on/versions/,3,cl
addons.mozilla.org/en-US/firefox/addon/btroblox/,2,cl
addons.mozilla.org/es-ES/firefox/addon/youtube-to-mp3-wext/,2,cl
addons.mozilla.org/en-US/firefox/addon/ublock-origin/,30,hu
addons.mozilla.org/hu/firefox/addon/adblock-plus/,20,hu
addons.mozilla.org/hu/firefox/addon/ytmp3-youtube-mp3/,2,hu
addons.mozilla.org/en-US/firefox/addon/adblock-plus/,12,hu
addons.mozilla.org/hu/firefox/addon/rutracker_torrent_search/,3,hu
addons.mozilla.org/hu/firefox/addon/ublock-origin/,8,hu
addons.mozilla.org/en-US/firefox/addon/download-mp3-youtube/,4,hu
addons.mozilla.org/en-US/firefox/addon/youtube-to-mp3-wext/,3,hu
addons.mozilla.org/hu/firefox/addon/adblock-for-youtube/,8,hu
addons.mozilla.org/hu/firefox/addon/youtube_downloader/,15,hu
addons.mozilla.org/en-US/firefox/addon/video-downloadhelper/,28,hu
addons.mozilla.org/hu/firefox/addon/magyar-nyelvi/,14,hu
addons.mozilla.org/hu/firefox/addon/dictzone-angol-magyar-szótár/,12,hu
addons.mozilla.org/hu/firefox/addon/video-downloadhelper/,22,hu
addons.mozilla.org/hu/android/addon/ublock-origin/,2,hu
addons.mozilla.org/en-US/firefox/addon/adblock-for-youtube/,4,hu
addons.mozilla.org/hu/firefox/addon/video-downloader-profession/,3,hu
addons.mozilla.org/hu/firefox/addon/adblock-for-firefox/,5,hu
addons.mozilla.org/hu/firefox/addon/ani/,2,hu
addons.mozilla.org/en-US/firefox/addon/goldengatehu/versions/,8,hu
addons.mozilla.org/hu/firefox/addon/opensubtitles/,3,hu
addons.mozilla.org/en-US/firefox/addon/adguard-adblocker/,2,hu
addons.mozilla.org/en-US/firefox/addon/greasemonkey/,2,hu
addons.mozilla.org/hu/firefox/addon/gayromeocom-beta/versions/,2,hu
addons.mozilla.org/hu/firefox/addon/adblocker-ultimate/,4,hu
addons.mozilla.org/en-US/firefox/addon/ytmp4-downloader/,3,hu
addons.mozilla.org/fr/firefox/addon/dictzone-angol-magyar-szótár/,9,hu
addons.mozilla.org/hu/firefox/addon/ok-downloader-idl-helper/,3,hu
addons.mozilla.org/en-US/firefox/addon/vipleague/,2,hu
addons.mozilla.org/en-US/firefox/addon/tineye-reverse-image-search/,1,hu
addons.mozilla.org/fr/firefox/addon/dictzone2-német-magyar-szótár/,8,hu
addons.mozilla.org/en-GB/firefox/addon/dictzone-angol-magyar-szótár/,5,hu
addons.mozilla.org/en-US/android/addon/torrentz2-magnet-links/,1,hu
addons.mozilla.org/en-US/firefox/addon/wayback-machine_new/,7,hu
addons.mozilla.org/hu/firefox/addon/rutracker-add-on/,1,hu
addons.mozilla.org/ko/firefox/addon/x-video-downloader/,1,kr
addons.mozilla.org/en-US/firefox/addon/ether-metamask/,1,kr
addons.mozilla.org/ko/firefox/addon/def-not-a-pronhub-theme/reviews/,1,kr
addons.mozilla.org/ko/firefox/addon/adblock-plus/,1,kr
addons.mozilla.org/ko/firefox/addon/anoboy2/,1,kr
addons.mozilla.org/ko/firefox/addon/upload-to-danbooru/,2,kr
addons.mozilla.org/en-US/firefox/addon/storiesig/,2,kr
addons.mozilla.org/ko/firefox/addon/stars-123/reviews/,7,kr
addons.mozilla.org/en-US/firefox/addon/ublock-origin/,800,no
addons.mozilla.org/en-US/firefox/addon/adblock-plus/,217,no
addons.mozilla.org/nb-NO/firefox/addon/ublock-origin/,175,no
addons.mozilla.org/nb-NO/firefox/addon/mywape-url-updater/,76,no
addons.mozilla.org/en-US/firefox/addon/greasemonkey/,65,no
addons.mozilla.org/en-US/firefox/addon/dark-mode-webextension/,65,no
addons.mozilla.org/en-US/firefox/addon/redgif-video-downloader/,64,no
addons.mozilla.org/en-US/android/addon/adblock-plus/,60,no
addons.mozilla.org/en-US/firefox/addon/score808-watch-free-football/,57,no
addons.mozilla.org/fy-NL/firefox/addon/age-tv-agefans动漫追番扩展/,396,hk
addons.mozilla.org/zh-TW/firefox/addon/anime1/,370,hk
addons.mozilla.org/en-US/firefox/addon/savefromnet-helper/,223,hk
addons.mozilla.org/en-US/firefox/addon/ublock-origin/,192,hk
addons.mozilla.org/en-US/firefox/addon/iwara_downloader/,180,hk
addons.mozilla.org/en-US/firefox/addon/storiesig-downloader/,135,hk
addons.mozilla.org/en-US/firefox/addon/vipleague/,90,hk
addons.mozilla.org/en-US/firefox/addon/video-downloadhelper/,90,hk
addons.mozilla.org/en-US/firefox/addon/adblock-plus/,88,hk
addons.mozilla.org/zh-TW/firefox/addon/我们需要微信网页版/,86,hk
addons.mozilla.org/en-US/firefox/addon/keonhacai/reviews/,80,hk
addons.mozilla.org/en-US/firefox/addon/komica-貼文記憶器/,79,hk
addons.mozilla.org/en-US/firefox/addon/exhentai-小幫手/,70,hk
addons.mozilla.org/zh-TW/firefox/addon/anoboy2/,53,hk
addons.mozilla.org/zh-TW/firefox/addon/极简vip视频解析/,52,hk
addons.mozilla.org/zh-TW/firefox/addon/opensearch-addon-for-cangku/,52,hk
addons.mozilla.org/en-US/firefox/addon/anime1/versions/,51,hk
addons.mozilla.org/zh-TW/firefox/addon/1080-bilibili-video-downloader/,50,hk
addons.mozilla.org/en-US/firefox/addon/btroblox/,50,hk
addons.mozilla.org/zh-TW/firefox/addon/ytmp4-downloader/,50,hk
addons.mozilla.org/en-US/firefox/addon/tampermonkey/,50,hk
addons.mozilla.org/de/firefox/addon/ublock-origin/,12,at
addons.mozilla.org/de/firefox/addon/adblock-plus/,38,at
addons.mozilla.org/en-US/firefox/addon/ublock-origin/,24,at
addons.mozilla.org/de/firefox/addon/myinstants/,1,at
addons.mozilla.org/de/firefox/addon/video-downloadhelper/,10,at
addons.mozilla.org/de/firefox/addon/adblock-for-youtube/,18,at
addons.mozilla.org/de/firefox/addon/easy-youtube-video-download/,12,at
addons.mozilla.org/de/firefox/addon/frag-caesar-suche-erweiterung/,2,at
addons.mozilla.org/de/firefox/addon/browsec/,7,at
addons.mozilla.org/de/firefox/addon/embed-bs-to/,2,at
addons.mozilla.org/en-US/firefox/addon/ublock-origin/,905,pt
addons.mozilla.org/pt-PT/firefox/addon/score808-watch-free-football/versions/,813,pt
addons.mozilla.org/pt-PT/firefox/addon/adblock-plus/,408,pt
addons.mozilla.org/en-US/firefox/addon/animepahe-plus/,176,pt
addons.mozilla.org/sq/firefox/addon/vipleague/,164,pt
addons.mozilla.org/pt-PT/firefox/addon/ublock-origin/,162,pt
addons.mozilla.org/en-US/firefox/addon/browsec/,144,pt
addons.mozilla.org/en-US/firefox/addon/myinstants/,133,pt
addons.mozilla.org/pt-PT/firefox/addon/rutracker_torrent_search/,132,pt
addons.mozilla.org/en-US/firefox/addon/warez-bb-unofficial-version2/versions/,120,pt
addons.mozilla.org/en-US/firefox/addon/ublock-origin/,867,nz
addons.mozilla.org/en-US/firefox/addon/adblock-plus/,390,nz
addons.mozilla.org/en-US/firefox/addon/mp3juices-cc/,137,nz
addons.mozilla.org/en-US/firefox/addon/video-downloadhelper/,123,nz
addons.mozilla.org/en-US/firefox/addon/mp3juice/,121,nz
addons.mozilla.org/en-US/firefox/addon/adblock-for-firefox/,70,nz
addons.mozilla.org/en-US/firefox/addon/mp3juice/,1,my
addons.mozilla.org/en-US/firefox/addon/anime-anoboy-life/,5,my
addons.mozilla.org/en-US/firefox/addon/age-tv-agefans动漫追番扩展/versions/,2,my
addons.mozilla.org/en-US/firefox/addon/savefromnet-helper/,36,my
addons.mozilla.org/en-US/firefox/addon/score808-watch-free-football/,2,my
addons.mozilla.org/en-US/firefox/addon/ublock-origin/,59,my
addons.mozilla.org/en-US/firefox/addon/adblock-plus/,16,my
addons.mozilla.org/en-US/firefox/addon/super-mario88/versions/,1,my
addons.mozilla.org/en-US/firefox/addon/duckduckgo-for-firefox/,3,my
addons.mozilla.org/en-US/firefox/addon/browsec/,8,my
addons.mozilla.org/en-US/firefox/addon/browsec/,464,sg
addons.mozilla.org/en-US/firefox/addon/ublock-origin/,401,sg
addons.mozilla.org/en-US/firefox/addon/duckduckgo-for-firefox/,330,sg
addons.mozilla.org/en-US/firefox/addon/mp3juice/,162,sg
addons.mozilla.org/en-US/firefox/addon/veepn-free-fast-security-vpn/,152,sg
addons.mozilla.org/en-US/firefox/addon/adblock-plus/,143,sg
addons.mozilla.org/en-US/firefox/addon/kproxy-extension/,124,sg
addons.mozilla.org/en-US/firefox/addon/ether-metamask/,106,sg
addons.mozilla.org/en-US/firefox/addon/video-downloadhelper/,90,sg
addons.mozilla.org/en-US/firefox/addon/asianbookie/,80,sg
addons.mozilla.org/en-US/firefox/addon/低端影视/versions/,76,sg
addons.mozilla.org/en-US/firefox/addon/age-tv-agefans动漫追番扩展/versions/,68,sg
addons.mozilla.org/en-US/firefox/addon/pangzitv/reviews/,65,sg
addons.mozilla.org/en-US/firefox/addon/vipleague/,64,sg
addons.mozilla.org/en-US/firefox/addon/btroblox/,64,sg
addons.mozilla.org/en-US/firefox/addon/ytmp4-downloader/,57,sg
addons.mozilla.org/en-US/firefox/addon/exhentai-小幫手/,57,sg
addons.mozilla.org/en-US/firefox/addon/foxyproxy-standard/,50,sg
addons.mozilla.org/en-US/firefox/addon/zawgyi-unicode-converter/,50,sg
addons.mozilla.org/es-ES/firefox/addon/anime-de-calidad-en-tioanime/,3,pe
addons.mozilla.org/es-ES/firefox/addon/savefromnet-helper/,962,pe
addons.mozilla.org/es-MX/firefox/addon/ssstik-tiktok-downloader/versions/,825,pe
addons.mozilla.org/en-US/firefox/addon/ether-metamask/,761,pe
addons.mozilla.org/es-ES/firefox/addon/ublock-origin/,462,pe
addons.mozilla.org/es-CL/firefox/addon/lpsg-video-link-converter/,277,pe
addons.mozilla.org/es-ES/firefox/addon/live-cat/,252,pe
addons.mozilla.org/en-US/firefox/addon/mp3xd/,240,pe
addons.mozilla.org/es-ES/firefox/addon/adblock-plus/,228,pe
addons.mozilla.org/de/firefox/addon/adblock-plus/,542,ch
addons.mozilla.org/en-US/firefox/addon/ublock-origin/,396,ch
addons.mozilla.org/en-US/firefox/addon/voiranime-darkmod/,380,ch
addons.mozilla.org/de/firefox/addon/ublock-origin/,294,ch
addons.mozilla.org/de/firefox/addon/instazoom-mobi/,199,ch
addons.mozilla.org/de/firefox/addon/video-downloadhelper/,178,ch
addons.mozilla.org/de/firefox/addon/vipleague/,162,ch
addons.mozilla.org/de/firefox/addon/myinstants/,148,ch
addons.mozilla.org/de/firefox/addon/languagetool/,144,ch
addons.mozilla.org/de/firefox/addon/greasemonkey/,136,ch
addons.mozilla.org/de/firefox/addon/easy-youtube-video-download/,82,ch
addons.mozilla.org/de/firefox/addon/animepahe-auto-downloader/,80,ch
addons.mozilla.org/de/firefox/addon/browsec/,78,ch
addons.mozilla.org/de/firefox/addon/kissanime-anime-online/,76,ch
addons.mozilla.org/de/firefox/addon/scribens-correcteur/,74,ch
addons.mozilla.org/de/firefox/addon/vidmo/reviews/,61,ch
addons.mozilla.org/de/firefox/addon/channel-myanmar-cleaner/,52,ch
addons.mozilla.org/en-US/firefox/addon/ublock-origin/,819,eg
addons.mozilla.org/en-US/firefox/addon/savefromnet-helper/,603,eg
addons.mozilla.org/en-US/firefox/addon/tonec-idm-integration-module/,517,eg
addons.mozilla.org/en-US/firefox/addon/adblock-plus/,432,eg
addons.mozilla.org/en-US/firefox/addon/veepn-free-fast-security-vpn/,357,eg
addons.mozilla.org/en-US/firefox/addon/video-downloadhelper/,294,eg
addons.mozilla.org/en-US/firefox/addon/adblock-for-firefox/,286,eg
addons.mozilla.org/en-US/firefox/addon/foxyproxy-standard/,212,eg
addons.mozilla.org/en-US/firefox/addon/browsec/,209,eg
addons.mozilla.org/en-US/firefox/addon/adblock-for-youtube/,177,eg
addons.mozilla.org/en-US/firefox/addon/ublock-origin/,797,ro
addons.mozilla.org/en-US/firefox/addon/adblock-plus/,736,ro
addons.mozilla.org/ro/firefox/addon/istoric-preturi/,477,ro
addons.mozilla.org/ro/firefox/addon/ublock-origin/,331,ro
addons.mozilla.org/en-US/firefox/addon/btroblox/,281,ro
addons.mozilla.org/en-US/firefox/addon/browsec/,258,ro
addons.mozilla.org/ro/firefox/addon/download-hub/,144,ro
addons.mozilla.org/en-US/firefox/addon/adblock-for-youtube/,137,ro
addons.mozilla.org/en-US/firefox/addon/adblock-for-firefox/,124,ro
addons.mozilla.org/en-US/firefox/addon/mp3juice/,121,ro
addons.mozilla.org/en-US/firefox/addon/ublock-origin/,44,gr
addons.mozilla.org/en-US/firefox/addon/vipleague/,6,gr
addons.mozilla.org/el/firefox/addon/ucoz-labucozru/reviews/,1,gr
addons.mozilla.org/el/firefox/addon/chat4/reviews/,1,gr
addons.mozilla.org/en-US/firefox/addon/adblock-plus/,20,gr
addons.mozilla.org/el/firefox/addon/ublock-origin/,6,gr
addons.mozilla.org/en-US/firefox/addon/easy-youtube-video-download/,5,gr
addons.mozilla.org/en-US/firefox/addon/browsec/,8,gr
addons.mozilla.org/en-US/firefox/addon/torrentz2-magnet-links/,2,gr
addons.mozilla.org/en-US/firefox/addon/adblock-for-youtube/,5,gr
addons.mozilla.org/en-US/firefox/addon/veepn-free-fast-security-vpn/,293,ae
addons.mozilla.org/en-US/firefox/addon/ublock-origin/,242,ae
addons.mozilla.org/en-US/firefox/addon/browsec/,229,ae
addons.mozilla.org/en-US/firefox/addon/savefromnet-helper/,153,ae
addons.mozilla.org/en-US/firefox/addon/score808-watch-free-football/,115,ae
addons.mozilla.org/en-US/firefox/addon/adblock-plus/,105,ae
addons.mozilla.org/en-US/firefox/addon/youtube-to-mp3-wext/,67,ae
addons.mozilla.org/en-US/firefox/addon/adblock-for-firefox/,65,ae
addons.mozilla.org/en-US/firefox/addon/mp3juices-cc/,56,ae
addons.mozilla.org/en-US/firefox/addon/kproxy-extension/,54,ae
addons.mozilla.org/en-US/firefox/addon/ublock-origin/,54,dk
addons.mozilla.org/en-US/firefox/addon/adblock-plus/,26,dk
addons.mozilla.org/en-US/firefox/addon/csgofloat/,3,dk
addons.mozilla.org/en-US/firefox/addon/vipleague/,1,dk
addons.mozilla.org/en-US/firefox/addon/adblock-for-youtube/,8,dk
addons.mozilla.org/en-US/firefox/addon/mp3juice/,2,za
addons.mozilla.org/en-US/firefox/addon/vipleague/,846,za
addons.mozilla.org/en-US/firefox/addon/savefromnet-helper/,615,za
addons.mozilla.org/en-US/firefox/addon/ublock-origin/,518,za
addons.mozilla.org/en-US/firefox/addon/mp3juices-cc/,350,za
addons.mozilla.org/en-GB/firefox/addon/tubidy/,247,za
addons.mozilla.org/en-US/firefox/addon/vidstream/versions/,231,za
addons.mozilla.org/en-US/firefox/addon/vipleague/versions/,205,za
addons.mozilla.org/en-US/firefox/addon/video-downloadhelper/,143,za
addons.mozilla.org/en-US/firefox/addon/ublock-origin/,46,fi
addons.mozilla.org/fi/firefox/addon/adblock-plus/,7,fi
addons.mozilla.org/fi/firefox/addon/ublock-origin/,10,fi
addons.mozilla.org/en-US/firefox/addon/video-downloadhelper/,18,fi
addons.mozilla.org/en-US/firefox/addon/adblock-for-youtube/,5,fi
addons.mozilla.org/en-US/firefox/addon/adblock-plus/,8,fi
addons.mozilla.org/fi/android/addon/ublock-origin/,1,fi
addons.mozilla.org/fi/firefox/addon/adblock-for-firefox/,1,fi
addons.mozilla.org/en-US/firefox/addon/dark-mode-webextension/,4,fi
addons.mozilla.org/en-US/android/addon/ublock-origin/,13,fi
addons.mozilla.org/fi/firefox/addon/vidmo/,1,fi
addons.mozilla.org/fr/firefox/addon/savefromnet-helper/,773,mg
addons.mozilla.org/fr/firefox/addon/tonec-idm-integration-module/,205,mg
addons.mozilla.org/en-US/firefox/addon/easy-youtube-video-download/,199,mg
addons.mozilla.org/en-US/firefox/addon/tonec-idm-integration-module/,127,mg
addons.mozilla.org/en-US/firefox/addon/voiranime-darkmod/,114,mg
addons.mozilla.org/fr/firefox/addon/alldebrid-addon/,90,mg
addons.mozilla.org/fr/firefox/addon/ytmp3-youtube-mp3/,72,mg
addons.mozilla.org/fr/firefox/addon/adblock-plus/,64,mg
addons.mozilla.org/en-US/firefox/addon/ublock-origin/,63,mg
addons.mozilla.org/fr/firefox/addon/mp3juices-free-music/,52,mg
addons.mozilla.org/en-US/firefox/addon/savefromnet-helper/,31,sa
addons.mozilla.org/en-US/firefox/addon/ublock-origin/,37,sa
addons.mozilla.org/en-US/firefox/addon/veepn-free-fast-security-vpn/,11,sa
addons.mozilla.org/en-US/firefox/addon/torrentz2-magnet-links/reviews/?page=2,1,sa
addons.mozilla.org/en-US/firefox/addon/browsec/,7,sa
addons.mozilla.org/en-US/firefox/addon/anoboy2/reviews/,1,sa
addons.mozilla.org/en-US/firefox/addon/snaplinksplus/,1,sa
addons.mozilla.org/en-US/firefox/addon/adblock-for-firefox/,4,sa
addons.mozilla.org/en-US/firefox/addon/kproxy-extension/,1,sa
addons.mozilla.org/en-US/firefox/addon/mp3juice/,1,sa
addons.mozilla.org/en-US/firefox/addon/startpage-private-search/,544,il
addons.mozilla.org/he/firefox/addon/הורדה-מיוטיוב-נטפרי/,351,il
addons.mozilla.org/en-US/firefox/addon/ublock-origin/,315,il
addons.mozilla.org/he/firefox/addon/web-telegram-online/,207,il
addons.mozilla.org/he/firefox/addon/ytmp3-youtube-mp3/,194,il
addons.mozilla.org/en-US/firefox/addon/score808-watch-free-football/,153,il
addons.mozilla.org/he/firefox/addon/coin-master-free-spins/,136,il
addons.mozilla.org/he/firefox/addon/rutor_torrent_search/,107,il
addons.mozilla.org/en-US/firefox/addon/btroblox/,88,il
addons.mozilla.org/en-US/firefox/addon/torrentz2-magnet-links/,84,il
addons.mozilla.org/ru/firefox/addon/hdrezka-zen/,74,il
addons.mozilla.org/en-US/android/addon/imginn/,64,il
addons.mozilla.org/he/firefox/addon/seasonvar-unlock/,59,il
addons.mozilla.org/en-US/firefox/addon/foxyproxy-standard/,56,il
addons.mozilla.org/en-US/firefox/addon/video-downloadhelper/,56,il
addons.mozilla.org/en-US/firefox/addon/savefromnet-helper/,29,bd
addons.mozilla.org/en-US/firefox/addon/proxy-switchyomega-3-omegalite/,7,bd
addons.mozilla.org/en-US/firefox/addon/easy-youtube-video-download/,8,bd
addons.mozilla.org/en-US/firefox/addon/zeroomega/,9,bd
addons.mozilla.org/en-US/firefox/addon/switchyomega/,13,bd
addons.mozilla.org/en-US/firefox/addon/browsec/,1,bd
addons.mozilla.org/en-US/firefox/addon/ublock-origin/,3,bd
addons.mozilla.org/en-US/firefox/addon/score808-watch-free-football/versions/,3,bd
addons.mozilla.org/en-US/firefox/addon/ublock-origin/,60,qa
addons.mozilla.org/en-US/firefox/addon/torrentz2-magnet-links/reviews/?score=5&page=2,52,qa
addons.mozilla.org/en-US/firefox/addon/vipleague/,50,qa
addons.mozilla.org/de/firefox/addon/ae888-io/,495,kh
addons.mozilla.org/en-US/firefox/addon/lightshot/,222,kh
addons.mozilla.org/en-US/firefox/addon/asianbookie/,220,kh
addons.mozilla.org/hu/firefox/addon/vn88goat/,198,kh
addons.mozilla.org/en-US/firefox/addon/tab-auto-refresh/,133,kh
addons.mozilla.org/en-US/firefox/addon/user-agent-string-switcher/,133,kh
addons.mozilla.org/en-US/firefox/addon/auto-refresh-page/,124,kh
addons.mozilla.org/en-US/firefox/addon/nordvpn-proxy-extension/,87,kh
addons.mozilla.org/en-US/firefox/addon/darkreader/,79,kh
addons.mozilla.org/en-US/firefox/addon/ublock-origin/,75,kh
addons.mozilla.org/en-US/firefox/addon/ublock-origin/,599,ie
addons.mozilla.org/en-US/firefox/addon/vipleague/versions/,269,ie
addons.mozilla.org/en-US/firefox/addon/tampermonkey/,240,ie
addons.mozilla.org/en-US/firefox/addon/adblock-plus/,107,ie
addons.mozilla.org/en-US/firefox/addon/violentmonkey/,97,ie
addons.mozilla.org/en-US/firefox/addon/greasemonkey/,83,ie
addons.mozilla.org/en-US/firefox/addon/warez-bb/versions/,57,ie
addons.mozilla.org/fr/firefox/addon/savefromnet-helper/,4,ma
addons.mozilla.org/fr/firefox/addon/snaptik-tiktok-video-download/,929,ma
addons.mozilla.org/fr/firefox/addon/adblock-plus/,338,ma
addons.mozilla.org/fr/firefox/addon/foxyproxy-standard/,308,ma
addons.mozilla.org/en-US/firefox/addon/ublock-origin/,302,ma
addons.mozilla.org/fr/firefox/addon/ytmp3-youtube-mp3/,297,ma
addons.mozilla.org/en-US/firefox/addon/voiranime-darkmod/,203,ma
addons.mozilla.org/fr/firefox/addon/violentmonkey/,171,ma
addons.mozilla.org/en-US/firefox/addon/hdss/,157,ma
addons.mozilla.org/en-US/firefox/addon/tab-reloader/,1,dz
addons.mozilla.org/fr/firefox/addon/snaptik-tiktok-video-download/,8,dz
addons.mozilla.org/fr/firefox/addon/adblock-plus/,468,dz
addons.mozilla.org/fr/firefox/addon/tab-auto-refresh/,396,dz
addons.mozilla.org/en-US/firefox/addon/ublock-origin/,386,dz
addons.mozilla.org/fr/firefox/addon/hdss/,363,dz
addons.mozilla.org/fr/firefox/addon/savefromnet-helper/,260,dz
addons.mozilla.org/en-US/firefox/addon/mp3juice/,259,dz
addons.mozilla.org/en-US/firefox/addon/uvpn-unlimited-vpn/,3,gh
addons.mozilla.org/en-US/firefox/addon/user-agent-string-switcher/,1,gh
addons.mozilla.org/en-US/firefox/addon/mp3juice/,1,gh
addons.mozilla.org/en-US/firefox/addon/random_user_agent/,6,gh
addons.mozilla.org/en-US/firefox/addon/foxyproxy-standard/,4,gh
addons.mozilla.org/en-US/firefox/addon/hide-my-ip-free/,4,gh
addons.mozilla.org/en-US/firefox/addon/score808-watch-free-football/,2,gh
addons.mozilla.org/en-US/firefox/addon/urban-shield/,1,gh
addons.mozilla.org/en-US/firefox/addon/b-dns/,5,gh
addons.mozilla.org/en-US/firefox/addon/ublock-origin/,119,ge
addons.mozilla.org/ru/firefox/addon/hdrezka-zen/,98,ge
addons.mozilla.org/en-US/firefox/addon/adblock-plus/,84,ge
addons.mozilla.org/en-US/firefox/addon/repeek/,96,mn
addons.mozilla.org/en-US/firefox/addon/download-mp3-youtube/,51,mn
addons.mozilla.org/en-US/firefox/addon/savefromnet-helper/,23,ng
addons.mozilla.org/en-US/firefox/addon/foxyproxy-standard/,3,ng
addons.mozilla.org/en-CA/firefox/addon/animepahe-plus/,1,ng
addons.mozilla.org/en-US/firefox/addon/mp3juice/,1,ng
addons.mozilla.org/en-US/firefox/addon/tunnelbear-vpn-firefox/,5,ng
addons.mozilla.org/en-US/firefox/addon/score808-watch-free-football/,1,ng
addons.mozilla.org/en-US/firefox/addon/windscribe/,4,ng
addons.mozilla.org/en-US/firefox/addon/ublock-origin/,6,ng
addons.mozilla.org/en-US/firefox/addon/ghostery/,4,ng
addons.mozilla.org/en-US/firefox/addon/proxy-switchyomega-3-omegalite/,2,ng
addons.mozilla.org/en-US/firefox/addon/mp3juice/,90,kw
addons.mozilla.org/en-US/firefox/addon/ublock-origin/,76,kw
addons.mozilla.org/en-US/firefox/addon/download-mp3-youtube/,51,kw
addons.mozilla.org/en-US/firefox/addon/savefromnet-helper/,570,et
addons.mozilla.org/en-US/firefox/addon/score808-watch-free-football/,247,et
addons.mozilla.org/en-US/firefox/addon/ether-metamask/,147,et
addons.mozilla.org/en-US/firefox/addon/tonec-idm-integration-module/,95,et
addons.mozilla.org/en-US/firefox/addon/video-downloader-profession/,75,et
addons.mozilla.org/en-US/firefox/addon/foxyproxy-standard/,51,et
addons.mozilla.org/en-US/firefox/addon/ublock-origin/,109,lk
addons.mozilla.org/en-US/firefox/addon/mp3juice/,108,lk
addons.mozilla.org/en-US/firefox/addon/savefromnet-helper/,92,lk
addons.mozilla.org/en-US/firefox/addon/aliexpress-image-downloader/,61,lk
addons.mozilla.org/en-CA/firefox/addon/yt1s/versions/,59,lk
addons.mozilla.org/en-US/firefox/addon/ytmp4-downloader/,57,lk
addons.mozilla.org/en-US/firefox/addon/vidmo/reviews/,50,lk
addons.mozilla.org/en-US/firefox/addon/mp3juice/,111,np
addons.mozilla.org/en-US/firefox/addon/ublock-origin/,106,np
addons.mozilla.org/en-US/firefox/addon/savefromnet-helper/,72,np
addons.mozilla.org/en-US/firefox/addon/score808-watch-free-football/,63,np
addons.mozilla.org/en-US/firefox/addon/video-downloader-profession/,53,np
addons.mozilla.org/en-US/firefox/addon/kproxy-extension/,51,np
addons.mozilla.org/fr/firefox/addon/snaptik-tiktok-video-download/,296,tn
addons.mozilla.org/en-US/firefox/addon/ublock-origin/,116,tn
addons.mozilla.org/en-US/firefox/addon/mp3juice/,88,tn
addons.mozilla.org/ru/firefox/addon/hdrezka-zen/,405,lv
addons.mozilla.org/en-US/firefox/addon/ublock-origin/,264,lv
addons.mozilla.org/en-US/firefox/addon/adblock-plus/,76,lv
addons.mozilla.org/en-US/firefox/addon/video-downloadhelper/,74,lv
addons.mozilla.org/en-US/firefox/addon/savefromnet-helper/,896,az
addons.mozilla.org/en-US/firefox/addon/rutracker-add-on/,172,az
addons.mozilla.org/en-US/firefox/addon/btroblox/,141,az
addons.mozilla.org/ru/android/addon/ytmp3-youtube-mp3/,72,az
addons.mozilla.org/fr/firefox/addon/savefromnet-helper/,21,cm
addons.mozilla.org/fr/firefox/addon/mp3juice/,1,cm
addons.mozilla.org/en-US/firefox/addon/ether-metamask/,3,pa
addons.mozilla.org/es-ES/firefox/addon/savefromnet-helper/,13,pa
addons.mozilla.org/es-ES/firefox/addon/anime-de-calidad-en-tioanime/,1,pa
addons.mozilla.org/es-ES/firefox/addon/notube-jutsu/versions/,1,pa
addons.mozilla.org/en-US/firefox/addon/mp3xd/,1,pa
addons.mozilla.org/en-US/firefox/addon/vipleague/versions/,1,pa
addons.mozilla.org/en-US/firefox/addon/rutracker-add-on/,4,by
addons.mozilla.org/ru/firefox/addon/rutracker-add-on/,5,by
addons.mozilla.org/ru/firefox/addon/savefromnet-helper/,6,by
addons.mozilla.org/ru/firefox/addon/hdrezka-zen/,3,by
addons.mozilla.org/en-US/firefox/addon/adblock-plus/,5,by
addons.mozilla.org/ru/firefox/addon/gooool/versions/,1,by
addons.mozilla.org/en-US/firefox/addon/ublock-origin/,4,by
addons.mozilla.org/en-US/firefox/addon/mywape-url-updater/,1,by
addons.mozilla.org/en-US/firefox/addon/savefromnet-helper/,164,ao
addons.mozilla.org/en-US/firefox/addon/rutracker-add-on/,229,md
addons.mozilla.org/ru/firefox/addon/hdrezka-zen/,135,md
addons.mozilla.org/en-US/firefox/addon/ublock-origin/,69,md
addons.mozilla.org/en-US/firefox/addon/rutracker-add-on/,589,kz
addons.mozilla.org/ru/firefox/addon/hdrezka-zen/,552,kz
addons.mozilla.org/ru/firefox/addon/savefromnet-helper/,424,kz
addons.mozilla.org/en-US/firefox/addon/repeek/,415,kz
addons.mozilla.org/ru/firefox/addon/rutracker-add-on/,308,kz
addons.mozilla.org/en-US/firefox/addon/vidmo/reviews/,270,kz
addons.mozilla.org/en-US/firefox/addon/mywape-url-updater/,176,kz
addons.mozilla.org/en-US/firefox/addon/ublock-origin/,156,kz
addons.mozilla.org/en-US/firefox/addon/adblock-plus/,151,kz
addons.mozilla.org/en-US/firefox/addon/btroblox/,80,kz
addons.mozilla.org/es-ES/firefox/addon/savefromnet-helper/,660,ve
addons.mozilla.org/es-ES/android/addon/mp3xd/,495,ve
addons.mozilla.org/es-ES/firefox/addon/foxyproxy-standard/,470,ve
addons.mozilla.org/es-ES/firefox/addon/anime-de-calidad-en-tioanime/,325,ve
addons.mozilla.org/en-US/firefox/addon/ublock-origin/,168,ve
addons.mozilla.org/es-ES/firefox/addon/adblock-plus/,152,ve
addons.mozilla.org/es-ES/android/addon/direct-apk-downloader-2018/,130,ve
addons.mozilla.org/es-ES/android/addon/mp3hub/,93,ve
addons.mozilla.org/en-US/firefox/addon/btroblox/,91,ve
addons.mozilla.org/es-MX/firefox/addon/ssstik-tiktok-downloader/versions/,90,ve
addons.mozilla.org/es-ES/firefox/addon/score808-watch-free-football/versions/,126,bw
addons.mozilla.org/en-US/firefox/addon/ublock-origin/,299,lt
addons.mozilla.org/en-US/firefox/addon/adblock-plus/,158,lt
addons.mozilla.org/ru/firefox/addon/hdrezka-zen/,60,lt
addons.mozilla.org/ru/firefox/addon/kinozal-unofficial/,54,lt
addons.mozilla.org/en-US/firefox/addon/rutracker-add-on/,246,am
addons.mozilla.org/ru/firefox/addon/hdrezka-zen/,108,am
addons.mozilla.org/en-US/firefox/addon/mp3juices-cc/,529,zw
addons.mozilla.org/en-US/firefox/addon/mp3juice/,405,zw
addons.mozilla.org/en-US/firefox/addon/mp3juice/,162,al
addons.mozilla.org/en-US/firefox/addon/vipleague/,110,al
addons.mozilla.org/en-US/firefox/addon/ublock-origin/,66,al
addons.mozilla.org/en-US/firefox/addon/ytmp3-mu/,60,al
addons.mozilla.org/fr/firefox/addon/savefromnet-helper/,280,sn
addons.mozilla.org/es-MX/firefox/addon/hdss/,114,sn
addons.mozilla.org/fr/firefox/addon/snaptik-tiktok-video-download/,111,sn
addons.mozilla.org/es-ES/firefox/addon/savefromnet-helper/,824,do
addons.mozilla.org/es-ES/firefox/addon/anime-de-calidad-en-tioanime/,145,do
addons.mozilla.org/es-ES/android/addon/mp3xd/,120,do
addons.mozilla.org/en-US/firefox/addon/btroblox/,100,do
addons.mozilla.org/en-US/firefox/addon/ublock-origin/,70,do
addons.mozilla.org/es-ES/firefox/addon/foxyproxy-standard/,62,do
addons.mozilla.org/en-US/firefox/addon/vipleague/versions/,57,do
addons.mozilla.org/es-ES/firefox/addon/whoervpn/,54,do
addons.mozilla.org/sk/firefox/addon/ytmp3-youtube-mp3/,555,sk
addons.mozilla.org/sk/android/addon/hdrezka-helper/,452,sk
addons.mozilla.org/sk/firefox/addon/mp3juice/,283,sk
addons.mozilla.org/en-US/firefox/addon/ublock-origin/,258,sk
addons.mozilla.org/en-US/firefox/addon/ytmp4-downloader/,50,sk
addons.mozilla.org/fr/firefox/addon/savefromnet-helper/,409,cd
addons.mozilla.org/es-ES/android/addon/mp3xd/,220,sv
addons.mozilla.org/en-US/firefox/addon/twitter-x-downloader/,51,sv
addons.mozilla.org/es-ES/firefox/addon/adblock-plus/,296,ec
addons.mozilla.org/fr/firefox/addon/anime-de-calidad-en-tioanime/,266,ec
addons.mozilla.org/es-ES/android/addon/mp3xd/,132,ec
addons.mozilla.org/en-US/firefox/addon/btroblox/,130,ec
addons.mozilla.org/es-ES/android/addon/mp3hub/,76,ec
addons.mozilla.org/es-CL/firefox/addon/instasave-pro/,56,ec
addons.mozilla.org/es-ES/firefox/addon/ublock-origin/,50,ec
addons.mozilla.org/en-US/firefox/addon/mp3juices-cc/,1,jm
addons.mozilla.org/en-US/firefox/addon/mp3juice/,451,jm
addons.mozilla.org/en-US/firefox/addon/score808-watch-free-football/,372,jm
addons.mozilla.org/es-ES/firefox/addon/savefromnet-helper/,6,bo
addons.mozilla.org/es-ES/firefox/addon/volume-master-increase-volume/,3,bo
addons.mozilla.org/es-ES/firefox/addon/anime-de-calidad-en-tioanime/,1,bo
addons.mozilla.org/es-ES/android/addon/mp3xd/,1,bo
addons.mozilla.org/es-ES/firefox/addon/adblock-plus/,4,bo
addons.mozilla.org/en-US/firefox/addon/btroblox/,1,bo
addons.mozilla.org/en-US/firefox/addon/ublock-origin/,701,rs
addons.mozilla.org/en-US/firefox/addon/mp3juice/,181,rs
addons.mozilla.org/en-CA/firefox/addon/score808-watch-free-football/versions/,72,rs
addons.mozilla.org/es-ES/android/addon/mp3xd/,176,cr
addons.mozilla.org/es-ES/firefox/addon/anime-de-calidad-en-tioanime/,169,cr
addons.mozilla.org/es-ES/firefox/addon/savefromnet-helper/,128,cr
addons.mozilla.org/en-US/firefox/addon/btroblox/,64,cr
addons.mozilla.org/en-US/firefox/addon/mp3juice/,181,ht
addons.mozilla.org/fr/firefox/addon/video-downloadhelper/,102,ht
addons.mozilla.org/en-US/firefox/addon/ublock-origin/,216,ee
addons.mozilla.org/ru/firefox/addon/hdrezka-zen/,111,ee
addons.mozilla.org/en-US/firefox/addon/eesti-keele-speller/,73,ee
addons.mozilla.org/en-US/firefox/addon/mp3juice/,99,tt
addons.mozilla.org/en-US/firefox/addon/mp3juices-cc/,55,tt
addons.mozilla.org/en-US/firefox/addon/mp3juice/,111,gy
addons.mozilla.org/en-US/firefox/addon/ublock-origin/,492,lu
addons.mozilla.org/en-US/firefox/addon/ublock-origin/,99,cy
addons.mozilla.org/en-US/firefox/addon/mp3juice/,1,na
addons.mozilla.org/en-US/firefox/addon/mp3juices-cc/,1,na
addons.mozilla.org/es-ES/firefox/addon/savefromnet-helper/,113,uy
addons.mozilla.org/en-US/firefox/addon/btroblox/,54,uy
addons.mozilla.org/en-US/firefox/addon/hdrezka-zen/,452,bg
addons.mozilla.org/en-US/firefox/addon/ublock-origin/,426,bg
addons.mozilla.org/en-US/firefox/addon/adblock-plus/,216,bg
addons.mozilla.org/en-US/firefox/addon/vipleague/,50,lb
addons.mozilla.org/en-US/firefox/addon/vipleague/,61,bz
addons.mozilla.org/en-US/firefox/addon/mp3juice/,362,zm
addons.mozilla.org/en-US/firefox/addon/mp3juices-cc/,163,zm
addons.mozilla.org/es-ES/firefox/addon/ublock-origin/,426,py
addons.mozilla.org/es-ES/firefox/addon/savefromnet-helper/,388,py
addons.mozilla.org/es-ES/android/addon/mp3xd/,180,py
addons.mozilla.org/es-ES/firefox/addon/savefromnet-helper/,411,gt
addons.mozilla.org/es-ES/firefox/addon/mp3xd/,405,gt
addons.mozilla.org/es-ES/firefox/addon/anime-de-calidad-en-tioanime/,169,gt
addons.mozilla.org/es-MX/firefox/addon/ssstik-tiktok-downloader/versions/,157,gt
addons.mozilla.org/en-US/firefox/addon/btroblox/,64,gt
addons.mozilla.org/es-ES/firefox/addon/savefromnet-helper/,546,hn
addons.mozilla.org/en-US/firefox/addon/mp3xd/,144,hn
addons.mozilla.org/es-ES/firefox/addon/anime-de-calidad-en-tioanime/,64,hn
addons.mozilla.org/en-US/firefox/addon/savefromnet-helper/,201,jo
addons.mozilla.org/en-US/firefox/addon/worm-world-connect/,84,jo
addons.mozilla.org/en-US/firefox/addon/ublock-origin/,55,jo
addons.mozilla.org/hr/firefox/addon/e-dnevnik-plus-za-nastavnike/,548,hr
addons.mozilla.org/en-US/firefox/addon/ublock-origin/,547,hr
addons.mozilla.org/en-US/firefox/addon/vipleague/,144,hr
addons.mozilla.org/en-US/firefox/addon/mp3juice/,111,hr
addons.mozilla.org/en-US/firefox/addon/torrentz2-magnet-links/,95,hr
addons.mozilla.org/en-CA/firefox/addon/e-dnevnik-plus-za-nastavnike/,64,hr
addons.mozilla.org/en-US/firefox/addon/savefromnet-helper/,76,bh
addons.mozilla.org/en-US/firefox/addon/ublock-origin/,421,si
addons.mozilla.org/sl/firefox/addon/titlovi-com/versions/,162,si
addons.mozilla.org/sl/firefox/addon/ytmp3-youtube-mp3/,132,si
addons.mozilla.org/en-US/firefox/addon/torrentz2-magnet-links/,50,si
addons.mozilla.org/en-US/firefox/addon/mp3juice/,288,mu
addons.mozilla.org/es-ES/android/addon/mp3xd/,130,ni
addons.mozilla.org/es-ES/firefox/addon/savefromnet-helper/,100,ni
addons.mozilla.org/es-ES/firefox/addon/anime-de-calidad-en-tioanime/,64,ni
addons.mozilla.org/en-US/firefox/addon/savefromnet-helper/,128,ly
