0,URL,Check Box,Keyword
1,https://www.jetcalculator.com/bmi-calculator,FALSE,bmi calculator
2,https://www.jetcalculator.com/lean-body-mass-calculator,FALSE,lean body mass calculator
3,https://www.jetcalculator.com/temperature-converter,FALSE,temperature converter
4,https://www.jetcalculator.com/energy-converter,FALSE,energy converter
5,https://www.jetcalculator.com/frequency-converter,FALSE,frequency converter
6,https://www.jetcalculator.com/length-converter,FALSE,length converter
7,https://www.jetcalculator.com/power-converter,FALSE,power converter
8,https://www.jetcalculator.com/voltage-converter,FALSE,voltage converter
9,https://www.jetcalculator.com/volume-converter,FALSE,volume converter
10,https://www.jetcalculator.com/weight-converter,FALSE,weight converter
11,https://www.jetcalculator.com/square-root-calculator,FALSE,square root calculator
12,https://www.jetcalculator.com/cube-root-calculator,FALSE,cube root calculator
13,https://www.jetcalculator.com/carbohydrate-calculator,FALSE,carbohydrate calculator
14,https://www.jetcalculator.com/protein-calculator,FALSE,protein calculator
15,https://www.jetcalculator.com/tdee-calculator,FALSE,tdee calculator
16,https://www.jetcalculator.com/bmr-calculator,FALSE,bmr calculator
17,https://www.jetcalculator.com/square-calculator,FALSE,square calculator
18,https://www.jetcalculator.com/age-calculator,FALSE,age calculator
19,https://www.jetcalculator.com/cube-volume-calculator,FALSE,cube volume calculator
20,https://www.jetcalculator.com/rectangular-prism-volume-calculator,FALSE,rectangular prism volume calculator
21,https://www.jetcalculator.com/sphere-volume-calculator,FALSE,sphere volume calculator
22,https://www.jetcalculator.com/hemisphere-volume-calculator,FALSE,hemisphere volume calculator
23,https://www.jetcalculator.com/spherical-cap-volume-calculator,FALSE,spherical cap volume calculator
24,https://www.jetcalculator.com/ellipsoid-volume-calculator,FALSE,ellipsoid volume calculator
25,https://www.jetcalculator.com/cylinder-volume-calculator,FALSE,cylinder volume calculator
26,https://www.jetcalculator.com/hollow-cylinder-volume-calculator,FALSE,hollow cylinder volume calculator
27,https://www.jetcalculator.com/capsule-volume-calculator,FALSE,capsule volume calculator
28,https://www.jetcalculator.com/cone-volume-calculator,FALSE,cone volume calculator
29,https://www.jetcalculator.com/truncated-cone-volume-calculator,FALSE,truncated cone volume calculator
30,https://www.jetcalculator.com/triangular-prism-volume-calculator,FALSE,triangular prism volume calculator
31,https://www.jetcalculator.com/square-pyramid-volume-calculator,FALSE,square pyramid volume calculator
32,https://www.jetcalculator.com/truncated-pyramid-volume-calculator,FALSE,truncated pyramid volume calculator
33,https://www.jetcalculator.com/data-storage-converter,FALSE,data storage converter
34,https://www.jetcalculator.com/circle-square-footage-calculator,FALSE,circle square footage calculator
35,https://www.jetcalculator.com/parallelogram-square-footage-calculator,FALSE,parallelogram square footage calculator
36,https://www.jetcalculator.com/rectangle-border-square-footage-calculator,FALSE,rectangle border square footage calculator
37,https://www.jetcalculator.com/ring-square-footage-calculator,FALSE,ring square footage calculator
38,https://www.jetcalculator.com/sector-square-footage-calculator,FALSE,sector square footage calculator
39,https://www.jetcalculator.com/annulus-area-calculator,FALSE,annulus area calculator
40,https://www.jetcalculator.com/circle-area-calculator,FALSE,circle area calculator
41,https://www.jetcalculator.com/ellipse-area-calculator,FALSE,ellipse area calculator
42,https://www.jetcalculator.com/l-shaped-square-footage-calculator,FALSE,l shaped square footage calculator
43,https://www.jetcalculator.com/quadrilateral-area-calculator,FALSE,quadrilateral area calculator
44,https://www.jetcalculator.com/kite-area-calculator,FALSE,kite area calculator
45,https://www.jetcalculator.com/parallelogram-area-calculator,FALSE,parallelogram area calculator
46,https://www.jetcalculator.com/rectangle-area-calculator,FALSE,rectangle area calculator
47,https://www.jetcalculator.com/hexagon-area-calculator,FALSE,hexagon area calculator
48,https://www.jetcalculator.com/trapezoid-square-footage-calculator,FALSE,trapezoid square footage calculator
49,https://www.jetcalculator.com/octagon-area-calculator,FALSE,octagon area calculator
50,https://www.jetcalculator.com/triangle-square-footage-calculator,FALSE,triangle square footage calculator
51,https://www.jetcalculator.com/pentagon-area-calculator,FALSE,pentagon area calculator
52,https://www.jetcalculator.com/regular-polygon-area-calculator,FALSE,regular polygon area calculator
53,https://www.jetcalculator.com/rhombus-area-calculator,FALSE,rhombus area calculator
54,https://www.jetcalculator.com/sector-area-calculator,FALSE,sector area calculator
55,https://www.jetcalculator.com/semicircle-area-calculator,FALSE,semicircle area calculator
56,https://www.jetcalculator.com/square-area-calculator,FALSE,square area calculator
57,https://www.jetcalculator.com/trapezoid-area-calculator,FALSE,trapezoid area calculator
58,https://www.jetcalculator.com/triangle-area-calculator,FALSE,triangle area calculator
59,https://www.jetcalculator.com/concrete-slab-calculator,FALSE,concrete slab calculator
60,https://www.jetcalculator.com/round-concrete-calculator,FALSE,round concrete calculator
61,https://www.jetcalculator.com/concrete-tube-calculator,FALSE,concrete tube calculator
62,https://www.jetcalculator.com/concrete-curb-calculator,FALSE,concrete curb calculator
63,https://www.jetcalculator.com/concrete-stair-calculator,FALSE,concrete stair calculator
64,https://www.jetcalculator.com/cube-surface-area-calculator,FALSE,cube surface area calculator
65,https://www.jetcalculator.com/ellipsoid-surface-area-calculator,FALSE,ellipsoid surface area calculator
66,https://www.jetcalculator.com/square-pyramid-surface-area-calculator,FALSE,square pyramid surface area calculator
67,https://www.jetcalculator.com/conical-frustum-surface-area-calculator,FALSE,conical frustum surface area calculator
68,https://www.jetcalculator.com/cone-surface-area-calculator,FALSE,cone surface area calculator
69,https://www.jetcalculator.com/rectangular-surface-area-calculator,FALSE,rectangular surface area calculator
70,https://www.jetcalculator.com/capsule-surface-area-calculator,FALSE,capsule surface area calculator
71,https://www.jetcalculator.com/cap-surface-area-calculator,FALSE,cap surface area calculator
72,https://www.jetcalculator.com/cylinder-surface-area-calculator,FALSE,cylinder surface area calculator
73,https://www.jetcalculator.com/force-converter,FALSE,force converter
74,https://www.jetcalculator.com/pressure-converter,FALSE,pressure converter
75,https://www.jetcalculator.com/stock-trading-margin-calculator,FALSE,stock trading margin calculator
76,https://www.jetcalculator.com/profit-margin-calculator,FALSE,profit margin calculator
77,https://www.jetcalculator.com/currency-exchange-margin-calculator,FALSE,currency exchange margin calculator
78,https://www.jetcalculator.com/angle-converter,FALSE,angle converter
79,https://www.jetcalculator.com/speed-converter,FALSE,speed converter
80,https://www.jetcalculator.com/typography-converter,FALSE,typography converter
81,https://www.jetcalculator.com/fat-intake-calculator,FALSE,fat intake calculator
82,https://www.jetcalculator.com/kilograms-to-grams,FALSE,kilograms to grams
83,https://www.jetcalculator.com/yards-to-millimeters,FALSE,yards to millimeters
84,https://www.jetcalculator.com/yards-to-kilometers,FALSE,yards to kilometers
85,https://www.jetcalculator.com/yards-to-inches,FALSE,yards to inches
86,https://www.jetcalculator.com/kilograms-to-milligrams,FALSE,kilograms to milligrams
87,https://www.jetcalculator.com/yards-to-centimeters,FALSE,yards to centimeters
88,https://www.jetcalculator.com/kilograms-to-pounds,FALSE,kilograms to pounds
89,https://www.jetcalculator.com/yards-to-meters,FALSE,yards to meters
90,https://www.jetcalculator.com/yards-to-feet,FALSE,yards to feet
91,https://www.jetcalculator.com/nautical-miles-to-feet,FALSE,nautical miles to feet
92,https://www.jetcalculator.com/kilograms-to-ounces,FALSE,kilograms to ounces
93,https://www.jetcalculator.com/nautical-miles-to-kilometers,FALSE,nautical miles to kilometers
94,https://www.jetcalculator.com/nautical-miles-to-meters,FALSE,nautical miles to meters
95,https://www.jetcalculator.com/nautical-miles-to-miles,FALSE,nautical miles to miles
96,https://www.jetcalculator.com/nautical-miles-to-yards,FALSE,nautical miles to yards
97,https://www.jetcalculator.com/miles-to-kilometers,FALSE,miles to kilometers
98,https://www.jetcalculator.com/miles-to-feet,FALSE,miles to feet
99,https://www.jetcalculator.com/miles-to-meters,FALSE,miles to meters
100,https://www.jetcalculator.com/miles-to-millimeters,FALSE,miles to millimeters
101,https://www.jetcalculator.com/miles-to-yards,FALSE,miles to yards
102,https://www.jetcalculator.com/miles-to-centimeters,FALSE,miles to centimeters
103,https://www.jetcalculator.com/miles-to-inches,FALSE,miles to inches
104,https://www.jetcalculator.com/grams-to-kilograms,FALSE,grams to kilograms
105,https://www.jetcalculator.com/grams-to-milligrams,FALSE,grams to milligrams
106,https://www.jetcalculator.com/rods-to-miles,FALSE,rods to miles
107,https://www.jetcalculator.com/grams-to-pounds,FALSE,grams to pounds
108,https://www.jetcalculator.com/grams-to-ounces,FALSE,grams to ounces
109,https://www.jetcalculator.com/light-years-to-meters,FALSE,light years to meters
110,https://www.jetcalculator.com/milligrams-to-kilograms,FALSE,milligrams to kilograms
111,https://www.jetcalculator.com/milligrams-to-pounds,FALSE,milligrams to pounds
112,https://www.jetcalculator.com/milligrams-to-ounces,FALSE,milligrams to ounces
113,https://www.jetcalculator.com/milligrams-to-micrograms,FALSE,milligrams to micrograms
114,https://www.jetcalculator.com/pounds-to-kilograms,FALSE,pounds to kilograms
115,https://www.jetcalculator.com/pounds-to-milligrams,FALSE,pounds to milligrams
116,https://www.jetcalculator.com/pounds-to-ounces,FALSE,pounds to ounces
117,https://www.jetcalculator.com/pounds-to-stones-uk,FALSE,pounds to stones uk
118,https://www.jetcalculator.com/ounces-to-kilograms,FALSE,ounces to kilograms
119,https://www.jetcalculator.com/inches-to-miles,FALSE,inches to miles
120,https://www.jetcalculator.com/celsius-to-kelvin,FALSE,celsius to kelvin
121,https://www.jetcalculator.com/ounces-to-grams,FALSE,ounces to grams
122,https://www.jetcalculator.com/celsius-to-rankine,FALSE,celsius to rankine
123,https://www.jetcalculator.com/ounces-to-milligrams,FALSE,ounces to milligrams
124,https://www.jetcalculator.com/kelvin-to-celsius,FALSE,kelvin to celsius
125,https://www.jetcalculator.com/ounces-to-pounds,FALSE,ounces to pounds
126,https://www.jetcalculator.com/kelvin-to-fahrenheit,FALSE,kelvin to fahrenheit
127,https://www.jetcalculator.com/inches-to-meters,FALSE,inches to meters
128,https://www.jetcalculator.com/micrograms-to-kilograms,FALSE,micrograms to kilograms
129,https://www.jetcalculator.com/kelvin-to-rankine,FALSE,kelvin to rankine
130,https://www.jetcalculator.com/inches-to-kilometers,FALSE,inches to kilometers
131,https://www.jetcalculator.com/celsius-to-fahrenheit,FALSE,celsius to fahrenheit
132,https://www.jetcalculator.com/inches-to-yards,FALSE,inches to yards
133,https://www.jetcalculator.com/inches-to-millimeters,FALSE,inches to millimeters
134,https://www.jetcalculator.com/micrograms-to-grams,FALSE,micrograms to grams
135,https://www.jetcalculator.com/fahrenheit-to-celsius,FALSE,fahrenheit to celsius
136,https://www.jetcalculator.com/fahrenheit-to-kelvin,FALSE,fahrenheit to kelvin
137,https://www.jetcalculator.com/fahrenheit-to-rankine,FALSE,fahrenheit to rankine
138,https://www.jetcalculator.com/rankine-to-celsius,FALSE,rankine to celsius
139,https://www.jetcalculator.com/rankine-to-fahrenheit,FALSE,rankine to fahrenheit
140,https://www.jetcalculator.com/rankine-to-kelvin,FALSE,rankine to kelvin
141,https://www.jetcalculator.com/micrograms-to-milligrams,FALSE,micrograms to milligrams
142,https://www.jetcalculator.com/micrograms-to-pounds,FALSE,micrograms to pounds
143,https://www.jetcalculator.com/inches-to-feet,FALSE,inches to feet
144,https://www.jetcalculator.com/inches-to-centimeters,FALSE,inches to centimeters
145,https://www.jetcalculator.com/centimeters-to-inches,FALSE,centimeters to inches
146,https://www.jetcalculator.com/feet-to-yards,FALSE,feet to yards
147,https://www.jetcalculator.com/centimeters-to-feet,FALSE,centimeters to feet
148,https://www.jetcalculator.com/feet-to-millimeters,FALSE,feet to millimeters
149,https://www.jetcalculator.com/feet-to-kilometers,FALSE,feet to kilometers
150,https://www.jetcalculator.com/centimeters-to-millimeters,FALSE,centimeters to millimeters
151,https://www.jetcalculator.com/feet-to-miles,FALSE,feet to miles
152,https://www.jetcalculator.com/centimeters-to-kilometers,FALSE,centimeters to kilometers
153,https://www.jetcalculator.com/centimeters-to-meters,FALSE,centimeters to meters
154,https://www.jetcalculator.com/feet-to-meters,FALSE,feet to meters
155,https://www.jetcalculator.com/centimeters-to-miles,FALSE,centimeters to miles
156,https://www.jetcalculator.com/centimeters-to-yards,FALSE,centimeters to yards
157,https://www.jetcalculator.com/kilometers-to-centimeters,FALSE,kilometers to centimeters
158,https://www.jetcalculator.com/kilometers-to-feet,FALSE,kilometers to feet
159,https://www.jetcalculator.com/feet-to-inches,FALSE,feet to inches
160,https://www.jetcalculator.com/feet-to-centimeters,FALSE,feet to centimeters
161,https://www.jetcalculator.com/millimeters-to-miles,FALSE,millimeters to miles
162,https://www.jetcalculator.com/millimeters-to-kilometers,FALSE,millimeters to kilometers
163,https://www.jetcalculator.com/millimeters-to-feet,FALSE,millimeters to feet
164,https://www.jetcalculator.com/millimeters-to-inches,FALSE,millimeters to inches
165,https://www.jetcalculator.com/millimeters-to-centimeters,FALSE,millimeters to centimeters
166,https://www.jetcalculator.com/millimeters-to-meters,FALSE,millimeters to meters
167,https://www.jetcalculator.com/kilometers-to-meters,FALSE,kilometers to meters
168,https://www.jetcalculator.com/kilometers-to-miles,FALSE,kilometers to miles
169,https://www.jetcalculator.com/kilometers-to-inches,FALSE,kilometers to inches
170,https://www.jetcalculator.com/kilometers-to-light-years,FALSE,kilometers to light years
171,https://www.jetcalculator.com/meters-to-nautical-miles,FALSE,meters to nautical miles
172,https://www.jetcalculator.com/kilometers-to-nautical-miles,FALSE,kilometers to nautical miles
173,https://www.jetcalculator.com/meters-to-millimeters,FALSE,meters to millimeters
174,https://www.jetcalculator.com/meters-to-miles,FALSE,meters to miles
175,https://www.jetcalculator.com/meters-to-light-years,FALSE,meters to light years
176,https://www.jetcalculator.com/meters-to-yards,FALSE,meters to yards
177,https://www.jetcalculator.com/meters-to-kilometers,FALSE,meters to kilometers
178,https://www.jetcalculator.com/meters-to-inches,FALSE,meters to inches
179,https://www.jetcalculator.com/meters-to-centimeters,FALSE,meters to centimeters
180,https://www.jetcalculator.com/meters-to-feet,FALSE,meters to feet
181,https://www.jetcalculator.com/kilometers-to-yards,FALSE,kilometers to yards
182,https://www.jetcalculator.com/light-years-to-miles,FALSE,light years to miles
183,https://www.jetcalculator.com/time-converter,FALSE,time converter
184,https://www.jetcalculator.com/date-calculator,FALSE,date calculator
185,https://www.jetcalculator.com/percentage-of-value-calculator,FALSE,percentage of value calculator
186,https://www.jetcalculator.com/value-as-percentage-of-total-calculator,FALSE,value as percentage of total calculator
187,https://www.jetcalculator.com/base-value-from-percentage-calculator,FALSE,base value from percentage calculator
188,https://www.jetcalculator.com/percentage-difference-calculator,FALSE,percentage difference calculator
189,https://www.jetcalculator.com/percentage-change-calculator,FALSE,percentage change calculator
190,https://www.jetcalculator.com/fraction-converter,FALSE,fraction converter
191,https://www.jetcalculator.com/fraction-mixed-numbers-calculator,FALSE,fraction mixed numbers calculator
192,https://www.jetcalculator.com/fraction-simplifier-calculator,FALSE,fraction simplifier calculator
193,https://www.jetcalculator.com/fraction-basic-calculator,FALSE,fraction basic calculator
194,https://www.jetcalculator.com/right-triangle-calculator,FALSE,right triangle calculator
195,https://www.jetcalculator.com/ratio-of-two-number-calculator,FALSE,ratio of two number calculator
196,https://www.jetcalculator.com/ratio-of-three-numbers-calculator,FALSE,ratio of three numbers calculator
197,https://www.jetcalculator.com/arithmetic-sequence-calculator,FALSE,arithmetic sequence calculator
198,https://www.jetcalculator.com/fibonacci-sequence-calculator,FALSE,fibonacci sequence calculator
199,https://www.jetcalculator.com/geometric-sequence-calculator,FALSE,geometric sequence calculator
200,https://www.jetcalculator.com/exponent-calculator,FALSE,exponent calculator
201,https://www.jetcalculator.com/hex-calculator,FALSE,hex calculator
202,https://www.jetcalculator.com/dry-converter,FALSE,dry converter
203,https://www.jetcalculator.com/fuel-consumption-converter,FALSE,fuel consumption converter
204,https://www.jetcalculator.com/number-converter,FALSE,number converter
205,https://www.jetcalculator.com/centimeters-to-femtometers,FALSE,centimeters to femtometers
206,https://www.jetcalculator.com/meters-to-chains,FALSE,meters to chains
207,https://www.jetcalculator.com/meters-to-fathoms,FALSE,meters to fathoms
208,https://www.jetcalculator.com/meters-to-femtometers,FALSE,meters to femtometers
209,https://www.jetcalculator.com/meters-to-furlongs,FALSE,meters to furlongs
210,https://www.jetcalculator.com/meters-to-parsecs,FALSE,meters to parsecs
211,https://www.jetcalculator.com/cubic-meters-to-barrel-oils,FALSE,cubic meters to barrel oils
212,https://www.jetcalculator.com/cubic-meters-to-board-foots,FALSE,cubic meters to board foots
213,https://www.jetcalculator.com/kilograms-to-short-tons,FALSE,kilograms to short tons
214,https://www.jetcalculator.com/kilograms-to-long-tons,FALSE,kilograms to long tons
215,https://www.jetcalculator.com/kilograms-to-carats,FALSE,kilograms to carats
216,https://www.jetcalculator.com/kilograms-to-micrograms,FALSE,kilograms to micrograms
217,https://www.jetcalculator.com/kilograms-to-slugs,FALSE,kilograms to slugs
218,https://www.jetcalculator.com/kilograms-to-drams,FALSE,kilograms to drams
219,https://www.jetcalculator.com/kilograms-to-hundredweights-us,FALSE,kilograms to hundredweights us
220,https://www.jetcalculator.com/kilograms-to-hundredweights-uk,FALSE,kilograms to hundredweights uk
221,https://www.jetcalculator.com/kilograms-to-planck-mass,FALSE,kilograms to planck mass
222,https://www.jetcalculator.com/kilograms-to-solar-mass,FALSE,kilograms to solar mass
223,https://www.jetcalculator.com/kilograms-to-atomic-mass-unit,FALSE,kilograms to atomic mass unit
224,https://www.jetcalculator.com/kilograms-to-pennyweights,FALSE,kilograms to pennyweights
225,https://www.jetcalculator.com/kilograms-to-troy-ounce,FALSE,kilograms to troy ounce
226,https://www.jetcalculator.com/kilograms-to-troy-pounds,FALSE,kilograms to troy pounds
227,https://www.jetcalculator.com/kilograms-to-mommes,FALSE,kilograms to mommes
228,https://www.jetcalculator.com/kilograms-to-shekels,FALSE,kilograms to shekels
229,https://www.jetcalculator.com/kilograms-to-catties,FALSE,kilograms to catties
230,https://www.jetcalculator.com/kilograms-to-piculs,FALSE,kilograms to piculs
231,https://www.jetcalculator.com/grams-to-carats,FALSE,grams to carats
232,https://www.jetcalculator.com/grams-to-micrograms,FALSE,grams to micrograms
233,https://www.jetcalculator.com/grams-to-short-tons,FALSE,grams to short tons
234,https://www.jetcalculator.com/grams-to-long-tons,FALSE,grams to long tons
235,https://www.jetcalculator.com/grams-to-stones,FALSE,grams to stones
236,https://www.jetcalculator.com/grams-to-grains,FALSE,grams to grains
237,https://www.jetcalculator.com/grams-to-slugs,FALSE,grams to slugs
238,https://www.jetcalculator.com/grams-to-drams,FALSE,grams to drams
239,https://www.jetcalculator.com/grams-to-hundredweights-us,FALSE,grams to hundredweights us
240,https://www.jetcalculator.com/grams-to-hundredweights-uk,FALSE,grams to hundredweights uk
241,https://www.jetcalculator.com/grams-to-planck-mass,FALSE,grams to planck mass
242,https://www.jetcalculator.com/grams-to-solar-mass,FALSE,grams to solar mass
243,https://www.jetcalculator.com/grams-to-atomic-mass-unit,FALSE,grams to atomic mass unit
244,https://www.jetcalculator.com/grams-to-pennyweights,FALSE,grams to pennyweights
245,https://www.jetcalculator.com/grams-to-mommes,FALSE,grams to mommes
246,https://www.jetcalculator.com/pounds-to-short-tons,FALSE,pounds to short tons
247,https://www.jetcalculator.com/ounces-to-grains,FALSE,ounces to grains
248,https://www.jetcalculator.com/ounces-to-pennyweights,FALSE,ounces to pennyweights
249,https://www.jetcalculator.com/carats-to-ounces,FALSE,carats to ounces
250,https://www.jetcalculator.com/carats-to-pounds,FALSE,carats to pounds
251,https://www.jetcalculator.com/cubic-meter-to-cubic-inch,FALSE,cubic meter to cubic inch
252,https://www.jetcalculator.com/grains-to-kilograms,FALSE,grains to kilograms
253,https://www.jetcalculator.com/grains-to-milligrams,FALSE,grains to milligrams
254,https://www.jetcalculator.com/long-tons-to-short-tons,FALSE,long tons to short tons
255,https://www.jetcalculator.com/short-tons-to-kilograms,FALSE,short tons to kilograms
256,https://www.jetcalculator.com/short-tons-to-long-tons,FALSE,short tons to long tons
257,https://www.jetcalculator.com/short-tons-to-pounds,FALSE,short tons to pounds
258,https://www.jetcalculator.com/cubic-meter-to-gallons-uk,FALSE,cubic meter to gallons uk
259,https://www.jetcalculator.com/cubic-meter-to-gallons-us,FALSE,cubic meter to gallons us
260,https://www.jetcalculator.com/cubic-meter-to-kiloliters,FALSE,cubic meter to kiloliters
261,https://www.jetcalculator.com/liter-to-cubic-millimeter,FALSE,liter to cubic millimeter
262,https://www.jetcalculator.com/liters-to-hectoliters,FALSE,liters to hectoliters
263,https://www.jetcalculator.com/liters-to-pint-uk,FALSE,liters to pint uk
264,https://www.jetcalculator.com/milliliters-to-hectoliter,FALSE,milliliters to hectoliter
265,https://www.jetcalculator.com/cubic-inch-to-cubic-millimeter,FALSE,cubic inch to cubic millimeter
266,https://www.jetcalculator.com/cubic-feet-to-board-feet,FALSE,cubic feet to board feet
267,https://www.jetcalculator.com/cubic-yard-to-cubic-inch,FALSE,cubic yard to cubic inch
268,https://www.jetcalculator.com/cubic-millimeter-to-cubic-inch,FALSE,cubic millimeter to cubic inch
269,https://www.jetcalculator.com/cubic-millimeter-to-liters,FALSE,cubic millimeter to liters
270,https://www.jetcalculator.com/cubic-centimeter-to-cubic-millimeter,FALSE,cubic centimeter to cubic millimeter
271,https://www.jetcalculator.com/watt-to-gigawatt,FALSE,watt to gigawatt
272,https://www.jetcalculator.com/microwatt-to-milliwatt,FALSE,microwatt to milliwatt
273,https://www.jetcalculator.com/kilowatt-to-terawatt,FALSE,kilowatt to terawatt
274,https://www.jetcalculator.com/kilowatt-to-volt-ampere,FALSE,kilowatt to volt ampere
275,https://www.jetcalculator.com/gigawatt-to-terawatt,FALSE,gigawatt to terawatt
276,https://www.jetcalculator.com/nanowatt-to-watt,FALSE,nanowatt to watt
277,https://www.jetcalculator.com/terawatt-to-gigawatt,FALSE,terawatt to gigawatt
278,https://www.jetcalculator.com/terawatt-to-kilowatt,FALSE,terawatt to kilowatt
279,https://www.jetcalculator.com/terawatt-to-megawatt,FALSE,terawatt to megawatt
280,https://www.jetcalculator.com/terawatt-to-watt,FALSE,terawatt to watt
281,https://www.jetcalculator.com/petawatt-to-watt,FALSE,petawatt to watt
282,https://www.jetcalculator.com/pascal-to-hectopascal,FALSE,pascal to hectopascal
283,https://www.jetcalculator.com/pascal-to-millipascal,FALSE,pascal to millipascal
284,https://www.jetcalculator.com/gigapascal-to-kilopascal,FALSE,gigapascal to kilopascal
285,https://www.jetcalculator.com/gigapascal-to-megapascal,FALSE,gigapascal to megapascal
286,https://www.jetcalculator.com/hectopascal-to-bar,FALSE,hectopascal to bar
287,https://www.jetcalculator.com/kilograms-to-decigrams,FALSE,kilograms to decigrams
288,https://www.jetcalculator.com/grams-to-gigagrams,FALSE,grams to gigagrams
289,https://www.jetcalculator.com/grams-to-megagrams,FALSE,grams to megagrams
290,https://www.jetcalculator.com/grams-to-nanograms,FALSE,grams to nanograms
291,https://www.jetcalculator.com/grams-to-picograms,FALSE,grams to picograms
292,https://www.jetcalculator.com/grams-to-tonnes,FALSE,grams to tonnes
293,https://www.jetcalculator.com/milligrams-to-decigrams,FALSE,milligrams to decigrams
294,https://www.jetcalculator.com/pounds-to-tonnes,FALSE,pounds to tonnes
295,https://www.jetcalculator.com/micrograms-to-centigrams,FALSE,micrograms to centigrams
296,https://www.jetcalculator.com/micrograms-to-picograms,FALSE,micrograms to picograms
297,https://www.jetcalculator.com/centigrams-to-decigrams,FALSE,centigrams to decigrams
298,https://www.jetcalculator.com/centigrams-to-hectograms,FALSE,centigrams to hectograms
299,https://www.jetcalculator.com/centigrams-to-kilograms,FALSE,centigrams to kilograms
300,https://www.jetcalculator.com/centigrams-to-micrograms,FALSE,centigrams to micrograms
301,https://www.jetcalculator.com/daltons-to-grams,FALSE,daltons to grams
302,https://www.jetcalculator.com/decigrams-to-centigrams,FALSE,decigrams to centigrams
303,https://www.jetcalculator.com/decigrams-to-kilograms,FALSE,decigrams to kilograms
304,https://www.jetcalculator.com/decigrams-to-micrograms,FALSE,decigrams to micrograms
305,https://www.jetcalculator.com/decigrams-to-milligrams,FALSE,decigrams to milligrams
306,https://www.jetcalculator.com/dekagrams-to-grams,FALSE,dekagrams to grams
307,https://www.jetcalculator.com/dekagrams-to-kilograms,FALSE,dekagrams to kilograms
308,https://www.jetcalculator.com/gigagrams-to-grams,FALSE,gigagrams to grams
309,https://www.jetcalculator.com/hectograms-to-ounces,FALSE,hectograms to ounces
310,https://www.jetcalculator.com/kilopounds-to-pounds,FALSE,kilopounds to pounds
311,https://www.jetcalculator.com/megagrams-to-grams,FALSE,megagrams to grams
312,https://www.jetcalculator.com/megagrams-to-tonnes,FALSE,megagrams to tonnes
313,https://www.jetcalculator.com/meter-per-second-to-meter-per-minute,FALSE,meter per second to meter per minute
314,https://www.jetcalculator.com/meter-per-second-to-mile-per-hour,FALSE,meter per second to mile per hour
315,https://www.jetcalculator.com/meter-per-hour-to-kilometer-per-hour,FALSE,meter per hour to kilometer per hour
316,https://www.jetcalculator.com/meter-per-hour-to-meter-per-second,FALSE,meter per hour to meter per second
317,https://www.jetcalculator.com/meter-per-minute-to-meter-per-second,FALSE,meter per minute to meter per second
318,https://www.jetcalculator.com/kilopascal-to-megapascal,FALSE,kilopascal to megapascal
319,https://www.jetcalculator.com/kilopascal-to-millibar,FALSE,kilopascal to millibar
320,https://www.jetcalculator.com/hectopascal-to-megapascal,FALSE,hectopascal to megapascal
321,https://www.jetcalculator.com/hectopascal-to-kilopascal,FALSE,hectopascal to kilopascal
322,https://www.jetcalculator.com/micropascal-to-pascal,FALSE,micropascal to pascal
323,https://www.jetcalculator.com/square-meters-to-acres,FALSE,square meters to acres
324,https://www.jetcalculator.com/square-meters-to-square-inches,FALSE,square meters to square inches
325,https://www.jetcalculator.com/square-meters-to-square-kilometers,FALSE,square meters to square kilometers
326,https://www.jetcalculator.com/square-meters-to-square-miles,FALSE,square meters to square miles
327,https://www.jetcalculator.com/square-kilometers-to-square-miles,FALSE,square kilometers to square miles
328,https://www.jetcalculator.com/square-centimeters-to-square-millimeters,FALSE,square centimeters to square millimeters
329,https://www.jetcalculator.com/square-miles-to-hectares,FALSE,square miles to hectares
330,https://www.jetcalculator.com/square-miles-to-square-meters,FALSE,square miles to square meters
331,https://www.jetcalculator.com/square-yards-to-square-inches,FALSE,square yards to square inches
332,https://www.jetcalculator.com/square-yards-to-square-miles,FALSE,square yards to square miles
333,https://www.jetcalculator.com/square-feet-to-square-inches,FALSE,square feet to square inches
334,https://www.jetcalculator.com/square-feet-to-square-kilometers,FALSE,square feet to square kilometers
335,https://www.jetcalculator.com/square-inches-to-acres,FALSE,square inches to acres
336,https://www.jetcalculator.com/square-inches-to-square-yards,FALSE,square inches to square yards
337,https://www.jetcalculator.com/square-decimeters-to-square-meters,FALSE,square decimeters to square meters
338,https://www.jetcalculator.com/degrees-to-grads,FALSE,degrees to grads
339,https://www.jetcalculator.com/degrees-to-mils,FALSE,degrees to mils
340,https://www.jetcalculator.com/degrees-to-revolutions,FALSE,degrees to revolutions
341,https://www.jetcalculator.com/degrees-to-seconds,FALSE,degrees to seconds
342,https://www.jetcalculator.com/radians-to-grads,FALSE,radians to grads
343,https://www.jetcalculator.com/radians-to-seconds,FALSE,radians to seconds
344,https://www.jetcalculator.com/gradians-to-degrees,FALSE,gradians to degrees
345,https://www.jetcalculator.com/grads-to-radians,FALSE,grads to radians
346,https://www.jetcalculator.com/minutes-to-radians,FALSE,minutes to radians
347,https://www.jetcalculator.com/seconds-to-degrees,FALSE,seconds to degrees
348,https://www.jetcalculator.com/seconds-to-radians,FALSE,seconds to radians
349,https://www.jetcalculator.com/revolutions-to-degrees,FALSE,revolutions to degrees
350,https://www.jetcalculator.com/revolutions-to-radians,FALSE,revolutions to radians
351,https://www.jetcalculator.com/nanograms-to-kilograms,FALSE,nanograms to kilograms
352,https://www.jetcalculator.com/nanograms-to-milligrams,FALSE,nanograms to milligrams
353,https://www.jetcalculator.com/femtograms-to-grams,FALSE,femtograms to grams
354,https://www.jetcalculator.com/petagrams-to-grams,FALSE,petagrams to grams
355,https://www.jetcalculator.com/teragrams-to-grams,FALSE,teragrams to grams
356,https://www.jetcalculator.com/teragrams-to-kilograms,FALSE,teragrams to kilograms
357,https://www.jetcalculator.com/tonnes-to-ounces,FALSE,tonnes to ounces
358,https://www.jetcalculator.com/tonnes-to-short-tons,FALSE,tonnes to short tons
359,https://www.jetcalculator.com/short-tons-to-tonnes,FALSE,short tons to tonnes
360,https://www.jetcalculator.com/bits-to-gigabits,FALSE,bits to gigabits
361,https://www.jetcalculator.com/bits-to-kilobits,FALSE,bits to kilobits
362,https://www.jetcalculator.com/bits-to-nibbles,FALSE,bits to nibbles
363,https://www.jetcalculator.com/bits-to-terabytes,FALSE,bits to terabytes
364,https://www.jetcalculator.com/bits-to-words,FALSE,bits to words
365,https://www.jetcalculator.com/nibbles-to-bits,FALSE,nibbles to bits
366,https://www.jetcalculator.com/nibbles-to-bytes,FALSE,nibbles to bytes
367,https://www.jetcalculator.com/bytes-to-characters,FALSE,bytes to characters
368,https://www.jetcalculator.com/bytes-to-megabits,FALSE,bytes to megabits
369,https://www.jetcalculator.com/bytes-to-petabytes,FALSE,bytes to petabytes
370,https://www.jetcalculator.com/characters-to-bytes,FALSE,characters to bytes
371,https://www.jetcalculator.com/kilobits-to-bits,FALSE,kilobits to bits
372,https://www.jetcalculator.com/kilobits-to-bytes,FALSE,kilobits to bytes
373,https://www.jetcalculator.com/kilobits-to-gigabytes,FALSE,kilobits to gigabytes
374,https://www.jetcalculator.com/gigabits-to-bits,FALSE,gigabits to bits
375,https://www.jetcalculator.com/gigabytes-to-megabits,FALSE,gigabytes to megabits
376,https://www.jetcalculator.com/terabits-to-gigabytes,FALSE,terabits to gigabytes
377,https://www.jetcalculator.com/terabits-to-terabytes,FALSE,terabits to terabytes
378,https://www.jetcalculator.com/terabytes-to-bits,FALSE,terabytes to bits
379,https://www.jetcalculator.com/terabytes-to-exabytes,FALSE,terabytes to exabytes
380,https://www.jetcalculator.com/petabytes-to-bytes,FALSE,petabytes to bytes
381,https://www.jetcalculator.com/petabytes-to-exabytes,FALSE,petabytes to exabytes
382,https://www.jetcalculator.com/exabytes-to-petabytes,FALSE,exabytes to petabytes
383,https://www.jetcalculator.com/joules-to-gigajoules,FALSE,joules to gigajoules
384,https://www.jetcalculator.com/joules-to-microjoules,FALSE,joules to microjoules
385,https://www.jetcalculator.com/joules-to-millijoules,FALSE,joules to millijoules
386,https://www.jetcalculator.com/microjoules-to-joules,FALSE,microjoules to joules
387,https://www.jetcalculator.com/gigajoules-to-joules,FALSE,gigajoules to joules
388,https://www.jetcalculator.com/gigajoules-to-kilojoules,FALSE,gigajoules to kilojoules
389,https://www.jetcalculator.com/gigatons-to-megatons,FALSE,gigatons to megatons
390,https://www.jetcalculator.com/megatons-to-gigatons,FALSE,megatons to gigatons
391,https://www.jetcalculator.com/megatons-to-kilotons,FALSE,megatons to kilotons
392,https://www.jetcalculator.com/newton-meters-to-joules,FALSE,newton meters to joules
393,https://www.jetcalculator.com/erg-to-joule,FALSE,erg to joule
394,https://www.jetcalculator.com/gigajoule-to-megajoule,FALSE,gigajoule to megajoule
395,https://www.jetcalculator.com/joule-to-erg,FALSE,joule to erg
396,https://www.jetcalculator.com/joule-to-kilojoule,FALSE,joule to kilojoule
397,https://www.jetcalculator.com/joule-to-megajoule,FALSE,joule to megajoule
398,https://www.jetcalculator.com/joule-to-newton-meters,FALSE,joule to newton meters
399,https://www.jetcalculator.com/kilojoule-to-joule,FALSE,kilojoule to joule
400,https://www.jetcalculator.com/kilojoule-to-megajoule,FALSE,kilojoule to megajoule
401,https://www.jetcalculator.com/kilotons-to-megatons,FALSE,kilotons to megatons
402,https://www.jetcalculator.com/newtons-to-centinewtons,FALSE,newtons to centinewtons
403,https://www.jetcalculator.com/newtons-to-meganewtons,FALSE,newtons to meganewtons
404,https://www.jetcalculator.com/newtons-to-millinewtons,FALSE,newtons to millinewtons
405,https://www.jetcalculator.com/giganewtons-to-newtons,FALSE,giganewtons to newtons
406,https://www.jetcalculator.com/meganewtons-to-newtons,FALSE,meganewtons to newtons
407,https://www.jetcalculator.com/centinewtons-to-newtons,FALSE,centinewtons to newtons
408,https://www.jetcalculator.com/millinewtons-to-newtons,FALSE,millinewtons to newtons
409,https://www.jetcalculator.com/micronewtons-to-newtons,FALSE,micronewtons to newtons
410,https://www.jetcalculator.com/poundals-to-newtons,FALSE,poundals to newtons
411,https://www.jetcalculator.com/picograms-to-kilograms,FALSE,picograms to kilograms
412,https://www.jetcalculator.com/picograms-to-milligrams,FALSE,picograms to milligrams
413,https://www.jetcalculator.com/kilonewtons-to-newtons,FALSE,kilonewtons to newtons
414,https://www.jetcalculator.com/newtons-to-dynes,FALSE,newtons to dynes
415,https://www.jetcalculator.com/newton-to-kilonewton,FALSE,newton to kilonewton
416,https://www.jetcalculator.com/newtons-to-poundals,FALSE,newtons to poundals
417,https://www.jetcalculator.com/megajoule-to-gigajoule,FALSE,megajoule to gigajoule
418,https://www.jetcalculator.com/megajoule-to-kilojoule,FALSE,megajoule to kilojoule
419,https://www.jetcalculator.com/millijoule-to-joule,FALSE,millijoule to joule
420,https://www.jetcalculator.com/centiliters-to-deciliters,FALSE,centiliters to deciliters
421,https://www.jetcalculator.com/centiliters-to-liters,FALSE,centiliters to liters
422,https://www.jetcalculator.com/centiliters-to-milliliters,FALSE,centiliters to milliliters
423,https://www.jetcalculator.com/cubic-centimeters-to-cubic-decimeters,FALSE,cubic centimeters to cubic decimeters
424,https://www.jetcalculator.com/cubic-centimeters-to-cubic-feet,FALSE,cubic centimeters to cubic feet
425,https://www.jetcalculator.com/cubic-centimeters-to-cubic-inches,FALSE,cubic centimeters to cubic inches
426,https://www.jetcalculator.com/cubic-centimeters-to-cubic-meters,FALSE,cubic centimeters to cubic meters
427,https://www.jetcalculator.com/cubic-centimeters-to-liters,FALSE,cubic centimeters to liters
428,https://www.jetcalculator.com/cubic-centimeters-to-milliliters,FALSE,cubic centimeters to milliliters
429,https://www.jetcalculator.com/cubic-decimeters-to-cubic-centimeters,FALSE,cubic decimeters to cubic centimeters
430,https://www.jetcalculator.com/cubic-decimeters-to-liters,FALSE,cubic decimeters to liters
431,https://www.jetcalculator.com/cubic-feet-to-cubic-centimeters,FALSE,cubic feet to cubic centimeters
432,https://www.jetcalculator.com/cubic-feet-to-cubic-inches,FALSE,cubic feet to cubic inches
433,https://www.jetcalculator.com/cubic-feet-to-cubic-meters,FALSE,cubic feet to cubic meters
434,https://www.jetcalculator.com/cubic-feet-to-cubic-yards,FALSE,cubic feet to cubic yards
435,https://www.jetcalculator.com/cubic-feet-to-liters,FALSE,cubic feet to liters
436,https://www.jetcalculator.com/cubic-inches-to-cubic-centimeters,FALSE,cubic inches to cubic centimeters
437,https://www.jetcalculator.com/cubic-inches-to-cubic-feet,FALSE,cubic inches to cubic feet
438,https://www.jetcalculator.com/cubic-inches-to-cubic-meters,FALSE,cubic inches to cubic meters
439,https://www.jetcalculator.com/cubic-inches-to-cubic-yards,FALSE,cubic inches to cubic yards
440,https://www.jetcalculator.com/cubic-inches-to-liters,FALSE,cubic inches to liters
441,https://www.jetcalculator.com/cubic-meters-to-cubic-centimeters,FALSE,cubic meters to cubic centimeters
442,https://www.jetcalculator.com/cubic-meters-to-cubic-feet,FALSE,cubic meters to cubic feet
443,https://www.jetcalculator.com/cubic-meters-to-cubic-millimeters,FALSE,cubic meters to cubic millimeters
444,https://www.jetcalculator.com/cubic-meters-to-cubic-yards,FALSE,cubic meters to cubic yards
445,https://www.jetcalculator.com/cubic-meters-to-liters,FALSE,cubic meters to liters
446,https://www.jetcalculator.com/cubic-meters-to-milliliters,FALSE,cubic meters to milliliters
447,https://www.jetcalculator.com/cubic-millimeters-to-cubic-centimeters,FALSE,cubic millimeters to cubic centimeters
448,https://www.jetcalculator.com/cubic-millimeters-to-cubic-meters,FALSE,cubic millimeters to cubic meters
449,https://www.jetcalculator.com/cubic-millimeters-to-milliliters,FALSE,cubic millimeters to milliliters
450,https://www.jetcalculator.com/cubic-yards-to-cubic-feet,FALSE,cubic yards to cubic feet
451,https://www.jetcalculator.com/cubic-yards-to-cubic-meters,FALSE,cubic yards to cubic meters
452,https://www.jetcalculator.com/deciliters-to-centiliters,FALSE,deciliters to centiliters
453,https://www.jetcalculator.com/deciliters-to-liters,FALSE,deciliters to liters
454,https://www.jetcalculator.com/deciliters-to-milliliters,FALSE,deciliters to milliliters
455,https://www.jetcalculator.com/gallons-uk-to-liters,FALSE,gallons uk to liters
456,https://www.jetcalculator.com/gallons-us-to-gallons-uk,FALSE,gallons us to gallons uk
457,https://www.jetcalculator.com/carats-to-grams,FALSE,carats to grams
458,https://www.jetcalculator.com/centigrams-to-grams,FALSE,centigrams to grams
459,https://www.jetcalculator.com/centigrams-to-milligrams,TRUE,centigrams to milligrams
460,https://www.jetcalculator.com/decigrams-to-grams,TRUE,decigrams to grams
461,https://www.jetcalculator.com/grains-to-grams,TRUE,grains to grams
462,https://www.jetcalculator.com/grains-to-ounces,TRUE,grains to ounces
463,https://www.jetcalculator.com/grains-to-pounds,TRUE,grains to pounds
464,https://www.jetcalculator.com/grams-to-centigrams,TRUE,grams to centigrams
465,https://www.jetcalculator.com/grams-to-decigrams,TRUE,grams to decigrams
466,https://www.jetcalculator.com/grams-to-hectograms,TRUE,grams to hectograms
467,https://www.jetcalculator.com/hectograms-to-grams,TRUE,hectograms to grams
468,https://www.jetcalculator.com/hectograms-to-kilograms,TRUE,hectograms to kilograms
469,https://www.jetcalculator.com/hectograms-to-milligrams,TRUE,hectograms to milligrams
470,https://www.jetcalculator.com/kilograms-to-centigrams,TRUE,kilograms to centigrams
471,https://www.jetcalculator.com/kilograms-to-hectograms,TRUE,kilograms to hectograms
472,https://www.jetcalculator.com/kilograms-to-megagrams,TRUE,kilograms to megagrams
473,https://www.jetcalculator.com/microseconds-to-milliseconds,TRUE,microseconds to milliseconds
474,https://www.jetcalculator.com/milliseconds-to-days,TRUE,milliseconds to days
475,https://www.jetcalculator.com/milliseconds-to-hours,TRUE,milliseconds to hours
476,https://www.jetcalculator.com/milliseconds-to-microseconds,TRUE,milliseconds to microseconds
477,https://www.jetcalculator.com/milliseconds-to-minutes,TRUE,milliseconds to minutes
478,https://www.jetcalculator.com/milliseconds-to-nanoseconds,TRUE,milliseconds to nanoseconds
479,https://www.jetcalculator.com/milliseconds-to-seconds,TRUE,milliseconds to seconds
480,https://www.jetcalculator.com/minutes-to-milliseconds,TRUE,minutes to milliseconds
481,https://www.jetcalculator.com/nanoseconds-to-picoseconds,TRUE,nanoseconds to picoseconds
482,https://www.jetcalculator.com/nanoseconds-to-seconds,TRUE,nanoseconds to seconds
483,https://www.jetcalculator.com/seconds-to-microseconds,TRUE,seconds to microseconds
484,https://www.jetcalculator.com/seconds-to-milliseconds,TRUE,seconds to milliseconds
485,https://www.jetcalculator.com/seconds-to-nanoseconds,TRUE,seconds to nanoseconds
486,https://www.jetcalculator.com/micrograms-to-nanograms,TRUE,micrograms to nanograms
487,https://www.jetcalculator.com/milligrams-to-centigrams,TRUE,milligrams to centigrams
488,https://www.jetcalculator.com/milligrams-to-grains,TRUE,milligrams to grains
489,https://www.jetcalculator.com/milligrams-to-grams,TRUE,milligrams to grams
490,https://www.jetcalculator.com/milligrams-to-hectograms,TRUE,milligrams to hectograms
491,https://www.jetcalculator.com/milligrams-to-nanograms,TRUE,milligrams to nanograms
492,https://www.jetcalculator.com/nanograms-to-grams,TRUE,nanograms to grams
493,https://www.jetcalculator.com/kilometer-per-hour-to-meter-per-second,TRUE,kilometer per hour to meter per second
494,https://www.jetcalculator.com/nanograms-to-micrograms,TRUE,nanograms to micrograms
495,https://www.jetcalculator.com/kilometers-per-hour-to-miles-per-hour,TRUE,kilometers per hour to miles per hour
496,https://www.jetcalculator.com/nanograms-to-picograms,TRUE,nanograms to picograms
497,https://www.jetcalculator.com/ounces-to-tonnes,TRUE,ounces to tonnes
498,https://www.jetcalculator.com/knot-to-kilometer-per-hour,TRUE,knot to kilometer per hour
499,https://www.jetcalculator.com/knot-to-mile-per-hour,TRUE,knot to mile per hour
500,https://www.jetcalculator.com/pennyweights-to-grams,TRUE,pennyweights to grams
501,https://www.jetcalculator.com/picograms-to-micrograms,TRUE,picograms to micrograms
502,https://www.jetcalculator.com/meters-per-second-to-kilometers-per-hour,TRUE,meters per second to kilometers per hour
503,https://www.jetcalculator.com/picograms-to-nanograms,TRUE,picograms to nanograms
504,https://www.jetcalculator.com/pounds-to-grams,TRUE,pounds to grams
505,https://www.jetcalculator.com/miles-per-hour-to-kilometers-per-hour,TRUE,miles per hour to kilometers per hour
506,https://www.jetcalculator.com/pounds-to-slugs,TRUE,pounds to slugs
507,https://www.jetcalculator.com/miles-per-hour-to-meters-per-second,TRUE,miles per hour to meters per second
508,https://www.jetcalculator.com/slugs-to-kilograms,TRUE,slugs to kilograms
509,https://www.jetcalculator.com/slugs-to-pounds,TRUE,slugs to pounds
510,https://www.jetcalculator.com/miles-per-hour-to-miles-per-minute,TRUE,miles per hour to miles per minute
511,https://www.jetcalculator.com/tonnes-to-grams,TRUE,tonnes to grams
512,https://www.jetcalculator.com/tonnes-to-kilograms,TRUE,tonnes to kilograms
513,https://www.jetcalculator.com/milliliters-to-microliters,TRUE,milliliters to microliters
514,https://www.jetcalculator.com/milliliters-to-liters,TRUE,milliliters to liters
515,https://www.jetcalculator.com/tonnes-to-pounds,TRUE,tonnes to pounds
516,https://www.jetcalculator.com/milliliters-to-kiloliters,TRUE,milliliters to kiloliters
517,https://www.jetcalculator.com/milliliters-to-deciliters,TRUE,milliliters to deciliters
518,https://www.jetcalculator.com/bars-to-hectopascals,TRUE,bars to hectopascals
519,https://www.jetcalculator.com/bars-to-kilopascals,TRUE,bars to kilopascals
520,https://www.jetcalculator.com/bars-to-megapascals,TRUE,bars to megapascals
521,https://www.jetcalculator.com/bars-to-millibars,TRUE,bars to millibars
522,https://www.jetcalculator.com/bars-to-pounds-per-square-inch,TRUE,bars to pounds per square inch
523,https://www.jetcalculator.com/bars-to-torrs,TRUE,bars to torrs
524,https://www.jetcalculator.com/gigapascals-to-pascals,TRUE,gigapascals to pascals
525,https://www.jetcalculator.com/hectopascals-to-millibars,TRUE,hectopascals to millibars
526,https://www.jetcalculator.com/milliliters-to-cubic-millimeters,TRUE,milliliters to cubic millimeters
527,https://www.jetcalculator.com/hectopascals-to-pascals,TRUE,hectopascals to pascals
528,https://www.jetcalculator.com/kilopascals-to-bars,TRUE,kilopascals to bars
529,https://www.jetcalculator.com/kilopascals-to-pascals,TRUE,kilopascals to pascals
530,https://www.jetcalculator.com/kilopascals-to-torrs,TRUE,kilopascals to torrs
531,https://www.jetcalculator.com/megapascals-to-bars,TRUE,megapascals to bars
532,https://www.jetcalculator.com/megapascals-to-gigapascals,TRUE,megapascals to gigapascals
533,https://www.jetcalculator.com/megapascals-to-kilopascals,TRUE,megapascals to kilopascals
534,https://www.jetcalculator.com/megapascals-to-pascals,TRUE,megapascals to pascals
535,https://www.jetcalculator.com/millibars-to-bars,TRUE,millibars to bars
536,https://www.jetcalculator.com/centimeters-to-micrometers,TRUE,centimeters to micrometers
537,https://www.jetcalculator.com/centimeters-to-mils,TRUE,centimeters to mils
538,https://www.jetcalculator.com/centimeters-to-nanometers,TRUE,centimeters to nanometers
539,https://www.jetcalculator.com/centimeters-to-picometers,TRUE,centimeters to picometers
540,https://www.jetcalculator.com/chains-to-feet,TRUE,chains to feet
541,https://www.jetcalculator.com/chains-to-meters,TRUE,chains to meters
542,https://www.jetcalculator.com/cubits-to-meters,TRUE,cubits to meters
543,https://www.jetcalculator.com/decimeters-to-centimeters,TRUE,decimeters to centimeters
544,https://www.jetcalculator.com/decimeters-to-kilometers,TRUE,decimeters to kilometers
545,https://www.jetcalculator.com/decimeters-to-meters,TRUE,decimeters to meters
546,https://www.jetcalculator.com/decimeters-to-millimeters,TRUE,decimeters to millimeters
547,https://www.jetcalculator.com/fathoms-to-meters,TRUE,fathoms to meters
548,https://www.jetcalculator.com/femtometers-to-meters,TRUE,femtometers to meters
549,https://www.jetcalculator.com/fermis-to-meters,TRUE,fermis to meters
550,https://www.jetcalculator.com/feet-to-fathoms,TRUE,feet to fathoms
551,https://www.jetcalculator.com/furlongs-to-meters,TRUE,furlongs to meters
552,https://www.jetcalculator.com/furlongs-to-miles,TRUE,furlongs to miles
553,https://www.jetcalculator.com/hands-to-feet,TRUE,hands to feet
554,https://www.jetcalculator.com/hectometers-to-kilometers,TRUE,hectometers to kilometers
555,https://www.jetcalculator.com/hectometers-to-meters,TRUE,hectometers to meters
556,https://www.jetcalculator.com/inches-to-micrometers,TRUE,inches to micrometers
557,https://www.jetcalculator.com/inches-to-mils,TRUE,inches to mils
558,https://www.jetcalculator.com/inches-to-points,TRUE,inches to points
559,https://www.jetcalculator.com/kilometers-to-decimeters,TRUE,kilometers to decimeters
560,https://www.jetcalculator.com/kilometers-to-millimeters,TRUE,kilometers to millimeters
561,https://www.jetcalculator.com/kilometers-to-nanometers,TRUE,kilometers to nanometers
562,https://www.jetcalculator.com/leagues-to-miles,TRUE,leagues to miles
563,https://www.jetcalculator.com/scientific-notation-calculator,TRUE,scientific notation calculator
564,https://www.jetcalculator.com/standard-deviation-calculator,TRUE,standard deviation calculator
565,https://www.jetcalculator.com/trigonometry-calculator,TRUE,trigonometry calculator
566,https://www.jetcalculator.com/btu-calculator,TRUE,btu calculator
567,https://www.jetcalculator.com/tip-calculator,TRUE,tip calculator
568,https://www.jetcalculator.com/salary-calculator,TRUE,salary calculator
569,https://www.jetcalculator.com/time-card-calculator,TRUE,time card calculator
570,https://www.jetcalculator.com/heating-btu-calculator,TRUE,heating btu calculator
571,https://www.jetcalculator.com/hours-calculator,TRUE,hours calculator
572,https://www.jetcalculator.com/password-generator,TRUE,password generator
573,https://www.jetcalculator.com/tire-size-calculator,TRUE,tire size calculator
574,https://www.jetcalculator.com/character-counter,TRUE,character counter
575,https://www.jetcalculator.com/stopwatch,TRUE,stopwatch
576,https://www.jetcalculator.com/one-rep-max-1rm-calculator,TRUE,one rep max 1rm calculator
577,https://www.jetcalculator.com/degrees-to-minutes,TRUE,degrees to minutes
578,https://www.jetcalculator.com/degrees-to-radians,TRUE,degrees to radians
579,https://www.jetcalculator.com/mils-to-degrees,TRUE,mils to degrees
580,https://www.jetcalculator.com/minutes-to-degrees,TRUE,minutes to degrees
581,https://www.jetcalculator.com/minutes-to-seconds,TRUE,minutes to seconds
582,https://www.jetcalculator.com/radians-to-degrees,TRUE,radians to degrees
583,https://www.jetcalculator.com/seconds-to-minutes,TRUE,seconds to minutes
584,https://www.jetcalculator.com/radians-to-revolutions,TRUE,radians to revolutions
585,https://www.jetcalculator.com/links-to-feet,TRUE,links to feet
586,https://www.jetcalculator.com/links-to-meters,TRUE,links to meters
587,https://www.jetcalculator.com/megameters-to-meters,TRUE,megameters to meters
588,https://www.jetcalculator.com/meters-to-angstroms,TRUE,meters to angstroms
589,https://www.jetcalculator.com/meters-to-astronomical-units,TRUE,meters to astronomical units
590,https://www.jetcalculator.com/meters-to-decimeters,TRUE,meters to decimeters
591,https://www.jetcalculator.com/meters-to-gigameters,TRUE,meters to gigameters
592,https://www.jetcalculator.com/meters-to-hectometers,TRUE,meters to hectometers
593,https://www.jetcalculator.com/meters-to-links,TRUE,meters to links
594,https://www.jetcalculator.com/meters-to-megameters,TRUE,meters to megameters
595,https://www.jetcalculator.com/gigawatts-to-kilowatts,TRUE,gigawatts to kilowatts
596,https://www.jetcalculator.com/gigawatts-to-megawatts,TRUE,gigawatts to megawatts
597,https://www.jetcalculator.com/gigawatts-to-watts,TRUE,gigawatts to watts
598,https://www.jetcalculator.com/kilovolt-amperes-to-kilowatts,TRUE,kilovolt amperes to kilowatts
599,https://www.jetcalculator.com/kilowatts-to-gigawatts,TRUE,kilowatts to gigawatts
600,https://www.jetcalculator.com/kilowatts-to-kilovolt-amperes,TRUE,kilowatts to kilovolt amperes
601,https://www.jetcalculator.com/kilowatts-to-milliwatts,TRUE,kilowatts to milliwatts
602,https://www.jetcalculator.com/kilowatts-to-watts,TRUE,kilowatts to watts
603,https://www.jetcalculator.com/megawatts-to-kilowatts,TRUE,megawatts to kilowatts
604,https://www.jetcalculator.com/megawatts-to-watts,TRUE,megawatts to watts
605,https://www.jetcalculator.com/milliwatts-to-watts,TRUE,milliwatts to watts
606,https://www.jetcalculator.com/volt-amperes-to-kilowatts,TRUE,volt amperes to kilowatts
607,https://www.jetcalculator.com/watts-to-kilowatts,TRUE,watts to kilowatts
608,https://www.jetcalculator.com/watts-to-megawatts,TRUE,watts to megawatts
609,https://www.jetcalculator.com/watts-to-microwatts,TRUE,watts to microwatts
610,https://www.jetcalculator.com/watts-to-milliwatts,TRUE,watts to milliwatts
611,https://www.jetcalculator.com/watts-to-volt-amperes,TRUE,watts to volt amperes
612,https://www.jetcalculator.com/millibars-to-hectopascals,TRUE,millibars to hectopascals
613,https://www.jetcalculator.com/millibars-to-kilopascals,TRUE,millibars to kilopascals
614,https://www.jetcalculator.com/millibars-to-pascals,TRUE,millibars to pascals
615,https://www.jetcalculator.com/millibars-to-torrs,TRUE,millibars to torrs
616,https://www.jetcalculator.com/millipascals-to-pascals,TRUE,millipascals to pascals
617,https://www.jetcalculator.com/pascals-to-bars,TRUE,pascals to bars
618,https://www.jetcalculator.com/pascals-to-gigapascals,TRUE,pascals to gigapascals
619,https://www.jetcalculator.com/pascals-to-kilopascals,TRUE,pascals to kilopascals
620,https://www.jetcalculator.com/pascals-to-megapascals,TRUE,pascals to megapascals
621,https://www.jetcalculator.com/pascals-to-millibars,TRUE,pascals to millibars
622,https://www.jetcalculator.com/pascals-to-torrs,TRUE,pascals to torrs
623,https://www.jetcalculator.com/pounds-per-square-inch-to-bars,TRUE,pounds per square inch to bars
624,https://www.jetcalculator.com/pounds-per-square-inch-to-pascals,TRUE,pounds per square inch to pascals
625,https://www.jetcalculator.com/torrs-to-bars,TRUE,torrs to bars
626,https://www.jetcalculator.com/torrs-to-kilopascals,TRUE,torrs to kilopascals
627,https://www.jetcalculator.com/torrs-to-millibars,TRUE,torrs to millibars
628,https://www.jetcalculator.com/torrs-to-pascals,TRUE,torrs to pascals
629,https://www.jetcalculator.com/angstrom-to-centimeters,TRUE,angstrom to centimeters
630,https://www.jetcalculator.com/angstroms-to-meters,TRUE,angstroms to meters
631,https://www.jetcalculator.com/angstroms-to-nanometers,TRUE,angstroms to nanometers
632,https://www.jetcalculator.com/astronomical-units-to-light-years,TRUE,astronomical units to light years
633,https://www.jetcalculator.com/astronomical-units-to-meters,TRUE,astronomical units to meters
634,https://www.jetcalculator.com/centimeters-to-angstroms,TRUE,centimeters to angstroms
635,https://www.jetcalculator.com/board-feet-to-cubic-feet,TRUE,board feet to cubic feet
636,https://www.jetcalculator.com/barrels-of-oil-to-liters,TRUE,barrels of oil to liters
637,https://www.jetcalculator.com/board-feet-to-cubic-meters,TRUE,board feet to cubic meters
638,https://www.jetcalculator.com/cubic-decimeters-to-cubic-meters,TRUE,cubic decimeters to cubic meters
639,https://www.jetcalculator.com/cubic-kilometers-to-cubic-meters,TRUE,cubic kilometers to cubic meters
640,https://www.jetcalculator.com/cubic-kilometers-to-liters,TRUE,cubic kilometers to liters
641,https://www.jetcalculator.com/cubic-meters-to-cubic-kilometers,TRUE,cubic meters to cubic kilometers
642,https://www.jetcalculator.com/cubic-meters-to-cubic-decimeters,TRUE,cubic meters to cubic decimeters
643,https://www.jetcalculator.com/cubic-miles-to-cubic-meters,TRUE,cubic miles to cubic meters
644,https://www.jetcalculator.com/deciliters-to-hectoliters,TRUE,deciliters to hectoliters
645,https://www.jetcalculator.com/deciliters-to-kiloliters,TRUE,deciliters to kiloliters
646,https://www.jetcalculator.com/drams-to-milliliters,TRUE,drams to milliliters
647,https://www.jetcalculator.com/hectoliters-to-centiliters,TRUE,hectoliters to centiliters
648,https://www.jetcalculator.com/hectoliters-to-deciliters,TRUE,hectoliters to deciliters
649,https://www.jetcalculator.com/hectoliters-to-liters,TRUE,hectoliters to liters
650,https://www.jetcalculator.com/hectoliters-to-milliliters,TRUE,hectoliters to milliliters
651,https://www.jetcalculator.com/kiloliters-to-deciliters,TRUE,kiloliters to deciliters
652,https://www.jetcalculator.com/kiloliters-to-liters,TRUE,kiloliters to liters
653,https://www.jetcalculator.com/kiloliters-to-milliliters,TRUE,kiloliters to milliliters
654,https://www.jetcalculator.com/liters-to-centiliters,TRUE,liters to centiliters
655,https://www.jetcalculator.com/liters-to-cubic-centimeters,TRUE,liters to cubic centimeters
656,https://www.jetcalculator.com/liters-to-cubic-feet,TRUE,liters to cubic feet
657,https://www.jetcalculator.com/liters-to-cubic-inches,FALSE,liters to cubic inches
658,https://www.jetcalculator.com/liters-to-deciliters,FALSE,liters to deciliters
659,https://www.jetcalculator.com/liters-to-gallons-uk,FALSE,liters to gallons uk
660,https://www.jetcalculator.com/liters-to-gallons-us,FALSE,liters to gallons us
661,https://www.jetcalculator.com/liters-to-kiloliters,FALSE,liters to kiloliters
662,https://www.jetcalculator.com/liters-to-microliters,FALSE,liters to microliters
663,https://www.jetcalculator.com/liters-to-milliliters,FALSE,liters to milliliters
664,https://www.jetcalculator.com/microliters-to-liters,FALSE,microliters to liters
665,https://www.jetcalculator.com/microliters-to-milliliters,FALSE,microliters to milliliters
666,https://www.jetcalculator.com/milliliters-to-centiliters,FALSE,milliliters to centiliters
667,https://www.jetcalculator.com/milliliters-to-cubic-centimeters,FALSE,milliliters to cubic centimeters
668,https://www.jetcalculator.com/centimeters-to-decimeters,FALSE,centimeters to decimeters
669,https://www.jetcalculator.com/micrometers-to-inches,FALSE,micrometers to inches
670,https://www.jetcalculator.com/feets-to-decimeters,FALSE,feets to decimeters
671,https://www.jetcalculator.com/feets-to-hands,FALSE,feets to hands
672,https://www.jetcalculator.com/feet-to-links,FALSE,feet to links
673,https://www.jetcalculator.com/furlongs-to-kilometers,FALSE,furlongs to kilometers
674,https://www.jetcalculator.com/gigameters-to-centimeters,FALSE,gigameters to centimeters
675,https://www.jetcalculator.com/gigameters-to-kilometers,FALSE,gigameters to kilometers
676,https://www.jetcalculator.com/gigameters-to-meters,FALSE,gigameters to meters
677,https://www.jetcalculator.com/hands-to-inches,FALSE,hands to inches
678,https://www.jetcalculator.com/hectometers-to-centimeters,FALSE,hectometers to centimeters
679,https://www.jetcalculator.com/hectometers-to-decimeters,FALSE,hectometers to decimeters
680,https://www.jetcalculator.com/hectometers-to-millimeters,FALSE,hectometers to millimeters
681,https://www.jetcalculator.com/leagues-to-kilometers,FALSE,leagues to kilometers
682,https://www.jetcalculator.com/leagues-to-meters,FALSE,leagues to meters
683,https://www.jetcalculator.com/links-to-inches,FALSE,links to inches
684,https://www.jetcalculator.com/megameters-to-centimeters,FALSE,megameters to centimeters
685,https://www.jetcalculator.com/megameters-to-kilometers,FALSE,megameters to kilometers
686,https://www.jetcalculator.com/micrometers-to-angstroms,FALSE,micrometers to angstroms
687,https://www.jetcalculator.com/acres-to-ares,FALSE,acres to ares
688,https://www.jetcalculator.com/acres-to-hectares,FALSE,acres to hectares
689,https://www.jetcalculator.com/acres-to-square-foots,FALSE,acres to square foots
690,https://www.jetcalculator.com/acres-to-square-kilometers,FALSE,acres to square kilometers
691,https://www.jetcalculator.com/acres-to-aquare-miles,FALSE,acres to aquare miles
692,https://www.jetcalculator.com/acres-to-square-yards,FALSE,acres to square yards
693,https://www.jetcalculator.com/ares-to-hectares,FALSE,ares to hectares
694,https://www.jetcalculator.com/ares-to-square-meters,FALSE,ares to square meters
695,https://www.jetcalculator.com/hectares-to-acres,FALSE,hectares to acres
696,https://www.jetcalculator.com/hectares-to-ares,FALSE,hectares to ares
697,https://www.jetcalculator.com/hectares-to-square-foots,FALSE,hectares to square foots
698,https://www.jetcalculator.com/hectares-to-square-kilometers,FALSE,hectares to square kilometers
699,https://www.jetcalculator.com/ratio-calculator,FALSE,ratio calculator
700,https://www.jetcalculator.com/miles-to-mils,FALSE,miles to mils
701,https://www.jetcalculator.com/millimeters-to-angstroms,FALSE,millimeters to angstroms
702,https://www.jetcalculator.com/millimeters-to-calibers,FALSE,millimeters to calibers
703,https://www.jetcalculator.com/micrometers-to-kilometers,FALSE,micrometers to kilometers
704,https://www.jetcalculator.com/micrometesr-to-microinches,FALSE,micrometesr to microinches
705,https://www.jetcalculator.com/micrometers-to-mils,FALSE,micrometers to mils
706,https://www.jetcalculator.com/micrometers-to-picometers,FALSE,micrometers to picometers
707,https://www.jetcalculator.com/nanometers-to-decimeters,FALSE,nanometers to decimeters
708,https://www.jetcalculator.com/nanometers-to-inches,FALSE,nanometers to inches
709,https://www.jetcalculator.com/nanometers-to-kilometers,FALSE,nanometers to kilometers
710,https://www.jetcalculator.com/nanometers-to-picometers,FALSE,nanometers to picometers
711,https://www.jetcalculator.com/parseces-to-astronomicals-unit,FALSE,parseces to astronomicals unit
712,https://www.jetcalculator.com/parseces-to-meters,FALSE,parseces to meters
713,https://www.jetcalculator.com/picas-to-inches,FALSE,picas to inches
714,https://www.jetcalculator.com/picas-to-points,FALSE,picas to points
715,https://www.jetcalculator.com/petameters-to-meters,FALSE,petameters to meters
716,https://www.jetcalculator.com/picometers-to-micrometers,FALSE,picometers to micrometers
717,https://www.jetcalculator.com/picometers-to-nanometers,FALSE,picometers to nanometers
718,https://www.jetcalculator.com/points-to-picas,FALSE,points to picas
719,https://www.jetcalculator.com/terameters-to-meters,FALSE,terameters to meters
720,https://www.jetcalculator.com/bits-to-gigabytes,FALSE,bits to gigabytes
721,https://www.jetcalculator.com/bits-to-megabits,FALSE,bits to megabits
722,https://www.jetcalculator.com/bytes-to-bits,FALSE,bytes to bits
723,https://www.jetcalculator.com/bytes-to-terabytes,FALSE,bytes to terabytes
724,https://www.jetcalculator.com/bytes-to-words,FALSE,bytes to words
725,https://www.jetcalculator.com/cd-to-dvd,FALSE,cd to dvd
726,https://www.jetcalculator.com/character-to-word,FALSE,character to word
727,https://www.jetcalculator.com/exabytes-to-gigabytes,FALSE,exabytes to gigabytes
728,https://www.jetcalculator.com/words-to-bits,FALSE,words to bits
729,https://www.jetcalculator.com/gigabits-to-gigabyte,FALSE,gigabits to gigabyte
730,https://www.jetcalculator.com/gigabits-to-megabits,FALSE,gigabits to megabits
731,https://www.jetcalculator.com/gigabits-to-megabutes,FALSE,gigabits to megabutes
732,https://www.jetcalculator.com/gigabits-to-terabytes,FALSE,gigabits to terabytes
733,https://www.jetcalculator.com/gigabytes-to-kilobytes,FALSE,gigabytes to kilobytes
734,https://www.jetcalculator.com/gigabytes-to-terabytes,FALSE,gigabytes to terabytes
735,https://www.jetcalculator.com/kilobits-to-megabits,FALSE,kilobits to megabits
736,https://www.jetcalculator.com/kilobytes-to-gigabytes,FALSE,kilobytes to gigabytes
737,https://www.jetcalculator.com/kilobytes-to-megabytes,FALSE,kilobytes to megabytes
738,https://www.jetcalculator.com/kilobytes-to-terabytes,FALSE,kilobytes to terabytes
739,https://www.jetcalculator.com/megabits-to-bits,FALSE,megabits to bits
740,https://www.jetcalculator.com/megabits-to-gigabits,FALSE,megabits to gigabits
741,https://www.jetcalculator.com/megabits-to-gigabytes,FALSE,megabits to gigabytes
742,https://www.jetcalculator.com/megabits-to-kilobits,FALSE,megabits to kilobits
743,https://www.jetcalculator.com/megabits-to-megabytes,FALSE,megabits to megabytes
744,https://www.jetcalculator.com/megabytes-to-bytes,FALSE,megabytes to bytes
745,https://www.jetcalculator.com/megabytes-to-kilobytes,FALSE,megabytes to kilobytes
746,https://www.jetcalculator.com/megabytes-to-megabits,FALSE,megabytes to megabits
747,https://www.jetcalculator.com/megabytes-to-terabytes,FALSE,megabytes to terabytes
748,https://www.jetcalculator.com/petabytes-to-gigabytes,FALSE,petabytes to gigabytes
749,https://www.jetcalculator.com/terabytes-to-bytes,FALSE,terabytes to bytes
750,https://www.jetcalculator.com/terabytes-to-gigabits,FALSE,terabytes to gigabits
751,https://www.jetcalculator.com/terabytes-to-kilobytes,FALSE,terabytes to kilobytes
752,https://www.jetcalculator.com/terabytes-to-petabytes,FALSE,terabytes to petabytes
753,https://www.jetcalculator.com/binary-to-decimal,FALSE,binary to decimal
754,https://www.jetcalculator.com/binary-to-hexadecimal,FALSE,binary to hexadecimal
755,https://www.jetcalculator.com/binary-to-octal,FALSE,binary to octal
756,https://www.jetcalculator.com/decimal-to-binary,FALSE,decimal to binary
757,https://www.jetcalculator.com/decimal-to-hexadecimal,FALSE,decimal to hexadecimal
758,https://www.jetcalculator.com/decimal-to-octal,FALSE,decimal to octal
759,https://www.jetcalculator.com/hexadecimal-to-binary,FALSE,hexadecimal to binary
760,https://www.jetcalculator.com/hexadecimal-to-decimal,FALSE,hexadecimal to decimal
761,https://www.jetcalculator.com/octal-to-binary,FALSE,octal to binary
762,https://www.jetcalculator.com/octal-to-decimal,FALSE,octal to decimal
763,https://www.jetcalculator.com/octal-to-hexadecimal,FALSE,octal to hexadecimal
764,https://www.jetcalculator.com/hectare-to-square-mile,FALSE,hectare to square mile
765,https://www.jetcalculator.com/hectare-to-square-yard,FALSE,hectare to square yard
766,https://www.jetcalculator.com/square-centimeter-to-square-foot,FALSE,square centimeter to square foot
767,https://www.jetcalculator.com/square-centimeter-to-square-inch,FALSE,square centimeter to square inch
768,https://www.jetcalculator.com/square-centimeter-to-square-meter,FALSE,square centimeter to square meter
769,https://www.jetcalculator.com/square-foot-to-hectare,FALSE,square foot to hectare
770,https://www.jetcalculator.com/square-foot-to-square-centimeter,FALSE,square foot to square centimeter
771,https://www.jetcalculator.com/square-foot-to-square-mile,FALSE,square foot to square mile
772,https://www.jetcalculator.com/square-foot-to-square-yard,FALSE,square foot to square yard
773,https://www.jetcalculator.com/square-inch-to-square-centimeter,FALSE,square inch to square centimeter
774,https://www.jetcalculator.com/square-inch-to-square-foot,FALSE,square inch to square foot
775,https://www.jetcalculator.com/square-inches-to-square-meters,FALSE,square inches to square meters
776,https://www.jetcalculator.com/square-inch-to-square-millimeter,FALSE,square inch to square millimeter
777,https://www.jetcalculator.com/square-kilometer-to-acre,FALSE,square kilometer to acre
778,https://www.jetcalculator.com/square-kilometer-to-hectare,FALSE,square kilometer to hectare
779,https://www.jetcalculator.com/square-kilometers-to-square-meters,FALSE,square kilometers to square meters
780,https://www.jetcalculator.com/square-meter-to-acre,FALSE,square meter to acre
781,https://www.jetcalculator.com/square-meters-to-hectares,FALSE,square meters to hectares
782,https://www.jetcalculator.com/square-meters-to-square-centimeters,FALSE,square meters to square centimeters
783,https://www.jetcalculator.com/square-meters-to-square-feet,FALSE,square meters to square feet
784,https://www.jetcalculator.com/square-meters-to-square-millimeters,FALSE,square meters to square millimeters
785,https://www.jetcalculator.com/square-meters-to-square-yards,FALSE,square meters to square yards
786,https://www.jetcalculator.com/square-miles-to-acres,FALSE,square miles to acres
787,https://www.jetcalculator.com/square-miles-to-square-feet,FALSE,square miles to square feet
788,https://www.jetcalculator.com/square-miles-to-square-kilometers,FALSE,square miles to square kilometers
789,https://www.jetcalculator.com/square-millimeters-to-square-centimeters,FALSE,square millimeters to square centimeters
790,https://www.jetcalculator.com/square-millimeters-to-square-inches,FALSE,square millimeters to square inches
791,https://www.jetcalculator.com/square-millimeters-to-square-meters,FALSE,square millimeters to square meters
792,https://www.jetcalculator.com/square-yards-to-acres,FALSE,square yards to acres
793,https://www.jetcalculator.com/square-yards-to-square-feet,FALSE,square yards to square feet
794,https://www.jetcalculator.com/square-yards-to-square-meters,FALSE,square yards to square meters
795,https://www.jetcalculator.com/minute-to-day,FALSE,minute to day
796,https://www.jetcalculator.com/kilobits-to-kilobytes,FALSE,kilobits to kilobytes
797,https://www.jetcalculator.com/kiloponds-to-newtons,FALSE,kiloponds to newtons
798,https://www.jetcalculator.com/meganewtons-to-kilonewtons,FALSE,meganewtons to kilonewtons
799,https://www.jetcalculator.com/angstrom-to-micrometer,FALSE,angstrom to micrometer
800,https://www.jetcalculator.com/angstrom-to-picometer,FALSE,angstrom to picometer
801,https://www.jetcalculator.com/astronomical-unit-to-parsec,FALSE,astronomical unit to parsec
802,https://www.jetcalculator.com/attometer-to-meter,FALSE,attometer to meter
803,https://www.jetcalculator.com/caliber-to-millimeter,FALSE,caliber to millimeter
804,https://www.jetcalculator.com/centimeter-to-hectometer,FALSE,centimeter to hectometer
805,https://www.jetcalculator.com/chain-to-mile,FALSE,chain to mile
806,https://www.jetcalculator.com/chain-to-yard,FALSE,chain to yard
807,https://www.jetcalculator.com/cubic-to-centimeter,FALSE,cubic to centimeter
808,https://www.jetcalculator.com/decimeter-to-foot,FALSE,decimeter to foot
809,https://www.jetcalculator.com/decimeter-to-hectometer,FALSE,decimeter to hectometer
810,https://www.jetcalculator.com/decimeter-to-inch,FALSE,decimeter to inch
811,https://www.jetcalculator.com/decimeter-to-nanometer,FALSE,decimeter to nanometer
812,https://www.jetcalculator.com/dekameters-to-meters,FALSE,dekameters to meters
813,https://www.jetcalculator.com/fathoms-to-leagues,FALSE,fathoms to leagues
814,https://www.jetcalculator.com/hours-to-minutes,FALSE,hours to minutes
815,https://www.jetcalculator.com/hours-to-days,FALSE,hours to days
816,https://www.jetcalculator.com/hours-to-seconds,FALSE,hours to seconds
817,https://www.jetcalculator.com/hours-to-years,FALSE,hours to years
818,https://www.jetcalculator.com/volume-calculator,FALSE,volume calculator
819,https://www.jetcalculator.com/root-calculator,FALSE,root calculator
820,https://www.jetcalculator.com/inches-to-decimeters,FALSE,inches to decimeters
821,https://www.jetcalculator.com/inches-to-fingers,FALSE,inches to fingers
822,https://www.jetcalculator.com/inches-to-hands,FALSE,inches to hands
823,https://www.jetcalculator.com/Inches-to-microinches,FALSE,Inches to microinches
824,https://www.jetcalculator.com/inches-to-nanometers,FALSE,inches to nanometers
825,https://www.jetcalculator.com/light-years-to-astronomical-units,FALSE,light years to astronomical units
826,https://www.jetcalculator.com/light-years-to-parsecs,FALSE,light years to parsecs
827,https://www.jetcalculator.com/megawatts-to-terawatts,FALSE,megawatts to terawatts
828,https://www.jetcalculator.com/milliwatts-to-microwatts,FALSE,milliwatts to microwatts
829,https://www.jetcalculator.com/attoseconds-to-seconds,FALSE,attoseconds to seconds
830,https://www.jetcalculator.com/days-to-milliseconds,FALSE,days to milliseconds
831,https://www.jetcalculator.com/days-to-minutes,FALSE,days to minutes
832,https://www.jetcalculator.com/femtoseconds-to-nanoseconds,FALSE,femtoseconds to nanoseconds
833,https://www.jetcalculator.com/femtoseconds-to-seconds,FALSE,femtoseconds to seconds
834,https://www.jetcalculator.com/hours-to-milliseconds,FALSE,hours to milliseconds
835,https://www.jetcalculator.com/microseconds-to-minutes,FALSE,microseconds to minutes
836,https://www.jetcalculator.com/microseconds-to-nanoseconds,FALSE,microseconds to nanoseconds
837,https://www.jetcalculator.com/minutes-to-hours,FALSE,minutes to hours
838,https://www.jetcalculator.com/minutes-to-years,FALSE,minutes to years
839,https://www.jetcalculator.com/nanoseconds-to-milliseconds,FALSE,nanoseconds to milliseconds
840,https://www.jetcalculator.com/nanoseconds-to-minutes,FALSE,nanoseconds to minutes
841,https://www.jetcalculator.com/picoseconds-to-femtoseconds,FALSE,picoseconds to femtoseconds
842,https://www.jetcalculator.com/picoseconds-to-milliseconds,FALSE,picoseconds to milliseconds
843,https://www.jetcalculator.com/seconds-to-femtoseconds,FALSE,seconds to femtoseconds
844,https://www.jetcalculator.com/seconds-to-hours,FALSE,seconds to hours
845,https://www.jetcalculator.com/seconds-to-picoseconds,FALSE,seconds to picoseconds
846,https://www.jetcalculator.com/years-to-days,FALSE,years to days
847,https://www.jetcalculator.com/seconds-to-years,FALSE,seconds to years
848,https://www.jetcalculator.com/days-to-seconds,FALSE,days to seconds
849,https://www.jetcalculator.com/days-to-years,FALSE,days to years
850,https://www.jetcalculator.com/cubits-to-inches,FALSE,cubits to inches
851,https://www.jetcalculator.com/meters-to-micrometers,FALSE,meters to micrometers
852,https://www.jetcalculator.com/meters-to-nanometers,FALSE,meters to nanometers
853,https://www.jetcalculator.com/meters-to-picometers,FALSE,meters to picometers
854,https://www.jetcalculator.com/microinches-to-inches,FALSE,microinches to inches
855,https://www.jetcalculator.com/micrometers-to-centimeters,FALSE,micrometers to centimeters
856,https://www.jetcalculator.com/points-to-centimeters,FALSE,points to centimeters
857,https://www.jetcalculator.com/points-to-inches,FALSE,points to inches
858,https://www.jetcalculator.com/points-to-millimeters,FALSE,points to millimeters
859,https://www.jetcalculator.com/barrels-oil-to-liters,FALSE,barrels oil to liters
860,https://www.jetcalculator.com/centilitersto-hectoliters,FALSE,centilitersto hectoliters
861,https://www.jetcalculator.com/centiliter-to-kiloliter,FALSE,centiliter to kiloliter
862,https://www.jetcalculator.com/cords-to-cubic-meters,FALSE,cords to cubic meters
863,https://www.jetcalculator.com/cubic-meter-to-megaliter,FALSE,cubic meter to megaliter
864,https://www.jetcalculator.com/cubic-millimeters-to-microliter,FALSE,cubic millimeters to microliter
865,https://www.jetcalculator.com/dekaliters-to-liter,FALSE,dekaliters to liter
866,https://www.jetcalculator.com/femtoliters-to-liters,FALSE,femtoliters to liters
867,https://www.jetcalculator.com/gallons-us-to-liters,FALSE,gallons us to liters
868,https://www.jetcalculator.com/hectoliters-to-kiloliters,FALSE,hectoliters to kiloliters
869,https://www.jetcalculator.com/liters-to-nanoliters,FALSE,liters to nanoliters
870,https://www.jetcalculator.com/liters-to-picoliters,FALSE,liters to picoliters
871,https://www.jetcalculator.com/megaliters-to-liters,FALSE,megaliters to liters
872,https://www.jetcalculator.com/microliters-to-centiliters,FALSE,microliters to centiliters
873,https://www.jetcalculator.com/microliters-to-cubic-centimeters,FALSE,microliters to cubic centimeters
874,https://www.jetcalculator.com/microliters-to-cubic-millimeters,FALSE,microliters to cubic millimeters
875,https://www.jetcalculator.com/microliters-to-deciliters,FALSE,microliters to deciliters
876,https://www.jetcalculator.com/microliters-to-kiloliters,FALSE,microliters to kiloliters
877,https://www.jetcalculator.com/microliters-to-nanoliters,FALSE,microliters to nanoliters
878,https://www.jetcalculator.com/milliliters-to-cubic-meters,FALSE,milliliters to cubic meters
879,https://www.jetcalculator.com/nanoliters-to-liters,FALSE,nanoliters to liters
880,https://www.jetcalculator.com/nanoliters-to-microliters,FALSE,nanoliters to microliters
881,https://www.jetcalculator.com/picoliters-to-liters,FALSE,picoliters to liters
882,https://www.jetcalculator.com/picoliters-to-milliliters,FALSE,picoliters to milliliters
883,https://www.jetcalculator.com/hectograms-to-centigrams,FALSE,hectograms to centigrams
884,https://www.jetcalculator.com/hectograms-to-decigrams,FALSE,hectograms to decigrams
885,https://www.jetcalculator.com/kilograms-to-dekagrams,FALSE,kilograms to dekagrams
886,https://www.jetcalculator.com/kilograms-to-tonnes,FALSE,kilograms to tonnes
887,https://www.jetcalculator.com/megagrams-to-kilograms,FALSE,megagrams to kilograms
888,https://www.jetcalculator.com/picograms-to-grams,FALSE,picograms to grams
,,FALSE,
,,FALSE,
,,FALSE,
,,FALSE,
,,FALSE,
,,FALSE,
,,FALSE,
,,FALSE,
,,FALSE,
,,FALSE,
,,FALSE,
,,FALSE,
,,FALSE,
,,FALSE,
,,FALSE,
,,FALSE,
,,FALSE,
,,FALSE,
,,FALSE,
,,FALSE,
,,FALSE,
,,FALSE,
,,FALSE,
,,FALSE,
,,FALSE,
,,FALSE,
,,FALSE,
,,FALSE,
,,FALSE,
,,FALSE,
,,FALSE,
,,FALSE,
,,FALSE,
,,FALSE,
,,FALSE,
,,FALSE,
,,FALSE,
,,FALSE,
,,FALSE,
,,FALSE,
,,FALSE,
,,FALSE,
,,FALSE,
,,FALSE,
,,FALSE,
,,FALSE,
,,FALSE,
,,FALSE,
,,FALSE,
,,FALSE,
,,FALSE,
,,FALSE,
,,FALSE,
,,FALSE,
,,FALSE,
,,FALSE,
,,FALSE,
,,FALSE,
,,FALSE,
,,FALSE,
,,FALSE,
,,FALSE,
,,FALSE,
,,FALSE,
,,FALSE,
,,FALSE,
,,FALSE,
,,FALSE,
,,FALSE,
,,FALSE,
,,FALSE,
,,FALSE,
,,FALSE,
,,FALSE,
,,FALSE,
,,FALSE,
,,FALSE,
,,FALSE,
,,FALSE,
,,FALSE,
,,FALSE,
,,FALSE,
,,FALSE,
,,FALSE,
,,FALSE,
,,FALSE,
,,FALSE,
,,FALSE,
,,FALSE,
,,FALSE,
,,FALSE,
,,FALSE,
,,FALSE,
,,FALSE,
,,FALSE,
,,FALSE,
,,FALSE,
,,FALSE,
,,FALSE,
,,FALSE,
,,FALSE,
,,FALSE,
,,FALSE,
,,FALSE,
,,FALSE,
,,FALSE,
,,FALSE,
,,FALSE,
,,FALSE,
,,FALSE,
,,FALSE,
,,FALSE,
,,FALSE,
,,FALSE,
,,FALSE,
,,FALSE,
,,FALSE,
,,FALSE,
,,FALSE,
,,FALSE,
,,FALSE,
,,FALSE,
,,FALSE,
,,FALSE,
,,FALSE,
,,FALSE,
,,FALSE,
,,FALSE,
,,FALSE,
,,FALSE,
,,FALSE,
,,FALSE,
,,FALSE,
,,FALSE,
,,FALSE,
,,FALSE,
,,FALSE,
,,FALSE,
,,FALSE,
,,FALSE,
,,FALSE,
,,FALSE,
,,FALSE,
,,FALSE,
,,FALSE,
,,FALSE,
,,FALSE,
,,FALSE,
,,FALSE,
,,FALSE,
,,FALSE,
,,FALSE,
,,FALSE,
,,FALSE,
,,FALSE,
,,FALSE,
,,FALSE,
,,FALSE,
,,FALSE,
,,FALSE,
,,FALSE,
,,FALSE,
,,FALSE,
,,FALSE,
,,FALSE,
,,FALSE,
,,FALSE,
,,FALSE,
,,FALSE,
,,FALSE,
,,FALSE,
,,FALSE,
,,FALSE,
,,FALSE,
,,FALSE,
,,FALSE,
,,FALSE,
,,FALSE,
,,FALSE,
,,FALSE,
,,FALSE,
,,FALSE,
,,FALSE,
,,FALSE,
,,FALSE,
,,FALSE,
,,FALSE,
,,FALSE,
,,FALSE,
,,FALSE,
,,FALSE,
,,FALSE,
,,FALSE,
,,FALSE,
,,FALSE,
,,FALSE,
,,FALSE,
,,FALSE,
,,FALSE,
,,FALSE,
,,FALSE,
,,FALSE,
,,FALSE,
,,FALSE,
,,FALSE,
,,FALSE,
,,FALSE,
,,FALSE,
,,FALSE,
,,FALSE,
,,FALSE,
,,FALSE,
,,FALSE,
,,FALSE,
,,FALSE,
,,FALSE,
,,FALSE,
,,FALSE,
,,FALSE,
,,FALSE,
,,FALSE,
,,FALSE,
,,FALSE,
,,FALSE,
,,FALSE,
,,FALSE,
,,FALSE,
,,FALSE,
,,FALSE,
,,FALSE,
,,FALSE,
,,FALSE,
,,FALSE,
,,FALSE,
,,FALSE,
,,FALSE,
,,FALSE,
,,FALSE,
,,FALSE,
,,FALSE,
,,FALSE,
,,FALSE,
,,FALSE,
,,FALSE,
,,FALSE,
,,FALSE,
,,FALSE,
,,FALSE,
,,FALSE,
,,FALSE,
,,FALSE,
,,FALSE,
,,FALSE,
,,FALSE,
,,FALSE,
,,FALSE,
,,FALSE,
,,FALSE,
,,FALSE,
,,FALSE,
,,FALSE,
,,FALSE,
,,FALSE,
,,FALSE,
,,FALSE,
,,FALSE,
,,FALSE,
,,FALSE,
,,FALSE,
,,FALSE,
,,FALSE,
,,FALSE,
,,FALSE,
,,FALSE,
,,FALSE,
,,FALSE,
,,FALSE,
,,FALSE,
,,FALSE,
,,FALSE,
,,FALSE,
,,FALSE,
,,FALSE,
,,FALSE,
,,FALSE,
,,FALSE,
,,FALSE,
,,FALSE,
,,FALSE,
,,FALSE,
,,FALSE,
,,FALSE,
,,FALSE,
,,FALSE,
,,FALSE,
,,FALSE,
,,FALSE,
,,FALSE,
,,FALSE,
,,FALSE,
,,FALSE,
,,FALSE,
,,FALSE,
,,FALSE,
,,FALSE,
,,FALSE,
,,FALSE,
,,FALSE,
,,FALSE,
,,FALSE,
,,FALSE,
,,FALSE,
,,FALSE,
,,FALSE,
,,FALSE,
,,FALSE,
,,FALSE,
,,FALSE,
,,FALSE,
,,FALSE,
,,FALSE,
,,FALSE,
,,FALSE,
,,FALSE,
,,FALSE,
,,FALSE,
,,FALSE,
,,FALSE,
,,FALSE,
,,FALSE,
,,FALSE,
,,FALSE,
,,FALSE,
,,FALSE,
,,FALSE,
,,FALSE,
,,FALSE,
,,FALSE,
,,FALSE,
,,FALSE,
,,FALSE,
,,FALSE,
,,FALSE,
,,FALSE,
,,FALSE,
,,FALSE,
,,FALSE,
,,FALSE,
,,FALSE,
,,FALSE,
,,FALSE,
,,FALSE,
,,FALSE,
,,FALSE,
,,FALSE,
,,FALSE,
,,FALSE,
,,FALSE,
,,FALSE,
,,FALSE,
,,FALSE,
,,FALSE,
,,FALSE,
,,FALSE,
,,FALSE,
,,FALSE,
,,FALSE,
,,FALSE,
,,FALSE,
,,FALSE,
,,FALSE,
,,FALSE,
,,FALSE,
,,FALSE,
,,FALSE,
,,FALSE,
,,FALSE,
,,FALSE,
,,FALSE,
,,FALSE,
,,FALSE,
,,FALSE,
,,FALSE,
,,FALSE,
,,FALSE,
,,FALSE,
,,FALSE,
,,FALSE,
,,FALSE,
,,FALSE,
,,FALSE,
,,FALSE,
,,FALSE,
,,FALSE,
,,FALSE,
,,FALSE,
,,FALSE,
,,FALSE,
,,FALSE,
,,FALSE,
,,FALSE,
,,FALSE,
,,FALSE,
,,FALSE,
,,FALSE,
,,FALSE,
,,FALSE,
,,FALSE,
,,FALSE,
,,FALSE,
,,FALSE,
,,FALSE,
,,FALSE,
,,FALSE,
,,FALSE,
,,FALSE,
,,FALSE,
,,FALSE,
,,FALSE,
,,FALSE,
,,FALSE,
,,FALSE,
,,FALSE,
,,FALSE,
,,FALSE,
,,FALSE,
,,FALSE,
,,FALSE,
,,FALSE,
,,FALSE,
,,FALSE,
,,FALSE,
,,FALSE,
,,FALSE,
,,FALSE,
,,FALSE,
,,FALSE,
,,FALSE,
,,FALSE,
,,FALSE,
,,FALSE,
,,FALSE,
,,FALSE,
,,FALSE,
,,FALSE,
,,FALSE,
,,FALSE,
,,FALSE,
,,FALSE,
,,FALSE,
,,FALSE,
,,FALSE,
,,FALSE,
,,FALSE,
,,FALSE,
,,FALSE,
,,FALSE,
,,FALSE,
,,FALSE,
,,FALSE,
,,FALSE,
,,FALSE,
,,FALSE,
,,FALSE,
,,FALSE,
,,FALSE,
,,FALSE,
,,FALSE,
,,FALSE,
,,FALSE,
,,FALSE,
,,FALSE,
,,FALSE,
,,FALSE,
,,FALSE,
,,FALSE,
,,FALSE,
,,FALSE,
,,FALSE,
,,FALSE,
,,FALSE,
,,FALSE,
,,FALSE,
,,FALSE,
,,FALSE,
,,FALSE,
,,FALSE,
,,FALSE,
,,FALSE,
,,FALSE,
,,FALSE,
,,FALSE,
,,FALSE,
,,FALSE,
,,FALSE,
,,FALSE,
,,FALSE,
,,FALSE,
,,FALSE,
,,FALSE,
,,FALSE,
,,FALSE,
,,FALSE,
,,FALSE,
,,FALSE,
,,FALSE,
,,FALSE,
,,FALSE,
,,FALSE,
,,FALSE,
,,FALSE,
,,FALSE,
,,FALSE,
,,FALSE,
,,FALSE,
,,FALSE,
,,FALSE,
,,FALSE,
,,FALSE,
,,FALSE,
,,FALSE,
,,FALSE,
,,FALSE,
,,FALSE,
,,FALSE,
,,FALSE,
,,FALSE,
,,FALSE,
,,FALSE,
,,FALSE,
,,FALSE,
,,FALSE,
,,FALSE,
,,FALSE,
,,FALSE,
,,FALSE,
,,FALSE,
,,FALSE,
,,FALSE,
,,FALSE,
,,FALSE,
,,FALSE,
,,FALSE,
,,FALSE,
,,FALSE,
,,FALSE,
,,FALSE,
,,FALSE,
,,FALSE,
,,FALSE,
,,FALSE,
,,FALSE,
,,FALSE,
,,FALSE,
,,FALSE,
,,FALSE,
,,FALSE,
,,FALSE,
,,FALSE,
,,FALSE,
,,FALSE,
,,FALSE,
,,FALSE,
,,FALSE,
,,FALSE,
,,FALSE,
,,FALSE,
,,FALSE,
,,FALSE,
,,FALSE,
,,FALSE,
,,FALSE,
,,FALSE,
,,FALSE,
,,FALSE,
,,FALSE,
,,FALSE,
,,FALSE,
,,FALSE,
,,FALSE,
,,FALSE,
,,FALSE,
,,FALSE,
,,FALSE,
,,FALSE,
,,FALSE,
,,FALSE,
,,FALSE,
,,FALSE,
,,FALSE,
,,FALSE,
,,FALSE,
,,FALSE,
,,FALSE,
,,FALSE,
,,FALSE,
,,FALSE,
,,FALSE,
,,FALSE,
,,FALSE,
,,FALSE,
,,FALSE,
,,FALSE,
,,FALSE,
,,FALSE,
,,FALSE,
,,FALSE,
,,FALSE,
,,FALSE,
,,FALSE,
,,FALSE,
,,FALSE,
,,FALSE,
,,FALSE,
,,FALSE,
,,FALSE,
,,FALSE,
,,FALSE,
,,FALSE,
,,FALSE,
,,FALSE,
,,FALSE,
,,FALSE,
,,FALSE,
,,FALSE,
,,FALSE,
,,FALSE,
,,FALSE,
,,FALSE,
,,FALSE,
,,FALSE,
,,FALSE,
,,FALSE,
,,FALSE,
,,FALSE,
,,FALSE,
,,FALSE,
,,FALSE,
,,FALSE,
,,FALSE,
,,FALSE,
,,FALSE,
,,FALSE,
,,FALSE,
,,FALSE,
,,FALSE,
,,FALSE,
,,FALSE,
,,FALSE,
,,FALSE,
,,FALSE,
,,FALSE,
,,FALSE,
,,FALSE,
,,FALSE,
,,FALSE,
,,FALSE,
,,FALSE,
,,FALSE,
,,FALSE,
,,FALSE,
,,FALSE,
,,FALSE,
,,FALSE,
,,FALSE,
,,FALSE,
,,FALSE,
,,FALSE,
,,FALSE,
,,FALSE,
,,FALSE,
,,FALSE,
,,FALSE,
,,FALSE,
,,FALSE,
,,FALSE,
,,FALSE,
,,FALSE,
,,FALSE,
,,FALSE,
,,FALSE,
,,FALSE,
,,FALSE,
,,FALSE,
,,FALSE,
,,FALSE,
,,FALSE,
,,FALSE,
,,FALSE,
,,FALSE,
,,FALSE,
,,FALSE,
,,FALSE,
,,FALSE,
,,FALSE,
,,FALSE,
,,FALSE,
,,FALSE,
,,FALSE,
,,FALSE,
,,FALSE,
,,FALSE,
,,FALSE,
,,FALSE,
,,FALSE,
,,FALSE,
,,FALSE,
,,FALSE,
,,FALSE,
,,FALSE,
,,FALSE,
,,FALSE,
,,FALSE,
,,FALSE,
,,FALSE,
,,FALSE,
,,FALSE,
,,FALSE,
,,FALSE,
,,FALSE,
,,FALSE,
,,FALSE,
,,FALSE,
,,FALSE,
,,FALSE,
,,FALSE,
,,FALSE,
,,FALSE,
,,FALSE,
,,FALSE,
,,FALSE,
,,FALSE,
,,FALSE,
,,FALSE,
,,FALSE,
,,FALSE,
,,FALSE,
,,FALSE,
,,FALSE,
,,FALSE,
,,FALSE,
,,FALSE,
,,FALSE,
,,FALSE,
,,FALSE,
,,FALSE,
,,FALSE,
,,FALSE,
,,FALSE,
,,FALSE,
,,FALSE,
,,FALSE,
,,FALSE,
,,FALSE,
,,FALSE,
,,FALSE,
,,FALSE,
,,FALSE,
,,FALSE,
,,FALSE,
,,FALSE,
,,FALSE,
,,FALSE,
,,FALSE,
,,FALSE,
,,FALSE,
,,FALSE,
,,FALSE,
,,FALSE,
,,FALSE,
,,FALSE,
,,FALSE,
,,FALSE,
,,FALSE,
,,FALSE,
,,FALSE,
,,FALSE,
,,FALSE,
,,FALSE,
,,FALSE,
,,FALSE,
,,FALSE,
,,FALSE,
,,FALSE,
,,FALSE,
,,FALSE,
,,FALSE,
,,FALSE,
,,FALSE,
,,FALSE,
,,FALSE,
,,FALSE,
,,FALSE,
,,FALSE,
,,FALSE,
,,FALSE,
,,FALSE,
,,FALSE,
,,FALSE,
,,FALSE,
,,FALSE,
,,FALSE,
,,FALSE,
,,FALSE,
,,FALSE,
,,FALSE,
,,FALSE,
,,FALSE,
,,FALSE,
,,FALSE,
,,FALSE,
,,FALSE,
,,FALSE,
,,FALSE,
,,FALSE,
,,FALSE,
,,FALSE,
,,FALSE,
,,FALSE,
,,FALSE,
,,FALSE,
,,FALSE,
,,FALSE,
,,FALSE,
,,FALSE,
,,FALSE,
,,FALSE,
,,FALSE,
,,FALSE,
,,FALSE,
,,FALSE,
,,FALSE,
,,FALSE,
,,FALSE,
,,FALSE,
,,FALSE,
,,FALSE,
,,FALSE,
,,FALSE,
,,FALSE,
,,FALSE,
,,FALSE,
,,FALSE,
,,FALSE,
,,FALSE,
,,FALSE,
,,FALSE,
,,FALSE,
,,FALSE,
,,FALSE,
,,FALSE,
,,FALSE,
,,FALSE,
,,FALSE,
,,FALSE,
,,FALSE,
,,FALSE,
,,FALSE,
,,FALSE,
,,FALSE,
,,FALSE,
,,FALSE,
,,FALSE,
,,FALSE,
,,FALSE,
,,FALSE,
,,FALSE,
,,FALSE,
,,FALSE,
,,FALSE,
,,FALSE,
,,FALSE,
,,FALSE,
,,FALSE,
,,FALSE,
,,FALSE,
,,FALSE,
,,FALSE,
,,FALSE,
,,FALSE,
,,FALSE,
,,FALSE,
,,FALSE,
,,FALSE,
,,FALSE,
,,FALSE,
,,FALSE,
,,FALSE,
,,FALSE,
,,FALSE,
,,FALSE,
,,FALSE,
,,FALSE,
,,FALSE,
,,FALSE,
,,FALSE,
,,FALSE,
,,FALSE,
,,FALSE,
,,FALSE,
,,FALSE,
,,FALSE,
,,FALSE,
,,FALSE,
,,FALSE,
,,FALSE,
,,FALSE,
,,FALSE,
,,FALSE,
,,FALSE,
,,FALSE,
,,FALSE,
,,FALSE,
,,FALSE,
,,FALSE,
,,FALSE,
,,FALSE,
,,FALSE,
,,FALSE,
,,FALSE,
,,FALSE,
,,FALSE,
,,FALSE,
,,FALSE,
,,FALSE,
,,FALSE,
,,FALSE,
,,FALSE,
,,FALSE,
,,FALSE,
,,FALSE,
,,FALSE,
,,FALSE,
,,FALSE,
,,FALSE,
,,FALSE,
,,FALSE,
,,FALSE,
,,FALSE,
,,FALSE,
,,FALSE,
,,FALSE,
,,FALSE,
,,FALSE,
,,FALSE,
,,FALSE,
,,FALSE,
,,FALSE,
,,FALSE,
,,FALSE,
,,FALSE,
,,FALSE,
,,FALSE,
,,FALSE,
,,FALSE,
,,FALSE,
,,FALSE,
,,FALSE,
,,FALSE,
,,FALSE,
,,FALSE,
,,FALSE,
,,FALSE,
,,FALSE,
,,FALSE,
,,FALSE,
,,FALSE,
,,FALSE,
,,FALSE,
,,FALSE,
,,FALSE,
,,FALSE,
,,FALSE,
,,FALSE,
,,FALSE,
,,FALSE,
,,FALSE,
,,FALSE,
,,FALSE,
,,FALSE,
,,FALSE,
,,FALSE,
,,FALSE,
,,FALSE,
,,FALSE,
,,FALSE,
,,FALSE,
,,FALSE,
,,FALSE,
,,FALSE,
,,FALSE,
,,FALSE,
,,FALSE,
,,FALSE,
,,FALSE,
,,FALSE,
,,FALSE,
,,FALSE,
,,FALSE,
,,FALSE,
,,FALSE,
,,FALSE,
,,FALSE,
,,FALSE,
,,FALSE,
,,FALSE,
,,FALSE,
,,FALSE,
,,FALSE,
,,FALSE,
,,FALSE,
,,FALSE,
,,FALSE,
,,FALSE,
,,FALSE,
,,FALSE,
,,FALSE,
,,FALSE,
,,FALSE,
,,FALSE,
,,FALSE,
,,FALSE,
,,FALSE,
,,FALSE,
,,FALSE,
,,FALSE,
,,FALSE,
,,FALSE,
,,FALSE,
,,FALSE,
,,FALSE,
,,FALSE,
,,FALSE,
,,FALSE,
,,FALSE,
,,FALSE,
,,FALSE,
,,FALSE,
,,FALSE,
,,FALSE,
,,FALSE,
,,FALSE,
,,FALSE,
,,FALSE,
,,FALSE,
,,FALSE,
,,FALSE,
,,FALSE,
,,FALSE,
,,FALSE,
,,FALSE,
,,FALSE,
,,FALSE,
,,FALSE,
,,FALSE,
,,FALSE,
,,FALSE,
,,FALSE,
,,FALSE,
,,FALSE,
,,FALSE,
,,FALSE,
,,FALSE,
,,FALSE,
,,FALSE,
,,FALSE,
,,FALSE,
,,FALSE,
,,FALSE,
,,FALSE,
,,FALSE,
,,FALSE,
,,FALSE,
,,FALSE,
,,FALSE,
,,FALSE,
,,FALSE,
,,FALSE,
,,FALSE,
,,FALSE,
,,FALSE,
,,FALSE,
,,FALSE,
,,FALSE,
,,FALSE,
,,FALSE,
,,FALSE,
,,FALSE,
,,FALSE,
,,FALSE,
,,FALSE,
,,FALSE,
,,FALSE,
,,FALSE,
,,FALSE,
,,FALSE,
,,FALSE,
,,FALSE,
,,FALSE,
,,FALSE,
,,FALSE,
,,FALSE,
,,FALSE,
,,FALSE,
,,FALSE,
,,FALSE,
,,FALSE,
,,FALSE,
,,FALSE,
,,FALSE,
,,FALSE,
,,FALSE,
,,FALSE,
,,FALSE,
,,FALSE,
,,FALSE,
,,FALSE,
,,FALSE,
,,FALSE,
,,FALSE,
,,FALSE,
,,FALSE,
,,FALSE,
,,FALSE,
,,FALSE,
,,FALSE,
,,FALSE,
,,FALSE,
,,FALSE,
,,FALSE,
,,FALSE,
,,FALSE,
,,FALSE,
,,FALSE,
,,FALSE,
,,FALSE,
,,FALSE,
,,FALSE,
,,FALSE,
,,FALSE,
,,FALSE,
,,FALSE,
,,FALSE,
,,FALSE,
,,FALSE,
,,FALSE,
,,FALSE,
,,FALSE,
,,FALSE,
,,FALSE,
,,FALSE,
,,FALSE,
,,FALSE,
,,FALSE,
,,FALSE,
,,FALSE,
,,FALSE,
,,FALSE,
,,FALSE,
,,FALSE,
,,FALSE,
,,FALSE,
,,FALSE,
,,FALSE,
,,FALSE,
,,FALSE,
,,FALSE,
,,FALSE,
,,FALSE,
,,FALSE,
,,FALSE,
,,FALSE,
,,FALSE,
,,FALSE,
,,FALSE,
,,FALSE,
,,FALSE,
,,FALSE,
,,FALSE,
,,FALSE,
,,FALSE,
,,FALSE,
,,FALSE,
,,FALSE,
,,FALSE,
,,FALSE,
,,FALSE,
,,FALSE,
,,FALSE,
,,FALSE,
,,FALSE,
,,FALSE,
,,FALSE,
,,FALSE,
,,FALSE,
,,FALSE,
,,FALSE,
,,FALSE,
,,FALSE,
,,FALSE,
,,FALSE,
,,FALSE,
,,FALSE,
,,FALSE,
,,FALSE,
,,FALSE,
,,FALSE,
,,FALSE,
,,FALSE,
,,FALSE,
,,FALSE,
,,FALSE,
,,FALSE,
,,FALSE,
,,FALSE,
,,FALSE,
,,FALSE,
,,FALSE,
,,FALSE,
,,FALSE,
,,FALSE,
,,FALSE,
,,FALSE,
,,FALSE,
,,FALSE,
,,FALSE,
,,FALSE,
,,FALSE,
,,FALSE,
,,FALSE,
,,FALSE,
,,FALSE,
,,FALSE,
,,FALSE,
,,FALSE,
,,FALSE,
,,FALSE,
,,FALSE,
,,FALSE,
,,FALSE,
,,FALSE,
,,FALSE,
,,FALSE,
,,FALSE,
,,FALSE,
,,FALSE,
,,FALSE,
,,FALSE,
,,FALSE,
,,FALSE,
,,FALSE,
,,FALSE,
,,FALSE,
,,FALSE,
,,FALSE,
,,FALSE,
,,FALSE,
,,FALSE,
,,FALSE,
,,FALSE,
,,FALSE,
,,FALSE,
,,FALSE,
,,FALSE,
,,FALSE,
,,FALSE,
,,FALSE,
,,FALSE,
,,FALSE,
,,FALSE,
,,FALSE,
,,FALSE,
,,FALSE,
,,FALSE,
,,FALSE,
,,FALSE,
,,FALSE,
,,FALSE,
,,FALSE,
,,FALSE,
,,FALSE,
,,FALSE,
,,FALSE,
,,FALSE,
,,FALSE,
,,FALSE,
,,FALSE,
,,FALSE,
,,FALSE,
,,FALSE,
,,FALSE,
,,FALSE,
,,FALSE,
,,FALSE,
,,FALSE,
,,FALSE,
,,FALSE,
,,FALSE,
,,FALSE,
,,FALSE,
,,FALSE,
,,FALSE,
,,FALSE,
,,FALSE,
,,FALSE,
,,FALSE,
,,FALSE,
,,FALSE,
,,FALSE,
,,FALSE,
,,FALSE,
,,FALSE,
,,FALSE,
,,FALSE,
,,FALSE,
,,FALSE,
,,FALSE,
,,FALSE,
,,FALSE,
,,FALSE,
,,FALSE,
,,FALSE,
,,FALSE,
,,FALSE,
,,FALSE,
,,FALSE,
,,FALSE,
,,FALSE,
,,FALSE,
,,FALSE,
,,FALSE,
,,FALSE,
,,FALSE,
,,FALSE,
,,FALSE,
,,FALSE,
,,FALSE,
,,FALSE,
,,FALSE,
,,FALSE,
,,FALSE,
,,FALSE,
,,FALSE,
,,FALSE,
,,FALSE,
,,FALSE,
,,FALSE,
,,FALSE,
,,FALSE,
,,FALSE,
,,FALSE,
,,FALSE,
,,FALSE,
,,FALSE,
,,FALSE,
,,FALSE,
,,FALSE,
,,FALSE,
,,FALSE,
,,FALSE,
,,FALSE,
,,FALSE,
,,FALSE,
,,FALSE,
,,FALSE,
,,FALSE,
,,FALSE,
,,FALSE,
,,FALSE,
,,FALSE,
,,FALSE,
,,FALSE,
,,FALSE,
,,FALSE,
,,FALSE,
,,FALSE,
,,FALSE,
,,FALSE,
,,FALSE,
,,FALSE,
,,FALSE,
,,FALSE,
,,FALSE,
,,FALSE,
,,FALSE,
,,FALSE,
,,FALSE,
,,FALSE,
,,FALSE,
,,FALSE,
,,FALSE,
,,FALSE,
,,FALSE,
,,FALSE,
,,FALSE,
,,FALSE,
,,FALSE,
,,FALSE,
,,FALSE,
,,FALSE,
,,FALSE,
,,FALSE,
,,FALSE,
,,FALSE,
,,FALSE,
,,FALSE,
,,FALSE,
,,FALSE,
,,FALSE,
,,FALSE,
,,FALSE,
,,FALSE,
,,FALSE,
,,FALSE,
,,FALSE,
,,FALSE,
,,FALSE,
,,FALSE,
,,FALSE,
,,FALSE,
,,FALSE,
,,FALSE,
,,FALSE,
,,FALSE,
,,FALSE,
,,FALSE,
,,FALSE,
,,FALSE,
,,FALSE,
,,FALSE,
,,FALSE,
,,FALSE,
,,FALSE,
,,FALSE,
,,FALSE,
,,FALSE,
,,FALSE,
,,FALSE,
,,FALSE,
,,FALSE,
,,FALSE,
,,FALSE,
,,FALSE,
,,FALSE,
,,FALSE,
,,FALSE,
,,FALSE,
,,FALSE,
,,FALSE,
,,FALSE,
,,FALSE,
,,FALSE,
,,FALSE,
,,FALSE,
,,FALSE,
,,FALSE,
,,FALSE,
,,FALSE,
,,FALSE,
,,FALSE,
,,FALSE,
,,FALSE,
,,FALSE,
,,FALSE,
,,FALSE,
,,FALSE,
,,FALSE,
,,FALSE,
,,FALSE,
,,FALSE,
,,FALSE,
,,FALSE,
,,FALSE,
,,FALSE,
,,FALSE,
,,FALSE,
,,FALSE,
,,FALSE,
,,FALSE,
,,FALSE,
,,FALSE,
,,FALSE,
,,FALSE,
,,FALSE,
,,FALSE,
,,FALSE,
,,FALSE,
,,FALSE,
,,FALSE,
,,FALSE,
,,FALSE,
,,FALSE,
,,FALSE,
,,FALSE,
,,FALSE,
,,FALSE,
,,FALSE,
,,FALSE,
,,FALSE,
,,FALSE,
,,FALSE,
,,FALSE,
,,FALSE,
,,FALSE,
,,FALSE,
,,FALSE,
,,FALSE,
,,FALSE,
,,FALSE,
,,FALSE,
,,FALSE,
,,FALSE,
,,FALSE,
,,FALSE,
,,FALSE,
,,FALSE,
,,FALSE,
,,FALSE,
,,FALSE,
,,FALSE,
,,FALSE,
,,FALSE,
,,FALSE,
,,FALSE,
,,FALSE,
,,FALSE,
,,FALSE,
,,FALSE,
,,FALSE,
,,FALSE,
,,FALSE,
,,FALSE,
,,FALSE,
,,FALSE,
,,FALSE,
,,FALSE,
,,FALSE,
,,FALSE,
,,FALSE,
,,FALSE,
,,FALSE,
,,FALSE,
,,FALSE,
,,FALSE,
,,FALSE,
,,FALSE,
,,FALSE,
,,FALSE,
,,FALSE,
,,FALSE,
,,FALSE,
,,FALSE,
,,FALSE,
,,FALSE,
,,FALSE,
,,FALSE,
,,FALSE,
,,FALSE,
,,FALSE,
,,FALSE,
,,FALSE,
,,FALSE,
,,FALSE,
,,FALSE,
,,FALSE,
,,FALSE,
,,FALSE,
,,FALSE,
,,FALSE,
,,FALSE,
,,FALSE,
,,FALSE,
,,FALSE,
,,FALSE,
,,FALSE,
,,FALSE,
,,FALSE,
,,FALSE,
,,FALSE,
,,FALSE,
,,FALSE,
,,FALSE,
,,FALSE,
,,FALSE,
,,FALSE,
,,FALSE,
,,FALSE,
,,FALSE,
,,FALSE,
,,FALSE,
,,FALSE,
,,FALSE,
,,FALSE,
,,FALSE,
,,FALSE,
,,FALSE,
,,FALSE,
,,FALSE,
,,FALSE,
,,FALSE,
,,FALSE,
,,FALSE,
,,FALSE,
,,FALSE,
,,FALSE,
,,FALSE,
,,FALSE,
,,FALSE,
,,FALSE,
,,FALSE,
,,FALSE,
,,FALSE,
,,FALSE,
,,FALSE,
,,FALSE,
,,FALSE,
,,FALSE,
,,FALSE,
,,FALSE,
,,FALSE,
,,FALSE,
,,FALSE,
,,FALSE,
,,FALSE,
,,FALSE,
,,FALSE,
,,FALSE,
,,FALSE,
,,FALSE,
,,FALSE,
,,FALSE,
,,FALSE,
,,FALSE,
,,FALSE,
,,FALSE,
,,FALSE,
,,FALSE,
,,FALSE,
,,FALSE,
,,FALSE,
,,FALSE,
,,FALSE,
,,FALSE,
,,FALSE,
,,FALSE,
,,FALSE,
,,FALSE,
,,FALSE,
,,FALSE,
,,FALSE,
,,FALSE,
,,FALSE,
,,FALSE,
,,FALSE,
,,FALSE,
,,FALSE,
,,FALSE,
,,FALSE,
,,FALSE,
,,FALSE,
,,FALSE,
,,FALSE,
,,FALSE,
,,FALSE,
,,FALSE,
,,FALSE,
,,FALSE,
,,FALSE,
,,FALSE,
,,FALSE,
,,FALSE,
,,FALSE,
,,FALSE,
,,FALSE,
,,FALSE,
,,FALSE,
,,FALSE,
,,FALSE,
,,FALSE,
,,FALSE,
,,FALSE,
,,FALSE,
,,FALSE,
,,FALSE,
,,FALSE,
,,FALSE,
,,FALSE,
,,FALSE,
,,FALSE,
,,FALSE,
,,FALSE,
,,FALSE,
,,FALSE,
,,FALSE,
,,FALSE,
,,FALSE,
,,FALSE,
,,FALSE,
,,FALSE,
,,FALSE,
,,FALSE,
,,FALSE,
,,FALSE,
,,FALSE,
,,FALSE,
,,FALSE,
,,FALSE,
,,FALSE,
,,FALSE,
,,FALSE,
,,FALSE,
,,FALSE,
,,FALSE,
,,FALSE,
,,FALSE,
,,FALSE,
,,FALSE,
,,FALSE,
,,FALSE,
,,FALSE,
,,FALSE,
,,FALSE,
,,FALSE,
,,FALSE,
,,FALSE,
,,FALSE,
,,FALSE,
,,FALSE,
,,FALSE,
,,FALSE,
,,FALSE,
,,FALSE,
,,FALSE,
,,FALSE,
,,FALSE,
,,FALSE,
,,FALSE,
,,FALSE,
,,FALSE,
,,FALSE,
,,FALSE,
,,FALSE,
,,FALSE,
,,FALSE,
,,FALSE,
,,FALSE,
,,FALSE,
,,FALSE,
,,FALSE,
,,FALSE,
,,FALSE,
,,FALSE,
,,FALSE,
,,FALSE,
,,FALSE,
,,FALSE,
,,FALSE,
,,FALSE,
,,FALSE,
,,FALSE,
,,FALSE,
,,FALSE,
,,FALSE,
,,FALSE,
,,FALSE,
,,FALSE,
,,FALSE,
,,FALSE,
,,FALSE,
,,FALSE,
,,FALSE,
,,FALSE,
,,FALSE,
,,FALSE,
,,FALSE,
,,FALSE,
,,FALSE,
,,FALSE,
,,FALSE,
,,FALSE,
,,FALSE,
,,FALSE,
,,FALSE,
,,FALSE,
,,FALSE,
,,FALSE,
,,FALSE,
,,FALSE,
,,FALSE,
,,FALSE,
,,FALSE,
,,FALSE,
,,FALSE,
,,FALSE,
,,FALSE,
,,FALSE,
,,FALSE,
,,FALSE,
,,FALSE,
,,FALSE,
,,FALSE,
,,FALSE,
,,FALSE,
,,FALSE,
,,FALSE,
,,FALSE,
,,FALSE,
,,FALSE,
,,FALSE,
,,FALSE,
,,FALSE,
,,FALSE,
,,FALSE,
,,FALSE,
,,FALSE,
,,FALSE,
,,FALSE,
,,FALSE,
,,FALSE,
,,FALSE,
,,FALSE,
,,FALSE,
,,FALSE,
,,FALSE,
,,FALSE,
,,FALSE,
,,FALSE,
,,FALSE,
,,FALSE,
,,FALSE,
,,FALSE,
,,FALSE,
,,FALSE,
,,FALSE,
,,FALSE,
,,FALSE,
,,FALSE,
,,FALSE,
,,FALSE,
,,FALSE,
,,FALSE,
,,FALSE,
,,FALSE,
,,FALSE,
,,FALSE,
,,FALSE,
,,FALSE,
,,FALSE,
,,FALSE,
,,FALSE,
,,FALSE,
,,FALSE,
,,FALSE,
,,FALSE,
,,FALSE,
,,FALSE,
,,FALSE,
,,FALSE,
,,FALSE,
,,FALSE,
,,FALSE,
,,FALSE,
,,FALSE,
,,FALSE,
,,FALSE,
,,FALSE,
,,FALSE,
,,FALSE,
,,FALSE,
,,FALSE,
,,FALSE,
,,FALSE,
,,FALSE,
,,FALSE,
,,FALSE,
,,FALSE,
,,FALSE,
,,FALSE,
,,FALSE,
,,FALSE,
,,FALSE,
,,FALSE,
,,FALSE,
,,FALSE,
,,FALSE,
,,FALSE,
,,FALSE,
,,FALSE,
,,FALSE,
,,FALSE,
,,FALSE,
,,FALSE,
,,FALSE,
,,FALSE,
,,FALSE,
,,FALSE,
,,FALSE,
,,FALSE,
,,FALSE,
,,FALSE,
,,FALSE,
,,FALSE,
,,FALSE,
,,FALSE,
,,FALSE,
,,FALSE,
,,FALSE,
,,FALSE,
,,FALSE,
,,FALSE,
,,FALSE,
,,FALSE,
,,FALSE,
,,FALSE,
,,FALSE,
,,FALSE,
,,FALSE,
,,FALSE,
,,FALSE,
,,FALSE,
,,FALSE,
,,FALSE,
,,FALSE,
,,FALSE,
,,FALSE,
,,FALSE,
,,FALSE,
,,FALSE,
,,FALSE,
,,FALSE,
,,FALSE,
,,FALSE,
,,FALSE,
,,FALSE,
,,FALSE,
,,FALSE,
,,FALSE,
,,FALSE,
,,FALSE,
,,FALSE,
,,FALSE,
,,FALSE,
,,FALSE,
,,FALSE,
,,FALSE,
,,FALSE,
,,FALSE,
,,FALSE,
,,FALSE,
,,FALSE,
,,FALSE,
,,FALSE,
,,FALSE,
,,FALSE,
,,FALSE,
,,FALSE,
,,FALSE,
,,FALSE,
,,FALSE,
,,FALSE,
,,FALSE,
,,FALSE,
,,FALSE,
,,FALSE,
,,FALSE,
,,FALSE,
,,FALSE,
,,FALSE,
,,FALSE,
,,FALSE,
,,FALSE,
,,FALSE,
,,FALSE,
,,FALSE,
,,FALSE,
,,FALSE,
,,FALSE,
,,FALSE,
,,FALSE,
,,FALSE,
,,FALSE,
,,FALSE,
,,FALSE,
,,FALSE,
,,FALSE,
,,FALSE,
,,FALSE,
,,FALSE,
,,FALSE,
,,FALSE,
,,FALSE,
,,FALSE,
,,FALSE,
,,FALSE,
,,FALSE,
,,FALSE,
,,FALSE,
,,FALSE,
,,FALSE,
,,FALSE,
,,FALSE,
,,FALSE,
,,FALSE,
,,FALSE,
,,FALSE,
,,FALSE,
,,FALSE,
,,FALSE,
,,FALSE,
,,FALSE,
,,FALSE,
,,FALSE,
,,FALSE,
,,FALSE,
,,FALSE,
,,FALSE,
,,FALSE,
,,FALSE,
,,FALSE,
,,FALSE,
,,FALSE,
,,FALSE,
,,FALSE,
,,FALSE,
,,FALSE,
,,FALSE,
,,FALSE,
,,FALSE,
,,FALSE,
,,FALSE,
,,FALSE,
,,FALSE,
,,FALSE,
,,FALSE,
,,FALSE,
,,FALSE,
,,FALSE,
,,FALSE,
,,FALSE,
,,FALSE,
,,FALSE,
,,FALSE,
,,FALSE,
,,FALSE,
,,FALSE,
,,FALSE,
,,FALSE,
,,FALSE,
,,FALSE,
,,FALSE,
,,FALSE,
,,FALSE,
,,FALSE,
,,FALSE,
,,FALSE,
,,FALSE,
,,FALSE,
,,FALSE,
,,FALSE,
,,FALSE,
,,FALSE,
,,FALSE,
,,FALSE,
,,FALSE,
,,FALSE,
,,FALSE,
,,FALSE,
,,FALSE,
,,FALSE,
,,FALSE,
,,FALSE,
,,FALSE,
,,FALSE,
,,FALSE,
,,FALSE,
,,FALSE,
,,FALSE,
,,FALSE,
,,FALSE,
,,FALSE,
,,FALSE,
,,FALSE,
,,FALSE,
,,FALSE,
,,FALSE,
,,FALSE,
,,FALSE,
,,FALSE,
,,FALSE,
,,FALSE,
,,FALSE,
,,FALSE,
,,FALSE,
,,FALSE,
,,FALSE,
,,FALSE,
,,FALSE,
,,FALSE,
,,FALSE,
,,FALSE,
,,FALSE,
,,FALSE,
,,FALSE,
,,FALSE,
,,FALSE,
,,FALSE,
,,FALSE,
,,FALSE,
,,FALSE,
,,FALSE,
,,FALSE,
,,FALSE,
,,FALSE,
,,FALSE,
,,FALSE,
,,FALSE,
,,FALSE,
,,FALSE,
,,FALSE,
,,FALSE,
,,FALSE,
,,FALSE,
,,FALSE,
,,FALSE,
,,FALSE,
,,FALSE,
,,FALSE,
,,FALSE,
,,FALSE,
,,FALSE,
,,FALSE,
,,FALSE,
,,FALSE,
,,FALSE,
,,FALSE,
,,FALSE,
,,FALSE,
,,FALSE,
,,FALSE,
,,FALSE,
,,FALSE,
,,FALSE,
,,FALSE,
,,FALSE,
,,FALSE,
,,FALSE,
,,FALSE,
,,FALSE,
,,FALSE,
,,FALSE,
,,FALSE,
,,FALSE,
,,FALSE,
,,FALSE,
,,FALSE,
,,FALSE,
,,FALSE,
,,FALSE,
,,FALSE,
,,FALSE,
,,FALSE,
,,FALSE,
,,FALSE,
,,FALSE,
,,FALSE,
,,FALSE,
,,FALSE,
,,FALSE,
,,FALSE,
,,FALSE,
,,FALSE,
,,FALSE,
,,FALSE,
,,FALSE,
,,FALSE,
,,FALSE,
,,FALSE,
,,FALSE,
,,FALSE,
,,FALSE,
,,FALSE,
,,FALSE,
,,FALSE,
,,FALSE,
,,FALSE,
,,FALSE,
,,FALSE,
,,FALSE,
,,FALSE,
,,FALSE,
,,FALSE,
,,FALSE,
,,FALSE,
,,FALSE,
,,FALSE,
,,FALSE,
,,FALSE,
,,FALSE,
,,FALSE,
,,FALSE,
,,FALSE,
,,FALSE,
,,FALSE,
,,FALSE,
,,FALSE,
,,FALSE,
,,FALSE,
,,FALSE,
,,FALSE,
,,FALSE,
,,FALSE,
,,FALSE,
,,FALSE,
,,FALSE,
,,FALSE,
,,FALSE,
,,FALSE,
,,FALSE,
,,FALSE,
,,FALSE,
,,FALSE,
,,FALSE,
,,FALSE,
,,FALSE,
,,FALSE,
,,FALSE,
,,FALSE,
,,FALSE,
,,FALSE,
,,FALSE,
,,FALSE,
,,FALSE,
,,FALSE,
,,FALSE,
,,FALSE,
,,FALSE,
,,FALSE,
,,FALSE,
,,FALSE,
,,FALSE,
,,FALSE,
,,FALSE,
,,FALSE,
,,FALSE,
,,FALSE,
,,FALSE,
,,FALSE,
,,FALSE,
,,FALSE,
,,FALSE,
,,FALSE,
,,FALSE,
,,FALSE,
,,FALSE,
,,FALSE,
,,FALSE,
,,FALSE,
,,FALSE,
,,FALSE,
,,FALSE,
,,FALSE,
,,FALSE,
,,FALSE,
,,FALSE,
,,FALSE,
,,FALSE,
,,FALSE,
,,FALSE,
,,FALSE,
,,FALSE,
,,FALSE,
,,FALSE,
,,FALSE,
,,FALSE,
,,FALSE,
,,FALSE,
,,FALSE,
,,FALSE,
,,FALSE,
,,FALSE,
,,FALSE,
,,FALSE,
,,FALSE,
,,FALSE,
,,FALSE,
,,FALSE,
,,FALSE,
,,FALSE,
,,FALSE,
,,FALSE,
,,FALSE,
,,FALSE,
,,FALSE,
,,FALSE,
,,FALSE,
,,FALSE,
,,FALSE,
,,FALSE,
,,FALSE,
,,FALSE,
,,FALSE,
,,FALSE,
,,FALSE,
,,FALSE,
,,FALSE,
,,FALSE,
,,FALSE,
,,FALSE,
,,FALSE,
,,FALSE,
,,FALSE,
,,FALSE,
,,FALSE,
,,FALSE,
,,FALSE,
,,FALSE,
,,FALSE,
,,FALSE,
,,FALSE,
,,FALSE,
,,FALSE,
,,FALSE,
,,FALSE,
,,FALSE,
,,FALSE,
,,FALSE,
,,FALSE,
,,FALSE,
,,FALSE,
,,FALSE,
,,FALSE,
,,FALSE,
,,FALSE,
,,FALSE,
,,FALSE,
,,FALSE,
,,FALSE,
,,FALSE,
,,FALSE,
,,FALSE,
,,FALSE,
,,FALSE,
,,FALSE,
,,FALSE,
,,FALSE,
,,FALSE,
,,FALSE,
,,FALSE,
,,FALSE,
,,FALSE,
,,FALSE,
,,FALSE,
,,FALSE,
,,FALSE,
,,FALSE,
,,FALSE,
,,FALSE,
,,FALSE,
,,FALSE,
,,FALSE,
,,FALSE,
,,FALSE,
,,FALSE,
,,FALSE,
,,FALSE,
,,FALSE,
,,FALSE,
,,FALSE,
,,FALSE,
,,FALSE,
,,FALSE,
,,FALSE,
,,FALSE,
,,FALSE,
,,FALSE,
,,FALSE,
,,FALSE,
,,FALSE,
,,FALSE,
,,FALSE,
,,FALSE,
,,FALSE,
,,FALSE,
,,FALSE,
,,FALSE,
,,FALSE,
,,FALSE,
,,FALSE,
,,FALSE,
,,FALSE,
,,FALSE,
,,FALSE,
,,FALSE,
,,FALSE,
,,FALSE,
,,FALSE,
,,FALSE,
,,FALSE,
,,FALSE,
,,FALSE,
,,FALSE,
,,FALSE,
,,FALSE,
,,FALSE,
,,FALSE,
,,FALSE,
,,FALSE,
,,FALSE,
,,FALSE,
,,FALSE,
,,FALSE,
,,FALSE,
,,FALSE,
,,FALSE,
,,FALSE,
,,FALSE,
,,FALSE,
,,FALSE,
,,FALSE,
,,FALSE,
,,FALSE,
,,FALSE,
,,FALSE,
,,FALSE,
,,FALSE,
,,FALSE,
,,FALSE,
,,FALSE,
,,FALSE,
,,FALSE,
,,FALSE,
,,FALSE,
,,FALSE,
,,FALSE,
,,FALSE,
,,FALSE,
,,FALSE,
,,FALSE,
,,FALSE,
,,FALSE,
,,FALSE,
,,FALSE,
,,FALSE,
,,FALSE,
,,FALSE,
,,FALSE,
,,FALSE,
,,FALSE,
,,FALSE,
,,FALSE,
,,FALSE,
,,FALSE,
,,FALSE,
,,FALSE,
,,FALSE,
,,FALSE,
,,FALSE,
,,FALSE,
,,FALSE,
,,FALSE,
,,FALSE,
,,FALSE,
,,FALSE,
,,FALSE,
,,FALSE,
,,FALSE,
,,FALSE,
,,FALSE,
,,FALSE,
,,FALSE,
,,FALSE,
,,FALSE,
,,FALSE,
,,FALSE,
,,FALSE,
,,FALSE,
,,FALSE,
,,FALSE,
,,FALSE,
,,FALSE,
,,FALSE,
,,FALSE,
,,FALSE,
,,FALSE,
,,FALSE,
,,FALSE,
,,FALSE,
,,FALSE,
,,FALSE,
,,FALSE,
,,FALSE,
,,FALSE,
,,FALSE,
,,FALSE,
,,FALSE,
,,FALSE,
,,FALSE,
,,FALSE,
,,FALSE,
,,FALSE,
,,FALSE,
,,FALSE,
,,FALSE,
,,FALSE,
,,FALSE,
,,FALSE,
,,FALSE,
,,FALSE,
,,FALSE,
,,FALSE,
,,FALSE,
,,FALSE,
,,FALSE,
,,FALSE,
,,FALSE,
,,FALSE,
,,FALSE,
,,FALSE,
,,FALSE,
,,FALSE,
,,FALSE,
,,FALSE,
,,FALSE,
,,FALSE,
,,FALSE,
,,FALSE,
,,FALSE,
,,FALSE,
,,FALSE,
,,FALSE,
,,FALSE,
,,FALSE,
,,FALSE,
,,FALSE,
,,FALSE,
,,FALSE,
,,FALSE,
,,FALSE,
,,FALSE,
,,FALSE,
,,FALSE,
,,FALSE,
,,FALSE,
,,FALSE,
,,FALSE,
,,FALSE,
,,FALSE,
,,FALSE,
,,FALSE,
,,FALSE,
,,FALSE,
,,FALSE,
,,FALSE,
,,FALSE,
,,FALSE,
,,FALSE,
,,FALSE,
,,FALSE,
,,FALSE,
,,FALSE,
,,FALSE,
,,FALSE,
,,FALSE,
,,FALSE,
,,FALSE,
,,FALSE,
,,FALSE,
,,FALSE,
,,FALSE,
,,FALSE,
,,FALSE,
,,FALSE,
,,FALSE,
,,FALSE,
,,FALSE,
,,FALSE,
,,FALSE,
,,FALSE,
,,FALSE,
,,FALSE,
,,FALSE,
,,FALSE,
,,FALSE,
,,FALSE,
,,FALSE,
,,FALSE,
,,FALSE,
,,FALSE,
,,FALSE,
,,FALSE,
,,FALSE,
,,FALSE,
,,FALSE,
,,FALSE,
,,FALSE,
,,FALSE,
,,FALSE,
,,FALSE,
,,FALSE,
,,FALSE,
,,FALSE,
,,FALSE,
,,FALSE,
,,FALSE,
,,FALSE,
,,FALSE,
,,FALSE,
,,FALSE,
,,FALSE,
,,FALSE,
,,FALSE,
,,FALSE,
,,FALSE,
,,FALSE,
,,FALSE,
,,FALSE,
,,FALSE,
,,FALSE,
,,FALSE,
,,FALSE,
,,FALSE,
,,FALSE,
,,FALSE,
,,FALSE,
,,FALSE,
,,FALSE,
,,FALSE,
,,FALSE,
,,FALSE,
,,FALSE,
,,FALSE,
,,FALSE,
,,FALSE,
,,FALSE,
,,FALSE,
,,FALSE,
,,FALSE,
,,FALSE,
,,FALSE,
,,FALSE,
,,FALSE,
,,FALSE,
,,FALSE,
,,FALSE,
,,FALSE,
,,FALSE,
,,FALSE,
,,FALSE,
,,FALSE,
,,FALSE,
,,FALSE,
,,FALSE,
,,FALSE,
,,FALSE,
,,FALSE,
,,FALSE,
,,FALSE,
,,FALSE,
,,FALSE,
,,FALSE,
,,FALSE,
,,FALSE,
,,FALSE,
,,FALSE,
,,FALSE,
,,FALSE,
,,FALSE,
,,FALSE,
,,FALSE,
,,FALSE,
,,FALSE,
,,FALSE,
,,FALSE,
,,FALSE,
,,FALSE,
,,FALSE,
,,FALSE,
,,FALSE,
,,FALSE,
,,FALSE,
,,FALSE,
,,FALSE,
,,FALSE,
,,FALSE,
,,FALSE,
,,FALSE,
,,FALSE,
,,FALSE,
,,FALSE,
,,FALSE,
,,FALSE,
,,FALSE,
,,FALSE,
,,FALSE,
,,FALSE,
,,FALSE,
,,FALSE,
,,FALSE,
,,FALSE,
,,FALSE,
,,FALSE,
,,FALSE,
,,FALSE,
,,FALSE,
,,FALSE,
,,FALSE,
,,FALSE,
,,FALSE,
,,FALSE,
,,FALSE,
,,FALSE,
,,FALSE,
,,FALSE,
,,FALSE,
,,FALSE,
,,FALSE,
,,FALSE,
,,FALSE,
,,FALSE,
,,FALSE,
,,FALSE,
,,FALSE,
,,FALSE,
,,FALSE,
,,FALSE,
,,FALSE,
,,FALSE,
,,FALSE,
,,FALSE,
,,FALSE,
,,FALSE,
,,FALSE,
,,FALSE,
,,FALSE,
,,FALSE,
,,FALSE,
,,FALSE,
,,FALSE,
,,FALSE,
,,FALSE,
,,FALSE,
,,FALSE,
,,FALSE,
,,FALSE,
,,FALSE,
,,FALSE,
,,FALSE,
,,FALSE,
,,FALSE,
,,FALSE,
,,FALSE,
,,FALSE,
,,FALSE,
,,FALSE,
,,FALSE,
,,FALSE,
,,FALSE,
,,FALSE,
,,FALSE,
,,FALSE,
,,FALSE,
,,FALSE,
,,FALSE,
,,FALSE,
,,FALSE,
,,FALSE,
,,FALSE,
,,FALSE,
,,FALSE,
,,FALSE,
,,FALSE,
,,FALSE,
,,FALSE,
,,FALSE,
,,FALSE,
,,FALSE,
,,FALSE,
,,FALSE,
,,FALSE,
,,FALSE,
,,FALSE,
,,FALSE,
,,FALSE,
,,FALSE,
,,FALSE,
,,FALSE,
,,FALSE,
,,FALSE,
,,FALSE,
,,FALSE,
,,FALSE,
,,FALSE,
,,FALSE,
,,FALSE,
,,FALSE,
,,FALSE,
,,FALSE,
,,FALSE,
,,FALSE,
,,FALSE,
,,FALSE,
,,FALSE,
,,FALSE,
,,FALSE,
,,FALSE,
,,FALSE,
,,FALSE,
,,FALSE,
,,FALSE,
,,FALSE,
,,FALSE,
,,FALSE,
,,FALSE,
,,FALSE,
,,FALSE,
,,FALSE,
,,FALSE,
,,FALSE,
,,FALSE,
,,FALSE,
,,FALSE,
,,FALSE,
,,FALSE,
,,FALSE,
,,FALSE,
,,FALSE,
,,FALSE,
,,FALSE,
,,FALSE,
,,FALSE,
,,FALSE,
,,FALSE,
,,FALSE,
,,FALSE,
,,FALSE,
,,FALSE,
,,FALSE,
,,FALSE,
,,FALSE,
,,FALSE,
,,FALSE,
,,FALSE,
,,FALSE,
,,FALSE,
,,FALSE,
,,FALSE,
,,FALSE,
,,FALSE,
,,FALSE,
,,FALSE,
,,FALSE,
,,FALSE,
,,FALSE,
,,FALSE,
,,FALSE,
,,FALSE,
,,FALSE,
,,FALSE,
,,FALSE,
,,FALSE,
,,FALSE,
,,FALSE,
,,FALSE,
,,FALSE,
,,FALSE,
,,FALSE,
,,FALSE,
,,FALSE,
,,FALSE,
,,FALSE,
,,FALSE,
,,FALSE,
,,FALSE,
,,FALSE,
,,FALSE,
,,FALSE,
,,FALSE,
,,FALSE,
,,FALSE,
,,FALSE,
,,FALSE,
,,FALSE,
,,FALSE,
,,FALSE,
,,FALSE,
,,FALSE,
,,FALSE,
,,FALSE,
,,FALSE,
,,FALSE,
,,FALSE,
,,FALSE,
,,FALSE,
,,FALSE,
,,FALSE,
,,FALSE,
,,FALSE,
,,FALSE,
,,FALSE,
,,FALSE,
,,FALSE,
,,FALSE,
,,FALSE,
,,FALSE,
,,FALSE,
,,FALSE,
,,FALSE,
,,FALSE,
,,FALSE,
,,FALSE,
,,FALSE,
,,FALSE,
,,FALSE,
,,FALSE,
,,FALSE,
,,FALSE,
,,FALSE,
,,FALSE,
,,FALSE,
,,FALSE,
,,FALSE,
,,FALSE,
,,FALSE,
,,FALSE,
,,FALSE,
,,FALSE,
,,FALSE,
,,FALSE,
,,FALSE,
,,FALSE,
,,FALSE,
,,FALSE,
,,FALSE,
,,FALSE,
,,FALSE,
,,FALSE,
,,FALSE,
,,FALSE,
,,FALSE,
,,FALSE,
,,FALSE,
,,FALSE,
,,FALSE,
,,FALSE,
,,FALSE,
,,FALSE,
,,FALSE,
,,FALSE,
,,FALSE,
,,FALSE,
,,FALSE,
,,FALSE,
,,FALSE,
,,FALSE,
,,FALSE,
,,FALSE,
,,FALSE,
,,FALSE,
,,FALSE,
,,FALSE,
,,FALSE,
,,FALSE,
,,FALSE,
,,FALSE,
,,FALSE,
,,FALSE,
,,FALSE,
,,FALSE,
,,FALSE,
,,FALSE,
,,FALSE,
,,FALSE,
,,FALSE,
,,FALSE,
,,FALSE,
,,FALSE,
,,FALSE,
,,FALSE,
,,FALSE,
,,FALSE,
,,FALSE,
,,FALSE,
,,FALSE,
,,FALSE,
,,FALSE,
,,FALSE,
,,FALSE,
,,FALSE,
,,FALSE,
,,FALSE,
,,FALSE,
,,FALSE,
,,FALSE,
,,FALSE,
,,FALSE,
,,FALSE,
,,FALSE,
,,FALSE,
,,FALSE,
,,FALSE,
,,FALSE,
,,FALSE,
,,FALSE,
,,FALSE,
,,FALSE,
,,FALSE,
,,FALSE,
,,FALSE,
,,FALSE,
,,FALSE,
,,FALSE,
,,FALSE,
,,FALSE,
,,FALSE,
,,FALSE,
,,FALSE,
,,FALSE,
,,FALSE,
,,FALSE,
,,FALSE,
,,FALSE,
,,FALSE,
,,FALSE,
,,FALSE,
,,FALSE,
,,FALSE,
,,FALSE,
,,FALSE,
,,FALSE,
,,FALSE,
,,FALSE,
,,FALSE,
,,FALSE,
,,FALSE,
,,FALSE,
,,FALSE,
,,FALSE,
,,FALSE,
,,FALSE,
,,FALSE,
,,FALSE,
,,FALSE,
,,FALSE,
,,FALSE,
,,FALSE,
,,FALSE,
,,FALSE,
,,FALSE,
,,FALSE,
,,FALSE,
,,FALSE,
,,FALSE,
,,FALSE,
,,FALSE,
,,FALSE,
,,FALSE,
,,FALSE,
,,FALSE,
,,FALSE,
,,FALSE,
,,FALSE,
,,FALSE,
,,FALSE,
,,FALSE,
,,FALSE,
,,FALSE,
,,FALSE,
,,FALSE,
,,FALSE,
,,FALSE,
,,FALSE,
,,FALSE,
,,FALSE,
,,FALSE,
,,FALSE,
,,FALSE,
,,FALSE,
,,FALSE,
,,FALSE,
,,FALSE,
,,FALSE,
,,FALSE,
,,FALSE,
,,FALSE,
,,FALSE,
,,FALSE,
,,FALSE,
,,FALSE,
,,FALSE,
,,FALSE,
,,FALSE,
,,FALSE,
,,FALSE,
,,FALSE,
,,FALSE,
,,FALSE,
,,FALSE,
,,FALSE,
,,FALSE,
,,FALSE,
,,FALSE,
,,FALSE,
,,FALSE,
,,FALSE,
,,FALSE,
,,FALSE,
,,FALSE,
,,FALSE,
,,FALSE,
,,FALSE,
,,FALSE,
,,FALSE,
,,FALSE,
,,FALSE,
,,FALSE,
,,FALSE,
,,FALSE,
,,FALSE,
,,FALSE,
,,FALSE,
,,FALSE,
,,FALSE,
,,FALSE,
,,FALSE,
,,FALSE,
,,FALSE,
,,FALSE,
,,FALSE,
,,FALSE,
,,FALSE,
,,FALSE,
,,FALSE,
,,FALSE,
,,FALSE,
,,FALSE,
,,FALSE,
,,FALSE,
,,FALSE,
,,FALSE,
,,FALSE,
,,FALSE,
,,FALSE,
,,FALSE,
,,FALSE,
,,FALSE,
,,FALSE,
,,FALSE,
,,FALSE,
,,FALSE,
,,FALSE,
,,FALSE,
,,FALSE,
,,FALSE,
,,FALSE,
,,FALSE,
,,FALSE,
,,FALSE,
,,FALSE,
,,FALSE,
,,FALSE,
,,FALSE,
,,FALSE,
,,FALSE,
,,FALSE,
,,FALSE,
,,FALSE,
,,FALSE,
,,FALSE,
,,FALSE,
,,FALSE,
,,FALSE,
,,FALSE,
,,FALSE,
,,FALSE,
,,FALSE,
,,FALSE,
,,FALSE,
,,FALSE,
,,FALSE,
,,FALSE,
,,FALSE,
,,FALSE,
,,FALSE,
,,FALSE,
,,FALSE,
,,FALSE,
,,FALSE,
,,FALSE,
,,FALSE,
,,FALSE,
,,FALSE,
,,FALSE,
,,FALSE,
,,FALSE,
,,FALSE,
,,FALSE,
,,FALSE,
,,FALSE,
,,FALSE,
,,FALSE,
,,FALSE,
,,FALSE,
,,FALSE,
,,FALSE,
,,FALSE,
,,FALSE,
,,FALSE,
,,FALSE,
,,FALSE,
,,FALSE,
,,FALSE,
,,FALSE,
,,FALSE,
,,FALSE,
,,FALSE,
,,FALSE,
,,FALSE,
,,FALSE,
,,FALSE,
,,FALSE,
,,FALSE,
,,FALSE,
,,FALSE,
,,FALSE,
,,FALSE,
,,FALSE,
,,FALSE,
,,FALSE,
,,FALSE,
,,FALSE,
,,FALSE,
,,FALSE,
,,FALSE,
,,FALSE,
,,FALSE,
,,FALSE,
,,FALSE,
,,FALSE,
,,FALSE,
,,FALSE,
,,FALSE,
,,FALSE,
,,FALSE,
,,FALSE,
,,FALSE,
,,FALSE,
,,FALSE,
,,FALSE,
,,FALSE,
,,FALSE,
,,FALSE,
,,FALSE,
,,FALSE,
,,FALSE,
,,FALSE,
,,FALSE,
,,FALSE,
,,FALSE,
,,FALSE,
,,FALSE,
,,FALSE,
,,FALSE,
,,FALSE,
,,FALSE,
,,FALSE,
,,FALSE,
,,FALSE,
,,FALSE,
,,FALSE,
,,FALSE,
,,FALSE,
,,FALSE,
,,FALSE,
,,FALSE,
,,FALSE,
,,FALSE,
,,FALSE,
,,FALSE,
,,FALSE,
,,FALSE,
,,FALSE,
,,FALSE,
,,FALSE,
,,FALSE,
,,FALSE,
,,FALSE,
,,FALSE,
,,FALSE,
,,FALSE,
,,FALSE,
,,FALSE,
,,FALSE,
,,FALSE,
,,FALSE,
,,FALSE,
,,FALSE,
,,FALSE,
,,FALSE,
,,FALSE,
,,FALSE,
,,FALSE,
,,FALSE,
,,FALSE,
,,FALSE,
,,FALSE,
,,FALSE,
,,FALSE,
,,FALSE,
,,FALSE,
,,FALSE,
,,FALSE,
,,FALSE,
,,FALSE,
,,FALSE,
,,FALSE,
,,FALSE,
,,FALSE,
,,FALSE,
,,FALSE,
,,FALSE,
,,FALSE,
,,FALSE,
,,FALSE,
,,FALSE,
,,FALSE,
,,FALSE,
,,FALSE,
,,FALSE,
